crash_id,intersection_id,state_code,jurisdiction_code,analysis_period,crash_epoch_ms,crash_stamp,crash_type,severity_kabco,vehicles_involved,subject_phase,subject_movement,subject_approach,conflicting_phase,telemetry_source,telemetry_ref_epoch_ms,telemetry_ref_stamp,speed_at_ref_mph,dist_to_stop_line_at_ref_ft,stop_line_entry_epoch_ms,stop_line_entry_stamp,weather,lighting,surface,scenario_truth,truth_deviation_kind
CR00001,INT0154,AV,RIV,PM Peak,1720715945167,2024/07/11 16:39:05.167,ANGLE,O,2,3,NBL,NB,4,CONNECTED_VEHICLE,1720715939185,2024/07/11 16:38:59.185,44.5000,314.9000,1720715944152,2024/07/11 16:39:04.152,CLEAR,DAYLIGHT,DRY,COMPLIANT_RED_ENTRY,NONE
CR00002,INT0044,AV,HBP,Midday,1721824774117,2024/07/24 12:39:34.117,ANGLE,C,2,2,EBT,EB,3,EVENT_DATA_RECORDER,1721824768084,2024/07/24 12:39:28.084,56.9000,453.7000,1721824773663,2024/07/24 12:39:33.663,CLEAR,DAYLIGHT,DRY,COMPLIANT_RED_ENTRY,NONE
CR00003,INT0162,KS,MLB,AM Peak,1752478261725,2025/07/14 07:31:01.725,ANGLE,B,2,8,NBT,NB,5,VIDEO_ANALYTICS,1752478255438,2025/07/14 07:30:55.438,34.7000,267.9000,1752478260667,2025/07/14 07:31:00.667,CLEAR,DAYLIGHT,DRY,COMPLIANT_RED_ENTRY,NONE
CR00004,INT0105,KS,STB,AM Peak,1758180997670,2025/09/18 07:36:37.670,ANGLE,C,2,4,SBT,SB,1,CONNECTED_VEHICLE,1758180992323,2025/09/18 07:36:32.323,41.5000,276.4000,1758180996755,2025/09/18 07:36:36.755,CLEAR,DAYLIGHT,DRY,DESIGN_DEFICIENT,NONE
CR00005,INT0092,KS,MLB,AM Peak,1733470344226,2024/12/06 07:32:24.226,ANGLE,C,3,2,EBT,EB,3,VIDEO_ANALYTICS,1733470338205,2024/12/06 07:32:18.205,50.3000,401.7000,1733470343730,2024/12/06 07:32:23.730,CLEAR,DAYLIGHT,DRY,DESIGN_DEFICIENT,NONE
CR00006,INT0073,KS,STB,AM Peak,1751873013868,2025/07/07 07:23:33.868,ANGLE,B,2,1,WBL,WB,2,CONNECTED_VEHICLE,1751873008107,2025/07/07 07:23:28.107,41.9000,309.0000,1751873013113,2025/07/07 07:23:33.113,CLEAR,DAYLIGHT,DRY,COMPLIANT_RED_ENTRY,NONE
CR00007,INT0118,KS,NGT,Midday,1754569427011,2025/08/07 12:23:47.011,ANGLE,O,2,7,SBL,SB,8,EVENT_DATA_RECORDER,1754569420452,2025/08/07 12:23:40.452,35.1000,268.5000,1754569425743,2025/08/07 12:23:45.743,CLEAR,DAYLIGHT,DRY,DESIGN_DEFICIENT,NONE
CR00008,INT0005,KS,NGT,AM Peak,1723534375214,2024/08/13 07:32:55.214,LEFT_TURN,B,2,6,WBT,WB,5,CONNECTED_VEHICLE,1723534369570,2024/08/13 07:32:49.570,48.9000,367.7000,1723534374735,2024/08/13 07:32:54.735,CLOUDY,DAYLIGHT,WET,LAWFUL_ENTRY,NONE
CR00009,INT0085,AV,HBP,PM Peak,1761760156036,2025/10/29 17:49:16.036,LEFT_TURN,A,2,7,SBL,SB,8,CONNECTED_VEHICLE,1761760150094,2025/10/29 17:49:10.094,30.9000,201.7000,1761760154701,2025/10/29 17:49:14.701,CLEAR,DAYLIGHT,DRY,LAWFUL_ENTRY,NONE
CR00010,INT0013,KS,NGT,Midday,1722254973749,2024/07/29 12:09:33.749,LEFT_TURN,O,2,3,NBL,NB,4,EVENT_DATA_RECORDER,1722254967380,2024/07/29 12:09:27.380,30.2000,227.2000,1722254972570,2024/07/29 12:09:32.570,CLEAR,DAYLIGHT,DRY,LAWFUL_ENTRY,NONE
CR00011,INT0029,AV,RIV,Midday,1757503851263,2025/09/10 11:30:51.263,ANGLE,O,2,8,NBT,NB,5,CONNECTED_VEHICLE,1757503844566,2025/09/10 11:30:44.566,32.9000,288.0000,1757503850428,2025/09/10 11:30:50.428,CLEAR,DAYLIGHT,DRY,DETECTOR_FAULT,NONE
CR00012,INT0084,AV,HBP,Midday,1710332972940,2024/03/13 12:29:32.940,ANGLE,O,3,5,EBL,EB,6,CONNECTED_VEHICLE,1710332966087,2024/03/13 12:29:26.087,27.5000,215.2000,1710332971756,2024/03/13 12:29:31.756,CLOUDY,DAYLIGHT,DRY,CONTROLLER_DEVIATION,YELLOW_TRUNCATED
CR00013,INT0150,KS,NGT,AM Peak,1745392842981,2025/04/23 07:20:42.981,ANGLE,B,4,6,WBT,WB,7,VIDEO_ANALYTICS,1745392837115,2025/04/23 07:20:37.115,53.9000,413.8000,1745392842345,2025/04/23 07:20:42.345,CLEAR,DAYLIGHT,DRY,DETECTOR_FAULT,NONE
CR00014,INT0037,AV,CDF,Weekend,1713708612684,2024/04/21 14:10:12.684,ANGLE,C,2,3,NBL,NB,4,CONNECTED_VEHICLE,1713708606460,2024/04/21 14:10:06.460,37.7000,287.5000,1713708611434,2024/04/21 14:10:11.434,RAIN,DAYLIGHT,WET,CONTROLLER_DEVIATION,RED_CLEARANCE_OMITTED
CR00015,INT0110,KS,STB,Midday,1763642781245,2025/11/20 12:46:21.245,ANGLE,O,2,8,NBT,NB,5,EVENT_DATA_RECORDER,1763642774182,2025/11/20 12:46:14.182,25.3000,196.3000,1763642779563,2025/11/20 12:46:19.563,CLOUDY,DAYLIGHT,DRY,DETECTOR_FAULT,NONE
CR00016,INT0166,AV,CDF,Weekend,1713705758709,2024/04/21 13:22:38.709,ANGLE,C,2,2,EBT,EB,3,EVENT_DATA_RECORDER,1713705752367,2024/04/21 13:22:32.367,58.4000,501.5000,1713705758192,2024/04/21 13:22:38.192,RAIN,DAYLIGHT,WET,COMPLIANT_RED_ENTRY,NONE
CR00017,INT0116,KS,STB,Weekend,1742738001810,2025/03/23 13:53:21.810,ANGLE,A,2,3,NBL,NB,4,EVENT_DATA_RECORDER,1742737996750,2025/03/23 13:53:16.750,32.8000,200.2000,1742738000898,2025/03/23 13:53:20.898,RAIN,DAYLIGHT,WET,CONTROLLER_DEVIATION,RED_CLEARANCE_OMITTED
CR00018,INT0043,KS,NGT,Midday,1758025028182,2025/09/16 12:17:08.182,ANGLE,B,3,2,EBT,EB,3,EVENT_DATA_RECORDER,1758025022799,2025/09/16 12:17:02.799,43.6000,304.5000,1758025027591,2025/09/16 12:17:07.591,CLOUDY,DAYLIGHT,DRY,CONTROLLER_DEVIATION,RED_CLEARANCE_OMITTED
CR00019,INT0051,AV,RIV,Midday,1727348954241,2024/09/26 11:09:14.241,ANGLE,O,3,5,EBL,EB,6,EVENT_DATA_RECORDER,1727348947932,2024/09/26 11:09:07.932,53.9000,461.0000,1727348953776,2024/09/26 11:09:13.776,CLEAR,DAYLIGHT,DRY,COMPLIANT_RED_ENTRY,NONE
CR00020,INT0017,AV,HBP,PM Peak,1749144748407,2025/06/05 17:32:28.407,ANGLE,A,2,6,WBT,WB,7,VIDEO_ANALYTICS,1749144743100,2025/06/05 17:32:23.100,55.9000,393.4000,1749144748016,2025/06/05 17:32:28.016,CLEAR,DAYLIGHT,DRY,DESIGN_DEFICIENT,NONE
CR00021,INT0080,AV,HBP,Midday,1729597225296,2024/10/22 11:40:25.296,ANGLE,C,3,6,WBT,WB,7,EVENT_DATA_RECORDER,1729597219079,2024/10/22 11:40:19.079,44.4000,363.6000,1729597224726,2024/10/22 11:40:24.726,CLEAR,DAYLIGHT,DRY,DETECTOR_FAULT,NONE
CR00022,INT0121,AV,HBP,PM Peak,1754415551168,2025/08/05 17:39:11.168,ANGLE,C,2,4,SBT,SB,1,EVENT_DATA_RECORDER,1754415544435,2025/08/05 17:39:04.435,26.4000,197.6000,1754415549582,2025/08/05 17:39:09.582,CLOUDY,DAYLIGHT,DRY,DETECTOR_FAULT,NONE
CR00023,INT0024,KS,STB,Midday,1760963509652,2025/10/20 12:31:49.652,ANGLE,O,3,4,SBT,SB,1,VIDEO_ANALYTICS,1760963503045,2025/10/20 12:31:43.045,34.6000,270.8000,1760963508432,2025/10/20 12:31:48.432,CLEAR,DAYLIGHT,DRY,COMPLIANT_RED_ENTRY,NONE
CR00024,INT0159,KS,MLB,Midday,1733141714283,2024/12/02 12:15:14.283,ANGLE,O,2,6,WBT,WB,7,VIDEO_ANALYTICS,1733141708061,2024/12/02 12:15:08.061,51.4000,420.2000,1733141713667,2024/12/02 12:15:13.667,RAIN,DAYLIGHT,WET,COMPLIANT_RED_ENTRY,NONE
CR00025,INT0002,KS,MLB,PM Peak,1742228429110,2025/03/17 16:20:29.110,ANGLE,O,3,2,EBT,EB,3,EVENT_DATA_RECORDER,1742228424062,2025/03/17 16:20:24.062,37.8000,234.3000,1742228428384,2025/03/17 16:20:28.384,CLEAR,DAYLIGHT,DRY,DETECTOR_FAULT,NONE
CR00026,INT0002,KS,MLB,Weekend,1757774616090,2025/09/13 14:43:36.090,ANGLE,B,2,6,WBT,WB,7,EVENT_DATA_RECORDER,1757774611000,2025/09/13 14:43:31.000,37.6000,234.3000,1757774615360,2025/09/13 14:43:35.360,RAIN,DAYLIGHT,WET,CONTROLLER_DEVIATION,YELLOW_TRUNCATED
CR00027,INT0020,KS,NGT,Midday,1762946135977,2025/11/12 11:15:35.977,ANGLE,B,2,3,NBL,NB,4,EVENT_DATA_RECORDER,1762946129776,2025/11/12 11:15:29.776,22.0000,152.0000,1762946134630,2025/11/12 11:15:34.630,CLOUDY,DAYLIGHT,DRY,CONTROLLER_DEVIATION,YELLOW_TRUNCATED
CR00028,INT0064,AV,RIV,PM Peak,1721152113083,2024/07/16 17:48:33.083,ANGLE,C,2,6,WBT,WB,7,EVENT_DATA_RECORDER,1721152107961,2024/07/16 17:48:27.961,52.2000,333.6000,1721152112402,2024/07/16 17:48:32.402,CLEAR,DAYLIGHT,DRY,COMPLIANT_RED_ENTRY,NONE
CR00029,INT0093,KS,NGT,PM Peak,1751910614007,2025/07/07 17:50:14.007,ANGLE,C,2,5,EBL,EB,6,EVENT_DATA_RECORDER,1751910607926,2025/07/07 17:50:07.926,42.8000,347.1000,1751910613427,2025/07/07 17:50:13.427,CLEAR,DAYLIGHT,DRY,COMPLIANT_RED_ENTRY,NONE
CR00030,INT0128,KS,NGT,Midday,1760613432332,2025/10/16 11:17:12.332,ANGLE,C,2,6,WBT,WB,7,VIDEO_ANALYTICS,1760613425888,2025/10/16 11:17:05.888,41.9000,361.8000,1760613431791,2025/10/16 11:17:11.791,RAIN,DAYLIGHT,WET,CONTROLLER_DEVIATION,YELLOW_TRUNCATED
CR00031,INT0109,KS,NGT,Weekend,1745750910224,2025/04/27 10:48:30.224,LEFT_TURN,A,2,4,SBT,SB,3,CONNECTED_VEHICLE,1745750904153,2025/04/27 10:48:24.153,27.4000,172.5000,1745750908406,2025/04/27 10:48:28.406,CLOUDY,DAYLIGHT,DRY,LAWFUL_ENTRY,NONE
CR00032,INT0044,AV,HBP,Midday,1752061389618,2025/07/09 11:43:09.618,ANGLE,C,2,2,EBT,EB,3,VIDEO_ANALYTICS,1752061383522,2025/07/09 11:43:03.522,52.4000,427.7000,1752061389122,2025/07/09 11:43:09.122,CLOUDY,DAYLIGHT,DRY,COMPLIANT_RED_ENTRY,NONE
CR00033,INT0139,AV,HBP,PM Peak,1706718030584,2024/01/31 16:20:30.584,ANGLE,A,2,7,SBL,SB,8,EVENT_DATA_RECORDER,1706718024127,2024/01/31 16:20:24.127,20.2000,135.2000,1706718028549,2024/01/31 16:20:28.549,CLEAR,DAYLIGHT,DRY,CONTROLLER_DEVIATION,YELLOW_TRUNCATED
CR00034,INT0047,AV,RIV,Midday,1756207364858,2025/08/26 11:22:44.858,ANGLE,O,2,2,EBT,EB,3,VIDEO_ANALYTICS,1756207358391,2025/08/26 11:22:38.391,48.0000,416.3000,1756207364274,2025/08/26 11:22:44.274,RAIN,DAYLIGHT,WET,COMPLIANT_RED_ENTRY,NONE
CR00035,INT0108,KS,STB,Weekend,1705840913161,2024/01/21 12:41:53.161,ANGLE,O,2,3,NBL,NB,4,EVENT_DATA_RECORDER,1705840905874,2024/01/21 12:41:45.874,34.6000,293.0000,1705840911881,2024/01/21 12:41:51.881,CLEAR,DAYLIGHT,DRY,COMPLIANT_RED_ENTRY,NONE
CR00036,INT0086,AV,CDF,AM Peak,1721376791588,2024/07/19 08:13:11.588,LEFT_TURN,O,2,4,SBT,SB,3,EVENT_DATA_RECORDER,1721376786083,2024/07/19 08:13:06.083,39.3000,253.5000,1721376790569,2024/07/19 08:13:10.569,CLEAR,DAYLIGHT,DRY,LAWFUL_ENTRY,NONE
CR00037,INT0135,KS,STB,PM Peak,1758818734691,2025/09/25 16:45:34.691,ANGLE,O,2,4,SBT,SB,1,VIDEO_ANALYTICS,1758818728196,2025/09/25 16:45:28.196,37.7000,288.6000,1758818733467,2025/09/25 16:45:33.467,CLOUDY,DAYLIGHT,DRY,COMPLIANT_RED_ENTRY,NONE
CR00038,INT0157,AV,HBP,PM Peak,1742489156736,2025/03/20 16:45:56.736,LEFT_TURN,O,2,7,SBL,SB,8,EVENT_DATA_RECORDER,1742489151424,2025/03/20 16:45:51.424,39.8000,257.8000,1742489155873,2025/03/20 16:45:55.873,CLEAR,DAYLIGHT,DRY,LAWFUL_ENTRY,NONE
CR00039,INT0039,AV,HBP,Midday,1760962470250,2025/10/20 12:14:30.250,ANGLE,B,4,3,NBL,NB,4,VIDEO_ANALYTICS,1760962464724,2025/10/20 12:14:24.724,39.6000,268.5000,1760962469400,2025/10/20 12:14:29.400,CLEAR,DAYLIGHT,DRY,COMPLIANT_RED_ENTRY,NONE
CR00040,INT0161,KS,MLB,Weekend,1712484614268,2024/04/07 10:10:14.268,ANGLE,B,2,7,SBL,SB,8,EVENT_DATA_RECORDER,1712484608484,2024/04/07 10:10:08.484,37.4000,255.4000,1712484613335,2024/04/07 10:10:13.335,CLOUDY,DAYLIGHT,DRY,DESIGN_DEFICIENT,NONE
CR00041,INT0032,KS,MLB,AM Peak,1732605855285,2024/11/26 07:24:15.285,ANGLE,O,2,8,NBT,NB,5,EVENT_DATA_RECORDER,1732605849829,2024/11/26 07:24:09.829,34.5000,224.3000,1732605854068,2024/11/26 07:24:14.068,CLOUDY,DAYLIGHT,DRY,DESIGN_DEFICIENT,NONE
CR00042,INT0149,KS,MLB,Midday,1765193240018,2025/12/08 11:27:20.018,ANGLE,O,2,8,NBT,NB,5,VIDEO_ANALYTICS,1765193233375,2025/12/08 11:27:13.375,34.9000,291.6000,1765193239032,2025/12/08 11:27:19.032,CLOUDY,DAYLIGHT,DRY,COMPLIANT_RED_ENTRY,NONE
CR00043,INT0113,KS,NGT,Weekend,1727523752981,2024/09/28 11:42:32.981,ANGLE,O,4,1,WBL,WB,2,VIDEO_ANALYTICS,1727523746350,2024/09/28 11:42:26.350,34.4000,290.4000,1727523752017,2024/09/28 11:42:32.017,CLEAR,DAYLIGHT,WET,DESIGN_DEFICIENT,NONE
CR00044,INT0039,AV,HBP,PM Peak,1761927551688,2025/10/31 16:19:11.688,ANGLE,A,2,4,SBT,SB,1,VIDEO_ANALYTICS,1761927546345,2025/10/31 16:19:06.345,39.3000,256.4000,1761927550831,2025/10/31 16:19:10.831,CLOUDY,DAYLIGHT,DRY,DETECTOR_FAULT,NONE
CR00045,INT0160,AV,CDF,PM Peak,1717519576651,2024/06/04 16:46:16.651,ANGLE,O,3,6,WBT,WB,7,EVENT_DATA_RECORDER,1717519571226,2024/06/04 16:46:11.226,54.5000,383.1000,1717519576010,2024/06/04 16:46:16.010,RAIN,DAYLIGHT,WET,COMPLIANT_RED_ENTRY,NONE
CR00046,INT0024,KS,STB,PM Peak,1739377835408,2025/02/12 16:30:35.408,ANGLE,A,2,5,EBL,EB,6,EVENT_DATA_RECORDER,1739377830451,2025/02/12 16:30:30.451,41.0000,249.4000,1739377834623,2025/02/12 16:30:34.623,CLEAR,DAYLIGHT,DRY,CONTROLLER_DEVIATION,YELLOW_TRUNCATED
CR00047,INT0131,AV,CDF,Midday,1727698121775,2024/09/30 12:08:41.775,ANGLE,O,2,2,EBT,EB,3,EVENT_DATA_RECORDER,1727698115609,2024/09/30 12:08:35.609,42.8000,348.5000,1727698121244,2024/09/30 12:08:41.244,CLEAR,DAYLIGHT,DRY,DETECTOR_FAULT,NONE
CR00048,INT0029,AV,RIV,Weekend,1737213807336,2025/01/18 15:23:27.336,ANGLE,B,3,6,WBT,WB,7,VIDEO_ANALYTICS,1737213801780,2025/01/18 15:23:21.780,48.7000,363.6000,1737213806870,2025/01/18 15:23:26.870,CLOUDY,DAYLIGHT,DRY,COMPLIANT_RED_ENTRY,NONE
CR00049,INT0005,KS,NGT,PM Peak,1744390564700,2025/04/11 16:56:04.700,LEFT_TURN,O,2,8,NBT,NB,7,EVENT_DATA_RECORDER,1744390559089,2025/04/11 16:55:59.089,27.5000,163.0000,1744390563336,2025/04/11 16:56:03.336,CLOUDY,DAYLIGHT,DRY,LAWFUL_ENTRY,NONE
CR00050,INT0130,AV,CDF,Midday,1737717741727,2025/01/24 11:22:21.727,ANGLE,C,2,1,WBL,WB,2,EVENT_DATA_RECORDER,1737717735552,2025/01/24 11:22:15.552,37.2000,288.0000,1737717741078,2025/01/24 11:22:21.078,RAIN,DAYLIGHT,WET,DESIGN_DEFICIENT,NONE
CR00051,INT0072,AV,RIV,AM Peak,1720599300387,2024/07/10 08:15:00.387,ANGLE,C,2,8,NBT,NB,5,CONNECTED_VEHICLE,1720599295333,2024/07/10 08:14:55.333,41.1000,238.2000,1720599299431,2024/07/10 08:14:59.431,CLEAR,DAYLIGHT,DRY,DETECTOR_FAULT,NONE
CR00052,INT0038,KS,NGT,PM Peak,1739381786383,2025/02/12 17:36:26.383,ANGLE,O,2,6,WBT,WB,7,EVENT_DATA_RECORDER,1739381781091,2025/02/12 17:36:21.091,48.6000,331.6000,1739381785763,2025/02/12 17:36:25.763,CLEAR,DAYLIGHT,DRY,COMPLIANT_RED_ENTRY,NONE
CR00053,INT0139,AV,HBP,Weekend,1714220186082,2024/04/27 12:16:26.082,ANGLE,A,2,3,NBL,NB,4,CONNECTED_VEHICLE,1714220179094,2024/04/27 12:16:19.094,21.0000,154.4000,1714220184045,2024/04/27 12:16:24.045,CLEAR,DAYLIGHT,DRY,CONTROLLER_DEVIATION,YELLOW_TRUNCATED
CR00054,INT0108,KS,STB,AM Peak,1709885582621,2024/03/08 08:13:02.621,ANGLE,O,2,5,EBL,EB,6,EVENT_DATA_RECORDER,1709885577118,2024/03/08 08:12:57.118,49.7000,365.7000,1709885582122,2024/03/08 08:13:02.122,FOG,DAYLIGHT,DRY,CONTROLLER_DEVIATION,YELLOW_TRUNCATED
CR00055,INT0046,KS,MLB,AM Peak,1712218553309,2024/04/04 08:15:53.309,ANGLE,C,3,2,EBT,EB,3,CONNECTED_VEHICLE,1712218547854,2024/04/04 08:15:47.854,47.6000,334.4000,1712218552601,2024/04/04 08:15:52.601,CLOUDY,DAYLIGHT,DRY,DETECTOR_FAULT,NONE
CR00056,INT0030,AV,RIV,Weekend,1708173195028,2024/02/17 12:33:15.028,ANGLE,O,2,6,WBT,WB,7,CONNECTED_VEHICLE,1708173189216,2024/02/17 12:33:09.216,33.1000,246.6000,1708173194229,2024/02/17 12:33:14.229,CLEAR,DAYLIGHT,DRY,COMPLIANT_RED_ENTRY,NONE
CR00057,INT0139,AV,HBP,Midday,1722943504384,2024/08/06 11:25:04.384,ANGLE,O,2,7,SBL,SB,8,VIDEO_ANALYTICS,1722943498264,2024/08/06 11:24:58.264,33.8000,241.9000,1722943503134,2024/08/06 11:25:03.134,RAIN,DAYLIGHT,WET,COMPLIANT_RED_ENTRY,NONE
CR00058,INT0045,KS,STB,AM Peak,1727768753697,2024/10/01 07:45:53.697,ANGLE,B,2,3,NBL,NB,4,CONNECTED_VEHICLE,1727768746234,2024/10/01 07:45:46.234,26.1000,226.1000,1727768752094,2024/10/01 07:45:52.094,CLOUDY,DAYLIGHT,DRY,CONTROLLER_DEVIATION,RED_CLEARANCE_OMITTED
CR00059,INT0117,AV,HBP,Weekend,1710681226567,2024/03/17 13:13:46.567,ANGLE,K,2,7,SBL,SB,8,EVENT_DATA_RECORDER,1710681220017,2024/03/17 13:13:40.017,25.8000,176.0000,1710681224762,2024/03/17 13:13:44.762,RAIN,DAYLIGHT,WET,CONTROLLER_DEVIATION,YELLOW_TRUNCATED
CR00060,INT0022,AV,CDF,Weekend,1752931543991,2025/07/19 13:25:43.991,LEFT_TURN,C,3,3,NBL,NB,4,EVENT_DATA_RECORDER,1752931537300,2025/07/19 13:25:37.300,36.5000,288.3000,1752931542667,2025/07/19 13:25:42.667,CLEAR,DAYLIGHT,DRY,LAWFUL_ENTRY,NONE
CR00061,INT0036,KS,STB,Weekend,1759588332138,2025/10/04 14:32:12.138,ANGLE,O,2,2,EBT,EB,3,VIDEO_ANALYTICS,1759588326617,2025/10/04 14:32:06.617,54.0000,400.7000,1759588331665,2025/10/04 14:32:11.665,CLEAR,DAYLIGHT,DRY,DETECTOR_FAULT,NONE
CR00062,INT0169,KS,STB,PM Peak,1726072742525,2024/09/11 16:39:02.525,ANGLE,A,2,5,EBL,EB,6,VIDEO_ANALYTICS,1726072737601,2024/09/11 16:38:57.601,42.1000,260.2000,1726072741851,2024/09/11 16:39:01.851,CLEAR,DAYLIGHT,DRY,COMPLIANT_RED_ENTRY,NONE
CR00063,INT0103,KS,STB,Weekend,1754230456093,2025/08/03 14:14:16.093,ANGLE,B,2,7,SBL,SB,8,EVENT_DATA_RECORDER,1754230449083,2025/08/03 14:14:09.083,21.3000,154.2000,1754230453856,2025/08/03 14:14:13.856,RAIN,DAYLIGHT,WET,COMPLIANT_RED_ENTRY,NONE
CR00064,INT0014,AV,HBP,Weekend,1722680135954,2024/08/03 10:15:35.954,ANGLE,B,3,8,NBT,NB,5,EVENT_DATA_RECORDER,1722680129985,2024/08/03 10:15:29.985,24.7000,153.0000,1722680134162,2024/08/03 10:15:34.162,CLEAR,DAYLIGHT,DRY,COMPLIANT_RED_ENTRY,NONE
CR00065,INT0083,KS,MLB,PM Peak,1750263929095,2025/06/18 16:25:29.095,ANGLE,O,2,3,NBL,NB,4,CONNECTED_VEHICLE,1750263922414,2025/06/18 16:25:22.414,35.8000,292.9000,1750263928046,2025/06/18 16:25:28.046,CLEAR,DAYLIGHT,DRY,COMPLIANT_RED_ENTRY,NONE
CR00066,INT0158,AV,CDF,Midday,1735729835795,2025/01/01 11:10:35.795,ANGLE,B,3,7,SBL,SB,8,CONNECTED_VEHICLE,1735729828930,2025/01/01 11:10:28.930,25.5000,202.0000,1735729834288,2025/01/01 11:10:34.288,CLEAR,DAYLIGHT,DRY,CONTROLLER_DEVIATION,YELLOW_TRUNCATED
CR00067,INT0029,AV,RIV,Midday,1728389754606,2024/10/08 12:15:54.606,ANGLE,O,4,4,SBT,SB,1,VIDEO_ANALYTICS,1728389749545,2024/10/08 12:15:49.545,30.8000,187.6000,1728389753707,2024/10/08 12:15:53.707,CLEAR,DAYLIGHT,DRY,COMPLIANT_RED_ENTRY,NONE
CR00068,INT0117,AV,HBP,Midday,1730720103679,2024/11/04 11:35:03.679,ANGLE,O,3,8,NBT,NB,5,EVENT_DATA_RECORDER,1730720097682,2024/11/04 11:34:57.682,35.9000,251.8000,1730720102438,2024/11/04 11:35:02.438,CLEAR,DAYLIGHT,DRY,DETECTOR_FAULT,NONE
CR00069,INT0070,KS,NGT,Weekend,1710584305084,2024/03/16 10:18:25.084,LEFT_TURN,C,2,3,NBL,NB,4,VIDEO_ANALYTICS,1710584297459,2024/03/16 10:18:17.459,24.1000,202.9000,1710584303270,2024/03/16 10:18:23.270,CLOUDY,DAYLIGHT,DRY,LAWFUL_ENTRY,NONE
CR00070,INT0134,AV,RIV,Weekend,1720959064744,2024/07/14 12:11:04.744,ANGLE,B,2,2,EBT,EB,3,CONNECTED_VEHICLE,1720959059422,2024/07/14 12:10:59.422,44.4000,312.8000,1720959064163,2024/07/14 12:11:04.163,CLEAR,DAYLIGHT,DRY,CONTROLLER_DEVIATION,RED_CLEARANCE_OMITTED
CR00071,INT0105,KS,STB,Weekend,1746962986087,2025/05/11 11:29:46.087,ANGLE,C,4,6,WBT,WB,7,VIDEO_ANALYTICS,1746962979657,2025/05/11 11:29:39.657,55.7000,468.9000,1746962985538,2025/05/11 11:29:45.538,RAIN,DAYLIGHT,WET,DESIGN_DEFICIENT,NONE
CR00072,INT0147,AV,RIV,Midday,1753359822649,2025/07/24 12:23:42.649,ANGLE,B,2,5,EBL,EB,6,CONNECTED_VEHICLE,1753359816261,2025/07/24 12:23:36.261,59.3000,507.2000,1753359822053,2025/07/24 12:23:42.053,CLEAR,DAYLIGHT,DRY,COMPLIANT_RED_ENTRY,NONE
CR00073,INT0074,AV,CDF,Weekend,1765718534090,2025/12/14 13:22:14.090,ANGLE,C,2,5,EBL,EB,6,EVENT_DATA_RECORDER,1765718527905,2025/12/14 13:22:07.905,48.4000,386.0000,1765718533408,2025/12/14 13:22:13.408,CLEAR,DAYLIGHT,DRY,COMPLIANT_RED_ENTRY,NONE
CR00074,INT0060,KS,STB,Weekend,1749983743361,2025/06/15 10:35:43.361,ANGLE,O,2,4,SBT,SB,1,CONNECTED_VEHICLE,1749983736989,2025/06/15 10:35:36.989,37.5000,296.7000,1749983742368,2025/06/15 10:35:42.368,CLEAR,DAYLIGHT,DRY,COMPLIANT_RED_ENTRY,NONE
CR00075,INT0146,AV,RIV,PM Peak,1736790099249,2025/01/13 17:41:39.249,ANGLE,B,3,4,SBT,SB,1,EVENT_DATA_RECORDER,1736790093329,2025/01/13 17:41:33.329,36.7000,261.1000,1736790098254,2025/01/13 17:41:38.254,SNOW,DAYLIGHT,ICE,DETECTOR_FAULT,NONE
CR00076,INT0085,AV,HBP,AM Peak,1738916794535,2025/02/07 08:26:34.535,ANGLE,C,4,4,SBT,SB,1,VIDEO_ANALYTICS,1738916787366,2025/02/07 08:26:27.366,25.9000,215.7000,1738916793006,2025/02/07 08:26:33.006,CLEAR,DAYLIGHT,DRY,COMPLIANT_RED_ENTRY,NONE
CR00077,INT0078,KS,NGT,Midday,1715771928232,2024/05/15 11:18:48.232,ANGLE,O,3,4,SBT,SB,1,VIDEO_ANALYTICS,1715771921452,2024/05/15 11:18:41.452,37.4000,327.3000,1715771927472,2024/05/15 11:18:47.472,CLOUDY,DAYLIGHT,DRY,DETECTOR_FAULT,NONE
CR00078,INT0074,AV,CDF,Weekend,1731856348825,2024/11/17 15:12:28.825,ANGLE,A,3,6,WBT,WB,7,EVENT_DATA_RECORDER,1731856343414,2024/11/17 15:12:23.414,54.6000,389.8000,1731856348245,2024/11/17 15:12:28.245,CLEAR,DAYLIGHT,DRY,CONTROLLER_DEVIATION,YELLOW_TRUNCATED
CR00079,INT0117,AV,HBP,PM Peak,1718733402802,2024/06/18 17:56:42.802,ANGLE,O,4,2,EBT,EB,3,EVENT_DATA_RECORDER,1718733397285,2024/06/18 17:56:37.285,53.4000,391.9000,1718733402253,2024/06/18 17:56:42.253,CLEAR,DAYLIGHT,DRY,COMPLIANT_RED_ENTRY,NONE
CR00080,INT0089,AV,RIV,Midday,1712316759634,2024/04/05 11:32:39.634,ANGLE,B,2,8,NBT,NB,5,EVENT_DATA_RECORDER,1712316753719,2024/04/05 11:32:33.719,33.0000,240.2000,1712316758610,2024/04/05 11:32:38.610,CLEAR,DAYLIGHT,DRY,COMPLIANT_RED_ENTRY,NONE
CR00081,INT0133,KS,NGT,PM Peak,1739463266457,2025/02/13 16:14:26.457,ANGLE,O,2,1,WBL,WB,2,VIDEO_ANALYTICS,1739463260697,2025/02/13 16:14:20.697,53.4000,418.2000,1739463265996,2025/02/13 16:14:25.996,RAIN,DAYLIGHT,WET,COMPLIANT_RED_ENTRY,NONE
CR00082,INT0166,AV,CDF,Weekend,1739627080120,2025/02/15 13:44:40.120,LEFT_TURN,C,3,5,EBL,EB,6,VIDEO_ANALYTICS,1739627075024,2025/02/15 13:44:35.024,58.0000,388.2000,1739627079606,2025/02/15 13:44:39.606,SNOW,DAYLIGHT,ICE,LAWFUL_ENTRY,NONE
CR00083,INT0048,AV,HBP,PM Peak,1719593178051,2024/06/28 16:46:18.051,ANGLE,A,3,4,SBT,SB,1,EVENT_DATA_RECORDER,1719593171748,2024/06/28 16:46:11.748,24.6000,172.1000,1719593176520,2024/06/28 16:46:16.520,CLOUDY,DAYLIGHT,DRY,DETECTOR_FAULT,NONE
CR00084,INT0088,AV,CDF,Midday,1718190964476,2024/06/12 11:16:04.476,ANGLE,B,3,4,SBT,SB,1,EVENT_DATA_RECORDER,1718190957622,2024/06/12 11:15:57.622,34.1000,287.5000,1718190963309,2024/06/12 11:16:03.309,CLOUDY,DAYLIGHT,DRY,COMPLIANT_RED_ENTRY,NONE
CR00085,INT0054,KS,STB,Weekend,1709374897064,2024/03/02 10:21:37.064,ANGLE,O,2,2,EBT,EB,3,CONNECTED_VEHICLE,1709374891266,2024/03/02 10:21:31.266,47.6000,356.9000,1709374896366,2024/03/02 10:21:36.366,CLEAR,DAYLIGHT,DRY,DESIGN_DEFICIENT,NONE
CR00086,INT0169,KS,STB,Midday,1735820701527,2025/01/02 12:25:01.527,ANGLE,C,2,3,NBL,NB,4,EVENT_DATA_RECORDER,1735820695605,2025/01/02 12:24:55.605,26.2000,167.4000,1735820700039,2025/01/02 12:25:00.039,CLEAR,DAYLIGHT,DRY,CONTROLLER_DEVIATION,YELLOW_TRUNCATED
CR00087,INT0090,KS,STB,Weekend,1716047511627,2024/05/18 15:51:51.627,ANGLE,O,2,1,WBL,WB,2,EVENT_DATA_RECORDER,1716047505339,2024/05/18 15:51:45.339,48.0000,390.9000,1716047510909,2024/05/18 15:51:50.909,CLEAR,DAYLIGHT,DRY,CONTROLLER_DEVIATION,YELLOW_TRUNCATED
CR00088,INT0076,KS,NGT,AM Peak,1720601052361,2024/07/10 08:44:12.361,ANGLE,O,2,2,EBT,EB,3,VIDEO_ANALYTICS,1720601045978,2024/07/10 08:44:05.978,46.3000,403.4000,1720601051783,2024/07/10 08:44:11.783,CLEAR,DAYLIGHT,DRY,DESIGN_DEFICIENT,NONE
CR00089,INT0093,KS,NGT,AM Peak,1740555732800,2025/02/26 07:42:12.800,ANGLE,C,4,3,NBL,NB,4,EVENT_DATA_RECORDER,1740555726915,2025/02/26 07:42:06.915,31.6000,232.8000,1740555731892,2025/02/26 07:42:11.892,CLOUDY,DAYLIGHT,DRY,COMPLIANT_RED_ENTRY,NONE
CR00090,INT0107,KS,MLB,Weekend,1718459375569,2024/06/15 13:49:35.569,LEFT_TURN,O,2,3,NBL,NB,4,EVENT_DATA_RECORDER,1718459369930,2024/06/15 13:49:29.930,31.0000,188.1000,1718459374066,2024/06/15 13:49:34.066,RAIN,DAYLIGHT,WET,LAWFUL_ENTRY,NONE
CR00091,INT0135,KS,STB,PM Peak,1745947444266,2025/04/29 17:24:04.266,ANGLE,O,4,6,WBT,WB,7,VIDEO_ANALYTICS,1745947439107,2025/04/29 17:23:59.107,37.8000,241.9000,1745947443442,2025/04/29 17:24:03.442,CLEAR,DAYLIGHT,WET,DETECTOR_FAULT,NONE
CR00092,INT0013,KS,NGT,PM Peak,1711557639031,2024/03/27 16:40:39.031,ANGLE,O,3,4,SBT,SB,1,EVENT_DATA_RECORDER,1711557632258,2024/03/27 16:40:32.258,28.4000,230.2000,1711557637797,2024/03/27 16:40:37.797,CLEAR,DAYLIGHT,WET,COMPLIANT_RED_ENTRY,NONE
CR00093,INT0045,KS,STB,Weekend,1755347791777,2025/08/16 12:36:31.777,ANGLE,A,2,6,WBT,WB,7,CONNECTED_VEHICLE,1755347786801,2025/08/16 12:36:26.801,52.5000,353.2000,1755347791363,2025/08/16 12:36:31.363,RAIN,DAYLIGHT,WET,CONTROLLER_DEVIATION,YELLOW_TRUNCATED
CR00094,INT0087,KS,NGT,Weekend,1733664138857,2024/12/08 13:22:18.857,LEFT_TURN,B,3,3,NBL,NB,4,EVENT_DATA_RECORDER,1733664133696,2024/12/08 13:22:13.696,39.0000,240.9000,1733664137951,2024/12/08 13:22:17.951,CLOUDY,DAYLIGHT,DRY,LAWFUL_ENTRY,NONE
CR00095,INT0025,KS,STB,PM Peak,1740072952515,2025/02/20 17:35:52.515,ANGLE,C,4,3,NBL,NB,4,EVENT_DATA_RECORDER,1740072945783,2025/02/20 17:35:45.783,32.9000,253.4000,1740072951135,2025/02/20 17:35:51.135,CLEAR,DAYLIGHT,DRY,COMPLIANT_RED_ENTRY,NONE
CR00096,INT0133,KS,NGT,Midday,1753098031170,2025/07/21 11:40:31.170,ANGLE,A,2,1,WBL,WB,2,VIDEO_ANALYTICS,1753098026438,2025/07/21 11:40:26.438,53.4000,325.1000,1753098030704,2025/07/21 11:40:30.704,CLEAR,DAYLIGHT,DRY,CONTROLLER_DEVIATION,YELLOW_TRUNCATED
CR00097,INT0095,KS,STB,Weekend,1754136809483,2025/08/02 12:13:29.483,ANGLE,C,3,8,NBT,NB,5,VIDEO_ANALYTICS,1754136802037,2025/08/02 12:13:22.037,25.7000,212.4000,1754136807592,2025/08/02 12:13:27.592,CLOUDY,DAYLIGHT,DRY,DETECTOR_FAULT,NONE
CR00098,INT0003,AV,RIV,Midday,1741608913769,2025/03/10 12:15:13.769,ANGLE,O,3,2,EBT,EB,3,VIDEO_ANALYTICS,1741608907617,2025/03/10 12:15:07.617,46.4000,358.3000,1741608912984,2025/03/10 12:15:12.984,RAIN,DAYLIGHT,WET,DETECTOR_FAULT,NONE
CR00099,INT0056,KS,NGT,AM Peak,1740727207846,2025/02/28 07:20:07.846,ANGLE,B,2,3,NBL,NB,4,EVENT_DATA_RECORDER,1740727200696,2025/02/28 07:20:00.696,29.6000,247.1000,1740727206686,2025/02/28 07:20:06.686,CLOUDY,DAYLIGHT,DRY,DESIGN_DEFICIENT,NONE
CR00100,INT0085,AV,HBP,Weekend,1747583047449,2025/05/18 15:44:07.449,ANGLE,B,3,5,EBL,EB,6,VIDEO_ANALYTICS,1747583041547,2025/05/18 15:44:01.547,59.2000,471.6000,1747583046949,2025/05/18 15:44:06.949,FOG,DAYLIGHT,DRY,CONTROLLER_DEVIATION,RED_CLEARANCE_OMITTED
CR00101,INT0124,AV,RIV,Midday,1752151029281,2025/07/10 12:37:09.281,ANGLE,C,2,3,NBL,NB,4,EVENT_DATA_RECORDER,1752151023506,2025/07/10 12:37:03.506,42.7000,301.7000,1752151028408,2025/07/10 12:37:08.408,CLEAR,DAYLIGHT,DRY,COMPLIANT_RED_ENTRY,NONE
CR00102,INT0076,KS,NGT,PM Peak,1723657264228,2024/08/14 17:41:04.228,ANGLE,O,2,1,WBL,WB,2,CONNECTED_VEHICLE,1723657258617,2024/08/14 17:40:58.617,38.6000,275.4000,1723657263541,2024/08/14 17:41:03.541,CLEAR,DAYLIGHT,DRY,DESIGN_DEFICIENT,NONE
CR00103,INT0022,AV,CDF,Midday,1762345531879,2025/11/05 12:25:31.879,ANGLE,O,2,5,EBL,EB,6,EVENT_DATA_RECORDER,1762345526700,2025/11/05 12:25:26.700,49.3000,330.3000,1762345531198,2025/11/05 12:25:31.198,CLOUDY,DAYLIGHT,DRY,CONTROLLER_DEVIATION,YELLOW_TRUNCATED
CR00104,INT0099,AV,CDF,Weekend,1725106396357,2024/08/31 12:13:16.357,ANGLE,K,2,4,SBT,SB,1,VIDEO_ANALYTICS,1725106389361,2024/08/31 12:13:09.361,45.3000,387.0000,1725106395319,2024/08/31 12:13:15.319,CLEAR,DAYLIGHT,DRY,COMPLIANT_RED_ENTRY,NONE
CR00105,INT0060,KS,STB,AM Peak,1751441682382,2025/07/02 07:34:42.382,LEFT_TURN,O,2,2,EBT,EB,1,EVENT_DATA_RECORDER,1751441677056,2025/07/02 07:34:37.056,52.5000,360.3000,1751441681764,2025/07/02 07:34:41.764,SNOW,DAYLIGHT,ICE,LAWFUL_ENTRY,NONE
CR00106,INT0154,AV,RIV,Midday,1714389819492,2024/04/29 11:23:39.492,ANGLE,O,2,3,NBL,NB,4,CONNECTED_VEHICLE,1714389812482,2024/04/29 11:23:32.482,42.5000,381.5000,1714389818471,2024/04/29 11:23:38.471,RAIN,DAYLIGHT,WET,COMPLIANT_RED_ENTRY,NONE
CR00107,INT0086,AV,CDF,AM Peak,1705999123278,2024/01/23 08:38:43.278,ANGLE,C,2,3,NBL,NB,4,EVENT_DATA_RECORDER,1705999116249,2024/01/23 08:38:36.249,39.6000,348.1000,1705999122268,2024/01/23 08:38:42.268,CLEAR,DAYLIGHT,DRY,COMPLIANT_RED_ENTRY,NONE
CR00108,INT0020,KS,NGT,Midday,1755515618783,2025/08/18 11:13:38.783,ANGLE,O,4,2,EBT,EB,3,EVENT_DATA_RECORDER,1755515613930,2025/08/18 11:13:33.930,47.6000,313.5000,1755515618303,2025/08/18 11:13:38.303,CLEAR,DAYLIGHT,DRY,COMPLIANT_RED_ENTRY,NONE
CR00109,INT0146,AV,RIV,Midday,1737462503569,2025/01/21 12:28:23.569,ANGLE,B,2,7,SBL,SB,8,VIDEO_ANALYTICS,1737462497970,2025/01/21 12:28:17.970,30.0000,180.6000,1737462502287,2025/01/21 12:28:22.287,CLOUDY,DAYLIGHT,DRY,COMPLIANT_RED_ENTRY,NONE
CR00110,INT0005,KS,NGT,AM Peak,1715844034842,2024/05/16 07:20:34.842,ANGLE,B,3,1,WBL,WB,2,VIDEO_ANALYTICS,1715844028688,2024/05/16 07:20:28.688,48.3000,404.5000,1715844034382,2024/05/16 07:20:34.382,CLEAR,DAYLIGHT,DRY,COMPLIANT_RED_ENTRY,NONE
CR00111,INT0076,KS,NGT,Weekend,1728822174547,2024/10/13 12:22:54.547,ANGLE,O,2,1,WBL,WB,2,EVENT_DATA_RECORDER,1728822169193,2024/10/13 12:22:49.193,39.7000,273.9000,1728822173879,2024/10/13 12:22:53.879,FOG,DAYLIGHT,DRY,DESIGN_DEFICIENT,NONE
CR00112,INT0126,KS,NGT,Midday,1756985638854,2025/09/04 11:33:58.854,LEFT_TURN,O,2,5,EBL,EB,6,VIDEO_ANALYTICS,1756985632566,2025/09/04 11:33:52.566,41.7000,351.8000,1756985638268,2025/09/04 11:33:58.268,RAIN,DAYLIGHT,WET,LAWFUL_ENTRY,NONE
CR00113,INT0102,AV,HBP,Weekend,1733576036797,2024/12/07 12:53:56.797,ANGLE,O,4,6,WBT,WB,7,EVENT_DATA_RECORDER,1733576031969,2024/12/07 12:53:51.969,57.8000,356.6000,1733576036196,2024/12/07 12:53:56.196,CLEAR,DAYLIGHT,DRY,DESIGN_DEFICIENT,NONE
CR00114,INT0140,AV,RIV,Midday,1743592390078,2025/04/02 11:13:10.078,ANGLE,O,2,3,NBL,NB,4,CONNECTED_VEHICLE,1743592383421,2025/04/02 11:13:03.421,24.4000,186.9000,1743592388519,2025/04/02 11:13:08.519,CLEAR,DAYLIGHT,DRY,CONTROLLER_DEVIATION,YELLOW_TRUNCATED
CR00115,INT0148,AV,RIV,PM Peak,1735320397740,2024/12/27 17:26:37.740,ANGLE,B,2,8,NBT,NB,5,VIDEO_ANALYTICS,1735320391101,2024/12/27 17:26:31.101,31.7000,249.2000,1735320396410,2024/12/27 17:26:36.410,RAIN,DAYLIGHT,WET,COMPLIANT_RED_ENTRY,NONE
CR00116,INT0128,KS,NGT,Weekend,1727613202743,2024/09/29 12:33:22.743,ANGLE,O,3,1,WBL,WB,2,EVENT_DATA_RECORDER,1727613196856,2024/09/29 12:33:16.856,36.7000,285.3000,1727613202107,2024/09/29 12:33:22.107,RAIN,DAYLIGHT,WET,COMPLIANT_RED_ENTRY,NONE
CR00117,INT0051,AV,RIV,Midday,1725367776638,2024/09/03 12:49:36.638,ANGLE,O,4,2,EBT,EB,3,EVENT_DATA_RECORDER,1725367770225,2024/09/03 12:49:30.225,56.7000,485.4000,1725367776193,2024/09/03 12:49:36.193,CLOUDY,DAYLIGHT,DRY,CONTROLLER_DEVIATION,RED_CLEARANCE_OMITTED
CR00118,INT0071,AV,RIV,Weekend,1743935345116,2025/04/06 10:29:05.116,ANGLE,O,2,8,NBT,NB,5,VIDEO_ANALYTICS,1743935337873,2025/04/06 10:28:57.873,27.7000,250.8000,1743935343881,2025/04/06 10:29:03.881,CLEAR,DAYLIGHT,DRY,COMPLIANT_RED_ENTRY,NONE
CR00119,INT0082,KS,STB,Weekend,1731238077677,2024/11/10 11:27:57.677,ANGLE,C,2,8,NBT,NB,5,VIDEO_ANALYTICS,1731238070959,2024/11/10 11:27:50.959,39.6000,341.9000,1731238076846,2024/11/10 11:27:56.846,CLOUDY,DAYLIGHT,DRY,COMPLIANT_RED_ENTRY,NONE
CR00120,INT0021,KS,STB,PM Peak,1764782788570,2025/12/03 17:26:28.570,ANGLE,C,2,8,NBT,NB,5,EVENT_DATA_RECORDER,1764782782490,2025/12/03 17:26:22.490,36.2000,255.8000,1764782787361,2025/12/03 17:26:27.361,CLEAR,DAYLIGHT,DRY,DESIGN_DEFICIENT,NONE
CR00121,INT0060,KS,STB,Midday,1727178225302,2024/09/24 11:43:45.302,LEFT_TURN,C,2,6,WBT,WB,5,VIDEO_ANALYTICS,1727178220114,2024/09/24 11:43:40.114,52.0000,343.4000,1727178224703,2024/09/24 11:43:44.703,CLEAR,DAYLIGHT,DRY,LAWFUL_ENTRY,NONE
CR00122,INT0089,AV,RIV,Weekend,1716124417091,2024/05/19 13:13:37.091,ANGLE,C,3,2,EBT,EB,3,VIDEO_ANALYTICS,1716124411258,2024/05/19 13:13:31.258,38.7000,297.1000,1716124416516,2024/05/19 13:13:36.516,CLEAR,DAYLIGHT,DRY,COMPLIANT_RED_ENTRY,NONE
CR00123,INT0164,KS,STB,Weekend,1728128572073,2024/10/05 11:42:52.073,ANGLE,B,3,1,WBL,WB,2,EVENT_DATA_RECORDER,1728128565948,2024/10/05 11:42:45.948,43.4000,352.1000,1728128571459,2024/10/05 11:42:51.459,CLOUDY,DAYLIGHT,DRY,DESIGN_DEFICIENT,NONE
CR00124,INT0125,KS,MLB,Midday,1732279453231,2024/11/22 12:44:13.231,ANGLE,O,4,7,SBL,SB,8,CONNECTED_VEHICLE,1732279446310,2024/11/22 12:44:06.310,40.6000,355.4000,1732279452312,2024/11/22 12:44:12.312,CLEAR,DAYLIGHT,DRY,COMPLIANT_RED_ENTRY,NONE
CR00125,INT0039,AV,HBP,PM Peak,1732125226719,2024/11/20 17:53:46.719,ANGLE,O,2,6,WBT,WB,7,CONNECTED_VEHICLE,1732125221051,2024/11/20 17:53:41.051,38.6000,280.0000,1732125225891,2024/11/20 17:53:45.891,CLEAR,DAYLIGHT,DRY,DETECTOR_FAULT,NONE
CR00126,INT0054,KS,STB,PM Peak,1737564094892,2025/01/22 16:41:34.892,ANGLE,B,2,5,EBL,EB,6,VIDEO_ANALYTICS,1737564088889,2025/01/22 16:41:28.889,36.9000,265.6000,1737564093978,2025/01/22 16:41:33.978,CLEAR,DAYLIGHT,DRY,DESIGN_DEFICIENT,NONE
CR00127,INT0135,KS,STB,Midday,1741694864052,2025/03/11 12:07:44.052,ANGLE,A,2,6,WBT,WB,7,VIDEO_ANALYTICS,1741694857836,2025/03/11 12:07:37.836,46.3000,373.7000,1741694863393,2025/03/11 12:07:43.393,CLEAR,DAYLIGHT,DRY,COMPLIANT_RED_ENTRY,NONE
CR00128,INT0104,KS,STB,Weekend,1722685238843,2024/08/03 11:40:38.843,ANGLE,C,4,4,SBT,SB,1,CONNECTED_VEHICLE,1722685232616,2024/08/03 11:40:32.616,43.0000,329.8000,1722685237867,2024/08/03 11:40:37.867,CLEAR,DAYLIGHT,DRY,DESIGN_DEFICIENT,NONE
CR00129,INT0022,AV,CDF,Midday,1734092987708,2024/12/13 12:29:47.708,ANGLE,O,3,7,SBL,SB,8,EVENT_DATA_RECORDER,1734092982127,2024/12/13 12:29:42.127,36.0000,215.7000,1734092986319,2024/12/13 12:29:46.319,CLOUDY,DAYLIGHT,WET,COMPLIANT_RED_ENTRY,NONE
CR00130,INT0149,KS,MLB,PM Peak,1704903828384,2024/01/10 16:23:48.384,LEFT_TURN,C,3,7,SBL,SB,8,EVENT_DATA_RECORDER,1704903822068,2024/01/10 16:23:42.068,37.3000,297.5000,1704903827453,2024/01/10 16:23:47.453,CLOUDY,DAYLIGHT,DRY,LAWFUL_ENTRY,NONE
CR00131,INT0002,KS,MLB,AM Peak,1743406654561,2025/03/31 07:37:34.561,ANGLE,K,2,6,WBT,WB,7,CONNECTED_VEHICLE,1743406649032,2025/03/31 07:37:29.032,32.9000,228.6000,1743406653745,2025/03/31 07:37:33.745,CLEAR,DAYLIGHT,DRY,COMPLIANT_RED_ENTRY,NONE
CR00132,INT0103,KS,STB,Midday,1704111716252,2024/01/01 12:21:56.252,ANGLE,O,4,3,NBL,NB,4,EVENT_DATA_RECORDER,1704111708339,2024/01/01 12:21:48.339,25.5000,218.0000,1704111714281,2024/01/01 12:21:54.281,CLEAR,DAYLIGHT,DRY,COMPLIANT_RED_ENTRY,NONE
CR00133,INT0078,KS,NGT,AM Peak,1735633919538,2024/12/31 08:31:59.538,ANGLE,O,3,5,EBL,EB,6,EVENT_DATA_RECORDER,1735633913887,2024/12/31 08:31:53.887,41.2000,296.4000,1735633918931,2024/12/31 08:31:58.931,CLEAR,DAYLIGHT,DRY,DESIGN_DEFICIENT,NONE
CR00134,INT0124,AV,RIV,AM Peak,1764749527631,2025/12/03 08:12:07.631,ANGLE,B,2,7,SBL,SB,8,VIDEO_ANALYTICS,1764749521954,2025/12/03 08:12:01.954,42.2000,303.5000,1764749526796,2025/12/03 08:12:06.796,CLOUDY,DAYLIGHT,DRY,COMPLIANT_RED_ENTRY,NONE
CR00135,INT0089,AV,RIV,Weekend,1723388900788,2024/08/11 15:08:20.788,ANGLE,O,2,6,WBT,WB,7,EVENT_DATA_RECORDER,1723388895734,2024/08/11 15:08:15.734,37.2000,246.8000,1723388900202,2024/08/11 15:08:20.202,CLOUDY,DAYLIGHT,DRY,DETECTOR_FAULT,NONE
CR00136,INT0145,KS,STB,Midday,1724848155713,2024/08/28 12:29:15.713,ANGLE,O,2,4,SBT,SB,1,CONNECTED_VEHICLE,1724848150152,2024/08/28 12:29:10.152,41.6000,279.2000,1724848154739,2024/08/28 12:29:14.739,RAIN,DAYLIGHT,WET,DESIGN_DEFICIENT,NONE
CR00137,INT0088,AV,CDF,AM Peak,1720427280440,2024/07/08 08:28:00.440,ANGLE,A,2,1,WBL,WB,2,VIDEO_ANALYTICS,1720427274283,2024/07/08 08:27:54.283,44.8000,357.0000,1720427279830,2024/07/08 08:27:59.830,RAIN,DAYLIGHT,WET,COMPLIANT_RED_ENTRY,NONE
CR00138,INT0088,AV,CDF,Midday,1758195345287,2025/09/18 11:35:45.287,ANGLE,C,3,8,NBT,NB,5,EVENT_DATA_RECORDER,1758195339575,2025/09/18 11:35:39.575,31.8000,200.7000,1758195343974,2025/09/18 11:35:43.974,SNOW,DAYLIGHT,ICE,DETECTOR_FAULT,NONE
CR00139,INT0070,KS,NGT,AM Peak,1763105873357,2025/11/14 07:37:53.357,ANGLE,B,4,1,WBL,WB,2,CONNECTED_VEHICLE,1763105867278,2025/11/14 07:37:47.278,54.5000,442.8000,1763105872896,2025/11/14 07:37:52.896,CLEAR,DAYLIGHT,DRY,COMPLIANT_RED_ENTRY,NONE
CR00140,INT0092,KS,MLB,PM Peak,1721752488337,2024/07/23 16:34:48.337,ANGLE,C,2,2,EBT,EB,3,EVENT_DATA_RECORDER,1721752483629,2024/07/23 16:34:43.629,52.0000,318.5000,1721752487863,2024/07/23 16:34:47.863,CLEAR,DAYLIGHT,DRY,DESIGN_DEFICIENT,NONE
CR00141,INT0111,AV,HBP,Weekend,1760197820677,2025/10/11 15:50:20.677,ANGLE,B,2,1,WBL,WB,2,EVENT_DATA_RECORDER,1760197815736,2025/10/11 15:50:15.736,40.1000,250.1000,1760197820016,2025/10/11 15:50:20.016,CLEAR,DAYLIGHT,DRY,DESIGN_DEFICIENT,NONE
CR00142,INT0058,KS,MLB,Weekend,1746959898595,2025/05/11 10:38:18.595,ANGLE,O,3,4,SBT,SB,1,EVENT_DATA_RECORDER,1746959892589,2025/05/11 10:38:12.589,33.5000,255.9000,1746959897811,2025/05/11 10:38:17.811,RAIN,DAYLIGHT,WET,DETECTOR_FAULT,NONE
CR00143,INT0121,AV,HBP,AM Peak,1708586713800,2024/02/22 07:25:13.800,ANGLE,B,4,3,NBL,NB,4,EVENT_DATA_RECORDER,1708586707831,2024/02/22 07:25:07.831,30.1000,204.0000,1708586712395,2024/02/22 07:25:12.395,CLOUDY,DAYLIGHT,DRY,COMPLIANT_RED_ENTRY,NONE
CR00144,INT0128,KS,NGT,AM Peak,1722498290057,2024/08/01 07:44:50.057,LEFT_TURN,O,2,6,WBT,WB,5,EVENT_DATA_RECORDER,1722498285125,2024/08/01 07:44:45.125,35.6000,228.3000,1722498289405,2024/08/01 07:44:49.405,CLEAR,DAYLIGHT,DRY,LAWFUL_ENTRY,NONE
CR00145,INT0075,AV,CDF,Midday,1713875502118,2024/04/23 12:31:42.118,ANGLE,O,4,8,NBT,NB,5,EVENT_DATA_RECORDER,1713875496395,2024/04/23 12:31:36.395,34.8000,246.5000,1713875501125,2024/04/23 12:31:41.125,CLOUDY,DAYLIGHT,DRY,DETECTOR_FAULT,NONE
CR00146,INT0036,KS,STB,PM Peak,1740504600004,2025/02/25 17:30:00.004,ANGLE,O,2,2,EBT,EB,3,CONNECTED_VEHICLE,1740504595328,2025/02/25 17:29:55.328,51.7000,317.5000,1740504599526,2025/02/25 17:29:59.526,CLEAR,DAYLIGHT,DRY,COMPLIANT_RED_ENTRY,NONE
CR00147,INT0081,KS,NGT,AM Peak,1757489670014,2025/09/10 07:34:30.014,ANGLE,B,2,6,WBT,WB,7,CONNECTED_VEHICLE,1757489665504,2025/09/10 07:34:25.504,54.7000,327.5000,1757489669568,2025/09/10 07:34:29.568,SNOW,DAYLIGHT,ICE,COMPLIANT_RED_ENTRY,NONE
CR00148,INT0099,AV,CDF,Midday,1749641771540,2025/06/11 11:36:11.540,ANGLE,O,2,2,EBT,EB,3,EVENT_DATA_RECORDER,1749641766874,2025/06/11 11:36:06.874,44.6000,279.0000,1749641771008,2025/06/11 11:36:11.008,RAIN,DAYLIGHT,WET,CONTROLLER_DEVIATION,RED_CLEARANCE_OMITTED
CR00149,INT0009,AV,CDF,Weekend,1749293356289,2025/06/07 10:49:16.289,LEFT_TURN,O,2,1,WBL,WB,2,VIDEO_ANALYTICS,1749293350181,2025/06/07 10:49:10.181,52.0000,423.7000,1749293355799,2025/06/07 10:49:15.799,CLEAR,DAYLIGHT,DRY,LAWFUL_ENTRY,NONE
CR00150,INT0038,KS,NGT,PM Peak,1706636763429,2024/01/30 17:46:03.429,ANGLE,C,3,8,NBT,NB,5,VIDEO_ANALYTICS,1706636757473,2024/01/30 17:45:57.473,36.0000,238.7000,1706636762045,2024/01/30 17:46:02.045,CLOUDY,DAYLIGHT,DRY,COMPLIANT_RED_ENTRY,NONE
CR00151,INT0070,KS,NGT,Midday,1718971904009,2024/06/21 12:11:44.009,ANGLE,O,2,3,NBL,NB,4,EVENT_DATA_RECORDER,1718971897500,2024/06/21 12:11:37.500,23.5000,163.9000,1718971902226,2024/06/21 12:11:42.226,CLOUDY,DAYLIGHT,DRY,CONTROLLER_DEVIATION,RED_CLEARANCE_OMITTED
CR00152,INT0002,KS,MLB,Weekend,1738497081441,2025/02/02 11:51:21.441,ANGLE,O,3,4,SBT,SB,1,VIDEO_ANALYTICS,1738497075063,2025/02/02 11:51:15.063,45.4000,368.1000,1738497080703,2025/02/02 11:51:20.703,CLOUDY,DAYLIGHT,DRY,DETECTOR_FAULT,NONE
CR00153,INT0025,KS,STB,PM Peak,1704732092027,2024/01/08 16:41:32.027,ANGLE,O,2,7,SBL,SB,8,EVENT_DATA_RECORDER,1704732085392,2024/01/08 16:41:25.392,31.2000,227.3000,1704732090525,2024/01/08 16:41:30.525,CLEAR,DAYLIGHT,DRY,COMPLIANT_RED_ENTRY,NONE
CR00154,INT0126,KS,NGT,AM Peak,1747038983795,2025/05/12 08:36:23.795,ANGLE,O,2,7,SBL,SB,8,EVENT_DATA_RECORDER,1747038976476,2025/05/12 08:36:16.476,38.9000,334.3000,1747038982459,2025/05/12 08:36:22.459,SNOW,DAYLIGHT,ICE,COMPLIANT_RED_ENTRY,NONE
CR00155,INT0054,KS,STB,Midday,1746794411593,2025/05/09 12:40:11.593,ANGLE,C,2,4,SBT,SB,1,EVENT_DATA_RECORDER,1746794404799,2025/05/09 12:40:04.799,27.6000,200.7000,1746794409859,2025/05/09 12:40:09.859,SNOW,DAYLIGHT,ICE,DETECTOR_FAULT,NONE
CR00156,INT0026,KS,STB,PM Peak,1758303726487,2025/09/19 17:42:06.487,ANGLE,O,4,1,WBL,WB,2,EVENT_DATA_RECORDER,1758303719880,2025/09/19 17:41:59.880,45.4000,387.8000,1758303725894,2025/09/19 17:42:05.894,CLOUDY,DAYLIGHT,DRY,COMPLIANT_RED_ENTRY,NONE
CR00157,INT0048,AV,HBP,PM Peak,1724348435216,2024/08/22 17:40:35.216,ANGLE,O,2,8,NBT,NB,5,EVENT_DATA_RECORDER,1724348429182,2024/08/22 17:40:29.182,31.9000,223.7000,1724348434021,2024/08/22 17:40:34.021,CLOUDY,DAYLIGHT,DRY,COMPLIANT_RED_ENTRY,NONE
CR00158,INT0087,KS,NGT,Weekend,1732454942813,2024/11/24 13:29:02.813,ANGLE,C,2,4,SBT,SB,1,VIDEO_ANALYTICS,1732454937091,2024/11/24 13:28:57.091,33.7000,233.6000,1732454941806,2024/11/24 13:29:01.806,RAIN,DAYLIGHT,WET,COMPLIANT_RED_ENTRY,NONE
CR00159,INT0076,KS,NGT,AM Peak,1722327762522,2024/07/30 08:22:42.522,ANGLE,O,2,3,NBL,NB,4,EVENT_DATA_RECORDER,1722327756350,2024/07/30 08:22:36.350,31.9000,218.8000,1722327760980,2024/07/30 08:22:40.980,CLEAR,DAYLIGHT,DRY,DESIGN_DEFICIENT,NONE
CR00160,INT0093,KS,NGT,PM Peak,1728665589489,2024/10/11 16:53:09.489,ANGLE,O,2,2,EBT,EB,3,EVENT_DATA_RECORDER,1728665584203,2024/10/11 16:53:04.203,40.1000,273.9000,1728665588850,2024/10/11 16:53:08.850,CLEAR,DAYLIGHT,DRY,COMPLIANT_RED_ENTRY,NONE
CR00161,INT0072,AV,RIV,PM Peak,1731514805643,2024/11/13 16:20:05.643,ANGLE,C,2,1,WBL,WB,2,VIDEO_ANALYTICS,1731514800152,2024/11/13 16:20:00.152,51.9000,387.1000,1731514805197,2024/11/13 16:20:05.197,CLOUDY,DAYLIGHT,DRY,COMPLIANT_RED_ENTRY,NONE
CR00162,INT0062,KS,NGT,Midday,1749645019739,2025/06/11 12:30:19.739,LEFT_TURN,O,3,6,WBT,WB,5,EVENT_DATA_RECORDER,1749645014590,2025/06/11 12:30:14.590,52.4000,349.1000,1749645019125,2025/06/11 12:30:19.125,RAIN,DAYLIGHT,WET,LAWFUL_ENTRY,NONE
CR00163,INT0109,KS,NGT,AM Peak,1737708113849,2025/01/24 08:41:53.849,ANGLE,B,2,2,EBT,EB,3,CONNECTED_VEHICLE,1737708108447,2025/01/24 08:41:48.447,39.3000,277.9000,1737708113277,2025/01/24 08:41:53.277,CLEAR,DAYLIGHT,WET,DETECTOR_FAULT,NONE
CR00164,INT0112,AV,CDF,PM Peak,1755102289838,2025/08/13 16:24:49.838,ANGLE,B,4,8,NBT,NB,5,EVENT_DATA_RECORDER,1755102283059,2025/08/13 16:24:43.059,32.6000,259.5000,1755102288586,2025/08/13 16:24:48.586,RAIN,DAYLIGHT,WET,DETECTOR_FAULT,NONE
CR00165,INT0018,AV,CDF,PM Peak,1705510153727,2024/01/17 16:49:13.727,ANGLE,B,4,8,NBT,NB,5,EVENT_DATA_RECORDER,1705510147417,2024/01/17 16:49:07.417,25.8000,182.3000,1705510152221,2024/01/17 16:49:12.221,RAIN,DAYLIGHT,WET,COMPLIANT_RED_ENTRY,NONE
CR00166,INT0037,AV,CDF,AM Peak,1757321177751,2025/09/08 08:46:17.751,ANGLE,C,2,1,WBL,WB,2,EVENT_DATA_RECORDER,1757321172449,2025/09/08 08:46:12.449,40.2000,268.4000,1757321176889,2025/09/08 08:46:16.889,CLEAR,DAYLIGHT,DRY,COMPLIANT_RED_ENTRY,NONE
CR00167,INT0057,AV,CDF,Midday,1720096439471,2024/07/04 12:33:59.471,ANGLE,O,2,7,SBL,SB,8,EVENT_DATA_RECORDER,1720096433266,2024/07/04 12:33:53.266,37.1000,291.6000,1720096438645,2024/07/04 12:33:58.645,CLEAR,DAYLIGHT,DRY,CONTROLLER_DEVIATION,RED_CLEARANCE_OMITTED
CR00168,INT0146,AV,RIV,Weekend,1758973077253,2025/09/27 11:37:57.253,ANGLE,A,2,8,NBT,NB,5,VIDEO_ANALYTICS,1758973070874,2025/09/27 11:37:50.874,33.5000,261.9000,1758973076145,2025/09/27 11:37:56.145,CLEAR,DAYLIGHT,DRY,DETECTOR_FAULT,NONE
CR00169,INT0125,KS,MLB,Midday,1732797783481,2024/11/28 12:43:03.481,LEFT_TURN,B,2,1,WBL,WB,2,CONNECTED_VEHICLE,1732797776909,2024/11/28 12:42:56.909,43.6000,384.1000,1732797782851,2024/11/28 12:43:02.851,CLEAR,DAYLIGHT,DRY,LAWFUL_ENTRY,NONE
CR00170,INT0146,AV,RIV,PM Peak,1757436993909,2025/09/09 16:56:33.909,ANGLE,C,2,4,SBT,SB,1,CONNECTED_VEHICLE,1757436987949,2025/09/09 16:56:27.949,35.2000,251.5000,1757436992871,2025/09/09 16:56:32.871,RAIN,DAYLIGHT,WET,DETECTOR_FAULT,NONE
CR00171,INT0045,KS,STB,Weekend,1711286128380,2024/03/24 13:15:28.380,ANGLE,O,3,3,NBL,NB,4,VIDEO_ANALYTICS,1711286121893,2024/03/24 13:15:21.893,31.9000,244.1000,1711286127105,2024/03/24 13:15:27.105,CLEAR,DAYLIGHT,WET,COMPLIANT_RED_ENTRY,NONE
CR00172,INT0048,AV,HBP,AM Peak,1737535107336,2025/01/22 08:38:27.336,ANGLE,B,4,2,EBT,EB,3,VIDEO_ANALYTICS,1737535100946,2025/01/22 08:38:20.946,44.9000,386.0000,1737535106827,2025/01/22 08:38:26.827,RAIN,DAYLIGHT,WET,DESIGN_DEFICIENT,NONE
CR00173,INT0124,AV,RIV,PM Peak,1760117963409,2025/10/10 17:39:23.409,LEFT_TURN,O,3,5,EBL,EB,6,EVENT_DATA_RECORDER,1760117958262,2025/10/10 17:39:18.262,53.3000,348.5000,1760117962774,2025/10/10 17:39:22.774,CLOUDY,DAYLIGHT,DRY,LAWFUL_ENTRY,NONE
CR00174,INT0163,AV,HBP,Weekend,1714229568643,2024/04/27 14:52:48.643,ANGLE,A,4,1,WBL,WB,2,EVENT_DATA_RECORDER,1714229562057,2024/04/27 14:52:42.057,45.4000,387.1000,1714229567879,2024/04/27 14:52:47.879,CLEAR,DAYLIGHT,DRY,DESIGN_DEFICIENT,NONE
CR00175,INT0024,KS,STB,Weekend,1756654059016,2025/08/31 15:27:39.016,ANGLE,O,3,2,EBT,EB,3,VIDEO_ANALYTICS,1756654053593,2025/08/31 15:27:33.593,44.0000,304.4000,1756654058294,2025/08/31 15:27:38.294,CLEAR,DAYLIGHT,DRY,DETECTOR_FAULT,NONE
CR00176,INT0157,AV,HBP,PM Peak,1743179490999,2025/03/28 16:31:30.999,ANGLE,C,2,8,NBT,NB,5,EVENT_DATA_RECORDER,1743179485685,2025/03/28 16:31:25.685,38.5000,248.6000,1743179490067,2025/03/28 16:31:30.067,CLOUDY,DAYLIGHT,DRY,DETECTOR_FAULT,NONE
CR00177,INT0139,AV,HBP,Weekend,1758988293456,2025/09/27 15:51:33.456,LEFT_TURN,K,2,7,SBL,SB,8,EVENT_DATA_RECORDER,1758988288150,2025/09/27 15:51:28.150,35.4000,212.4000,1758988292255,2025/09/27 15:51:32.255,CLOUDY,DAYLIGHT,DRY,LAWFUL_ENTRY,NONE
CR00178,INT0138,AV,HBP,Midday,1740054484415,2025/02/20 12:28:04.415,ANGLE,B,2,6,WBT,WB,7,EVENT_DATA_RECORDER,1740054479640,2025/02/20 12:27:59.640,46.9000,287.3000,1740054483850,2025/02/20 12:28:03.850,CLOUDY,DAYLIGHT,DRY,CONTROLLER_DEVIATION,YELLOW_TRUNCATED
CR00179,INT0048,AV,HBP,Weekend,1731857163469,2024/11/17 15:26:03.469,ANGLE,O,2,7,SBL,SB,8,EVENT_DATA_RECORDER,1731857156247,2024/11/17 15:25:56.247,20.3000,164.3000,1731857161635,2024/11/17 15:26:01.635,CLEAR,DAYLIGHT,DRY,CONTROLLER_DEVIATION,YELLOW_TRUNCATED
CR00180,INT0086,AV,CDF,Weekend,1729425085046,2024/10/20 11:51:25.046,ANGLE,A,3,4,SBT,SB,1,EVENT_DATA_RECORDER,1729425078297,2024/10/20 11:51:18.297,34.6000,287.4000,1729425083887,2024/10/20 11:51:23.887,CLEAR,DAYLIGHT,DRY,COMPLIANT_RED_ENTRY,NONE
CR00181,INT0012,AV,RIV,PM Peak,1710520438096,2024/03/15 16:33:58.096,ANGLE,B,2,5,EBL,EB,6,EVENT_DATA_RECORDER,1710520431697,2024/03/15 16:33:51.697,42.9000,359.8000,1710520437316,2024/03/15 16:33:57.316,SNOW,DAYLIGHT,ICE,COMPLIANT_RED_ENTRY,NONE
CR00182,INT0082,KS,STB,Weekend,1725712408017,2024/09/07 12:33:28.017,ANGLE,O,4,8,NBT,NB,5,CONNECTED_VEHICLE,1725712402339,2024/09/07 12:33:22.339,35.2000,250.1000,1725712407103,2024/09/07 12:33:27.103,CLOUDY,DAYLIGHT,DRY,COMPLIANT_RED_ENTRY,NONE
CR00183,INT0081,KS,NGT,PM Peak,1711039257485,2024/03/21 16:40:57.485,LEFT_TURN,B,2,6,WBT,WB,5,EVENT_DATA_RECORDER,1711039252383,2024/03/21 16:40:52.383,60.3000,411.1000,1711039257066,2024/03/21 16:40:57.066,RAIN,DAYLIGHT,WET,LAWFUL_ENTRY,NONE
CR00184,INT0055,AV,HBP,Weekend,1705157017744,2024/01/13 14:43:37.744,ANGLE,O,4,7,SBL,SB,8,EVENT_DATA_RECORDER,1705157012091,2024/01/13 14:43:32.091,40.2000,286.9000,1705157016976,2024/01/13 14:43:36.976,SNOW,DAYLIGHT,ICE,COMPLIANT_RED_ENTRY,NONE
CR00185,INT0096,AV,HBP,Midday,1738326855158,2025/01/31 12:34:15.158,ANGLE,A,2,1,WBL,WB,2,VIDEO_ANALYTICS,1738326849192,2025/01/31 12:34:09.192,42.4000,327.6000,1738326854510,2025/01/31 12:34:14.510,CLEAR,DAYLIGHT,DRY,CONTROLLER_DEVIATION,RED_CLEARANCE_OMITTED
CR00186,INT0074,AV,CDF,PM Peak,1725040477257,2024/08/30 17:54:37.257,ANGLE,O,4,6,WBT,WB,7,EVENT_DATA_RECORDER,1725040470755,2024/08/30 17:54:30.755,53.9000,468.4000,1725040476651,2024/08/30 17:54:36.651,CLEAR,DAYLIGHT,WET,DETECTOR_FAULT,NONE
CR00187,INT0134,AV,RIV,Weekend,1750509897442,2025/06/21 12:44:57.442,ANGLE,O,2,2,EBT,EB,3,CONNECTED_VEHICLE,1750509892606,2025/06/21 12:44:52.606,45.5000,288.3000,1750509896881,2025/06/21 12:44:56.881,CLEAR,DAYLIGHT,DRY,DETECTOR_FAULT,NONE
CR00188,INT0086,AV,CDF,Weekend,1714923576842,2024/05/05 15:39:36.842,ANGLE,C,2,7,SBL,SB,8,EVENT_DATA_RECORDER,1714923570042,2024/05/05 15:39:30.042,36.4000,304.2000,1714923575709,2024/05/05 15:39:35.709,CLEAR,DAYLIGHT,DRY,COMPLIANT_RED_ENTRY,NONE
CR00189,INT0117,AV,HBP,Weekend,1725708269709,2024/09/07 11:24:29.709,ANGLE,C,2,7,SBL,SB,8,EVENT_DATA_RECORDER,1725708263907,2024/09/07 11:24:23.907,39.1000,262.6000,1725708268557,2024/09/07 11:24:28.557,CLOUDY,DAYLIGHT,DRY,CONTROLLER_DEVIATION,RED_CLEARANCE_OMITTED
CR00190,INT0035,KS,STB,Weekend,1736693200235,2025/01/12 14:46:40.235,ANGLE,O,4,6,WBT,WB,7,EVENT_DATA_RECORDER,1736693195301,2025/01/12 14:46:35.301,51.6000,326.8000,1736693199708,2025/01/12 14:46:39.708,CLEAR,DAYLIGHT,DRY,DESIGN_DEFICIENT,NONE
CR00191,INT0151,AV,CDF,AM Peak,1704960968278,2024/01/11 08:16:08.278,ANGLE,O,2,2,EBT,EB,3,CONNECTED_VEHICLE,1704960962311,2024/01/11 08:16:02.311,55.9000,439.3000,1704960967692,2024/01/11 08:16:07.692,CLEAR,DAYLIGHT,DRY,CONTROLLER_DEVIATION,RED_CLEARANCE_OMITTED
CR00192,INT0083,KS,MLB,PM Peak,1741713779388,2025/03/11 17:22:59.388,LEFT_TURN,O,2,2,EBT,EB,1,EVENT_DATA_RECORDER,1741713772607,2025/03/11 17:22:52.607,45.1000,396.4000,1741713778630,2025/03/11 17:22:58.630,CLOUDY,DAYLIGHT,DRY,LAWFUL_ENTRY,NONE
CR00193,INT0014,AV,HBP,AM Peak,1723193040467,2024/08/09 08:44:00.467,ANGLE,C,4,2,EBT,EB,3,VIDEO_ANALYTICS,1723193035797,2024/08/09 08:43:55.797,37.0000,218.5000,1723193039837,2024/08/09 08:43:59.837,CLEAR,DAYLIGHT,DRY,CONTROLLER_DEVIATION,YELLOW_TRUNCATED
CR00194,INT0136,AV,HBP,PM Peak,1738172652177,2025/01/29 17:44:12.177,ANGLE,O,2,4,SBT,SB,1,VIDEO_ANALYTICS,1738172647107,2025/01/29 17:44:07.107,37.9000,233.8000,1738172651146,2025/01/29 17:44:11.146,RAIN,DAYLIGHT,WET,DETECTOR_FAULT,NONE
CR00195,INT0026,KS,STB,Midday,1709724577216,2024/03/06 11:29:37.216,ANGLE,O,2,2,EBT,EB,3,EVENT_DATA_RECORDER,1709724571838,2024/03/06 11:29:31.838,46.3000,322.7000,1709724576616,2024/03/06 11:29:36.616,CLOUDY,DAYLIGHT,DRY,CONTROLLER_DEVIATION,YELLOW_TRUNCATED
CR00196,INT0141,KS,NGT,AM Peak,1739435625925,2025/02/13 08:33:45.925,ANGLE,O,4,5,EBL,EB,6,VIDEO_ANALYTICS,1739435620995,2025/02/13 08:33:40.995,37.7000,226.8000,1739435625250,2025/02/13 08:33:45.250,FOG,DAYLIGHT,DRY,DESIGN_DEFICIENT,NONE
CR00197,INT0041,KS,MLB,Midday,1757418879997,2025/09/09 11:54:39.997,LEFT_TURN,C,3,4,SBT,SB,3,EVENT_DATA_RECORDER,1757418873064,2025/09/09 11:54:33.064,37.2000,304.3000,1757418878651,2025/09/09 11:54:38.651,RAIN,DAYLIGHT,WET,LAWFUL_ENTRY,NONE
CR00198,INT0067,AV,RIV,AM Peak,1745480959109,2025/04/24 07:49:19.109,ANGLE,B,2,1,WBL,WB,2,VIDEO_ANALYTICS,1745480953644,2025/04/24 07:49:13.644,35.4000,233.8000,1745480958196,2025/04/24 07:49:18.196,SNOW,DAYLIGHT,ICE,CONTROLLER_DEVIATION,YELLOW_TRUNCATED
CR00199,INT0057,AV,CDF,PM Peak,1759508425435,2025/10/03 16:20:25.435,ANGLE,B,2,5,EBL,EB,6,CONNECTED_VEHICLE,1759508419141,2025/10/03 16:20:19.141,35.7000,295.0000,1759508424795,2025/10/03 16:20:24.795,RAIN,DAYLIGHT,WET,CONTROLLER_DEVIATION,RED_CLEARANCE_OMITTED
CR00200,INT0060,KS,STB,Weekend,1711293682039,2024/03/24 15:21:22.039,ANGLE,O,4,3,NBL,NB,4,EVENT_DATA_RECORDER,1711293676966,2024/03/24 15:21:16.966,43.0000,261.8000,1711293681167,2024/03/24 15:21:21.167,CLEAR,DAYLIGHT,DRY,COMPLIANT_RED_ENTRY,NONE
CR00201,INT0072,AV,RIV,Midday,1753359947118,2025/07/24 12:25:47.118,ANGLE,B,3,6,WBT,WB,7,EVENT_DATA_RECORDER,1753359942403,2025/07/24 12:25:42.403,53.6000,331.1000,1753359946667,2025/07/24 12:25:46.667,CLEAR,DAYLIGHT,DRY,CONTROLLER_DEVIATION,YELLOW_TRUNCATED
CR00202,INT0120,KS,MLB,PM Peak,1714757940426,2024/05/03 17:39:00.426,ANGLE,O,2,1,WBL,WB,2,VIDEO_ANALYTICS,1714757935021,2024/05/03 17:38:55.021,41.6000,294.9000,1714757939766,2024/05/03 17:38:59.766,CLEAR,DAYLIGHT,DRY,COMPLIANT_RED_ENTRY,NONE
CR00203,INT0108,KS,STB,AM Peak,1762326983310,2025/11/05 07:16:23.310,LEFT_TURN,O,2,2,EBT,EB,1,EVENT_DATA_RECORDER,1762326977234,2025/11/05 07:16:17.234,66.6000,548.3000,1762326982935,2025/11/05 07:16:22.935,CLEAR,DAYLIGHT,DRY,LAWFUL_ENTRY,NONE
CR00204,INT0112,AV,CDF,PM Peak,1750353356685,2025/06/19 17:15:56.685,ANGLE,O,2,8,NBT,NB,5,EVENT_DATA_RECORDER,1750353350923,2025/06/19 17:15:50.923,31.3000,203.4000,1750353355413,2025/06/19 17:15:55.413,CLOUDY,DAYLIGHT,DRY,DETECTOR_FAULT,NONE
CR00205,INT0142,AV,HBP,Midday,1730806841344,2024/11/05 11:40:41.344,ANGLE,A,2,1,WBL,WB,2,VIDEO_ANALYTICS,1730806836094,2024/11/05 11:40:36.094,31.9000,210.4000,1730806840597,2024/11/05 11:40:40.597,RAIN,DAYLIGHT,WET,CONTROLLER_DEVIATION,YELLOW_TRUNCATED
CR00206,INT0048,AV,HBP,Weekend,1706445928608,2024/01/28 12:45:28.608,LEFT_TURN,C,2,8,NBT,NB,7,EVENT_DATA_RECORDER,1706445921597,2024/01/28 12:45:21.597,28.2000,230.7000,1706445927215,2024/01/28 12:45:27.215,RAIN,DAYLIGHT,WET,LAWFUL_ENTRY,NONE
CR00207,INT0081,KS,NGT,Midday,1725967168202,2024/09/10 11:19:28.202,ANGLE,O,4,5,EBL,EB,6,VIDEO_ANALYTICS,1725967161824,2024/09/10 11:19:21.824,56.3000,484.3000,1725967167754,2024/09/10 11:19:27.754,CLEAR,DAYLIGHT,DRY,COMPLIANT_RED_ENTRY,NONE
CR00208,INT0053,AV,RIV,AM Peak,1748853056448,2025/06/02 08:30:56.448,LEFT_TURN,C,2,1,WBL,WB,2,EVENT_DATA_RECORDER,1748853050334,2025/06/02 08:30:50.334,42.7000,356.5000,1748853055867,2025/06/02 08:30:55.867,RAIN,DAYLIGHT,WET,LAWFUL_ENTRY,NONE
CR00209,INT0140,AV,RIV,Weekend,1728135585478,2024/10/05 13:39:45.478,ANGLE,O,2,7,SBL,SB,8,VIDEO_ANALYTICS,1728135578577,2024/10/05 13:39:38.577,37.3000,316.3000,1728135584420,2024/10/05 13:39:44.420,CLOUDY,DAYLIGHT,DRY,COMPLIANT_RED_ENTRY,NONE
CR00210,INT0001,KS,NGT,Weekend,1713096894866,2024/04/14 12:14:54.866,ANGLE,O,2,8,NBT,NB,5,EVENT_DATA_RECORDER,1713096888347,2024/04/14 12:14:48.347,29.7000,215.0000,1713096893484,2024/04/14 12:14:53.484,CLEAR,DAYLIGHT,DRY,DETECTOR_FAULT,NONE
CR00211,INT0126,KS,NGT,Midday,1716380959441,2024/05/22 12:29:19.441,ANGLE,O,2,1,WBL,WB,2,EVENT_DATA_RECORDER,1716380954370,2024/05/22 12:29:14.370,33.0000,213.0000,1716380958699,2024/05/22 12:29:18.699,CLOUDY,DAYLIGHT,DRY,CONTROLLER_DEVIATION,YELLOW_TRUNCATED
CR00212,INT0116,KS,STB,Midday,1739791826127,2025/02/17 11:30:26.127,LEFT_TURN,C,2,8,NBT,NB,7,VIDEO_ANALYTICS,1739791819841,2025/02/17 11:30:19.841,31.1000,244.3000,1739791825141,2025/02/17 11:30:25.141,CLEAR,DAYLIGHT,DRY,LAWFUL_ENTRY,NONE
CR00213,INT0061,AV,RIV,PM Peak,1734367928363,2024/12/16 16:52:08.363,ANGLE,C,2,4,SBT,SB,1,CONNECTED_VEHICLE,1734367922842,2024/12/16 16:52:02.842,35.2000,220.3000,1734367927266,2024/12/16 16:52:07.266,CLEAR,DAYLIGHT,DRY,COMPLIANT_RED_ENTRY,NONE
CR00214,INT0024,KS,STB,PM Peak,1713545426666,2024/04/19 16:50:26.666,ANGLE,C,4,2,EBT,EB,3,EVENT_DATA_RECORDER,1713545420447,2024/04/19 16:50:20.447,42.3000,337.1000,1713545425922,2024/04/19 16:50:25.922,CLEAR,DAYLIGHT,DRY,COMPLIANT_RED_ENTRY,NONE
CR00215,INT0024,KS,STB,PM Peak,1749575811825,2025/06/10 17:16:51.825,ANGLE,O,2,1,WBL,WB,2,EVENT_DATA_RECORDER,1749575806097,2025/06/10 17:16:46.097,44.1000,326.2000,1749575811123,2025/06/10 17:16:51.123,CLEAR,DAYLIGHT,DRY,CONTROLLER_DEVIATION,RED_CLEARANCE_OMITTED
CR00216,INT0149,KS,MLB,AM Peak,1766047969036,2025/12/18 08:52:49.036,ANGLE,O,2,1,WBL,WB,2,CONNECTED_VEHICLE,1766047964080,2025/12/18 08:52:44.080,45.2000,279.8000,1766047968270,2025/12/18 08:52:48.270,RAIN,DAYLIGHT,WET,CONTROLLER_DEVIATION,YELLOW_TRUNCATED
CR00217,INT0137,AV,HBP,Weekend,1746276776906,2025/05/03 12:52:56.906,LEFT_TURN,C,2,4,SBT,SB,3,EVENT_DATA_RECORDER,1746276770941,2025/05/03 12:52:50.941,31.3000,229.2000,1746276775871,2025/05/03 12:52:55.871,CLOUDY,DAYLIGHT,DRY,LAWFUL_ENTRY,NONE
CR00218,INT0051,AV,RIV,PM Peak,1763742552806,2025/11/21 16:29:12.806,ANGLE,C,4,3,NBL,NB,4,VIDEO_ANALYTICS,1763742546412,2025/11/21 16:29:06.412,20.7000,147.0000,1763742550994,2025/11/21 16:29:10.994,RAIN,DAYLIGHT,WET,CONTROLLER_DEVIATION,YELLOW_TRUNCATED
CR00219,INT0015,KS,STB,PM Peak,1732897032588,2024/11/29 16:17:12.588,ANGLE,B,4,1,WBL,WB,2,CONNECTED_VEHICLE,1732897026693,2024/11/29 16:17:06.693,40.1000,300.1000,1732897031977,2024/11/29 16:17:11.977,FOG,DAYLIGHT,DRY,COMPLIANT_RED_ENTRY,NONE
CR00220,INT0070,KS,NGT,Weekend,1722691444567,2024/08/03 13:24:04.567,LEFT_TURN,B,2,8,NBT,NB,7,CONNECTED_VEHICLE,1722691437950,2024/08/03 13:23:57.950,30.1000,222.1000,1722691443129,2024/08/03 13:24:03.129,CLEAR,DAYLIGHT,DRY,LAWFUL_ENTRY,NONE
CR00221,INT0017,AV,HBP,PM Peak,1733329103213,2024/12/04 16:18:23.213,ANGLE,B,4,4,SBT,SB,1,CONNECTED_VEHICLE,1733329097493,2024/12/04 16:18:17.493,32.3000,210.2000,1733329102083,2024/12/04 16:18:22.083,CLEAR,DAYLIGHT,DRY,COMPLIANT_RED_ENTRY,NONE
CR00222,INT0105,KS,STB,PM Peak,1723570192210,2024/08/13 17:29:52.210,ANGLE,O,2,5,EBL,EB,6,EVENT_DATA_RECORDER,1723570186113,2024/08/13 17:29:46.113,44.2000,355.1000,1723570191503,2024/08/13 17:29:51.503,CLOUDY,DAYLIGHT,DRY,DESIGN_DEFICIENT,NONE
CR00223,INT0055,AV,HBP,Weekend,1725119193171,2024/08/31 15:46:33.171,LEFT_TURN,O,2,5,EBL,EB,6,CONNECTED_VEHICLE,1725119186742,2024/08/31 15:46:26.742,53.8000,466.8000,1725119192692,2024/08/31 15:46:32.692,CLOUDY,DAYLIGHT,DRY,LAWFUL_ENTRY,NONE
CR00224,INT0037,AV,CDF,Weekend,1728745954381,2024/10/12 15:12:34.381,ANGLE,O,3,7,SBL,SB,8,EVENT_DATA_RECORDER,1728745948401,2024/10/12 15:12:28.401,35.4000,240.9000,1728745953021,2024/10/12 15:12:33.021,CLEAR,DAYLIGHT,DRY,COMPLIANT_RED_ENTRY,NONE
CR00225,INT0065,AV,RIV,Weekend,1731846750009,2024/11/17 12:32:30.009,ANGLE,O,3,6,WBT,WB,7,VIDEO_ANALYTICS,1731846743752,2024/11/17 12:32:23.752,39.6000,322.3000,1731846749231,2024/11/17 12:32:29.231,CLEAR,DAYLIGHT,DRY,CONTROLLER_DEVIATION,RED_CLEARANCE_OMITTED
CR00226,INT0071,AV,RIV,Midday,1761910513250,2025/10/31 11:35:13.250,ANGLE,O,2,2,EBT,EB,3,VIDEO_ANALYTICS,1761910507684,2025/10/31 11:35:07.684,41.6000,305.2000,1761910512619,2025/10/31 11:35:12.619,CLEAR,DAYLIGHT,DRY,COMPLIANT_RED_ENTRY,NONE
CR00227,INT0160,AV,CDF,AM Peak,1726819914866,2024/09/20 08:11:54.866,ANGLE,B,2,5,EBL,EB,6,EVENT_DATA_RECORDER,1726819909874,2024/09/20 08:11:49.874,53.2000,340.6000,1726819914224,2024/09/20 08:11:54.224,CLEAR,DAYLIGHT,DRY,CONTROLLER_DEVIATION,RED_CLEARANCE_OMITTED
CR00228,INT0055,AV,HBP,AM Peak,1718613861020,2024/06/17 08:44:21.020,ANGLE,B,3,7,SBL,SB,8,EVENT_DATA_RECORDER,1718613854415,2024/06/17 08:44:14.415,43.8000,383.0000,1718613860319,2024/06/17 08:44:20.319,CLOUDY,DAYLIGHT,DRY,COMPLIANT_RED_ENTRY,NONE
CR00229,INT0108,KS,STB,PM Peak,1707928035741,2024/02/14 16:27:15.741,LEFT_TURN,C,2,6,WBT,WB,5,EVENT_DATA_RECORDER,1707928029828,2024/02/14 16:27:09.828,55.1000,439.2000,1707928035258,2024/02/14 16:27:15.258,RAIN,DAYLIGHT,WET,LAWFUL_ENTRY,NONE
CR00230,INT0005,KS,NGT,Midday,1720610681859,2024/07/10 11:24:41.859,ANGLE,B,2,3,NBL,NB,4,CONNECTED_VEHICLE,1720610675931,2024/07/10 11:24:35.931,26.2000,171.3000,1720610680500,2024/07/10 11:24:40.500,CLEAR,DAYLIGHT,DRY,CONTROLLER_DEVIATION,RED_CLEARANCE_OMITTED
CR00231,INT0038,KS,NGT,AM Peak,1744188275173,2025/04/09 08:44:35.173,ANGLE,O,3,8,NBT,NB,5,EVENT_DATA_RECORDER,1744188269515,2025/04/09 08:44:29.515,33.8000,210.5000,1744188273746,2025/04/09 08:44:33.746,RAIN,DAYLIGHT,WET,DETECTOR_FAULT,NONE
CR00232,INT0047,AV,RIV,AM Peak,1753951174190,2025/07/31 08:39:34.190,ANGLE,B,2,1,WBL,WB,2,CONNECTED_VEHICLE,1753951168907,2025/07/31 08:39:28.907,53.8000,373.2000,1753951173670,2025/07/31 08:39:33.670,CLOUDY,DAYLIGHT,DRY,COMPLIANT_RED_ENTRY,NONE
CR00233,INT0067,AV,RIV,AM Peak,1750317809173,2025/06/19 07:23:29.173,ANGLE,B,4,3,NBL,NB,4,EVENT_DATA_RECORDER,1750317803770,2025/06/19 07:23:23.770,35.3000,215.9000,1750317807883,2025/06/19 07:23:27.883,CLOUDY,DAYLIGHT,DRY,CONTROLLER_DEVIATION,RED_CLEARANCE_OMITTED
CR00234,INT0092,KS,MLB,PM Peak,1756231004219,2025/08/26 17:56:44.219,ANGLE,K,2,1,WBL,WB,2,CONNECTED_VEHICLE,1756230999314,2025/08/26 17:56:39.314,35.8000,226.1000,1756231003544,2025/08/26 17:56:43.544,RAIN,DAYLIGHT,WET,DESIGN_DEFICIENT,NONE
CR00235,INT0154,AV,RIV,PM Peak,1754415007247,2025/08/05 17:30:07.247,ANGLE,A,4,5,EBL,EB,6,CONNECTED_VEHICLE,1754415002586,2025/08/05 17:30:02.586,42.5000,248.9000,1754415006647,2025/08/05 17:30:06.647,CLEAR,DAYLIGHT,WET,CONTROLLER_DEVIATION,RED_CLEARANCE_OMITTED
CR00236,INT0123,AV,CDF,Weekend,1723977173181,2024/08/18 10:32:53.181,ANGLE,O,2,6,WBT,WB,7,EVENT_DATA_RECORDER,1723977167993,2024/08/18 10:32:47.993,41.9000,266.7000,1723977172348,2024/08/18 10:32:52.348,CLOUDY,DAYLIGHT,DRY,DESIGN_DEFICIENT,NONE
CR00237,INT0165,AV,CDF,PM Peak,1708359865089,2024/02/19 16:24:25.089,LEFT_TURN,B,4,2,EBT,EB,1,CONNECTED_VEHICLE,1708359860088,2024/02/19 16:24:20.088,58.0000,364.3000,1708359864482,2024/02/19 16:24:24.482,CLEAR,DAYLIGHT,DRY,LAWFUL_ENTRY,NONE
CR00238,INT0138,AV,HBP,Midday,1721909911831,2024/07/25 12:18:31.831,ANGLE,O,2,3,NBL,NB,4,EVENT_DATA_RECORDER,1721909906476,2024/07/25 12:18:26.476,29.8000,183.8000,1721909910888,2024/07/25 12:18:30.888,CLEAR,DAYLIGHT,DRY,CONTROLLER_DEVIATION,RED_CLEARANCE_OMITTED
CR00239,INT0017,AV,HBP,Weekend,1713707683295,2024/04/21 13:54:43.295,ANGLE,C,2,8,NBT,NB,5,CONNECTED_VEHICLE,1713707676498,2024/04/21 13:54:36.498,36.2000,315.5000,1713707682328,2024/04/21 13:54:42.328,FOG,DAYLIGHT,DRY,DESIGN_DEFICIENT,NONE
CR00240,INT0137,AV,HBP,Midday,1726229859146,2024/09/13 12:17:39.146,LEFT_TURN,C,2,6,WBT,WB,5,VIDEO_ANALYTICS,1726229854153,2024/09/13 12:17:34.153,60.3000,391.3000,1726229858637,2024/09/13 12:17:38.637,CLEAR,DAYLIGHT,DRY,LAWFUL_ENTRY,NONE
CR00241,INT0001,KS,NGT,Weekend,1709381570158,2024/03/02 12:12:50.158,LEFT_TURN,B,2,8,NBT,NB,7,EVENT_DATA_RECORDER,1709381563397,2024/03/02 12:12:43.397,29.2000,229.1000,1709381568761,2024/03/02 12:12:48.761,CLEAR,DAYLIGHT,DRY,LAWFUL_ENTRY,NONE
CR00242,INT0019,AV,RIV,PM Peak,1738342529453,2025/01/31 16:55:29.453,ANGLE,C,2,8,NBT,NB,5,EVENT_DATA_RECORDER,1738342523248,2025/01/31 16:55:23.248,33.4000,242.4000,1738342528210,2025/01/31 16:55:28.210,RAIN,DAYLIGHT,WET,COMPLIANT_RED_ENTRY,NONE
CR00243,INT0008,AV,RIV,Weekend,1729950432746,2024/10/26 13:47:12.746,ANGLE,O,2,7,SBL,SB,8,EVENT_DATA_RECORDER,1729950426983,2024/10/26 13:47:06.983,35.8000,236.4000,1729950431463,2024/10/26 13:47:11.463,CLOUDY,DAYLIGHT,DRY,CONTROLLER_DEVIATION,RED_CLEARANCE_OMITTED
CR00244,INT0144,KS,MLB,Weekend,1723907631470,2024/08/17 15:13:51.470,ANGLE,C,2,1,WBL,WB,2,EVENT_DATA_RECORDER,1723907626703,2024/08/17 15:13:46.703,47.0000,285.1000,1723907630921,2024/08/17 15:13:50.921,CLEAR,DAYLIGHT,WET,DESIGN_DEFICIENT,NONE
CR00245,INT0163,AV,HBP,Weekend,1766932742882,2025/12/28 14:39:02.882,LEFT_TURN,A,4,4,SBT,SB,3,VIDEO_ANALYTICS,1766932735915,2025/12/28 14:38:55.915,38.6000,322.7000,1766932741653,2025/12/28 14:39:01.653,CLEAR,DAYLIGHT,DRY,LAWFUL_ENTRY,NONE
CR00246,INT0088,AV,CDF,Midday,1743684718435,2025/04/03 12:51:58.435,ANGLE,C,2,6,WBT,WB,7,EVENT_DATA_RECORDER,1743684712880,2025/04/03 12:51:52.880,52.6000,386.9000,1743684717905,2025/04/03 12:51:57.905,CLEAR,DAYLIGHT,DRY,CONTROLLER_DEVIATION,YELLOW_TRUNCATED
CR00247,INT0169,KS,STB,Midday,1765889126793,2025/12/16 12:45:26.793,ANGLE,B,2,5,EBL,EB,6,VIDEO_ANALYTICS,1765889121533,2025/12/16 12:45:21.533,40.5000,271.6000,1765889126116,2025/12/16 12:45:26.116,RAIN,DAYLIGHT,WET,COMPLIANT_RED_ENTRY,NONE
CR00248,INT0129,AV,HBP,AM Peak,1718351305886,2024/06/14 07:48:25.886,ANGLE,O,2,1,WBL,WB,2,EVENT_DATA_RECORDER,1718351299584,2024/06/14 07:48:19.584,42.2000,344.4000,1718351305271,2024/06/14 07:48:25.271,CLEAR,DAYLIGHT,DRY,DESIGN_DEFICIENT,NONE
CR00249,INT0117,AV,HBP,Midday,1708341726182,2024/02/19 11:22:06.182,ANGLE,C,2,4,SBT,SB,1,EVENT_DATA_RECORDER,1708341719402,2024/02/19 11:21:59.402,35.2000,275.1000,1708341724881,2024/02/19 11:22:04.881,CLEAR,DAYLIGHT,DRY,COMPLIANT_RED_ENTRY,NONE
CR00250,INT0160,AV,CDF,Midday,1756122745080,2025/08/25 11:52:25.080,ANGLE,C,2,2,EBT,EB,3,VIDEO_ANALYTICS,1756122738930,2025/08/25 11:52:18.930,55.0000,442.8000,1756122744437,2025/08/25 11:52:24.437,CLEAR,DAYLIGHT,DRY,COMPLIANT_RED_ENTRY,NONE
CR00251,INT0104,KS,STB,PM Peak,1725553818630,2024/09/05 16:30:18.630,ANGLE,O,2,5,EBL,EB,6,EVENT_DATA_RECORDER,1725553812213,2024/09/05 16:30:12.213,47.3000,408.9000,1725553818143,2024/09/05 16:30:18.143,CLOUDY,DAYLIGHT,DRY,DESIGN_DEFICIENT,NONE
CR00252,INT0033,KS,STB,AM Peak,1744183068607,2025/04/09 07:17:48.607,LEFT_TURN,O,2,7,SBL,SB,8,VIDEO_ANALYTICS,1744183062335,2025/04/09 07:17:42.335,36.2000,287.9000,1744183067838,2025/04/09 07:17:47.838,CLEAR,DAYLIGHT,DRY,LAWFUL_ENTRY,NONE
CR00253,INT0167,KS,MLB,PM Peak,1745857250184,2025/04/28 16:20:50.184,ANGLE,O,2,5,EBL,EB,6,CONNECTED_VEHICLE,1745857244093,2025/04/28 16:20:44.093,42.0000,336.2000,1745857249547,2025/04/28 16:20:49.547,CLEAR,DAYLIGHT,DRY,DESIGN_DEFICIENT,NONE
CR00254,INT0136,AV,HBP,AM Peak,1740987276630,2025/03/03 07:34:36.630,ANGLE,C,2,5,EBL,EB,6,CONNECTED_VEHICLE,1740987270376,2025/03/03 07:34:30.376,36.8000,290.2000,1740987275761,2025/03/03 07:34:35.761,CLEAR,DAYLIGHT,DRY,COMPLIANT_RED_ENTRY,NONE
CR00255,INT0139,AV,HBP,AM Peak,1723622977236,2024/08/14 08:09:37.236,ANGLE,O,2,5,EBL,EB,6,CONNECTED_VEHICLE,1723622971368,2024/08/14 08:09:31.368,50.0000,390.4000,1723622976696,2024/08/14 08:09:36.696,FOG,DAYLIGHT,DRY,COMPLIANT_RED_ENTRY,NONE
CR00256,INT0030,AV,RIV,PM Peak,1728409874090,2024/10/08 17:51:14.090,ANGLE,B,4,6,WBT,WB,7,EVENT_DATA_RECORDER,1728409867866,2024/10/08 17:51:07.866,39.9000,326.7000,1728409873425,2024/10/08 17:51:13.425,CLEAR,DAYLIGHT,DRY,DETECTOR_FAULT,NONE
CR00257,INT0088,AV,CDF,Weekend,1719060003241,2024/06/22 12:40:03.241,ANGLE,C,3,4,SBT,SB,1,VIDEO_ANALYTICS,1719059996144,2024/06/22 12:39:56.144,32.6000,270.1000,1719060001948,2024/06/22 12:40:01.948,CLEAR,DAYLIGHT,DRY,COMPLIANT_RED_ENTRY,NONE
CR00258,INT0100,AV,RIV,PM Peak,1738342058595,2025/01/31 16:47:38.595,ANGLE,B,2,1,WBL,WB,2,CONNECTED_VEHICLE,1738342053362,2025/01/31 16:47:33.362,37.1000,235.4000,1738342057821,2025/01/31 16:47:37.821,RAIN,DAYLIGHT,WET,COMPLIANT_RED_ENTRY,NONE
CR00259,INT0089,AV,RIV,Midday,1761137309649,2025/10/22 12:48:29.649,ANGLE,A,2,2,EBT,EB,3,EVENT_DATA_RECORDER,1761137304934,2025/10/22 12:48:24.934,37.0000,222.5000,1761137309026,2025/10/22 12:48:29.026,RAIN,DAYLIGHT,WET,DETECTOR_FAULT,NONE
CR00260,INT0080,AV,HBP,Midday,1739449610043,2025/02/13 12:26:50.043,ANGLE,B,4,4,SBT,SB,1,VIDEO_ANALYTICS,1739449604605,2025/02/13 12:26:44.605,37.6000,250.3000,1739449609038,2025/02/13 12:26:49.038,CLEAR,DAYLIGHT,DRY,COMPLIANT_RED_ENTRY,NONE
CR00261,INT0015,KS,STB,PM Peak,1740157876280,2025/02/21 17:11:16.280,ANGLE,C,3,1,WBL,WB,2,EVENT_DATA_RECORDER,1740157870638,2025/02/21 17:11:10.638,40.7000,301.0000,1740157875722,2025/02/21 17:11:15.722,FOG,DAYLIGHT,DRY,COMPLIANT_RED_ENTRY,NONE
CR00262,INT0116,KS,STB,Weekend,1717859623099,2024/06/08 15:13:43.099,ANGLE,C,3,8,NBT,NB,5,VIDEO_ANALYTICS,1717859617202,2024/06/08 15:13:37.202,29.8000,218.4000,1717859622085,2024/06/08 15:13:42.085,RAIN,DAYLIGHT,WET,DETECTOR_FAULT,NONE
CR00263,INT0002,KS,MLB,Midday,1734610459968,2024/12/19 12:14:19.968,ANGLE,A,2,4,SBT,SB,1,EVENT_DATA_RECORDER,1734610453719,2024/12/19 12:14:13.719,39.2000,314.1000,1734610459151,2024/12/19 12:14:19.151,CLOUDY,DAYLIGHT,DRY,COMPLIANT_RED_ENTRY,NONE
CR00264,INT0148,AV,RIV,AM Peak,1751874482196,2025/07/07 07:48:02.196,ANGLE,O,4,2,EBT,EB,3,EVENT_DATA_RECORDER,1751874477401,2025/07/07 07:47:57.401,50.1000,310.9000,1751874481692,2025/07/07 07:48:01.692,CLOUDY,DAYLIGHT,DRY,CONTROLLER_DEVIATION,RED_CLEARANCE_OMITTED
CR00265,INT0126,KS,NGT,Midday,1709037713734,2024/02/27 12:41:53.734,ANGLE,C,2,5,EBL,EB,6,EVENT_DATA_RECORDER,1709037708525,2024/02/27 12:41:48.525,39.0000,258.2000,1709037713117,2024/02/27 12:41:53.117,CLOUDY,DAYLIGHT,DRY,CONTROLLER_DEVIATION,YELLOW_TRUNCATED
CR00266,INT0062,KS,NGT,Midday,1743511078618,2025/04/01 12:37:58.618,LEFT_TURN,O,2,3,NBL,NB,4,EVENT_DATA_RECORDER,1743511072924,2025/04/01 12:37:52.924,29.8000,189.7000,1743511077316,2025/04/01 12:37:57.316,CLEAR,DAYLIGHT,DRY,LAWFUL_ENTRY,NONE
CR00267,INT0061,AV,RIV,Weekend,1735396950795,2024/12/28 14:42:30.795,ANGLE,O,2,4,SBT,SB,1,VIDEO_ANALYTICS,1735396943529,2024/12/28 14:42:23.529,29.4000,267.2000,1735396949516,2024/12/28 14:42:29.516,CLOUDY,DAYLIGHT,DRY,COMPLIANT_RED_ENTRY,NONE
CR00268,INT0018,AV,CDF,PM Peak,1720714618320,2024/07/11 16:16:58.320,ANGLE,C,2,6,WBT,WB,7,EVENT_DATA_RECORDER,1720714611886,2024/07/11 16:16:51.886,62.0000,544.3000,1720714617885,2024/07/11 16:16:57.885,CLOUDY,DAYLIGHT,DRY,DESIGN_DEFICIENT,NONE
CR00269,INT0130,AV,CDF,Midday,1761050911848,2025/10/21 12:48:31.848,ANGLE,C,3,1,WBL,WB,2,VIDEO_ANALYTICS,1761050906436,2025/10/21 12:48:26.436,35.5000,250.4000,1761050911209,2025/10/21 12:48:31.209,CLEAR,DAYLIGHT,WET,DESIGN_DEFICIENT,NONE
CR00270,INT0165,AV,CDF,AM Peak,1742804452353,2025/03/24 08:20:52.353,ANGLE,O,4,5,EBL,EB,6,CONNECTED_VEHICLE,1742804447305,2025/03/24 08:20:47.305,49.3000,321.2000,1742804451646,2025/03/24 08:20:51.646,CLOUDY,DAYLIGHT,DRY,CONTROLLER_DEVIATION,YELLOW_TRUNCATED
CR00271,INT0116,KS,STB,Midday,1724847022733,2024/08/28 12:10:22.733,ANGLE,C,3,5,EBL,EB,6,EVENT_DATA_RECORDER,1724847017425,2024/08/28 12:10:17.425,48.1000,316.6000,1724847022017,2024/08/28 12:10:22.017,CLEAR,DAYLIGHT,DRY,COMPLIANT_RED_ENTRY,NONE
CR00272,INT0052,KS,MLB,Midday,1758631162187,2025/09/23 12:39:22.187,ANGLE,O,2,6,WBT,WB,7,CONNECTED_VEHICLE,1758631155762,2025/09/23 12:39:15.762,48.6000,400.8000,1758631161493,2025/09/23 12:39:21.493,CLEAR,DAYLIGHT,DRY,DETECTOR_FAULT,NONE
CR00273,INT0013,KS,NGT,AM Peak,1730796318597,2024/11/05 08:45:18.597,LEFT_TURN,O,2,5,EBL,EB,6,CONNECTED_VEHICLE,1730796312223,2024/11/05 08:45:12.223,60.4000,541.1000,1730796318243,2024/11/05 08:45:18.243,CLOUDY,DAYLIGHT,DRY,LAWFUL_ENTRY,NONE
CR00274,INT0111,AV,HBP,PM Peak,1709142438214,2024/02/28 17:47:18.214,ANGLE,A,3,5,EBL,EB,6,EVENT_DATA_RECORDER,1709142432490,2024/02/28 17:47:12.490,41.5000,305.8000,1709142437598,2024/02/28 17:47:17.598,CLEAR,DAYLIGHT,DRY,DESIGN_DEFICIENT,NONE
CR00275,INT0152,KS,NGT,Midday,1752237212365,2025/07/11 12:33:32.365,ANGLE,O,4,4,SBT,SB,1,EVENT_DATA_RECORDER,1752237207318,2025/07/11 12:33:27.318,45.8000,285.6000,1752237211545,2025/07/11 12:33:31.545,RAIN,DAYLIGHT,WET,DESIGN_DEFICIENT,NONE
CR00276,INT0126,KS,NGT,AM Peak,1763623117818,2025/11/20 07:18:37.818,ANGLE,B,2,2,EBT,EB,3,EVENT_DATA_RECORDER,1763623111853,2025/11/20 07:18:31.853,43.0000,347.8000,1763623117284,2025/11/20 07:18:37.284,RAIN,DAYLIGHT,WET,COMPLIANT_RED_ENTRY,NONE
CR00277,INT0107,KS,MLB,PM Peak,1730741684225,2024/11/04 17:34:44.225,ANGLE,B,4,4,SBT,SB,1,EVENT_DATA_RECORDER,1730741676948,2024/11/04 17:34:36.948,26.6000,209.7000,1730741682485,2024/11/04 17:34:42.485,CLEAR,DAYLIGHT,DRY,DETECTOR_FAULT,NONE
CR00278,INT0008,AV,RIV,AM Peak,1718612979596,2024/06/17 08:29:39.596,ANGLE,O,3,7,SBL,SB,8,VIDEO_ANALYTICS,1718612974047,2024/06/17 08:29:34.047,31.2000,191.2000,1718612978117,2024/06/17 08:29:38.117,CLEAR,DAYLIGHT,DRY,COMPLIANT_RED_ENTRY,NONE
CR00279,INT0002,KS,MLB,AM Peak,1733127926360,2024/12/02 08:25:26.360,ANGLE,C,2,8,NBT,NB,5,EVENT_DATA_RECORDER,1733127920541,2024/12/02 08:25:20.541,48.0000,354.2000,1733127925670,2024/12/02 08:25:25.670,CLOUDY,DAYLIGHT,DRY,COMPLIANT_RED_ENTRY,NONE
CR00280,INT0044,AV,HBP,AM Peak,1723621399720,2024/08/14 07:43:19.720,ANGLE,O,4,4,SBT,SB,1,CONNECTED_VEHICLE,1723621393420,2024/08/14 07:43:13.420,40.4000,331.9000,1723621399082,2024/08/14 07:43:19.082,RAIN,DAYLIGHT,WET,COMPLIANT_RED_ENTRY,NONE
CR00281,INT0153,AV,CDF,AM Peak,1759133678693,2025/09/29 08:14:38.693,ANGLE,B,3,5,EBL,EB,6,EVENT_DATA_RECORDER,1759133673590,2025/09/29 08:14:33.590,45.0000,282.1000,1759133677911,2025/09/29 08:14:37.911,CLEAR,DAYLIGHT,DRY,DESIGN_DEFICIENT,NONE
CR00282,INT0022,AV,CDF,AM Peak,1710924105399,2024/03/20 08:41:45.399,ANGLE,C,2,7,SBL,SB,8,EVENT_DATA_RECORDER,1710924099700,2024/03/20 08:41:39.700,35.9000,221.6000,1710924104027,2024/03/20 08:41:44.027,CLOUDY,DAYLIGHT,DRY,COMPLIANT_RED_ENTRY,NONE
CR00283,INT0093,KS,NGT,Midday,1765797888458,2025/12/15 11:24:48.458,ANGLE,A,3,2,EBT,EB,3,VIDEO_ANALYTICS,1765797882055,2025/12/15 11:24:42.055,45.8000,393.1000,1765797887914,2025/12/15 11:24:47.914,CLEAR,DAYLIGHT,DRY,DETECTOR_FAULT,NONE
CR00284,INT0062,KS,NGT,PM Peak,1760376732761,2025/10/13 17:32:12.761,ANGLE,K,2,3,NBL,NB,4,VIDEO_ANALYTICS,1760376727020,2025/10/13 17:32:07.020,36.0000,244.6000,1760376731655,2025/10/13 17:32:11.655,CLEAR,DAYLIGHT,DRY,COMPLIANT_RED_ENTRY,NONE
CR00285,INT0045,KS,STB,Midday,1708516120044,2024/02/21 11:48:40.044,ANGLE,B,4,7,SBL,SB,8,EVENT_DATA_RECORDER,1708516114672,2024/02/21 11:48:34.672,33.4000,204.8000,1708516118804,2024/02/21 11:48:38.804,CLEAR,DAYLIGHT,DRY,COMPLIANT_RED_ENTRY,NONE
CR00286,INT0100,AV,RIV,Weekend,1722078704513,2024/07/27 11:11:44.513,ANGLE,C,2,2,EBT,EB,3,EVENT_DATA_RECORDER,1722078699384,2024/07/27 11:11:39.384,37.6000,234.5000,1722078703771,2024/07/27 11:11:43.771,CLEAR,DAYLIGHT,DRY,CONTROLLER_DEVIATION,YELLOW_TRUNCATED
CR00287,INT0088,AV,CDF,PM Peak,1709054336403,2024/02/27 17:18:56.403,ANGLE,C,2,4,SBT,SB,1,EVENT_DATA_RECORDER,1709054329745,2024/02/27 17:18:49.745,34.5000,279.3000,1709054335255,2024/02/27 17:18:55.255,CLEAR,DAYLIGHT,DRY,COMPLIANT_RED_ENTRY,NONE
CR00288,INT0079,AV,CDF,Weekend,1762082192416,2025/11/02 11:16:32.416,LEFT_TURN,O,2,7,SBL,SB,8,VIDEO_ANALYTICS,1762082187028,2025/11/02 11:16:27.028,26.7000,167.1000,1762082191137,2025/11/02 11:16:31.137,CLOUDY,DAYLIGHT,DRY,LAWFUL_ENTRY,NONE
CR00289,INT0094,KS,MLB,Weekend,1725808391979,2024/09/08 15:13:11.979,LEFT_TURN,C,2,2,EBT,EB,1,EVENT_DATA_RECORDER,1725808387212,2024/09/08 15:13:07.212,44.3000,268.3000,1725808391373,2024/09/08 15:13:11.373,CLEAR,DAYLIGHT,DRY,LAWFUL_ENTRY,NONE
CR00290,INT0078,KS,NGT,Weekend,1705751327730,2024/01/20 11:48:47.730,LEFT_TURN,A,2,4,SBT,SB,3,CONNECTED_VEHICLE,1705751322594,2024/01/20 11:48:42.594,33.9000,208.1000,1705751326866,2024/01/20 11:48:46.866,CLEAR,DAYLIGHT,DRY,LAWFUL_ENTRY,NONE
CR00291,INT0137,AV,HBP,Weekend,1711190557096,2024/03/23 10:42:37.096,ANGLE,C,3,4,SBT,SB,1,VIDEO_ANALYTICS,1711190551137,2024/03/23 10:42:31.137,40.8000,300.3000,1711190556265,2024/03/23 10:42:36.265,CLEAR,DAYLIGHT,DRY,COMPLIANT_RED_ENTRY,NONE
CR00292,INT0115,AV,CDF,Midday,1734521919654,2024/12/18 11:38:39.654,ANGLE,C,3,5,EBL,EB,6,EVENT_DATA_RECORDER,1734521913555,2024/12/18 11:38:33.555,45.8000,360.4000,1734521918944,2024/12/18 11:38:38.944,CLEAR,DAYLIGHT,DRY,DESIGN_DEFICIENT,NONE
CR00293,INT0144,KS,MLB,Weekend,1716647807230,2024/05/25 14:36:47.230,ANGLE,C,4,1,WBL,WB,2,VIDEO_ANALYTICS,1716647800834,2024/05/25 14:36:40.834,47.3000,407.5000,1716647806720,2024/05/25 14:36:46.720,CLOUDY,DAYLIGHT,DRY,DESIGN_DEFICIENT,NONE
CR00294,INT0015,KS,STB,Midday,1751631272751,2025/07/04 12:14:32.751,ANGLE,B,2,7,SBL,SB,8,EVENT_DATA_RECORDER,1751631265943,2025/07/04 12:14:25.943,29.3000,237.1000,1751631271626,2025/07/04 12:14:31.626,CLEAR,DAYLIGHT,DRY,CONTROLLER_DEVIATION,RED_CLEARANCE_OMITTED
CR00295,INT0045,KS,STB,Midday,1735903252113,2025/01/03 11:20:52.113,ANGLE,C,3,8,NBT,NB,5,EVENT_DATA_RECORDER,1735903245783,2025/01/03 11:20:45.783,28.2000,204.5000,1735903250631,2025/01/03 11:20:50.631,RAIN,DAYLIGHT,WET,COMPLIANT_RED_ENTRY,NONE
CR00296,INT0169,KS,STB,Midday,1718882497604,2024/06/20 11:21:37.604,ANGLE,C,4,5,EBL,EB,6,CONNECTED_VEHICLE,1718882492503,2024/06/20 11:21:32.503,45.9000,297.0000,1718882497024,2024/06/20 11:21:37.024,CLEAR,DAYLIGHT,WET,COMPLIANT_RED_ENTRY,NONE
CR00297,INT0148,AV,RIV,Weekend,1766929372673,2025/12/28 13:42:52.673,LEFT_TURN,B,2,1,WBL,WB,2,EVENT_DATA_RECORDER,1766929366209,2025/12/28 13:42:46.209,56.6000,501.5000,1766929372233,2025/12/28 13:42:52.233,CLEAR,DAYLIGHT,WET,LAWFUL_ENTRY,NONE
CR00298,INT0026,KS,STB,Midday,1727180881071,2024/09/24 12:28:01.071,ANGLE,O,2,4,SBT,SB,1,EVENT_DATA_RECORDER,1727180874748,2024/09/24 12:27:54.748,34.8000,248.8000,1727180879667,2024/09/24 12:27:59.667,CLEAR,DAYLIGHT,DRY,COMPLIANT_RED_ENTRY,NONE
CR00299,INT0027,AV,CDF,Midday,1760702969161,2025/10/17 12:09:29.161,LEFT_TURN,O,2,6,WBT,WB,5,EVENT_DATA_RECORDER,1760702962608,2025/10/17 12:09:22.608,42.2000,356.9000,1760702968595,2025/10/17 12:09:28.595,CLOUDY,DAYLIGHT,DRY,LAWFUL_ENTRY,NONE
CR00300,INT0137,AV,HBP,AM Peak,1746000935176,2025/04/30 08:15:35.176,ANGLE,A,2,2,EBT,EB,3,EVENT_DATA_RECORDER,1746000929230,2025/04/30 08:15:29.230,58.8000,462.4000,1746000934641,2025/04/30 08:15:34.641,CLEAR,DAYLIGHT,DRY,COMPLIANT_RED_ENTRY,NONE
CR00301,INT0091,AV,CDF,Weekend,1720355964778,2024/07/07 12:39:24.778,ANGLE,C,4,1,WBL,WB,2,VIDEO_ANALYTICS,1720355958566,2024/07/07 12:39:18.566,40.9000,330.8000,1720355964230,2024/07/07 12:39:24.230,CLOUDY,DAYLIGHT,DRY,CONTROLLER_DEVIATION,YELLOW_TRUNCATED
CR00302,INT0093,KS,NGT,Weekend,1705243472350,2024/01/14 14:44:32.350,ANGLE,O,2,3,NBL,NB,4,EVENT_DATA_RECORDER,1705243466975,2024/01/14 14:44:26.975,32.3000,205.8000,1705243471426,2024/01/14 14:44:31.426,CLEAR,DAYLIGHT,DRY,CONTROLLER_DEVIATION,RED_CLEARANCE_OMITTED
CR00303,INT0131,AV,CDF,Weekend,1749299395981,2025/06/07 12:29:55.981,LEFT_TURN,O,3,8,NBT,NB,7,EVENT_DATA_RECORDER,1749299390509,2025/06/07 12:29:50.509,38.6000,235.5000,1749299394797,2025/06/07 12:29:54.797,CLEAR,DAYLIGHT,DRY,LAWFUL_ENTRY,NONE
CR00304,INT0110,KS,STB,Weekend,1705749350738,2024/01/20 11:15:50.738,LEFT_TURN,O,2,7,SBL,SB,8,EVENT_DATA_RECORDER,1705749343799,2024/01/20 11:15:43.799,19.9000,146.3000,1705749348691,2024/01/20 11:15:48.691,CLOUDY,DAYLIGHT,DRY,LAWFUL_ENTRY,NONE
CR00305,INT0157,AV,HBP,Weekend,1711809173969,2024/03/30 14:32:53.969,ANGLE,O,3,6,WBT,WB,7,EVENT_DATA_RECORDER,1711809168320,2024/03/30 14:32:48.320,34.7000,234.5000,1711809172967,2024/03/30 14:32:52.967,CLEAR,DAYLIGHT,DRY,COMPLIANT_RED_ENTRY,NONE
CR00306,INT0018,AV,CDF,PM Peak,1719424134613,2024/06/26 17:48:54.613,LEFT_TURN,O,2,8,NBT,NB,7,CONNECTED_VEHICLE,1719424129172,2024/06/26 17:48:49.172,31.7000,196.6000,1719424133384,2024/06/26 17:48:53.384,CLEAR,DAYLIGHT,DRY,LAWFUL_ENTRY,NONE
CR00307,INT0051,AV,RIV,Weekend,1710069469259,2024/03/10 11:17:49.259,ANGLE,O,2,4,SBT,SB,1,EVENT_DATA_RECORDER,1710069463220,2024/03/10 11:17:43.220,26.6000,181.3000,1710069467770,2024/03/10 11:17:47.770,CLEAR,DAYLIGHT,DRY,DETECTOR_FAULT,NONE
CR00308,INT0155,AV,RIV,PM Peak,1732124644146,2024/11/20 17:44:04.146,ANGLE,C,2,3,NBL,NB,4,EVENT_DATA_RECORDER,1732124638812,2024/11/20 17:43:58.812,38.7000,237.7000,1732124642992,2024/11/20 17:44:02.992,RAIN,DAYLIGHT,WET,COMPLIANT_RED_ENTRY,NONE
CR00309,INT0085,AV,HBP,Midday,1751978868965,2025/07/08 12:47:48.965,ANGLE,A,4,5,EBL,EB,6,EVENT_DATA_RECORDER,1751978862385,2025/07/08 12:47:42.385,46.1000,397.9000,1751978868303,2025/07/08 12:47:48.303,CLOUDY,DAYLIGHT,DRY,CONTROLLER_DEVIATION,YELLOW_TRUNCATED
CR00310,INT0098,AV,RIV,AM Peak,1743578836195,2025/04/02 07:27:16.195,ANGLE,C,2,8,NBT,NB,5,EVENT_DATA_RECORDER,1743578830694,2025/04/02 07:27:10.694,45.0000,297.4000,1743578835254,2025/04/02 07:27:15.254,RAIN,DAYLIGHT,WET,DETECTOR_FAULT,NONE
CR00311,INT0163,AV,HBP,Weekend,1719150941232,2024/06/23 13:55:41.232,ANGLE,O,2,8,NBT,NB,5,EVENT_DATA_RECORDER,1719150934587,2024/06/23 13:55:34.587,37.2000,297.9000,1719150939991,2024/06/23 13:55:39.991,RAIN,DAYLIGHT,WET,DESIGN_DEFICIENT,NONE
CR00312,INT0004,AV,HBP,AM Peak,1756452648757,2025/08/29 07:30:48.757,ANGLE,O,3,4,SBT,SB,1,EVENT_DATA_RECORDER,1756452641970,2025/08/29 07:30:41.970,42.2000,354.3000,1756452647707,2025/08/29 07:30:47.707,FOG,DAYLIGHT,DRY,DESIGN_DEFICIENT,NONE
CR00313,INT0013,KS,NGT,PM Peak,1743438206462,2025/03/31 16:23:26.462,ANGLE,O,2,2,EBT,EB,3,EVENT_DATA_RECORDER,1743438200770,2025/03/31 16:23:20.770,58.5000,455.8000,1743438206070,2025/03/31 16:23:26.070,RAIN,DAYLIGHT,WET,COMPLIANT_RED_ENTRY,NONE
CR00314,INT0103,KS,STB,PM Peak,1706031773405,2024/01/23 17:42:53.405,LEFT_TURN,O,3,3,NBL,NB,4,EVENT_DATA_RECORDER,1706031766854,2024/01/23 17:42:46.854,26.9000,189.2000,1706031771616,2024/01/23 17:42:51.616,CLEAR,DAYLIGHT,DRY,LAWFUL_ENTRY,NONE
CR00315,INT0152,KS,NGT,PM Peak,1760030690194,2025/10/09 17:24:50.194,ANGLE,C,2,3,NBL,NB,4,CONNECTED_VEHICLE,1760030684666,2025/10/09 17:24:44.666,36.4000,240.5000,1760030689184,2025/10/09 17:24:49.184,CLEAR,DAYLIGHT,DRY,DESIGN_DEFICIENT,NONE
CR00316,INT0166,AV,CDF,Weekend,1707646941430,2024/02/11 10:22:21.430,ANGLE,A,3,1,WBL,WB,2,CONNECTED_VEHICLE,1707646935771,2024/02/11 10:22:15.771,60.6000,455.6000,1707646940911,2024/02/11 10:22:20.911,FOG,DAYLIGHT,DRY,COMPLIANT_RED_ENTRY,NONE
CR00317,INT0140,AV,RIV,Midday,1748867298568,2025/06/02 12:28:18.568,ANGLE,O,2,2,EBT,EB,3,EVENT_DATA_RECORDER,1748867293670,2025/06/02 12:28:13.670,49.6000,318.0000,1748867297957,2025/06/02 12:28:17.957,FOG,DAYLIGHT,DRY,CONTROLLER_DEVIATION,RED_CLEARANCE_OMITTED
CR00318,INT0160,AV,CDF,Midday,1721652278754,2024/07/22 12:44:38.754,ANGLE,B,2,1,WBL,WB,2,EVENT_DATA_RECORDER,1721652273406,2024/07/22 12:44:33.406,48.5000,333.4000,1721652278041,2024/07/22 12:44:38.041,CLEAR,DAYLIGHT,DRY,CONTROLLER_DEVIATION,RED_CLEARANCE_OMITTED
CR00319,INT0130,AV,CDF,Midday,1723635553456,2024/08/14 11:39:13.456,ANGLE,C,2,8,NBT,NB,5,EVENT_DATA_RECORDER,1723635548474,2024/08/14 11:39:08.474,42.8000,253.1000,1723635552590,2024/08/14 11:39:12.590,RAIN,DAYLIGHT,WET,DESIGN_DEFICIENT,NONE
CR00320,INT0033,KS,STB,PM Peak,1725904316941,2024/09/09 17:51:56.941,ANGLE,O,2,1,WBL,WB,2,EVENT_DATA_RECORDER,1725904311542,2024/09/09 17:51:51.542,53.9000,393.1000,1725904316483,2024/09/09 17:51:56.483,CLEAR,DAYLIGHT,DRY,COMPLIANT_RED_ENTRY,NONE
CR00321,INT0108,KS,STB,AM Peak,1704873054721,2024/01/10 07:50:54.721,LEFT_TURN,O,4,6,WBT,WB,5,EVENT_DATA_RECORDER,1704873049034,2024/01/10 07:50:49.034,54.0000,406.3000,1704873054257,2024/01/10 07:50:54.257,RAIN,DAYLIGHT,WET,LAWFUL_ENTRY,NONE
CR00322,INT0093,KS,NGT,Midday,1734436060973,2024/12/17 11:47:40.973,ANGLE,O,3,5,EBL,EB,6,EVENT_DATA_RECORDER,1734436054568,2024/12/17 11:47:34.568,43.1000,375.0000,1734436060406,2024/12/17 11:47:40.406,CLEAR,DAYLIGHT,DRY,CONTROLLER_DEVIATION,RED_CLEARANCE_OMITTED
CR00323,INT0028,AV,RIV,AM Peak,1717576426886,2024/06/05 08:33:46.886,ANGLE,O,2,2,EBT,EB,3,VIDEO_ANALYTICS,1717576420285,2024/06/05 08:33:40.285,37.0000,316.6000,1717576426154,2024/06/05 08:33:46.154,CLEAR,DAYLIGHT,DRY,DETECTOR_FAULT,NONE
CR00324,INT0100,AV,RIV,AM Peak,1726043124274,2024/09/11 08:25:24.274,ANGLE,O,4,1,WBL,WB,2,CONNECTED_VEHICLE,1726043118076,2024/09/11 08:25:18.076,25.3000,190.1000,1726043123171,2024/09/11 08:25:23.171,CLEAR,DAYLIGHT,DRY,CONTROLLER_DEVIATION,YELLOW_TRUNCATED
CR00325,INT0025,KS,STB,Midday,1734003556974,2024/12/12 11:39:16.974,ANGLE,A,3,2,EBT,EB,3,EVENT_DATA_RECORDER,1734003550841,2024/12/12 11:39:10.841,46.6000,384.3000,1734003556407,2024/12/12 11:39:16.407,CLOUDY,DAYLIGHT,DRY,CONTROLLER_DEVIATION,YELLOW_TRUNCATED
CR00326,INT0167,KS,MLB,AM Peak,1755157758879,2025/08/14 07:49:18.879,ANGLE,O,3,3,NBL,NB,4,VIDEO_ANALYTICS,1755157752238,2025/08/14 07:49:12.238,30.2000,241.0000,1755157757633,2025/08/14 07:49:17.633,CLOUDY,DAYLIGHT,DRY,DESIGN_DEFICIENT,NONE
CR00327,INT0014,AV,HBP,Midday,1760959596821,2025/10/20 11:26:36.821,ANGLE,O,4,4,SBT,SB,1,CONNECTED_VEHICLE,1760959589635,2025/10/20 11:26:29.635,25.2000,195.7000,1760959594994,2025/10/20 11:26:34.994,CLEAR,DAYLIGHT,DRY,COMPLIANT_RED_ENTRY,NONE
CR00328,INT0060,KS,STB,Weekend,1717932699807,2024/06/09 11:31:39.807,ANGLE,C,3,2,EBT,EB,3,VIDEO_ANALYTICS,1717932694941,2024/06/09 11:31:34.941,51.1000,319.4000,1717932699208,2024/06/09 11:31:39.208,RAIN,DAYLIGHT,WET,COMPLIANT_RED_ENTRY,NONE
CR00329,INT0064,AV,RIV,AM Peak,1760604527252,2025/10/16 08:48:47.252,ANGLE,C,2,2,EBT,EB,3,EVENT_DATA_RECORDER,1760604521418,2025/10/16 08:48:41.418,41.4000,309.3000,1760604526430,2025/10/16 08:48:46.430,CLEAR,DAYLIGHT,DRY,CONTROLLER_DEVIATION,RED_CLEARANCE_OMITTED
CR00330,INT0081,KS,NGT,Midday,1719405820122,2024/06/26 12:43:40.122,LEFT_TURN,C,2,6,WBT,WB,5,CONNECTED_VEHICLE,1719405815660,2024/06/26 12:43:35.660,57.7000,336.2000,1719405819688,2024/06/26 12:43:39.688,CLEAR,DAYLIGHT,DRY,LAWFUL_ENTRY,NONE
CR00331,INT0140,AV,RIV,Midday,1721821354103,2024/07/24 11:42:34.103,LEFT_TURN,B,2,5,EBL,EB,6,EVENT_DATA_RECORDER,1721821348764,2024/07/24 11:42:28.764,49.0000,346.2000,1721821353507,2024/07/24 11:42:33.507,CLOUDY,DAYLIGHT,DRY,LAWFUL_ENTRY,NONE
CR00332,INT0062,KS,NGT,PM Peak,1752773528662,2025/07/17 17:32:08.662,LEFT_TURN,B,4,3,NBL,NB,4,EVENT_DATA_RECORDER,1752773522260,2025/07/17 17:32:02.260,34.6000,259.6000,1752773527533,2025/07/17 17:32:07.533,RAIN,DAYLIGHT,WET,LAWFUL_ENTRY,NONE
CR00333,INT0111,AV,HBP,PM Peak,1748972437527,2025/06/03 17:40:37.527,ANGLE,K,2,6,WBT,WB,7,EVENT_DATA_RECORDER,1748972431774,2025/06/03 17:40:31.774,51.0000,401.2000,1748972437022,2025/06/03 17:40:37.022,CLEAR,DAYLIGHT,DRY,DESIGN_DEFICIENT,NONE
CR00334,INT0165,AV,CDF,AM Peak,1748416869629,2025/05/28 07:21:09.629,ANGLE,O,2,2,EBT,EB,3,CONNECTED_VEHICLE,1748416864381,2025/05/28 07:21:04.381,60.5000,412.1000,1748416869043,2025/05/28 07:21:09.043,CLOUDY,DAYLIGHT,DRY,CONTROLLER_DEVIATION,YELLOW_TRUNCATED
CR00335,INT0108,KS,STB,PM Peak,1760722414868,2025/10/17 17:33:34.868,ANGLE,B,4,6,WBT,WB,7,CONNECTED_VEHICLE,1760722409112,2025/10/17 17:33:29.112,55.9000,441.9000,1760722414434,2025/10/17 17:33:34.434,CLEAR,DAYLIGHT,DRY,COMPLIANT_RED_ENTRY,NONE
CR00336,INT0151,AV,CDF,AM Peak,1765783054667,2025/12/15 07:17:34.667,ANGLE,O,3,2,EBT,EB,3,EVENT_DATA_RECORDER,1765783049028,2025/12/15 07:17:29.028,55.1000,410.2000,1765783054062,2025/12/15 07:17:34.062,CLEAR,DAYLIGHT,DRY,COMPLIANT_RED_ENTRY,NONE
CR00337,INT0045,KS,STB,AM Peak,1756280612409,2025/08/27 07:43:32.409,ANGLE,B,3,6,WBT,WB,7,VIDEO_ANALYTICS,1756280607590,2025/08/27 07:43:27.590,53.9000,348.0000,1756280611987,2025/08/27 07:43:31.987,RAIN,DAYLIGHT,WET,CONTROLLER_DEVIATION,YELLOW_TRUNCATED
CR00338,INT0166,AV,CDF,PM Peak,1754933245703,2025/08/11 17:27:25.703,LEFT_TURN,O,4,5,EBL,EB,6,VIDEO_ANALYTICS,1754933239540,2025/08/11 17:27:19.540,63.3000,518.8000,1754933245241,2025/08/11 17:27:25.241,RAIN,DAYLIGHT,WET,LAWFUL_ENTRY,NONE
CR00339,INT0088,AV,CDF,Midday,1711453457878,2024/03/26 11:44:17.878,LEFT_TURN,C,2,2,EBT,EB,1,VIDEO_ANALYTICS,1711453453198,2024/03/26 11:44:13.198,47.4000,279.7000,1711453457312,2024/03/26 11:44:17.312,CLEAR,DAYLIGHT,DRY,LAWFUL_ENTRY,NONE
CR00340,INT0131,AV,CDF,Weekend,1725809990809,2024/09/08 15:39:50.809,ANGLE,O,3,2,EBT,EB,3,VIDEO_ANALYTICS,1725809985891,2024/09/08 15:39:45.891,43.3000,281.5000,1725809990290,2024/09/08 15:39:50.290,CLEAR,DAYLIGHT,DRY,DETECTOR_FAULT,NONE
CR00341,INT0061,AV,RIV,Midday,1749125269197,2025/06/05 12:07:49.197,ANGLE,A,4,5,EBL,EB,6,EVENT_DATA_RECORDER,1749125262872,2025/06/05 12:07:42.872,53.9000,453.0000,1749125268736,2025/06/05 12:07:48.736,CLOUDY,DAYLIGHT,DRY,CONTROLLER_DEVIATION,RED_CLEARANCE_OMITTED
CR00342,INT0147,AV,RIV,AM Peak,1736840352356,2025/01/14 07:39:12.356,LEFT_TURN,B,2,7,SBL,SB,8,EVENT_DATA_RECORDER,1736840346920,2025/01/14 07:39:06.920,38.5000,253.1000,1736840351287,2025/01/14 07:39:11.287,CLEAR,DAYLIGHT,DRY,LAWFUL_ENTRY,NONE
CR00343,INT0108,KS,STB,PM Peak,1745515179090,2025/04/24 17:19:39.090,LEFT_TURN,O,3,7,SBL,SB,8,EVENT_DATA_RECORDER,1745515172861,2025/04/24 17:19:32.861,29.5000,205.6000,1745515177621,2025/04/24 17:19:37.621,CLEAR,DAYLIGHT,WET,LAWFUL_ENTRY,NONE
CR00344,INT0117,AV,HBP,Midday,1758112491318,2025/09/17 12:34:51.318,ANGLE,A,2,6,WBT,WB,7,CONNECTED_VEHICLE,1758112486156,2025/09/17 12:34:46.156,53.1000,353.6000,1758112490740,2025/09/17 12:34:50.740,CLEAR,DAYLIGHT,DRY,CONTROLLER_DEVIATION,YELLOW_TRUNCATED
CR00345,INT0105,KS,STB,Weekend,1761393053843,2025/10/25 11:50:53.843,ANGLE,O,3,8,NBT,NB,5,VIDEO_ANALYTICS,1761393048268,2025/10/25 11:50:48.268,42.4000,290.5000,1761393052939,2025/10/25 11:50:52.939,CLEAR,DAYLIGHT,DRY,DESIGN_DEFICIENT,NONE
CR00346,INT0027,AV,CDF,Weekend,1742128671915,2025/03/16 12:37:51.915,ANGLE,C,3,1,WBL,WB,2,EVENT_DATA_RECORDER,1742128666671,2025/03/16 12:37:46.671,41.2000,302.7000,1742128671392,2025/03/16 12:37:51.392,SNOW,DAYLIGHT,ICE,COMPLIANT_RED_ENTRY,NONE
CR00347,INT0145,KS,STB,Midday,1722252645934,2024/07/29 11:30:45.934,LEFT_TURN,O,3,8,NBT,NB,7,EVENT_DATA_RECORDER,1722252638878,2024/07/29 11:30:38.878,33.1000,275.5000,1722252644703,2024/07/29 11:30:44.703,CLEAR,DAYLIGHT,DRY,LAWFUL_ENTRY,NONE
CR00348,INT0094,KS,MLB,Weekend,1766844927835,2025/12/27 14:15:27.835,LEFT_TURN,C,3,8,NBT,NB,7,VIDEO_ANALYTICS,1766844920986,2025/12/27 14:15:20.986,42.3000,358.6000,1766844926885,2025/12/27 14:15:26.885,CLEAR,DAYLIGHT,DRY,LAWFUL_ENTRY,NONE
CR00349,INT0066,AV,RIV,AM Peak,1765352445038,2025/12/10 07:40:45.038,ANGLE,O,2,3,NBL,NB,4,EVENT_DATA_RECORDER,1765352438090,2025/12/10 07:40:38.090,37.6000,325.9000,1765352443995,2025/12/10 07:40:43.995,CLEAR,DAYLIGHT,DRY,COMPLIANT_RED_ENTRY,NONE
CR00350,INT0047,AV,RIV,PM Peak,1734544562556,2024/12/18 17:56:02.556,ANGLE,A,2,1,WBL,WB,2,VIDEO_ANALYTICS,1734544556960,2024/12/18 17:55:56.960,35.9000,254.8000,1734544561767,2024/12/18 17:56:01.767,CLEAR,DAYLIGHT,DRY,CONTROLLER_DEVIATION,YELLOW_TRUNCATED
CR00351,INT0093,KS,NGT,Weekend,1729426473734,2024/10/20 12:14:33.734,LEFT_TURN,C,2,6,WBT,WB,5,CONNECTED_VEHICLE,1729426468225,2024/10/20 12:14:28.225,45.3000,328.1000,1729426473179,2024/10/20 12:14:33.179,CLEAR,DAYLIGHT,DRY,LAWFUL_ENTRY,NONE
CR00352,INT0128,KS,NGT,AM Peak,1732086912990,2024/11/20 07:15:12.990,ANGLE,B,4,3,NBL,NB,4,VIDEO_ANALYTICS,1732086906693,2024/11/20 07:15:06.693,22.5000,152.8000,1732086911327,2024/11/20 07:15:11.327,RAIN,DAYLIGHT,WET,CONTROLLER_DEVIATION,YELLOW_TRUNCATED
CR00353,INT0137,AV,HBP,Midday,1732707962927,2024/11/27 11:46:02.927,ANGLE,B,2,5,EBL,EB,6,CONNECTED_VEHICLE,1732707957841,2024/11/27 11:45:57.841,56.4000,369.6000,1732707962372,2024/11/27 11:46:02.372,CLEAR,DAYLIGHT,DRY,COMPLIANT_RED_ENTRY,NONE
CR00354,INT0148,AV,RIV,Midday,1712833814316,2024/04/11 11:10:14.316,ANGLE,C,2,5,EBL,EB,6,VIDEO_ANALYTICS,1712833808666,2024/04/11 11:10:08.666,47.8000,354.4000,1712833813756,2024/04/11 11:10:13.756,CLOUDY,DAYLIGHT,DRY,COMPLIANT_RED_ENTRY,NONE
CR00355,INT0094,KS,MLB,Midday,1741695250154,2025/03/11 12:14:10.154,ANGLE,O,4,2,EBT,EB,3,EVENT_DATA_RECORDER,1741695244432,2025/03/11 12:14:04.432,43.2000,315.4000,1741695249524,2025/03/11 12:14:09.524,CLEAR,DAYLIGHT,DRY,COMPLIANT_RED_ENTRY,NONE
CR00356,INT0029,AV,RIV,PM Peak,1725902789163,2024/09/09 17:26:29.163,ANGLE,C,3,4,SBT,SB,1,EVENT_DATA_RECORDER,1725902782880,2024/09/09 17:26:22.880,29.0000,227.9000,1725902788214,2024/09/09 17:26:28.214,RAIN,DAYLIGHT,WET,COMPLIANT_RED_ENTRY,NONE
CR00357,INT0065,AV,RIV,PM Peak,1732729073797,2024/11/27 17:37:53.797,ANGLE,B,3,4,SBT,SB,1,EVENT_DATA_RECORDER,1732729066742,2024/11/27 17:37:46.742,29.3000,248.3000,1732729072388,2024/11/27 17:37:52.388,CLEAR,DAYLIGHT,DRY,DETECTOR_FAULT,NONE
CR00358,INT0003,AV,RIV,Weekend,1751195339170,2025/06/29 11:08:59.170,ANGLE,O,2,5,EBL,EB,6,EVENT_DATA_RECORDER,1751195332846,2025/06/29 11:08:52.846,49.3000,410.2000,1751195338477,2025/06/29 11:08:58.477,CLOUDY,DAYLIGHT,DRY,COMPLIANT_RED_ENTRY,NONE
CR00359,INT0094,KS,MLB,AM Peak,1764924461872,2025/12/05 08:47:41.872,ANGLE,C,2,1,WBL,WB,2,EVENT_DATA_RECORDER,1764924456413,2025/12/05 08:47:36.413,50.4000,369.0000,1764924461338,2025/12/05 08:47:41.338,CLOUDY,DAYLIGHT,DRY,COMPLIANT_RED_ENTRY,NONE
CR00360,INT0009,AV,CDF,Weekend,1748182423400,2025/05/25 14:13:43.400,ANGLE,C,4,7,SBL,SB,8,EVENT_DATA_RECORDER,1748182417128,2025/05/25 14:13:37.128,36.1000,277.5000,1748182422357,2025/05/25 14:13:42.357,RAIN,DAYLIGHT,WET,CONTROLLER_DEVIATION,YELLOW_TRUNCATED
CR00361,INT0126,KS,NGT,AM Peak,1749800803223,2025/06/13 07:46:43.223,ANGLE,C,4,3,NBL,NB,4,VIDEO_ANALYTICS,1749800796776,2025/06/13 07:46:36.776,36.9000,285.1000,1749800801927,2025/06/13 07:46:41.927,CLEAR,DAYLIGHT,DRY,CONTROLLER_DEVIATION,RED_CLEARANCE_OMITTED
CR00362,INT0142,AV,HBP,Midday,1739535980672,2025/02/14 12:26:20.672,ANGLE,O,3,4,SBT,SB,1,EVENT_DATA_RECORDER,1739535975097,2025/02/14 12:26:15.097,35.1000,231.7000,1739535979493,2025/02/14 12:26:19.493,CLEAR,DAYLIGHT,DRY,COMPLIANT_RED_ENTRY,NONE
CR00363,INT0071,AV,RIV,Weekend,1766244726041,2025/12/20 15:32:06.041,ANGLE,B,2,4,SBT,SB,1,VIDEO_ANALYTICS,1766244719535,2025/12/20 15:31:59.535,35.5000,283.4000,1766244725024,2025/12/20 15:32:05.024,CLEAR,DAYLIGHT,WET,COMPLIANT_RED_ENTRY,NONE
CR00364,INT0121,AV,HBP,Midday,1709556801131,2024/03/04 12:53:21.131,ANGLE,C,3,7,SBL,SB,8,VIDEO_ANALYTICS,1709556794721,2024/03/04 12:53:14.721,25.8000,173.8000,1709556799450,2024/03/04 12:53:19.450,CLEAR,DAYLIGHT,DRY,COMPLIANT_RED_ENTRY,NONE
CR00365,INT0001,KS,NGT,Weekend,1762598905750,2025/11/08 10:48:25.750,ANGLE,O,2,3,NBL,NB,4,EVENT_DATA_RECORDER,1762598898524,2025/11/08 10:48:18.524,20.3000,156.2000,1762598903727,2025/11/08 10:48:23.727,CLEAR,DAYLIGHT,DRY,COMPLIANT_RED_ENTRY,NONE
CR00366,INT0150,KS,NGT,Weekend,1739107512740,2025/02/09 13:25:12.740,ANGLE,C,4,8,NBT,NB,5,EVENT_DATA_RECORDER,1739107507359,2025/02/09 13:25:07.359,41.6000,271.4000,1739107511830,2025/02/09 13:25:11.830,CLOUDY,DAYLIGHT,DRY,COMPLIANT_RED_ENTRY,NONE
CR00367,INT0126,KS,NGT,AM Peak,1745914410213,2025/04/29 08:13:30.213,ANGLE,C,3,1,WBL,WB,2,VIDEO_ANALYTICS,1745914404098,2025/04/29 08:13:24.098,44.6000,368.0000,1745914409662,2025/04/29 08:13:29.662,RAIN,DAYLIGHT,WET,COMPLIANT_RED_ENTRY,NONE
CR00368,INT0055,AV,HBP,PM Peak,1709919072128,2024/03/08 17:31:12.128,ANGLE,O,2,3,NBL,NB,4,VIDEO_ANALYTICS,1709919066334,2024/03/08 17:31:06.334,32.1000,223.7000,1709919071162,2024/03/08 17:31:11.162,CLEAR,DAYLIGHT,DRY,CONTROLLER_DEVIATION,YELLOW_TRUNCATED
CR00369,INT0035,KS,STB,AM Peak,1749714350492,2025/06/12 07:45:50.492,ANGLE,C,2,1,WBL,WB,2,CONNECTED_VEHICLE,1749714344165,2025/06/12 07:45:44.165,43.1000,348.6000,1749714349822,2025/06/12 07:45:49.822,SNOW,DAYLIGHT,ICE,DESIGN_DEFICIENT,NONE
CR00370,INT0145,KS,STB,Midday,1721824079596,2024/07/24 12:27:59.596,ANGLE,C,2,2,EBT,EB,3,EVENT_DATA_RECORDER,1721824074794,2024/07/24 12:27:54.794,60.9000,396.6000,1721824079233,2024/07/24 12:27:59.233,CLEAR,DAYLIGHT,DRY,DESIGN_DEFICIENT,NONE
CR00371,INT0125,KS,MLB,Weekend,1744543023865,2025/04/13 11:17:03.865,ANGLE,C,4,8,NBT,NB,5,EVENT_DATA_RECORDER,1744543018113,2025/04/13 11:16:58.113,36.4000,248.2000,1744543022821,2025/04/13 11:17:02.821,CLEAR,DAYLIGHT,DRY,DETECTOR_FAULT,NONE
CR00372,INT0130,AV,CDF,AM Peak,1760082562388,2025/10/10 07:49:22.388,ANGLE,O,4,8,NBT,NB,5,EVENT_DATA_RECORDER,1760082556434,2025/10/10 07:49:16.434,40.6000,304.3000,1760082561497,2025/10/10 07:49:21.497,CLEAR,DAYLIGHT,DRY,DESIGN_DEFICIENT,NONE
CR00373,INT0045,KS,STB,Midday,1727095641439,2024/09/23 12:47:21.439,ANGLE,B,2,6,WBT,WB,7,EVENT_DATA_RECORDER,1727095636755,2024/09/23 12:47:16.755,53.5000,324.7000,1727095641019,2024/09/23 12:47:21.019,CLOUDY,DAYLIGHT,DRY,CONTROLLER_DEVIATION,YELLOW_TRUNCATED
CR00374,INT0146,AV,RIV,AM Peak,1742890491926,2025/03/25 08:14:51.926,ANGLE,C,2,3,NBL,NB,4,VIDEO_ANALYTICS,1742890486632,2025/03/25 08:14:46.632,33.1000,197.2000,1742890490789,2025/03/25 08:14:50.789,CLOUDY,DAYLIGHT,DRY,CONTROLLER_DEVIATION,RED_CLEARANCE_OMITTED
CR00375,INT0028,AV,RIV,Weekend,1734187255851,2024/12/14 14:40:55.851,ANGLE,A,2,2,EBT,EB,3,VIDEO_ANALYTICS,1734187249722,2024/12/14 14:40:49.722,37.5000,291.5000,1734187255118,2024/12/14 14:40:55.118,CLEAR,DAYLIGHT,DRY,COMPLIANT_RED_ENTRY,NONE
CR00376,INT0148,AV,RIV,AM Peak,1740729210169,2025/02/28 07:53:30.169,ANGLE,B,2,5,EBL,EB,6,VIDEO_ANALYTICS,1740729205282,2025/02/28 07:53:25.282,54.9000,352.6000,1740729209673,2025/02/28 07:53:29.673,CLEAR,DAYLIGHT,DRY,COMPLIANT_RED_ENTRY,NONE
CR00377,INT0062,KS,NGT,AM Peak,1745911813299,2025/04/29 07:30:13.299,ANGLE,O,2,8,NBT,NB,5,EVENT_DATA_RECORDER,1745911807682,2025/04/29 07:30:07.682,30.5000,194.3000,1745911811999,2025/04/29 07:30:11.999,CLEAR,DAYLIGHT,DRY,DETECTOR_FAULT,NONE
CR00378,INT0075,AV,CDF,Midday,1733138084338,2024/12/02 11:14:44.338,ANGLE,C,2,4,SBT,SB,1,VIDEO_ANALYTICS,1733138078101,2024/12/02 11:14:38.101,33.5000,261.7000,1733138083314,2024/12/02 11:14:43.314,CLOUDY,DAYLIGHT,DRY,DETECTOR_FAULT,NONE
CR00379,INT0007,KS,MLB,AM Peak,1762331184871,2025/11/05 08:26:24.871,LEFT_TURN,A,2,7,SBL,SB,8,EVENT_DATA_RECORDER,1762331178059,2025/11/05 08:26:18.059,46.3000,403.8000,1762331184074,2025/11/05 08:26:24.074,CLEAR,DAYLIGHT,DRY,LAWFUL_ENTRY,NONE
CR00380,INT0072,AV,RIV,Midday,1754568597366,2025/08/07 12:09:57.366,ANGLE,C,4,8,NBT,NB,5,EVENT_DATA_RECORDER,1754568591718,2025/08/07 12:09:51.718,40.5000,270.6000,1754568596384,2025/08/07 12:09:56.384,FOG,DAYLIGHT,DRY,DETECTOR_FAULT,NONE
CR00381,INT0045,KS,STB,AM Peak,1756454182023,2025/08/29 07:56:22.023,ANGLE,O,2,7,SBL,SB,8,CONNECTED_VEHICLE,1756454175331,2025/08/29 07:56:15.331,30.1000,222.5000,1756454180570,2025/08/29 07:56:20.570,CLEAR,DAYLIGHT,DRY,COMPLIANT_RED_ENTRY,NONE
CR00382,INT0154,AV,RIV,AM Peak,1733300272032,2024/12/04 08:17:52.032,ANGLE,A,2,3,NBL,NB,4,VIDEO_ANALYTICS,1733300266260,2024/12/04 08:17:46.260,44.6000,314.9000,1733300271029,2024/12/04 08:17:51.029,CLEAR,DAYLIGHT,DRY,COMPLIANT_RED_ENTRY,NONE
CR00383,INT0089,AV,RIV,PM Peak,1762361638949,2025/11/05 16:53:58.949,ANGLE,C,2,2,EBT,EB,3,EVENT_DATA_RECORDER,1762361633648,2025/11/05 16:53:53.648,33.5000,226.8000,1762361638262,2025/11/05 16:53:58.262,CLEAR,DAYLIGHT,DRY,COMPLIANT_RED_ENTRY,NONE
CR00384,INT0033,KS,STB,Midday,1707478963051,2024/02/09 11:42:43.051,LEFT_TURN,C,3,6,WBT,WB,5,CONNECTED_VEHICLE,1707478958216,2024/02/09 11:42:38.216,56.6000,363.6000,1707478962617,2024/02/09 11:42:42.617,CLEAR,DAYLIGHT,WET,LAWFUL_ENTRY,NONE
CR00385,INT0132,KS,STB,Weekend,1744541367499,2025/04/13 10:49:27.499,ANGLE,O,2,7,SBL,SB,8,VIDEO_ANALYTICS,1744541361611,2025/04/13 10:49:21.611,28.0000,175.6000,1744541366087,2025/04/13 10:49:26.087,CLOUDY,DAYLIGHT,DRY,DESIGN_DEFICIENT,NONE
CR00386,INT0093,KS,NGT,AM Peak,1762762918044,2025/11/10 08:21:58.044,LEFT_TURN,O,2,7,SBL,SB,8,EVENT_DATA_RECORDER,1762762913066,2025/11/10 08:21:53.066,30.9000,184.3000,1762762917075,2025/11/10 08:21:57.075,CLOUDY,DAYLIGHT,DRY,LAWFUL_ENTRY,NONE
CR00387,INT0128,KS,NGT,Weekend,1754135003807,2025/08/02 11:43:23.807,ANGLE,O,3,8,NBT,NB,5,VIDEO_ANALYTICS,1754134997796,2025/08/02 11:43:17.796,29.1000,194.8000,1754135002467,2025/08/02 11:43:22.467,CLOUDY,DAYLIGHT,DRY,COMPLIANT_RED_ENTRY,NONE
CR00388,INT0060,KS,STB,AM Peak,1763104562047,2025/11/14 07:16:02.047,ANGLE,C,4,5,EBL,EB,6,EVENT_DATA_RECORDER,1763104557136,2025/11/14 07:15:57.136,51.8000,325.4000,1763104561427,2025/11/14 07:16:01.427,CLEAR,DAYLIGHT,DRY,COMPLIANT_RED_ENTRY,NONE
CR00389,INT0164,KS,STB,AM Peak,1710401341959,2024/03/14 07:29:01.959,ANGLE,O,4,4,SBT,SB,1,EVENT_DATA_RECORDER,1710401336626,2024/03/14 07:28:56.626,41.1000,263.9000,1710401341047,2024/03/14 07:29:01.047,SNOW,DAYLIGHT,ICE,DESIGN_DEFICIENT,NONE
CR00390,INT0057,AV,CDF,PM Peak,1716827120874,2024/05/27 16:25:20.874,ANGLE,O,2,4,SBT,SB,1,EVENT_DATA_RECORDER,1716827114521,2024/05/27 16:25:14.521,36.4000,288.3000,1716827120019,2024/05/27 16:25:20.019,CLEAR,DAYLIGHT,DRY,COMPLIANT_RED_ENTRY,NONE
CR00391,INT0124,AV,RIV,PM Peak,1733156761057,2024/12/02 16:26:01.057,ANGLE,A,2,2,EBT,EB,3,CONNECTED_VEHICLE,1733156754755,2024/12/02 16:25:54.755,57.4000,474.4000,1733156760471,2024/12/02 16:26:00.471,CLEAR,DAYLIGHT,DRY,DETECTOR_FAULT,NONE
CR00392,INT0101,KS,STB,Weekend,1754736832908,2025/08/09 10:53:52.908,ANGLE,B,4,2,EBT,EB,3,EVENT_DATA_RECORDER,1754736827107,2025/08/09 10:53:47.107,40.9000,317.4000,1754736832320,2025/08/09 10:53:52.320,CLEAR,DAYLIGHT,DRY,CONTROLLER_DEVIATION,YELLOW_TRUNCATED
CR00393,INT0117,AV,HBP,AM Peak,1735630223745,2024/12/31 07:30:23.745,ANGLE,O,4,6,WBT,WB,7,EVENT_DATA_RECORDER,1735630217495,2024/12/31 07:30:17.495,53.3000,446.0000,1735630223163,2024/12/31 07:30:23.163,CLEAR,DAYLIGHT,DRY,DETECTOR_FAULT,NONE
CR00394,INT0098,AV,RIV,Midday,1725622743589,2024/09/06 11:39:03.589,LEFT_TURN,C,3,6,WBT,WB,5,VIDEO_ANALYTICS,1725622737598,2024/09/06 11:38:57.598,50.9000,391.6000,1725622742939,2024/09/06 11:39:02.939,CLEAR,DAYLIGHT,DRY,LAWFUL_ENTRY,NONE
CR00395,INT0034,AV,RIV,Weekend,1764423162943,2025/11/29 13:32:42.943,ANGLE,O,2,2,EBT,EB,3,VIDEO_ANALYTICS,1764423157023,2025/11/29 13:32:37.023,46.1000,374.8000,1764423162477,2025/11/29 13:32:42.477,CLEAR,DAYLIGHT,DRY,CONTROLLER_DEVIATION,RED_CLEARANCE_OMITTED
CR00396,INT0020,KS,NGT,Midday,1744979844225,2025/04/18 12:37:24.225,ANGLE,B,2,5,EBL,EB,6,EVENT_DATA_RECORDER,1744979839014,2025/04/18 12:37:19.014,49.3000,343.0000,1744979843717,2025/04/18 12:37:23.717,FOG,DAYLIGHT,DRY,COMPLIANT_RED_ENTRY,NONE
CR00397,INT0026,KS,STB,Weekend,1710071139466,2024/03/10 11:45:39.466,ANGLE,C,4,4,SBT,SB,1,EVENT_DATA_RECORDER,1710071132255,2024/03/10 11:45:32.255,33.8000,279.9000,1710071137984,2024/03/10 11:45:37.984,CLOUDY,DAYLIGHT,DRY,DETECTOR_FAULT,NONE
CR00398,INT0094,KS,MLB,PM Peak,1764352619683,2025/11/28 17:56:59.683,ANGLE,O,3,2,EBT,EB,3,EVENT_DATA_RECORDER,1764352614152,2025/11/28 17:56:54.152,47.3000,346.4000,1764352619142,2025/11/28 17:56:59.142,RAIN,DAYLIGHT,WET,DETECTOR_FAULT,NONE
CR00399,INT0120,KS,MLB,PM Peak,1718124082166,2024/06/11 16:41:22.166,ANGLE,C,4,4,SBT,SB,1,EVENT_DATA_RECORDER,1718124074954,2024/06/11 16:41:14.954,27.7000,233.2000,1718124080681,2024/06/11 16:41:20.681,RAIN,DAYLIGHT,WET,COMPLIANT_RED_ENTRY,NONE
CR00400,INT0170,AV,HBP,PM Peak,1745515209559,2025/04/24 17:20:09.559,ANGLE,A,3,7,SBL,SB,8,EVENT_DATA_RECORDER,1745515202934,2025/04/24 17:20:02.934,27.6000,191.8000,1745515207706,2025/04/24 17:20:07.706,CLEAR,DAYLIGHT,DRY,COMPLIANT_RED_ENTRY,NONE
CR00401,INT0088,AV,CDF,PM Peak,1720714436971,2024/07/11 16:13:56.971,ANGLE,A,4,7,SBL,SB,8,EVENT_DATA_RECORDER,1720714429641,2024/07/11 16:13:49.641,26.1000,223.9000,1720714435422,2024/07/11 16:13:55.422,CLEAR,DAYLIGHT,DRY,CONTROLLER_DEVIATION,YELLOW_TRUNCATED
CR00402,INT0089,AV,RIV,Weekend,1707647935623,2024/02/11 10:38:55.623,ANGLE,O,3,3,NBL,NB,4,VIDEO_ANALYTICS,1707647929048,2024/02/11 10:38:49.048,38.2000,316.6000,1707647934733,2024/02/11 10:38:54.733,CLEAR,DAYLIGHT,DRY,COMPLIANT_RED_ENTRY,NONE
CR00403,INT0099,AV,CDF,AM Peak,1756889505165,2025/09/03 08:51:45.165,ANGLE,B,3,5,EBL,EB,6,VIDEO_ANALYTICS,1756889498771,2025/09/03 08:51:38.771,41.6000,343.0000,1756889504538,2025/09/03 08:51:44.538,CLEAR,DAYLIGHT,WET,CONTROLLER_DEVIATION,YELLOW_TRUNCATED
CR00404,INT0120,KS,MLB,AM Peak,1738827231566,2025/02/06 07:33:51.566,ANGLE,C,4,7,SBL,SB,8,VIDEO_ANALYTICS,1738827224718,2025/02/06 07:33:44.718,30.8000,253.6000,1738827230263,2025/02/06 07:33:50.263,CLEAR,DAYLIGHT,DRY,CONTROLLER_DEVIATION,RED_CLEARANCE_OMITTED
CR00405,INT0127,AV,RIV,AM Peak,1751272605797,2025/06/30 08:36:45.797,ANGLE,C,2,1,WBL,WB,2,CONNECTED_VEHICLE,1751272600262,2025/06/30 08:36:40.262,45.1000,322.2000,1751272605195,2025/06/30 08:36:45.195,RAIN,DAYLIGHT,WET,COMPLIANT_RED_ENTRY,NONE
CR00406,INT0107,KS,MLB,Midday,1761740969799,2025/10/29 12:29:29.799,ANGLE,C,2,2,EBT,EB,3,VIDEO_ANALYTICS,1761740964204,2025/10/29 12:29:24.204,38.1000,277.2000,1761740969202,2025/10/29 12:29:29.202,FOG,DAYLIGHT,DRY,DETECTOR_FAULT,NONE
CR00407,INT0061,AV,RIV,PM Peak,1720543875872,2024/07/09 16:51:15.872,ANGLE,B,2,3,NBL,NB,4,EVENT_DATA_RECORDER,1720543870436,2024/07/09 16:51:10.436,33.4000,215.3000,1720543874757,2024/07/09 16:51:14.757,CLEAR,DAYLIGHT,DRY,COMPLIANT_RED_ENTRY,NONE
CR00408,INT0126,KS,NGT,PM Peak,1743526273658,2025/04/01 16:51:13.658,ANGLE,C,2,3,NBL,NB,4,VIDEO_ANALYTICS,1743526266765,2025/04/01 16:51:06.765,37.9000,317.8000,1743526272375,2025/04/01 16:51:12.375,CLOUDY,DAYLIGHT,DRY,COMPLIANT_RED_ENTRY,NONE
CR00409,INT0013,KS,NGT,Weekend,1719754321382,2024/06/30 13:32:01.382,ANGLE,B,3,3,NBL,NB,4,VIDEO_ANALYTICS,1719754315086,2024/06/30 13:31:55.086,23.6000,167.8000,1719754319911,2024/06/30 13:31:59.911,CLEAR,DAYLIGHT,DRY,CONTROLLER_DEVIATION,RED_CLEARANCE_OMITTED
CR00410,INT0068,KS,STB,PM Peak,1751388148438,2025/07/01 16:42:28.438,ANGLE,B,2,5,EBL,EB,6,EVENT_DATA_RECORDER,1751388143150,2025/07/01 16:42:23.150,60.4000,430.7000,1751388148066,2025/07/01 16:42:28.066,CLEAR,DAYLIGHT,DRY,COMPLIANT_RED_ENTRY,NONE
CR00411,INT0147,AV,RIV,Weekend,1720273307986,2024/07/06 13:41:47.986,ANGLE,O,2,1,WBL,WB,2,VIDEO_ANALYTICS,1720273301548,2024/07/06 13:41:41.548,53.5000,453.1000,1720273307337,2024/07/06 13:41:47.337,CLEAR,DAYLIGHT,DRY,COMPLIANT_RED_ENTRY,NONE
CR00412,INT0098,AV,RIV,Midday,1724847315907,2024/08/28 12:15:15.907,LEFT_TURN,B,2,4,SBT,SB,3,EVENT_DATA_RECORDER,1724847310386,2024/08/28 12:15:10.386,44.3000,304.2000,1724847314977,2024/08/28 12:15:14.977,RAIN,DAYLIGHT,WET,LAWFUL_ENTRY,NONE
CR00413,INT0098,AV,RIV,AM Peak,1728977694674,2024/10/15 07:34:54.674,ANGLE,A,3,6,WBT,WB,7,EVENT_DATA_RECORDER,1728977688798,2024/10/15 07:34:48.798,51.3000,394.0000,1728977694034,2024/10/15 07:34:54.034,CLEAR,DAYLIGHT,DRY,CONTROLLER_DEVIATION,YELLOW_TRUNCATED
CR00414,INT0053,AV,RIV,Weekend,1766849765523,2025/12/27 15:36:05.523,ANGLE,C,2,4,SBT,SB,1,CONNECTED_VEHICLE,1766849758503,2025/12/27 15:35:58.503,25.5000,209.9000,1766849764165,2025/12/27 15:36:04.165,CLEAR,DAYLIGHT,DRY,DETECTOR_FAULT,NONE
CR00415,INT0075,AV,CDF,PM Peak,1709313887097,2024/03/01 17:24:47.097,ANGLE,O,2,7,SBL,SB,8,VIDEO_ANALYTICS,1709313880203,2024/03/01 17:24:40.203,29.1000,242.0000,1709313885910,2024/03/01 17:24:45.910,CLEAR,DAYLIGHT,DRY,CONTROLLER_DEVIATION,RED_CLEARANCE_OMITTED
CR00416,INT0069,AV,RIV,Midday,1756384157129,2025/08/28 12:29:17.129,ANGLE,B,2,3,NBL,NB,4,EVENT_DATA_RECORDER,1756384150424,2025/08/28 12:29:10.424,27.1000,210.9000,1756384155535,2025/08/28 12:29:15.535,CLEAR,DAYLIGHT,DRY,COMPLIANT_RED_ENTRY,NONE
CR00417,INT0093,KS,NGT,Weekend,1755954711472,2025/08/23 13:11:51.472,ANGLE,O,3,2,EBT,EB,3,EVENT_DATA_RECORDER,1755954706434,2025/08/23 13:11:46.434,43.5000,291.5000,1755954710896,2025/08/23 13:11:50.896,CLOUDY,DAYLIGHT,DRY,DETECTOR_FAULT,NONE
CR00418,INT0022,AV,CDF,Midday,1718282845075,2024/06/13 12:47:25.075,ANGLE,O,2,8,NBT,NB,5,CONNECTED_VEHICLE,1718282838940,2024/06/13 12:47:18.940,30.6000,205.3000,1718282843475,2024/06/13 12:47:23.475,CLEAR,DAYLIGHT,DRY,COMPLIANT_RED_ENTRY,NONE
CR00419,INT0061,AV,RIV,Weekend,1719668703040,2024/06/29 13:45:03.040,ANGLE,B,3,4,SBT,SB,1,EVENT_DATA_RECORDER,1719668696583,2024/06/29 13:44:56.583,30.2000,230.5000,1719668701785,2024/06/29 13:45:01.785,CLEAR,DAYLIGHT,DRY,DETECTOR_FAULT,NONE
CR00420,INT0141,KS,NGT,Midday,1723810399957,2024/08/16 12:13:19.957,ANGLE,O,2,5,EBL,EB,6,VIDEO_ANALYTICS,1723810394531,2024/08/16 12:13:14.531,36.0000,251.8000,1723810399263,2024/08/16 12:13:19.263,CLEAR,DAYLIGHT,DRY,DESIGN_DEFICIENT,NONE
CR00421,INT0066,AV,RIV,AM Peak,1757577025559,2025/09/11 07:50:25.559,ANGLE,O,3,6,WBT,WB,7,CONNECTED_VEHICLE,1757577019492,2025/09/11 07:50:19.492,48.3000,392.0000,1757577025016,2025/09/11 07:50:25.016,CLEAR,DAYLIGHT,DRY,DETECTOR_FAULT,NONE
CR00422,INT0029,AV,RIV,Midday,1760958644683,2025/10/20 11:10:44.683,ANGLE,O,2,3,NBL,NB,4,CONNECTED_VEHICLE,1760958638534,2025/10/20 11:10:38.534,21.9000,155.6000,1760958643427,2025/10/20 11:10:43.427,CLEAR,DAYLIGHT,DRY,CONTROLLER_DEVIATION,YELLOW_TRUNCATED
CR00423,INT0091,AV,CDF,Weekend,1717340005180,2024/06/02 14:53:25.180,LEFT_TURN,A,2,6,WBT,WB,5,VIDEO_ANALYTICS,1717339998873,2024/06/02 14:53:18.873,43.5000,374.0000,1717340004665,2024/06/02 14:53:24.665,CLOUDY,DAYLIGHT,DRY,LAWFUL_ENTRY,NONE
CR00424,INT0047,AV,RIV,Weekend,1758367391416,2025/09/20 11:23:11.416,ANGLE,O,2,2,EBT,EB,3,CONNECTED_VEHICLE,1758367386157,2025/09/20 11:23:06.157,49.3000,336.5000,1758367390868,2025/09/20 11:23:10.868,CLEAR,DAYLIGHT,DRY,COMPLIANT_RED_ENTRY,NONE
CR00425,INT0057,AV,CDF,Midday,1714476790283,2024/04/30 11:33:10.283,LEFT_TURN,B,2,1,WBL,WB,2,VIDEO_ANALYTICS,1714476784825,2024/04/30 11:33:04.825,36.4000,249.7000,1714476789613,2024/04/30 11:33:09.613,CLEAR,DAYLIGHT,DRY,LAWFUL_ENTRY,NONE
CR00426,INT0153,AV,CDF,PM Peak,1764778520589,2025/12/03 16:15:20.589,ANGLE,B,4,7,SBL,SB,8,CONNECTED_VEHICLE,1764778514745,2025/12/03 16:15:14.745,35.4000,258.6000,1764778519752,2025/12/03 16:15:19.752,CLOUDY,DAYLIGHT,WET,DESIGN_DEFICIENT,NONE
CR00427,INT0154,AV,RIV,Midday,1729597543863,2024/10/22 11:45:43.863,ANGLE,B,2,1,WBL,WB,2,VIDEO_ANALYTICS,1729597537937,2024/10/22 11:45:37.937,39.3000,303.8000,1729597543212,2024/10/22 11:45:43.212,CLEAR,DAYLIGHT,DRY,COMPLIANT_RED_ENTRY,NONE
CR00428,INT0148,AV,RIV,Midday,1753703037437,2025/07/28 11:43:57.437,LEFT_TURN,C,2,5,EBL,EB,6,VIDEO_ANALYTICS,1753703032857,2025/07/28 11:43:52.857,51.5000,310.5000,1753703036917,2025/07/28 11:43:56.917,FOG,DAYLIGHT,DRY,LAWFUL_ENTRY,NONE
CR00429,INT0068,KS,STB,Weekend,1723298999191,2024/08/10 14:09:59.191,LEFT_TURN,O,2,2,EBT,EB,1,VIDEO_ANALYTICS,1723298993178,2024/08/10 14:09:53.178,58.4000,471.6000,1723298998791,2024/08/10 14:09:58.791,CLEAR,DAYLIGHT,DRY,LAWFUL_ENTRY,NONE
CR00430,INT0002,KS,MLB,Midday,1743074716086,2025/03/27 11:25:16.086,ANGLE,O,2,4,SBT,SB,1,CONNECTED_VEHICLE,1743074710488,2025/03/27 11:25:10.488,45.2000,319.2000,1743074715346,2025/03/27 11:25:15.346,CLEAR,DAYLIGHT,DRY,DETECTOR_FAULT,NONE
CR00431,INT0145,KS,STB,PM Peak,1733330104257,2024/12/04 16:35:04.257,ANGLE,C,2,6,WBT,WB,7,CONNECTED_VEHICLE,1733330098508,2024/12/04 16:34:58.508,62.8000,495.1000,1733330103892,2024/12/04 16:35:03.892,CLEAR,DAYLIGHT,DRY,DESIGN_DEFICIENT,NONE
CR00432,INT0054,KS,STB,Weekend,1736690965262,2025/01/12 14:09:25.262,ANGLE,C,3,1,WBL,WB,2,EVENT_DATA_RECORDER,1736690959999,2025/01/12 14:09:19.999,37.5000,241.7000,1736690964407,2025/01/12 14:09:24.407,CLOUDY,DAYLIGHT,WET,DESIGN_DEFICIENT,NONE
CR00433,INT0155,AV,RIV,Midday,1755862066079,2025/08/22 11:27:46.079,ANGLE,O,2,2,EBT,EB,3,EVENT_DATA_RECORDER,1755862060882,2025/08/22 11:27:40.882,54.5000,379.6000,1755862065625,2025/08/22 11:27:45.625,CLEAR,DAYLIGHT,DRY,DETECTOR_FAULT,NONE
CR00434,INT0036,KS,STB,Weekend,1725794718651,2024/09/08 11:25:18.651,ANGLE,C,2,2,EBT,EB,3,VIDEO_ANALYTICS,1725794713031,2024/09/08 11:25:13.031,56.6000,424.5000,1725794718214,2024/09/08 11:25:18.214,CLEAR,DAYLIGHT,DRY,COMPLIANT_RED_ENTRY,NONE
CR00435,INT0072,AV,RIV,Midday,1726746414723,2024/09/19 11:46:54.723,LEFT_TURN,B,3,2,EBT,EB,1,EVENT_DATA_RECORDER,1726746408451,2024/09/19 11:46:48.451,50.3000,422.3000,1726746414244,2024/09/19 11:46:54.244,CLEAR,DAYLIGHT,DRY,LAWFUL_ENTRY,NONE
CR00436,INT0075,AV,CDF,Weekend,1705142559920,2024/01/13 10:42:39.920,ANGLE,C,4,5,EBL,EB,6,CONNECTED_VEHICLE,1705142554328,2024/01/13 10:42:34.328,40.2000,288.0000,1705142559146,2024/01/13 10:42:39.146,CLEAR,DAYLIGHT,DRY,CONTROLLER_DEVIATION,YELLOW_TRUNCATED
CR00437,INT0037,AV,CDF,PM Peak,1727195388444,2024/09/24 16:29:48.444,LEFT_TURN,B,2,1,WBL,WB,2,CONNECTED_VEHICLE,1727195382055,2024/09/24 16:29:42.055,38.7000,314.1000,1727195387526,2024/09/24 16:29:47.526,CLEAR,DAYLIGHT,DRY,LAWFUL_ENTRY,NONE
CR00438,INT0039,AV,HBP,PM Peak,1756140708636,2025/08/25 16:51:48.636,ANGLE,B,3,4,SBT,SB,1,VIDEO_ANALYTICS,1756140702324,2025/08/25 16:51:42.324,33.6000,259.1000,1756140707599,2025/08/25 16:51:47.599,CLEAR,DAYLIGHT,DRY,COMPLIANT_RED_ENTRY,NONE
CR00439,INT0155,AV,RIV,Weekend,1758454002373,2025/09/21 11:26:42.373,ANGLE,O,3,4,SBT,SB,1,EVENT_DATA_RECORDER,1758453995957,2025/09/21 11:26:35.957,40.7000,305.8000,1758454001238,2025/09/21 11:26:41.238,CLEAR,DAYLIGHT,WET,COMPLIANT_RED_ENTRY,NONE
CR00440,INT0126,KS,NGT,Weekend,1744549819019,2025/04/13 13:10:19.019,ANGLE,B,4,3,NBL,NB,4,CONNECTED_VEHICLE,1744549811843,2025/04/13 13:10:11.843,34.7000,288.6000,1744549817557,2025/04/13 13:10:17.557,CLEAR,DAYLIGHT,DRY,COMPLIANT_RED_ENTRY,NONE
CR00441,INT0022,AV,CDF,AM Peak,1755591941440,2025/08/19 08:25:41.440,ANGLE,C,3,2,EBT,EB,3,EVENT_DATA_RECORDER,1755591936437,2025/08/19 08:25:36.437,61.5000,391.2000,1755591940870,2025/08/19 08:25:40.870,CLOUDY,DAYLIGHT,DRY,CONTROLLER_DEVIATION,YELLOW_TRUNCATED
CR00442,INT0026,KS,STB,PM Peak,1751300957990,2025/06/30 16:29:17.990,ANGLE,B,4,2,EBT,EB,3,EVENT_DATA_RECORDER,1751300952485,2025/06/30 16:29:12.485,43.4000,317.5000,1751300957395,2025/06/30 16:29:17.395,CLEAR,DAYLIGHT,DRY,CONTROLLER_DEVIATION,YELLOW_TRUNCATED
CR00443,INT0048,AV,HBP,Weekend,1711898928082,2024/03/31 15:28:48.082,LEFT_TURN,O,4,4,SBT,SB,3,EVENT_DATA_RECORDER,1711898920970,2024/03/31 15:28:40.970,23.3000,198.4000,1711898926508,2024/03/31 15:28:46.508,RAIN,DAYLIGHT,WET,LAWFUL_ENTRY,NONE
CR00444,INT0085,AV,HBP,Midday,1757418074118,2025/09/09 11:41:14.118,ANGLE,O,2,4,SBT,SB,1,CONNECTED_VEHICLE,1757418068103,2025/09/09 11:41:08.103,35.3000,256.1000,1757418073000,2025/09/09 11:41:13.000,RAIN,DAYLIGHT,WET,COMPLIANT_RED_ENTRY,NONE
CR00445,INT0084,AV,HBP,Midday,1709810723362,2024/03/07 11:25:23.362,ANGLE,C,2,2,EBT,EB,3,CONNECTED_VEHICLE,1709810717842,2024/03/07 11:25:17.842,36.1000,243.1000,1709810722506,2024/03/07 11:25:22.506,CLOUDY,DAYLIGHT,DRY,COMPLIANT_RED_ENTRY,NONE
CR00446,INT0107,KS,MLB,PM Peak,1727973210820,2024/10/03 16:33:30.820,ANGLE,C,3,2,EBT,EB,3,VIDEO_ANALYTICS,1727973204656,2024/10/03 16:33:24.656,37.8000,308.7000,1727973210218,2024/10/03 16:33:30.218,CLEAR,DAYLIGHT,DRY,DETECTOR_FAULT,NONE
CR00447,INT0074,AV,CDF,Weekend,1726918382309,2024/09/21 11:33:02.309,ANGLE,O,2,4,SBT,SB,1,VIDEO_ANALYTICS,1726918376031,2024/09/21 11:32:56.031,33.7000,245.9000,1726918380963,2024/09/21 11:33:00.963,SNOW,DAYLIGHT,ICE,DETECTOR_FAULT,NONE
CR00448,INT0080,AV,HBP,Weekend,1723303803191,2024/08/10 15:30:03.191,ANGLE,O,2,2,EBT,EB,3,EVENT_DATA_RECORDER,1723303796838,2024/08/10 15:29:56.838,43.1000,362.8000,1723303802589,2024/08/10 15:30:02.589,CLEAR,DAYLIGHT,DRY,COMPLIANT_RED_ENTRY,NONE
CR00449,INT0120,KS,MLB,Midday,1757937157010,2025/09/15 11:52:37.010,ANGLE,A,2,4,SBT,SB,1,EVENT_DATA_RECORDER,1757937151595,2025/09/15 11:52:31.595,30.1000,180.2000,1757937155690,2025/09/15 11:52:35.690,CLEAR,DAYLIGHT,DRY,DETECTOR_FAULT,NONE
CR00450,INT0148,AV,RIV,Weekend,1744548762615,2025/04/13 12:52:42.615,LEFT_TURN,O,4,4,SBT,SB,3,EVENT_DATA_RECORDER,1744548755337,2025/04/13 12:52:35.337,23.4000,181.3000,1744548760771,2025/04/13 12:52:40.771,CLOUDY,DAYLIGHT,DRY,LAWFUL_ENTRY,NONE
CR00451,INT0091,AV,CDF,Midday,1708342330267,2024/02/19 11:32:10.267,ANGLE,O,4,1,WBL,WB,2,VIDEO_ANALYTICS,1708342325283,2024/02/19 11:32:05.283,42.2000,275.3000,1708342329753,2024/02/19 11:32:09.753,RAIN,DAYLIGHT,WET,CONTROLLER_DEVIATION,YELLOW_TRUNCATED
CR00452,INT0065,AV,RIV,Midday,1705062727515,2024/01/12 12:32:07.515,LEFT_TURN,O,2,7,SBL,SB,8,VIDEO_ANALYTICS,1705062720498,2024/01/12 12:32:00.498,29.3000,247.1000,1705062726162,2024/01/12 12:32:06.162,CLEAR,DAYLIGHT,DRY,LAWFUL_ENTRY,NONE
CR00453,INT0085,AV,HBP,Weekend,1766317563897,2025/12/21 11:46:03.897,ANGLE,O,2,1,WBL,WB,2,VIDEO_ANALYTICS,1766317558154,2025/12/21 11:45:58.154,55.7000,416.0000,1766317563347,2025/12/21 11:46:03.347,CLEAR,DAYLIGHT,DRY,COMPLIANT_RED_ENTRY,NONE
CR00454,INT0127,AV,RIV,Midday,1705061893566,2024/01/12 12:18:13.566,ANGLE,O,3,6,WBT,WB,7,EVENT_DATA_RECORDER,1705061887077,2024/01/12 12:18:07.077,48.5000,417.1000,1705061893028,2024/01/12 12:18:13.028,CLOUDY,DAYLIGHT,DRY,COMPLIANT_RED_ENTRY,NONE
CR00455,INT0122,AV,CDF,Midday,1754397793857,2025/08/05 12:43:13.857,ANGLE,O,2,6,WBT,WB,7,EVENT_DATA_RECORDER,1754397787598,2025/08/05 12:43:07.598,44.3000,369.2000,1754397793164,2025/08/05 12:43:13.164,CLEAR,DAYLIGHT,DRY,DESIGN_DEFICIENT,NONE
CR00456,INT0157,AV,HBP,Midday,1738846196675,2025/02/06 12:49:56.675,ANGLE,O,2,7,SBL,SB,8,VIDEO_ANALYTICS,1738846190050,2025/02/06 12:49:50.050,25.9000,201.0000,1738846195305,2025/02/06 12:49:55.305,CLEAR,DAYLIGHT,DRY,CONTROLLER_DEVIATION,YELLOW_TRUNCATED
CR00457,INT0084,AV,HBP,PM Peak,1747157035077,2025/05/13 17:23:55.077,ANGLE,B,2,5,EBL,EB,6,EVENT_DATA_RECORDER,1747157029512,2025/05/13 17:23:49.512,25.1000,165.0000,1747157033858,2025/05/13 17:23:53.858,SNOW,DAYLIGHT,ICE,CONTROLLER_DEVIATION,YELLOW_TRUNCATED
CR00458,INT0088,AV,CDF,AM Peak,1758617099118,2025/09/23 08:44:59.118,ANGLE,A,3,7,SBL,SB,8,EVENT_DATA_RECORDER,1758617093571,2025/09/23 08:44:53.571,33.4000,209.8000,1758617097884,2025/09/23 08:44:57.884,CLEAR,DAYLIGHT,DRY,COMPLIANT_RED_ENTRY,NONE
CR00459,INT0143,AV,RIV,AM Peak,1761296096495,2025/10/24 08:54:56.495,ANGLE,C,4,6,WBT,WB,7,VIDEO_ANALYTICS,1761296091738,2025/10/24 08:54:51.738,43.2000,264.6000,1761296095918,2025/10/24 08:54:55.918,CLEAR,DAYLIGHT,DRY,DESIGN_DEFICIENT,NONE
CR00460,INT0091,AV,CDF,AM Peak,1704870688996,2024/01/10 07:11:28.996,ANGLE,C,4,2,EBT,EB,3,EVENT_DATA_RECORDER,1704870683184,2024/01/10 07:11:23.184,51.5000,396.3000,1704870688537,2024/01/10 07:11:28.537,CLOUDY,DAYLIGHT,DRY,CONTROLLER_DEVIATION,YELLOW_TRUNCATED
CR00461,INT0038,KS,NGT,PM Peak,1752164651560,2025/07/10 16:24:11.560,ANGLE,O,3,4,SBT,SB,1,VIDEO_ANALYTICS,1752164644587,2025/07/10 16:24:04.587,35.3000,291.9000,1752164650171,2025/07/10 16:24:10.171,SNOW,DAYLIGHT,ICE,DETECTOR_FAULT,NONE
CR00462,INT0051,AV,RIV,PM Peak,1748454816908,2025/05/28 17:53:36.908,ANGLE,B,2,4,SBT,SB,1,EVENT_DATA_RECORDER,1748454810243,2025/05/28 17:53:30.243,29.6000,229.2000,1748454815580,2025/05/28 17:53:35.580,CLEAR,DAYLIGHT,DRY,COMPLIANT_RED_ENTRY,NONE
CR00463,INT0105,KS,STB,PM Peak,1731001291955,2024/11/07 17:41:31.955,ANGLE,B,2,3,NBL,NB,4,VIDEO_ANALYTICS,1731001286031,2024/11/07 17:41:26.031,31.9000,223.5000,1731001290790,2024/11/07 17:41:30.790,CLEAR,DAYLIGHT,DRY,DESIGN_DEFICIENT,NONE
CR00464,INT0116,KS,STB,AM Peak,1707812000503,2024/02/13 08:13:20.503,ANGLE,C,2,6,WBT,WB,7,EVENT_DATA_RECORDER,1707811995017,2024/02/13 08:13:15.017,51.3000,363.5000,1707811999821,2024/02/13 08:13:19.821,CLOUDY,DAYLIGHT,DRY,COMPLIANT_RED_ENTRY,NONE
CR00465,INT0015,KS,STB,Weekend,1710672471682,2024/03/17 10:47:51.682,ANGLE,C,2,8,NBT,NB,5,VIDEO_ANALYTICS,1710672464582,2024/03/17 10:47:44.582,28.6000,256.3000,1710672470581,2024/03/17 10:47:50.581,CLEAR,DAYLIGHT,DRY,COMPLIANT_RED_ENTRY,NONE
CR00466,INT0051,AV,RIV,AM Peak,1746602934382,2025/05/07 07:28:54.382,ANGLE,B,2,7,SBL,SB,8,CONNECTED_VEHICLE,1746602927299,2025/05/07 07:28:47.299,23.6000,184.1000,1746602932698,2025/05/07 07:28:52.698,CLOUDY,DAYLIGHT,DRY,COMPLIANT_RED_ENTRY,NONE
CR00467,INT0167,KS,MLB,AM Peak,1729756128200,2024/10/24 07:48:48.200,ANGLE,O,2,3,NBL,NB,4,EVENT_DATA_RECORDER,1729756121177,2024/10/24 07:48:41.177,29.7000,244.1000,1729756126883,2024/10/24 07:48:46.883,RAIN,DAYLIGHT,WET,DESIGN_DEFICIENT,NONE
CR00468,INT0047,AV,RIV,AM Peak,1724143244268,2024/08/20 08:40:44.268,ANGLE,A,3,5,EBL,EB,6,EVENT_DATA_RECORDER,1724143238017,2024/08/20 08:40:38.017,40.7000,327.7000,1724143243582,2024/08/20 08:40:43.582,RAIN,DAYLIGHT,WET,COMPLIANT_RED_ENTRY,NONE
CR00469,INT0157,AV,HBP,Midday,1740487947319,2025/02/25 12:52:27.319,ANGLE,B,2,3,NBL,NB,4,EVENT_DATA_RECORDER,1740487940513,2025/02/25 12:52:20.513,38.1000,325.6000,1740487946389,2025/02/25 12:52:26.389,CLOUDY,DAYLIGHT,DRY,COMPLIANT_RED_ENTRY,NONE
CR00470,INT0127,AV,RIV,Midday,1705576617289,2024/01/18 11:16:57.289,ANGLE,O,4,1,WBL,WB,2,VIDEO_ANALYTICS,1705576610955,2024/01/18 11:16:50.955,37.3000,297.8000,1705576616539,2024/01/18 11:16:56.539,CLEAR,DAYLIGHT,DRY,CONTROLLER_DEVIATION,YELLOW_TRUNCATED
CR00471,INT0030,AV,RIV,PM Peak,1766510456555,2025/12/23 17:20:56.555,LEFT_TURN,K,2,6,WBT,WB,5,CONNECTED_VEHICLE,1766510451902,2025/12/23 17:20:51.902,41.8000,252.8000,1766510455931,2025/12/23 17:20:55.931,RAIN,DAYLIGHT,WET,LAWFUL_ENTRY,NONE
CR00472,INT0139,AV,HBP,AM Peak,1740383569073,2025/02/24 07:52:49.073,ANGLE,O,2,6,WBT,WB,7,CONNECTED_VEHICLE,1740383564295,2025/02/24 07:52:44.295,51.1000,322.5000,1740383568566,2025/02/24 07:52:48.566,RAIN,DAYLIGHT,WET,CONTROLLER_DEVIATION,YELLOW_TRUNCATED
CR00473,INT0032,KS,MLB,Midday,1727957414494,2024/10/03 12:10:14.494,ANGLE,C,3,5,EBL,EB,6,EVENT_DATA_RECORDER,1727957408706,2024/10/03 12:10:08.706,29.8000,198.5000,1727957413274,2024/10/03 12:10:13.274,CLEAR,DAYLIGHT,DRY,DESIGN_DEFICIENT,NONE
CR00474,INT0166,AV,CDF,Midday,1749122321544,2025/06/05 11:18:41.544,ANGLE,C,2,2,EBT,EB,3,EVENT_DATA_RECORDER,1749122316343,2025/06/05 11:18:36.343,52.4000,346.9000,1749122320968,2025/06/05 11:18:40.968,CLOUDY,DAYLIGHT,DRY,COMPLIANT_RED_ENTRY,NONE
CR00475,INT0030,AV,RIV,AM Peak,1719303261218,2024/06/25 08:14:21.218,ANGLE,B,4,6,WBT,WB,7,EVENT_DATA_RECORDER,1719303254384,2024/06/25 08:14:14.384,31.8000,281.0000,1719303260399,2024/06/25 08:14:20.399,CLEAR,DAYLIGHT,DRY,COMPLIANT_RED_ENTRY,NONE
CR00476,INT0027,AV,CDF,PM Peak,1742921398294,2025/03/25 16:49:58.294,ANGLE,C,2,1,WBL,WB,2,EVENT_DATA_RECORDER,1742921391893,2025/03/25 16:49:51.893,47.6000,400.2000,1742921397794,2025/03/25 16:49:57.794,CLOUDY,DAYLIGHT,DRY,COMPLIANT_RED_ENTRY,NONE
CR00477,INT0170,AV,HBP,Weekend,1711797259790,2024/03/30 11:14:19.790,ANGLE,O,2,5,EBL,EB,6,VIDEO_ANALYTICS,1711797253105,2024/03/30 11:14:13.105,36.9000,302.3000,1711797258809,2024/03/30 11:14:18.809,CLEAR,DAYLIGHT,DRY,DESIGN_DEFICIENT,NONE
CR00478,INT0131,AV,CDF,AM Peak,1737445173549,2025/01/21 07:39:33.549,ANGLE,O,2,1,WBL,WB,2,VIDEO_ANALYTICS,1737445168561,2025/01/21 07:39:28.561,38.2000,235.9000,1737445172933,2025/01/21 07:39:32.933,RAIN,DAYLIGHT,WET,CONTROLLER_DEVIATION,YELLOW_TRUNCATED
CR00479,INT0148,AV,RIV,Weekend,1708861909236,2024/02/25 11:51:49.236,ANGLE,O,2,7,SBL,SB,8,VIDEO_ANALYTICS,1708861902157,2024/02/25 11:51:42.157,26.7000,213.3000,1708861907624,2024/02/25 11:51:47.624,FOG,DAYLIGHT,DRY,COMPLIANT_RED_ENTRY,NONE
CR00480,INT0009,AV,CDF,Weekend,1758970140869,2025/09/27 10:49:00.869,ANGLE,C,2,8,NBT,NB,5,EVENT_DATA_RECORDER,1758970135872,2025/09/27 10:48:55.872,44.0000,264.6000,1758970140033,2025/09/27 10:49:00.033,CLEAR,DAYLIGHT,DRY,DETECTOR_FAULT,NONE
CR00481,INT0073,KS,STB,Midday,1739364583293,2025/02/12 12:49:43.293,ANGLE,A,3,5,EBL,EB,6,EVENT_DATA_RECORDER,1739364576509,2025/02/12 12:49:36.509,37.6000,320.7000,1739364582454,2025/02/12 12:49:42.454,SNOW,DAYLIGHT,ICE,COMPLIANT_RED_ENTRY,NONE
CR00482,INT0061,AV,RIV,AM Peak,1722930924517,2024/08/06 07:55:24.517,LEFT_TURN,C,4,1,WBL,WB,2,VIDEO_ANALYTICS,1722930919943,2024/08/06 07:55:19.943,53.9000,325.9000,1722930924080,2024/08/06 07:55:24.080,CLEAR,DAYLIGHT,WET,LAWFUL_ENTRY,NONE
CR00483,INT0105,KS,STB,Midday,1748519476859,2025/05/29 11:51:16.859,ANGLE,O,2,1,WBL,WB,2,VIDEO_ANALYTICS,1748519471084,2025/05/29 11:51:11.084,45.6000,336.1000,1748519476168,2025/05/29 11:51:16.168,RAIN,DAYLIGHT,WET,DESIGN_DEFICIENT,NONE
CR00484,INT0085,AV,HBP,Midday,1765971002632,2025/12/17 11:30:02.632,ANGLE,C,2,7,SBL,SB,8,EVENT_DATA_RECORDER,1765970995767,2025/12/17 11:29:55.767,31.7000,269.0000,1765971001395,2025/12/17 11:30:01.395,RAIN,DAYLIGHT,WET,COMPLIANT_RED_ENTRY,NONE
CR00485,INT0142,AV,HBP,Midday,1758800363986,2025/09/25 11:39:23.986,ANGLE,B,2,2,EBT,EB,3,VIDEO_ANALYTICS,1758800357863,2025/09/25 11:39:17.863,46.1000,374.9000,1758800363477,2025/09/25 11:39:23.477,FOG,DAYLIGHT,DRY,COMPLIANT_RED_ENTRY,NONE
CR00486,INT0083,KS,MLB,Weekend,1716732642600,2024/05/26 14:10:42.600,LEFT_TURN,O,2,4,SBT,SB,3,CONNECTED_VEHICLE,1716732636203,2024/05/26 14:10:36.203,32.0000,241.7000,1716732641416,2024/05/26 14:10:41.416,CLEAR,DAYLIGHT,DRY,LAWFUL_ENTRY,NONE
CR00487,INT0029,AV,RIV,Midday,1758803548193,2025/09/25 12:32:28.193,ANGLE,O,4,5,EBL,EB,6,CONNECTED_VEHICLE,1758803542174,2025/09/25 12:32:22.174,49.5000,405.2000,1758803547760,2025/09/25 12:32:27.760,CLEAR,DAYLIGHT,DRY,COMPLIANT_RED_ENTRY,NONE
CR00488,INT0020,KS,NGT,AM Peak,1727165753918,2024/09/24 08:15:53.918,ANGLE,C,4,6,WBT,WB,7,CONNECTED_VEHICLE,1727165748367,2024/09/24 08:15:48.367,38.5000,279.7000,1727165753279,2024/09/24 08:15:53.279,CLOUDY,DAYLIGHT,DRY,COMPLIANT_RED_ENTRY,NONE
CR00489,INT0035,KS,STB,PM Peak,1724088323470,2024/08/19 17:25:23.470,ANGLE,C,3,1,WBL,WB,2,CONNECTED_VEHICLE,1724088317149,2024/08/19 17:25:17.149,41.3000,350.1000,1724088322826,2024/08/19 17:25:22.826,CLEAR,DAYLIGHT,WET,DESIGN_DEFICIENT,NONE
CR00490,INT0144,KS,MLB,Weekend,1760796706039,2025/10/18 14:11:46.039,ANGLE,O,2,8,NBT,NB,5,VIDEO_ANALYTICS,1760796700187,2025/10/18 14:11:40.187,34.7000,238.9000,1760796704926,2025/10/18 14:11:44.926,CLOUDY,DAYLIGHT,DRY,DESIGN_DEFICIENT,NONE
CR00491,INT0039,AV,HBP,Weekend,1735487083564,2024/12/29 15:44:43.564,ANGLE,O,2,7,SBL,SB,8,EVENT_DATA_RECORDER,1735487077826,2024/12/29 15:44:37.826,42.4000,306.3000,1735487082782,2024/12/29 15:44:42.782,CLEAR,DAYLIGHT,WET,COMPLIANT_RED_ENTRY,NONE
CR00492,INT0013,KS,NGT,AM Peak,1760516529294,2025/10/15 08:22:09.294,ANGLE,B,3,3,NBL,NB,4,VIDEO_ANALYTICS,1760516522124,2025/10/15 08:22:02.124,27.3000,233.6000,1760516527990,2025/10/15 08:22:07.990,CLOUDY,DAYLIGHT,DRY,CONTROLLER_DEVIATION,RED_CLEARANCE_OMITTED
CR00493,INT0018,AV,CDF,PM Peak,1712596834623,2024/04/08 17:20:34.623,ANGLE,O,3,2,EBT,EB,3,EVENT_DATA_RECORDER,1712596829052,2024/04/08 17:20:29.052,61.9000,469.6000,1712596834195,2024/04/08 17:20:34.195,CLEAR,DAYLIGHT,DRY,DESIGN_DEFICIENT,NONE
CR00494,INT0095,KS,STB,Midday,1744284815555,2025/04/10 11:33:35.555,ANGLE,C,2,1,WBL,WB,2,EVENT_DATA_RECORDER,1744284809725,2025/04/10 11:33:29.725,50.0000,395.6000,1744284815129,2025/04/10 11:33:35.129,CLOUDY,DAYLIGHT,DRY,DESIGN_DEFICIENT,NONE
CR00495,INT0075,AV,CDF,Weekend,1766316104921,2025/12/21 11:21:44.921,ANGLE,B,2,8,NBT,NB,5,EVENT_DATA_RECORDER,1766316098823,2025/12/21 11:21:38.823,31.8000,233.4000,1766316103825,2025/12/21 11:21:43.825,CLEAR,DAYLIGHT,DRY,COMPLIANT_RED_ENTRY,NONE
CR00496,INT0054,KS,STB,Midday,1721305907762,2024/07/18 12:31:47.762,ANGLE,O,3,6,WBT,WB,7,EVENT_DATA_RECORDER,1721305901354,2024/07/18 12:31:41.354,47.8000,399.3000,1721305907082,2024/07/18 12:31:47.082,CLEAR,DAYLIGHT,DRY,DESIGN_DEFICIENT,NONE
CR00497,INT0075,AV,CDF,AM Peak,1741937786788,2025/03/14 07:36:26.788,ANGLE,A,3,6,WBT,WB,7,EVENT_DATA_RECORDER,1741937780268,2025/03/14 07:36:20.268,48.3000,420.6000,1741937786133,2025/03/14 07:36:26.133,RAIN,DAYLIGHT,WET,DETECTOR_FAULT,NONE
CR00498,INT0163,AV,HBP,PM Peak,1750960529932,2025/06/26 17:55:29.932,ANGLE,B,2,6,WBT,WB,7,VIDEO_ANALYTICS,1750960525123,2025/06/26 17:55:25.123,58.7000,356.6000,1750960529350,2025/06/26 17:55:29.350,SNOW,DAYLIGHT,ICE,DESIGN_DEFICIENT,NONE
CR00499,INT0018,AV,CDF,AM Peak,1754033364185,2025/08/01 07:29:24.185,ANGLE,A,2,8,NBT,NB,5,VIDEO_ANALYTICS,1754033357067,2025/08/01 07:29:17.067,29.5000,250.7000,1754033362874,2025/08/01 07:29:22.874,CLEAR,DAYLIGHT,DRY,COMPLIANT_RED_ENTRY,NONE
CR00500,INT0062,KS,NGT,AM Peak,1704789089499,2024/01/09 08:31:29.499,ANGLE,A,3,8,NBT,NB,5,EVENT_DATA_RECORDER,1704789083280,2024/01/09 08:31:23.280,30.2000,228.3000,1704789088219,2024/01/09 08:31:28.219,CLEAR,DAYLIGHT,DRY,COMPLIANT_RED_ENTRY,NONE
CR00501,INT0096,AV,HBP,Weekend,1720881328365,2024/07/13 14:35:28.365,ANGLE,O,2,7,SBL,SB,8,EVENT_DATA_RECORDER,1720881321715,2024/07/13 14:35:21.715,31.3000,239.8000,1720881327110,2024/07/13 14:35:27.110,CLOUDY,DAYLIGHT,DRY,CONTROLLER_DEVIATION,RED_CLEARANCE_OMITTED
CR00502,INT0086,AV,CDF,Weekend,1746281790985,2025/05/03 14:16:30.985,LEFT_TURN,B,2,5,EBL,EB,6,CONNECTED_VEHICLE,1746281785451,2025/05/03 14:16:25.451,48.6000,360.3000,1746281790452,2025/05/03 14:16:30.452,CLEAR,DAYLIGHT,DRY,LAWFUL_ENTRY,NONE
CR00503,INT0053,AV,RIV,Midday,1729252093149,2024/10/18 11:48:13.149,ANGLE,B,2,3,NBL,NB,4,VIDEO_ANALYTICS,1729252087075,2024/10/18 11:48:07.075,32.4000,235.4000,1729252092103,2024/10/18 11:48:12.103,RAIN,DAYLIGHT,WET,COMPLIANT_RED_ENTRY,NONE
CR00504,INT0071,AV,RIV,PM Peak,1741971247064,2025/03/14 16:54:07.064,LEFT_TURN,B,2,6,WBT,WB,5,EVENT_DATA_RECORDER,1741971241275,2025/03/14 16:54:01.275,30.8000,221.6000,1741971246219,2025/03/14 16:54:06.219,CLEAR,DAYLIGHT,DRY,LAWFUL_ENTRY,NONE
CR00505,INT0140,AV,RIV,AM Peak,1755760806022,2025/08/21 07:20:06.022,ANGLE,B,2,8,NBT,NB,5,EVENT_DATA_RECORDER,1755760800615,2025/08/21 07:20:00.615,37.4000,237.9000,1755760804964,2025/08/21 07:20:04.964,CLOUDY,DAYLIGHT,DRY,COMPLIANT_RED_ENTRY,NONE
CR00506,INT0062,KS,NGT,Weekend,1705145050901,2024/01/13 11:24:10.901,LEFT_TURN,B,4,2,EBT,EB,1,VIDEO_ANALYTICS,1705145045638,2024/01/13 11:24:05.638,54.7000,376.5000,1705145050341,2024/01/13 11:24:10.341,CLEAR,DAYLIGHT,DRY,LAWFUL_ENTRY,NONE
CR00507,INT0008,AV,RIV,AM Peak,1726731175598,2024/09/19 07:32:55.598,ANGLE,O,2,7,SBL,SB,8,EVENT_DATA_RECORDER,1726731170085,2024/09/19 07:32:50.085,33.0000,191.1000,1726731174134,2024/09/19 07:32:54.134,CLEAR,DAYLIGHT,DRY,COMPLIANT_RED_ENTRY,NONE
CR00508,INT0136,AV,HBP,Midday,1737463576594,2025/01/21 12:46:16.594,ANGLE,B,4,8,NBT,NB,5,EVENT_DATA_RECORDER,1737463570829,2025/01/21 12:46:10.829,33.5000,225.3000,1737463575404,2025/01/21 12:46:15.404,RAIN,DAYLIGHT,WET,COMPLIANT_RED_ENTRY,NONE
CR00509,INT0122,AV,CDF,Weekend,1713097766085,2024/04/14 12:29:26.085,ANGLE,O,2,6,WBT,WB,7,VIDEO_ANALYTICS,1713097759986,2024/04/14 12:29:19.986,47.6000,376.7000,1713097765403,2024/04/14 12:29:25.403,CLEAR,DAYLIGHT,DRY,DESIGN_DEFICIENT,NONE
CR00510,INT0120,KS,MLB,Weekend,1714817643981,2024/05/04 10:14:03.981,ANGLE,O,4,2,EBT,EB,3,EVENT_DATA_RECORDER,1714817638916,2024/05/04 10:13:58.916,41.7000,265.1000,1714817643303,2024/05/04 10:14:03.303,CLOUDY,DAYLIGHT,DRY,DETECTOR_FAULT,NONE
CR00511,INT0099,AV,CDF,AM Peak,1762760721265,2025/11/10 07:45:21.265,ANGLE,B,2,3,NBL,NB,4,EVENT_DATA_RECORDER,1762760714976,2025/11/10 07:45:14.976,31.3000,212.4000,1762760719752,2025/11/10 07:45:19.752,CLEAR,DAYLIGHT,DRY,CONTROLLER_DEVIATION,YELLOW_TRUNCATED
CR00512,INT0033,KS,STB,Weekend,1742052485697,2025/03/15 15:28:05.697,LEFT_TURN,B,2,5,EBL,EB,6,VIDEO_ANALYTICS,1742052479642,2025/03/15 15:27:59.642,57.1000,479.8000,1742052485266,2025/03/15 15:28:05.266,CLEAR,DAYLIGHT,DRY,LAWFUL_ENTRY,NONE
CR00513,INT0139,AV,HBP,Midday,1733229630101,2024/12/03 12:40:30.101,ANGLE,O,2,5,EBL,EB,6,EVENT_DATA_RECORDER,1733229625125,2024/12/03 12:40:25.125,52.6000,343.5000,1733229629595,2024/12/03 12:40:29.595,CLEAR,DAYLIGHT,DRY,COMPLIANT_RED_ENTRY,NONE
CR00514,INT0132,KS,STB,Weekend,1740925086599,2025/03/02 14:18:06.599,ANGLE,C,4,6,WBT,WB,7,EVENT_DATA_RECORDER,1740925081462,2025/03/02 14:18:01.462,56.5000,389.8000,1740925086125,2025/03/02 14:18:06.125,CLEAR,DAYLIGHT,DRY,DESIGN_DEFICIENT,NONE
CR00515,INT0149,KS,MLB,AM Peak,1713256206907,2024/04/16 08:30:06.907,ANGLE,O,4,7,SBL,SB,8,EVENT_DATA_RECORDER,1713256201462,2024/04/16 08:30:01.462,40.0000,266.3000,1713256206037,2024/04/16 08:30:06.037,SNOW,DAYLIGHT,ICE,COMPLIANT_RED_ENTRY,NONE
CR00516,INT0156,AV,RIV,PM Peak,1740073127554,2025/02/20 17:38:47.554,ANGLE,C,4,1,WBL,WB,2,CONNECTED_VEHICLE,1740073122262,2025/02/20 17:38:42.262,45.7000,313.7000,1740073126874,2025/02/20 17:38:46.874,CLEAR,DAYLIGHT,DRY,CONTROLLER_DEVIATION,YELLOW_TRUNCATED
CR00517,INT0121,AV,HBP,Midday,1751024311306,2025/06/27 11:38:31.306,ANGLE,O,3,4,SBT,SB,1,EVENT_DATA_RECORDER,1751024305210,2025/06/27 11:38:25.210,26.6000,172.2000,1751024309702,2025/06/27 11:38:29.702,CLEAR,DAYLIGHT,DRY,DETECTOR_FAULT,NONE
CR00518,INT0027,AV,CDF,AM Peak,1754554857529,2025/08/07 08:20:57.529,LEFT_TURN,O,3,2,EBT,EB,1,VIDEO_ANALYTICS,1754554852195,2025/08/07 08:20:52.195,41.2000,283.1000,1754554856980,2025/08/07 08:20:56.980,CLEAR,DAYLIGHT,DRY,LAWFUL_ENTRY,NONE
CR00519,INT0117,AV,HBP,PM Peak,1717691710788,2024/06/06 16:35:10.788,ANGLE,C,2,4,SBT,SB,1,CONNECTED_VEHICLE,1717691704320,2024/06/06 16:35:04.320,38.9000,294.3000,1717691709615,2024/06/06 16:35:09.615,CLEAR,DAYLIGHT,DRY,DETECTOR_FAULT,NONE
CR00520,INT0131,AV,CDF,PM Peak,1762964939430,2025/11/12 16:28:59.430,ANGLE,C,2,1,WBL,WB,2,CONNECTED_VEHICLE,1762964933659,2025/11/12 16:28:53.659,40.7000,312.7000,1762964938898,2025/11/12 16:28:58.898,CLEAR,DAYLIGHT,DRY,COMPLIANT_RED_ENTRY,NONE
