fault_id,intersection_id,detector_channel,nema_phase,detector_function,detector_type,fault_code,fault_start_epoch_ms,fault_detected_epoch_ms,fault_cleared_epoch_ms,fault_start_stamp,fault_detected_stamp,fault_cleared_stamp,fallback_mode,work_order_id,reported_by
DF001384,INT0067,8,4,ADVANCE,Inductive Loop,WATCHDOG_FAILURE,1704081600000,1704092430259,1704419386460,2024/01/01 04:00:00.000,2024/01/01 07:00:30.259,2024/01/05 01:49:46.460,MAX_RECALL,WO001384,CONTROLLER_DIAGNOSTIC
DF000244,INT0102,1,1,STOP_BAR,Inductive Loop,WATCHDOG_FAILURE,1704117600000,1704122054434,1704530582221,2024/01/01 14:00:00.000,2024/01/01 15:14:14.434,2024/01/06 08:43:02.221,MAX_RECALL,WO000244,CONTROLLER_DIAGNOSTIC
DF000609,INT0076,13,7,STOP_BAR,Inductive Loop,OPEN_LOOP,1704135600000,1704149986848,1704497746230,2024/01/01 19:00:00.000,2024/01/01 22:59:46.848,2024/01/05 23:35:46.230,MAX_RECALL,WO000609,FIELD_CREW
DF001366,INT0145,2,1,ADVANCE,Inductive Loop,WATCHDOG_FAILURE,1704146400000,1704152144775,1704298892469,2024/01/01 22:00:00.000,2024/01/01 23:35:44.775,2024/01/03 16:21:32.469,MAX_RECALL,WO001366,PUBLIC_REPORT
DF001327,INT0047,16,8,ADVANCE,Inductive Loop,EXCESSIVE_INDUCTANCE_CHANGE,1704229200000,1704239037606,1704532459253,2024/01/02 21:00:00.000,2024/01/02 23:43:57.606,2024/01/06 09:14:19.253,MAX_RECALL,WO001327,FIELD_CREW
DF000329,INT0099,12,6,ADVANCE,Inductive Loop,SHORTED_LOOP,1704261600000,1704265761774,1704469306381,2024/01/03 06:00:00.000,2024/01/03 07:09:21.774,2024/01/05 15:41:46.381,MAX_RECALL,WO000329,CONTROLLER_DIAGNOSTIC
DF000589,INT0102,3,2,STOP_BAR,Inductive Loop,OPEN_LOOP,1704384000000,1704387597603,1704497300437,2024/01/04 16:00:00.000,2024/01/04 16:59:57.603,2024/01/05 23:28:20.437,MAX_RECALL,WO000589,FIELD_CREW
DF000457,INT0154,15,8,STOP_BAR,Inductive Loop,EXCESSIVE_INDUCTANCE_CHANGE,1704402000000,1704416392836,1704572410486,2024/01/04 21:00:00.000,2024/01/05 00:59:52.836,2024/01/06 20:20:10.486,MAX_RECALL,WO000457,CONTROLLER_DIAGNOSTIC
DF000897,INT0086,13,7,STOP_BAR,Inductive Loop,OPEN_LOOP,1704427200000,1704430774282,1704595946466,2024/01/05 04:00:00.000,2024/01/05 04:59:34.282,2024/01/07 02:52:26.466,MAX_RECALL,WO000897,CONTROLLER_DIAGNOSTIC
DF000397,INT0067,14,7,ADVANCE,Inductive Loop,OPEN_LOOP,1704427200000,1704435397249,1704835150616,2024/01/05 04:00:00.000,2024/01/05 06:16:37.249,2024/01/09 21:19:10.616,MAX_RECALL,WO000397,CONTROLLER_DIAGNOSTIC
DF000229,INT0101,1,1,STOP_BAR,Inductive Loop,SHORTED_LOOP,1704456000000,1704469236056,1704791166487,2024/01/05 12:00:00.000,2024/01/05 15:40:36.056,2024/01/09 09:06:06.487,MAX_RECALL,WO000229,FIELD_CREW
DF000189,INT0085,5,3,STOP_BAR,Inductive Loop,WATCHDOG_FAILURE,1704560400000,1704567947603,1704930032856,2024/01/06 17:00:00.000,2024/01/06 19:05:47.603,2024/01/10 23:40:32.856,MAX_RECALL,WO000189,CONTROLLER_DIAGNOSTIC
DF000111,INT0017,15,8,STOP_BAR,Inductive Loop,WATCHDOG_FAILURE,1704567600000,1704572870991,1704992631280,2024/01/06 19:00:00.000,2024/01/06 20:27:50.991,2024/01/11 17:03:51.280,MAX_RECALL,WO000111,CONTROLLER_DIAGNOSTIC
DF001403,INT0100,13,7,STOP_BAR,Inductive Loop,WATCHDOG_FAILURE,1704571200000,1704572882463,1704661993501,2024/01/06 20:00:00.000,2024/01/06 20:28:02.463,2024/01/07 21:13:13.501,MAX_RECALL,WO001403,FIELD_CREW
DF000105,INT0124,11,6,STOP_BAR,Inductive Loop,OPEN_LOOP,1704639600000,1704652222623,1705027386021,2024/01/07 15:00:00.000,2024/01/07 18:30:22.623,2024/01/12 02:43:06.021,MAX_RECALL,WO000105,CONTROLLER_DIAGNOSTIC
DF000363,INT0076,7,4,STOP_BAR,Inductive Loop,EXCESSIVE_INDUCTANCE_CHANGE,1704661200000,1704675065036,1704716854632,2024/01/07 21:00:00.000,2024/01/08 00:51:05.036,2024/01/08 12:27:34.632,MAX_RECALL,WO000363,CONTROLLER_DIAGNOSTIC
DF001117,INT0007,12,6,ADVANCE,Inductive Loop,EXCESSIVE_INDUCTANCE_CHANGE,1704733200000,1704746459585,1704865089659,2024/01/08 17:00:00.000,2024/01/08 20:40:59.585,2024/01/10 05:38:09.659,MAX_RECALL,WO001117,CONTROLLER_DIAGNOSTIC
DF000851,INT0070,11,6,STOP_BAR,Inductive Loop,EXCESSIVE_INDUCTANCE_CHANGE,1704780000000,1704781146867,1705016378239,2024/01/09 06:00:00.000,2024/01/09 06:19:06.867,2024/01/11 23:39:38.239,MAX_RECALL,WO000851,CONTROLLER_DIAGNOSTIC
DF001182,INT0079,6,3,ADVANCE,Inductive Loop,WATCHDOG_FAILURE,1704880800000,1704890469812,1705210619247,2024/01/10 10:00:00.000,2024/01/10 12:41:09.812,2024/01/14 05:36:59.247,MAX_RECALL,WO001182,CONTROLLER_DIAGNOSTIC
DF001066,INT0003,2,1,ADVANCE,Inductive Loop,OPEN_LOOP,1704902400000,1704912223199,1705078437008,2024/01/10 16:00:00.000,2024/01/10 18:43:43.199,2024/01/12 16:53:57.008,MAX_RECALL,WO001066,CONTROLLER_DIAGNOSTIC
DF001003,INT0072,1,1,STOP_BAR,Inductive Loop,WATCHDOG_FAILURE,1704970800000,1704984323536,1705084179489,2024/01/11 11:00:00.000,2024/01/11 14:45:23.536,2024/01/12 18:29:39.489,MAX_RECALL,WO001003,FIELD_CREW
DF001028,INT0120,6,3,ADVANCE,Inductive Loop,OPEN_LOOP,1704970800000,1704978469645,1705222074848,2024/01/11 11:00:00.000,2024/01/11 13:07:49.645,2024/01/14 08:47:54.848,MAX_RECALL,WO001028,CONTROLLER_DIAGNOSTIC
DF001024,INT0008,7,4,STOP_BAR,Inductive Loop,SHORTED_LOOP,1705032000000,1705039080676,1705259928195,2024/01/12 04:00:00.000,2024/01/12 05:58:00.676,2024/01/14 19:18:48.195,MAX_RECALL,WO001024,CONTROLLER_DIAGNOSTIC
DF000659,INT0109,13,7,STOP_BAR,Inductive Loop,OPEN_LOOP,1705042800000,1705045806896,1705146981010,2024/01/12 07:00:00.000,2024/01/12 07:50:06.896,2024/01/13 11:56:21.010,MAX_RECALL,WO000659,CONTROLLER_DIAGNOSTIC
DF000932,INT0080,3,2,STOP_BAR,Inductive Loop,OPEN_LOOP,1705118400000,1705126711431,1705326060855,2024/01/13 04:00:00.000,2024/01/13 06:18:31.431,2024/01/15 13:41:00.855,MAX_RECALL,WO000932,PUBLIC_REPORT
DF000337,INT0159,3,2,STOP_BAR,Inductive Loop,WATCHDOG_FAILURE,1705129200000,1705140007811,1705165643246,2024/01/13 07:00:00.000,2024/01/13 10:00:07.811,2024/01/13 17:07:23.246,MAX_RECALL,WO000337,FIELD_CREW
DF000844,INT0056,15,8,STOP_BAR,Inductive Loop,EXCESSIVE_INDUCTANCE_CHANGE,1705348800000,1705351036207,1705464804054,2024/01/15 20:00:00.000,2024/01/15 20:37:16.207,2024/01/17 04:13:24.054,MAX_RECALL,WO000844,CONTROLLER_DIAGNOSTIC
DF000481,INT0064,3,2,STOP_BAR,Inductive Loop,SHORTED_LOOP,1705352400000,1705359629968,1705471257945,2024/01/15 21:00:00.000,2024/01/15 23:00:29.968,2024/01/17 06:00:57.945,MAX_RECALL,WO000481,FIELD_CREW
DF001095,INT0140,5,3,STOP_BAR,Inductive Loop,WATCHDOG_FAILURE,1705392000000,1705401908196,1705454276363,2024/01/16 08:00:00.000,2024/01/16 10:45:08.196,2024/01/17 01:17:56.363,MAX_RECALL,WO001095,PUBLIC_REPORT
DF001378,INT0116,7,4,STOP_BAR,Inductive Loop,WATCHDOG_FAILURE,1705449600000,1705461191047,1705571139975,2024/01/17 00:00:00.000,2024/01/17 03:13:11.047,2024/01/18 09:45:39.975,MAX_RECALL,WO001378,PUBLIC_REPORT
DF000230,INT0042,15,8,STOP_BAR,Inductive Loop,SHORTED_LOOP,1705564800000,1705570224035,1705673963186,2024/01/18 08:00:00.000,2024/01/18 09:30:24.035,2024/01/19 14:19:23.186,MAX_RECALL,WO000230,CONTROLLER_DIAGNOSTIC
DF000536,INT0068,10,5,ADVANCE,Inductive Loop,OPEN_LOOP,1705604400000,1705605016580,1705817536673,2024/01/18 19:00:00.000,2024/01/18 19:10:16.580,2024/01/21 06:12:16.673,MAX_RECALL,WO000536,CONTROLLER_DIAGNOSTIC
DF000618,INT0088,9,5,STOP_BAR,Inductive Loop,OPEN_LOOP,1705633200000,1705645521984,1706067342854,2024/01/19 03:00:00.000,2024/01/19 06:25:21.984,2024/01/24 03:35:42.854,MAX_RECALL,WO000618,CONTROLLER_DIAGNOSTIC
DF000112,INT0006,15,8,STOP_BAR,Inductive Loop,SHORTED_LOOP,1705647600000,1705660842846,1705890616644,2024/01/19 07:00:00.000,2024/01/19 10:40:42.846,2024/01/22 02:30:16.644,MAX_RECALL,WO000112,PUBLIC_REPORT
DF000129,INT0128,16,8,ADVANCE,Inductive Loop,SHORTED_LOOP,1705698000000,1705709803750,1706090196638,2024/01/19 21:00:00.000,2024/01/20 00:16:43.750,2024/01/24 09:56:36.638,MAX_RECALL,WO000129,PUBLIC_REPORT
DF000752,INT0102,14,7,ADVANCE,Inductive Loop,WATCHDOG_FAILURE,1705708800000,1705710482991,1705925904240,2024/01/20 00:00:00.000,2024/01/20 00:28:02.991,2024/01/22 12:18:24.240,MAX_RECALL,WO000752,CONTROLLER_DIAGNOSTIC
DF001382,INT0138,4,2,ADVANCE,Inductive Loop,OPEN_LOOP,1705712400000,1705713141325,1706102000425,2024/01/20 01:00:00.000,2024/01/20 01:12:21.325,2024/01/24 13:13:20.425,MAX_RECALL,WO001382,PUBLIC_REPORT
DF000260,INT0041,6,3,ADVANCE,Inductive Loop,EXCESSIVE_INDUCTANCE_CHANGE,1705780800000,1705787976175,1705868316976,2024/01/20 20:00:00.000,2024/01/20 21:59:36.175,2024/01/21 20:18:36.976,MAX_RECALL,WO000260,CONTROLLER_DIAGNOSTIC
DF000598,INT0073,4,2,ADVANCE,Inductive Loop,SHORTED_LOOP,1705863600000,1705863680420,1705980275570,2024/01/21 19:00:00.000,2024/01/21 19:01:20.420,2024/01/23 03:24:35.570,MAX_RECALL,WO000598,CONTROLLER_DIAGNOSTIC
DF000849,INT0084,16,8,ADVANCE,Inductive Loop,SHORTED_LOOP,1705885200000,1705888746624,1706068985682,2024/01/22 01:00:00.000,2024/01/22 01:59:06.624,2024/01/24 04:03:05.682,MAX_RECALL,WO000849,CONTROLLER_DIAGNOSTIC
DF000777,INT0031,8,4,ADVANCE,Inductive Loop,WATCHDOG_FAILURE,1705950000000,1705954917291,1706133945973,2024/01/22 19:00:00.000,2024/01/22 20:21:57.291,2024/01/24 22:05:45.973,MAX_RECALL,WO000777,CONTROLLER_DIAGNOSTIC
DF000224,INT0168,1,1,STOP_BAR,Inductive Loop,WATCHDOG_FAILURE,1705960800000,1705962307956,1706340294210,2024/01/22 22:00:00.000,2024/01/22 22:25:07.956,2024/01/27 07:24:54.210,MAX_RECALL,WO000224,CONTROLLER_DIAGNOSTIC
DF000696,INT0154,10,5,ADVANCE,Inductive Loop,EXCESSIVE_INDUCTANCE_CHANGE,1706040000000,1706050633701,1706447192134,2024/01/23 20:00:00.000,2024/01/23 22:57:13.701,2024/01/28 13:06:32.134,MAX_RECALL,WO000696,CONTROLLER_DIAGNOSTIC
DF000408,INT0085,5,3,STOP_BAR,Inductive Loop,WATCHDOG_FAILURE,1706079600000,1706084157166,1706438815213,2024/01/24 07:00:00.000,2024/01/24 08:15:57.166,2024/01/28 10:46:55.213,MAX_RECALL,WO000408,CONTROLLER_DIAGNOSTIC
DF000316,INT0117,7,4,STOP_BAR,Inductive Loop,WATCHDOG_FAILURE,1706112000000,1706121936572,1706348822539,2024/01/24 16:00:00.000,2024/01/24 18:45:36.572,2024/01/27 09:47:02.539,MAX_RECALL,WO000316,CONTROLLER_DIAGNOSTIC
DF000075,INT0169,10,5,ADVANCE,Inductive Loop,SHORTED_LOOP,1706115600000,1706127443846,1706361716339,2024/01/24 17:00:00.000,2024/01/24 20:17:23.846,2024/01/27 13:21:56.339,MAX_RECALL,WO000075,PUBLIC_REPORT
DF001077,INT0124,4,2,ADVANCE,Inductive Loop,EXCESSIVE_INDUCTANCE_CHANGE,1706202000000,1706212034926,1706346033725,2024/01/25 17:00:00.000,2024/01/25 19:47:14.926,2024/01/27 09:00:33.725,MAX_RECALL,WO001077,CONTROLLER_DIAGNOSTIC
DF000256,INT0050,15,8,STOP_BAR,Inductive Loop,OPEN_LOOP,1706216400000,1706225258827,1706522799584,2024/01/25 21:00:00.000,2024/01/25 23:27:38.827,2024/01/29 10:06:39.584,MAX_RECALL,WO000256,CONTROLLER_DIAGNOSTIC
DF000323,INT0159,2,1,ADVANCE,Inductive Loop,SHORTED_LOOP,1706230800000,1706242412532,1706368398854,2024/01/26 01:00:00.000,2024/01/26 04:13:32.532,2024/01/27 15:13:18.854,MAX_RECALL,WO000323,CONTROLLER_DIAGNOSTIC
DF000207,INT0135,16,8,ADVANCE,Inductive Loop,OPEN_LOOP,1706288400000,1706297810823,1706557579352,2024/01/26 17:00:00.000,2024/01/26 19:36:50.823,2024/01/29 19:46:19.352,MAX_RECALL,WO000207,CONTROLLER_DIAGNOSTIC
DF001156,INT0094,9,5,STOP_BAR,Inductive Loop,SHORTED_LOOP,1706479200000,1706483144692,1706617325155,2024/01/28 22:00:00.000,2024/01/28 23:05:44.692,2024/01/30 12:22:05.155,MAX_RECALL,WO001156,FIELD_CREW
DF000995,INT0037,16,8,ADVANCE,Inductive Loop,EXCESSIVE_INDUCTANCE_CHANGE,1706745600000,1706749733588,1707107328405,2024/02/01 00:00:00.000,2024/02/01 01:08:53.588,2024/02/05 04:28:48.405,MAX_RECALL,WO000995,CONTROLLER_DIAGNOSTIC
DF000532,INT0075,7,4,STOP_BAR,Inductive Loop,SHORTED_LOOP,1706774400000,1706786840720,1707126095371,2024/02/01 08:00:00.000,2024/02/01 11:27:20.720,2024/02/05 09:41:35.371,MAX_RECALL,WO000532,CONTROLLER_DIAGNOSTIC
DF000835,INT0094,16,8,ADVANCE,Inductive Loop,OPEN_LOOP,1706814000000,1706823801908,1707068781809,2024/02/01 19:00:00.000,2024/02/01 21:43:21.908,2024/02/04 17:46:21.809,MAX_RECALL,WO000835,CONTROLLER_DIAGNOSTIC
DF001093,INT0034,1,1,STOP_BAR,Inductive Loop,OPEN_LOOP,1706886000000,1706890496202,1707168435011,2024/02/02 15:00:00.000,2024/02/02 16:14:56.202,2024/02/05 21:27:15.011,MAX_RECALL,WO001093,FIELD_CREW
DF000221,INT0003,16,8,ADVANCE,Inductive Loop,EXCESSIVE_INDUCTANCE_CHANGE,1706889600000,1706903495179,1707017921232,2024/02/02 16:00:00.000,2024/02/02 19:51:35.179,2024/02/04 03:38:41.232,MAX_RECALL,WO000221,CONTROLLER_DIAGNOSTIC
DF000993,INT0009,10,5,ADVANCE,Inductive Loop,WATCHDOG_FAILURE,1706893200000,1706894721224,1706910448296,2024/02/02 17:00:00.000,2024/02/02 17:25:21.224,2024/02/02 21:47:28.296,MAX_RECALL,WO000993,CONTROLLER_DIAGNOSTIC
DF001452,INT0037,9,5,STOP_BAR,Inductive Loop,SHORTED_LOOP,1706932800000,1706933435081,1707081484663,2024/02/03 04:00:00.000,2024/02/03 04:10:35.081,2024/02/04 21:18:04.663,MAX_RECALL,WO001452,FIELD_CREW
DF000600,INT0004,7,4,STOP_BAR,Inductive Loop,OPEN_LOOP,1706950800000,1706954745534,1707236453180,2024/02/03 09:00:00.000,2024/02/03 10:05:45.534,2024/02/06 16:20:53.180,MAX_RECALL,WO000600,CONTROLLER_DIAGNOSTIC
DF001393,INT0112,15,8,STOP_BAR,Inductive Loop,WATCHDOG_FAILURE,1706986800000,1706994144277,1707141102641,2024/02/03 19:00:00.000,2024/02/03 21:02:24.277,2024/02/05 13:51:42.641,MAX_RECALL,WO001393,CONTROLLER_DIAGNOSTIC
DF001087,INT0157,14,7,ADVANCE,Inductive Loop,OPEN_LOOP,1707004800000,1707017973237,1707254184101,2024/02/04 00:00:00.000,2024/02/04 03:39:33.237,2024/02/06 21:16:24.101,MAX_RECALL,WO001087,PUBLIC_REPORT
DF000314,INT0100,14,7,ADVANCE,Inductive Loop,EXCESSIVE_INDUCTANCE_CHANGE,1707022800000,1707029315870,1707434827554,2024/02/04 05:00:00.000,2024/02/04 06:48:35.870,2024/02/08 23:27:07.554,MAX_RECALL,WO000314,CONTROLLER_DIAGNOSTIC
DF000148,INT0007,15,8,STOP_BAR,Inductive Loop,SHORTED_LOOP,1707026400000,1707031274983,1707057858523,2024/02/04 06:00:00.000,2024/02/04 07:21:14.983,2024/02/04 14:44:18.523,MAX_RECALL,WO000148,FIELD_CREW
DF000505,INT0086,8,4,ADVANCE,Inductive Loop,WATCHDOG_FAILURE,1707066000000,1707067718994,1707165596232,2024/02/04 17:00:00.000,2024/02/04 17:28:38.994,2024/02/05 20:39:56.232,MAX_RECALL,WO000505,PUBLIC_REPORT
DF000805,INT0098,4,2,ADVANCE,Inductive Loop,WATCHDOG_FAILURE,1707174000000,1707182612770,1707497944719,2024/02/05 23:00:00.000,2024/02/06 01:23:32.770,2024/02/09 16:59:04.719,MAX_RECALL,WO000805,CONTROLLER_DIAGNOSTIC
DF000946,INT0143,16,8,ADVANCE,Inductive Loop,OPEN_LOOP,1707184800000,1707190381607,1707209691066,2024/02/06 02:00:00.000,2024/02/06 03:33:01.607,2024/02/06 08:54:51.066,MAX_RECALL,WO000946,CONTROLLER_DIAGNOSTIC
DF000763,INT0083,4,2,ADVANCE,Inductive Loop,WATCHDOG_FAILURE,1707192000000,1707192216854,1707357050825,2024/02/06 04:00:00.000,2024/02/06 04:03:36.854,2024/02/08 01:50:50.825,MAX_RECALL,WO000763,PUBLIC_REPORT
DF000349,INT0073,16,8,ADVANCE,Inductive Loop,WATCHDOG_FAILURE,1707246000000,1707250099959,1707569966009,2024/02/06 19:00:00.000,2024/02/06 20:08:19.959,2024/02/10 12:59:26.009,MAX_RECALL,WO000349,CONTROLLER_DIAGNOSTIC
DF000742,INT0012,15,8,STOP_BAR,Inductive Loop,EXCESSIVE_INDUCTANCE_CHANGE,1707274800000,1707282467097,1707437214545,2024/02/07 03:00:00.000,2024/02/07 05:07:47.097,2024/02/09 00:06:54.545,MAX_RECALL,WO000742,FIELD_CREW
DF000632,INT0077,12,6,ADVANCE,Inductive Loop,WATCHDOG_FAILURE,1707292800000,1707304301193,1707631584484,2024/02/07 08:00:00.000,2024/02/07 11:11:41.193,2024/02/11 06:06:24.484,MAX_RECALL,WO000632,CONTROLLER_DIAGNOSTIC
DF001299,INT0014,16,8,ADVANCE,Inductive Loop,EXCESSIVE_INDUCTANCE_CHANGE,1707321600000,1707327839503,1707471244715,2024/02/07 16:00:00.000,2024/02/07 17:43:59.503,2024/02/09 09:34:04.715,MAX_RECALL,WO001299,CONTROLLER_DIAGNOSTIC
DF001131,INT0124,15,8,STOP_BAR,Inductive Loop,SHORTED_LOOP,1707332400000,1707337770561,1707373383009,2024/02/07 19:00:00.000,2024/02/07 20:29:30.561,2024/02/08 06:23:03.009,MAX_RECALL,WO001131,CONTROLLER_DIAGNOSTIC
DF001152,INT0034,14,7,ADVANCE,Inductive Loop,SHORTED_LOOP,1707368400000,1707380563962,1707446980232,2024/02/08 05:00:00.000,2024/02/08 08:22:43.962,2024/02/09 02:49:40.232,MAX_RECALL,WO001152,CONTROLLER_DIAGNOSTIC
DF000576,INT0023,9,5,STOP_BAR,Inductive Loop,SHORTED_LOOP,1707400800000,1707407626210,1707769926180,2024/02/08 14:00:00.000,2024/02/08 15:53:46.210,2024/02/12 20:32:06.180,MAX_RECALL,WO000576,FIELD_CREW
DF001442,INT0082,12,6,ADVANCE,Inductive Loop,SHORTED_LOOP,1707404400000,1707408215804,1707822697972,2024/02/08 15:00:00.000,2024/02/08 16:03:35.804,2024/02/13 11:11:37.972,MAX_RECALL,WO001442,CONTROLLER_DIAGNOSTIC
DF001381,INT0078,9,5,STOP_BAR,Inductive Loop,EXCESSIVE_INDUCTANCE_CHANGE,1707573600000,1707580140258,1707807665320,2024/02/10 14:00:00.000,2024/02/10 15:49:00.258,2024/02/13 07:01:05.320,MAX_RECALL,WO001381,CONTROLLER_DIAGNOSTIC
DF001337,INT0114,11,6,STOP_BAR,Inductive Loop,SHORTED_LOOP,1707584400000,1707586269493,1707932028423,2024/02/10 17:00:00.000,2024/02/10 17:31:09.493,2024/02/14 17:33:48.423,MAX_RECALL,WO001337,CONTROLLER_DIAGNOSTIC
DF000429,INT0154,15,8,STOP_BAR,Inductive Loop,WATCHDOG_FAILURE,1707620400000,1707627910123,1707974000209,2024/02/11 03:00:00.000,2024/02/11 05:05:10.123,2024/02/15 05:13:20.209,MAX_RECALL,WO000429,CONTROLLER_DIAGNOSTIC
DF000104,INT0017,9,5,STOP_BAR,Inductive Loop,EXCESSIVE_INDUCTANCE_CHANGE,1707645600000,1707655787207,1707788612638,2024/02/11 10:00:00.000,2024/02/11 12:49:47.207,2024/02/13 01:43:32.638,MAX_RECALL,WO000104,PUBLIC_REPORT
DF000134,INT0082,13,7,STOP_BAR,Inductive Loop,EXCESSIVE_INDUCTANCE_CHANGE,1707656400000,1707657773560,1707682502050,2024/02/11 13:00:00.000,2024/02/11 13:22:53.560,2024/02/11 20:15:02.050,MAX_RECALL,WO000134,CONTROLLER_DIAGNOSTIC
DF001251,INT0026,11,6,STOP_BAR,Inductive Loop,SHORTED_LOOP,1707670800000,1707682117540,1708004133184,2024/02/11 17:00:00.000,2024/02/11 20:08:37.540,2024/02/15 13:35:33.184,MAX_RECALL,WO001251,CONTROLLER_DIAGNOSTIC
DF001303,INT0043,16,8,ADVANCE,Inductive Loop,WATCHDOG_FAILURE,1707699600000,1707709196235,1707882233726,2024/02/12 01:00:00.000,2024/02/12 03:39:56.235,2024/02/14 03:43:53.726,MAX_RECALL,WO001303,CONTROLLER_DIAGNOSTIC
DF001348,INT0159,5,3,STOP_BAR,Inductive Loop,EXCESSIVE_INDUCTANCE_CHANGE,1707706800000,1707711559450,1707869307382,2024/02/12 03:00:00.000,2024/02/12 04:19:19.450,2024/02/14 00:08:27.382,MAX_RECALL,WO001348,CONTROLLER_DIAGNOSTIC
DF001236,INT0055,12,6,ADVANCE,Inductive Loop,WATCHDOG_FAILURE,1707724800000,1707735510282,1707966588461,2024/02/12 08:00:00.000,2024/02/12 10:58:30.282,2024/02/15 03:09:48.461,MAX_RECALL,WO001236,CONTROLLER_DIAGNOSTIC
DF001226,INT0073,6,3,ADVANCE,Inductive Loop,OPEN_LOOP,1707879600000,1707880030682,1708295350675,2024/02/14 03:00:00.000,2024/02/14 03:07:10.682,2024/02/18 22:29:10.675,MAX_RECALL,WO001226,FIELD_CREW
DF001230,INT0170,13,7,STOP_BAR,Inductive Loop,SHORTED_LOOP,1707937200000,1707947033181,1708201087307,2024/02/14 19:00:00.000,2024/02/14 21:43:53.181,2024/02/17 20:18:07.307,MAX_RECALL,WO001230,CONTROLLER_DIAGNOSTIC
DF001302,INT0092,1,1,STOP_BAR,Inductive Loop,SHORTED_LOOP,1707969600000,1707970377440,1708082299003,2024/02/15 04:00:00.000,2024/02/15 04:12:57.440,2024/02/16 11:18:19.003,MAX_RECALL,WO001302,PUBLIC_REPORT
DF000564,INT0057,10,5,ADVANCE,Inductive Loop,WATCHDOG_FAILURE,1707980400000,1707986711079,1708126618172,2024/02/15 07:00:00.000,2024/02/15 08:45:11.079,2024/02/16 23:36:58.172,MAX_RECALL,WO000564,CONTROLLER_DIAGNOSTIC
DF000161,INT0155,4,2,ADVANCE,Inductive Loop,SHORTED_LOOP,1707984000000,1707986782334,1708285002976,2024/02/15 08:00:00.000,2024/02/15 08:46:22.334,2024/02/18 19:36:42.976,MAX_RECALL,WO000161,CONTROLLER_DIAGNOSTIC
DF001273,INT0027,6,3,ADVANCE,Inductive Loop,WATCHDOG_FAILURE,1708149600000,1708163813800,1708479783369,2024/02/17 06:00:00.000,2024/02/17 09:56:53.800,2024/02/21 01:43:03.369,MAX_RECALL,WO001273,CONTROLLER_DIAGNOSTIC
DF000948,INT0017,15,8,STOP_BAR,Inductive Loop,SHORTED_LOOP,1708228800000,1708238486277,1708337543441,2024/02/18 04:00:00.000,2024/02/18 06:41:26.277,2024/02/19 10:12:23.441,MAX_RECALL,WO000948,CONTROLLER_DIAGNOSTIC
DF000391,INT0153,7,4,STOP_BAR,Inductive Loop,OPEN_LOOP,1708268400000,1708270214888,1708377066579,2024/02/18 15:00:00.000,2024/02/18 15:30:14.888,2024/02/19 21:11:06.579,MAX_RECALL,WO000391,FIELD_CREW
DF000568,INT0054,5,3,STOP_BAR,Inductive Loop,WATCHDOG_FAILURE,1708282800000,1708285225990,1708619122134,2024/02/18 19:00:00.000,2024/02/18 19:40:25.990,2024/02/22 16:25:22.134,MAX_RECALL,WO000568,PUBLIC_REPORT
DF000113,INT0048,1,1,STOP_BAR,Inductive Loop,SHORTED_LOOP,1708293600000,1708293802672,1708674460012,2024/02/18 22:00:00.000,2024/02/18 22:03:22.672,2024/02/23 07:47:40.012,MAX_RECALL,WO000113,CONTROLLER_DIAGNOSTIC
DF001265,INT0043,14,7,ADVANCE,Inductive Loop,OPEN_LOOP,1708300800000,1708306139321,1708389159373,2024/02/19 00:00:00.000,2024/02/19 01:28:59.321,2024/02/20 00:32:39.373,MAX_RECALL,WO001265,CONTROLLER_DIAGNOSTIC
DF001145,INT0016,5,3,STOP_BAR,Inductive Loop,OPEN_LOOP,1708430400000,1708437377803,1708714215328,2024/02/20 12:00:00.000,2024/02/20 13:56:17.803,2024/02/23 18:50:15.328,MAX_RECALL,WO001145,FIELD_CREW
DF000705,INT0006,2,1,ADVANCE,Inductive Loop,OPEN_LOOP,1708459200000,1708466950330,1708556170447,2024/02/20 20:00:00.000,2024/02/20 22:09:10.330,2024/02/21 22:56:10.447,MAX_RECALL,WO000705,FIELD_CREW
DF000235,INT0120,8,4,ADVANCE,Inductive Loop,WATCHDOG_FAILURE,1708470000000,1708477881294,1708864001025,2024/02/20 23:00:00.000,2024/02/21 01:11:21.294,2024/02/25 12:26:41.025,MAX_RECALL,WO000235,CONTROLLER_DIAGNOSTIC
DF000293,INT0052,1,1,STOP_BAR,Inductive Loop,EXCESSIVE_INDUCTANCE_CHANGE,1708513200000,1708515559787,1708769710001,2024/02/21 11:00:00.000,2024/02/21 11:39:19.787,2024/02/24 10:15:10.001,MAX_RECALL,WO000293,CONTROLLER_DIAGNOSTIC
DF000697,INT0104,16,8,ADVANCE,Inductive Loop,OPEN_LOOP,1708524000000,1708532398593,1708624736764,2024/02/21 14:00:00.000,2024/02/21 16:19:58.593,2024/02/22 17:58:56.764,MAX_RECALL,WO000697,CONTROLLER_DIAGNOSTIC
DF000781,INT0039,15,8,STOP_BAR,Inductive Loop,EXCESSIVE_INDUCTANCE_CHANGE,1708542000000,1708552224457,1708819644746,2024/02/21 19:00:00.000,2024/02/21 21:50:24.457,2024/02/25 00:07:24.746,MAX_RECALL,WO000781,CONTROLLER_DIAGNOSTIC
DF001328,INT0015,2,1,ADVANCE,Inductive Loop,SHORTED_LOOP,1708621200000,1708625862185,1708687014490,2024/02/22 17:00:00.000,2024/02/22 18:17:42.185,2024/02/23 11:16:54.490,MAX_RECALL,WO001328,CONTROLLER_DIAGNOSTIC
DF001258,INT0112,12,6,ADVANCE,Inductive Loop,WATCHDOG_FAILURE,1708776000000,1708788158778,1708941261367,2024/02/24 12:00:00.000,2024/02/24 15:22:38.778,2024/02/26 09:54:21.367,MAX_RECALL,WO001258,CONTROLLER_DIAGNOSTIC
DF000923,INT0154,10,5,ADVANCE,Inductive Loop,EXCESSIVE_INDUCTANCE_CHANGE,1708826400000,1708828083662,1709008839725,2024/02/25 02:00:00.000,2024/02/25 02:28:03.662,2024/02/27 04:40:39.725,MAX_RECALL,WO000923,FIELD_CREW
DF001437,INT0007,11,6,STOP_BAR,Inductive Loop,WATCHDOG_FAILURE,1708840800000,1708842700737,1709184468167,2024/02/25 06:00:00.000,2024/02/25 06:31:40.737,2024/02/29 05:27:48.167,MAX_RECALL,WO001437,CONTROLLER_DIAGNOSTIC
DF000521,INT0109,5,3,STOP_BAR,Inductive Loop,SHORTED_LOOP,1708945200000,1708947657525,1709240428749,2024/02/26 11:00:00.000,2024/02/26 11:40:57.525,2024/02/29 21:00:28.749,MAX_RECALL,WO000521,CONTROLLER_DIAGNOSTIC
DF001049,INT0038,16,8,ADVANCE,Inductive Loop,SHORTED_LOOP,1709013600000,1709016105339,1709286977540,2024/02/27 06:00:00.000,2024/02/27 06:41:45.339,2024/03/01 09:56:17.540,MAX_RECALL,WO001049,CONTROLLER_DIAGNOSTIC
DF000652,INT0096,5,3,STOP_BAR,Inductive Loop,OPEN_LOOP,1709092800000,1709099575637,1709493873723,2024/02/28 04:00:00.000,2024/02/28 05:52:55.637,2024/03/03 19:24:33.723,MAX_RECALL,WO000652,CONTROLLER_DIAGNOSTIC
DF000370,INT0031,9,5,STOP_BAR,Inductive Loop,EXCESSIVE_INDUCTANCE_CHANGE,1709114400000,1709121327679,1709488603022,2024/02/28 10:00:00.000,2024/02/28 11:55:27.679,2024/03/03 17:56:43.022,MAX_RECALL,WO000370,FIELD_CREW
DF000327,INT0112,7,4,STOP_BAR,Inductive Loop,SHORTED_LOOP,1709118000000,1709129084204,1709510064894,2024/02/28 11:00:00.000,2024/02/28 14:04:44.204,2024/03/03 23:54:24.894,MAX_RECALL,WO000327,FIELD_CREW
DF000603,INT0013,8,4,ADVANCE,Inductive Loop,SHORTED_LOOP,1709128800000,1709135380505,1709506471640,2024/02/28 14:00:00.000,2024/02/28 15:49:40.505,2024/03/03 22:54:31.640,MAX_RECALL,WO000603,CONTROLLER_DIAGNOSTIC
DF000862,INT0013,12,6,ADVANCE,Inductive Loop,SHORTED_LOOP,1709186400000,1709200487015,1709230951551,2024/02/29 06:00:00.000,2024/02/29 09:54:47.015,2024/02/29 18:22:31.551,MAX_RECALL,WO000862,CONTROLLER_DIAGNOSTIC
DF000751,INT0161,12,6,ADVANCE,Inductive Loop,WATCHDOG_FAILURE,1709222400000,1709228472307,1709492292029,2024/02/29 16:00:00.000,2024/02/29 17:41:12.307,2024/03/03 18:58:12.029,MAX_RECALL,WO000751,CONTROLLER_DIAGNOSTIC
DF000312,INT0068,4,2,ADVANCE,Inductive Loop,EXCESSIVE_INDUCTANCE_CHANGE,1709265600000,1709276614503,1709380028349,2024/03/01 04:00:00.000,2024/03/01 07:03:34.503,2024/03/02 11:47:08.349,MAX_RECALL,WO000312,CONTROLLER_DIAGNOSTIC
DF001039,INT0156,1,1,STOP_BAR,Inductive Loop,SHORTED_LOOP,1709301600000,1709308731408,1709591648534,2024/03/01 14:00:00.000,2024/03/01 15:58:51.408,2024/03/04 22:34:08.534,MAX_RECALL,WO001039,CONTROLLER_DIAGNOSTIC
DF000044,INT0051,8,4,ADVANCE,Inductive Loop,WATCHDOG_FAILURE,1709348430213,1709353668586,1710180804183,2024/03/02 03:00:30.213,2024/03/02 04:27:48.586,2024/03/11 18:13:24.183,MAX_RECALL,WO000044,CONTROLLER_DIAGNOSTIC
DF001078,INT0032,13,7,STOP_BAR,Inductive Loop,EXCESSIVE_INDUCTANCE_CHANGE,1709470800000,1709471474558,1709878327602,2024/03/03 13:00:00.000,2024/03/03 13:11:14.558,2024/03/08 06:12:07.602,MAX_RECALL,WO001078,FIELD_CREW
DF000144,INT0123,11,6,STOP_BAR,Inductive Loop,EXCESSIVE_INDUCTANCE_CHANGE,1709550000000,1709558652159,1709975000295,2024/03/04 11:00:00.000,2024/03/04 13:24:12.159,2024/03/09 09:03:20.295,MAX_RECALL,WO000144,FIELD_CREW
DF000700,INT0169,9,5,STOP_BAR,Inductive Loop,EXCESSIVE_INDUCTANCE_CHANGE,1709557200000,1709566102741,1709851656074,2024/03/04 13:00:00.000,2024/03/04 15:28:22.741,2024/03/07 22:47:36.074,MAX_RECALL,WO000700,CONTROLLER_DIAGNOSTIC
DF000055,INT0026,8,4,ADVANCE,Inductive Loop,EXCESSIVE_INDUCTANCE_CHANGE,1709630374132,1709632327765,1710157197034,2024/03/05 09:19:34.132,2024/03/05 09:52:07.765,2024/03/11 11:39:57.034,MAX_RECALL,WO000055,CONTROLLER_DIAGNOSTIC
DF001407,INT0083,9,5,STOP_BAR,Inductive Loop,OPEN_LOOP,1709701200000,1709711616152,1709849138533,2024/03/06 05:00:00.000,2024/03/06 07:53:36.152,2024/03/07 22:05:38.533,MAX_RECALL,WO001407,CONTROLLER_DIAGNOSTIC
DF000406,INT0080,2,1,ADVANCE,Inductive Loop,EXCESSIVE_INDUCTANCE_CHANGE,1709704800000,1709718294315,1709962623104,2024/03/06 06:00:00.000,2024/03/06 09:44:54.315,2024/03/09 05:37:03.104,MAX_RECALL,WO000406,FIELD_CREW
DF001130,INT0132,6,3,ADVANCE,Inductive Loop,WATCHDOG_FAILURE,1709712000000,1709724145663,1709877279437,2024/03/06 08:00:00.000,2024/03/06 11:22:25.663,2024/03/08 05:54:39.437,MAX_RECALL,WO001130,CONTROLLER_DIAGNOSTIC
DF000951,INT0016,5,3,STOP_BAR,Inductive Loop,OPEN_LOOP,1709794800000,1709808758765,1709973367613,2024/03/07 07:00:00.000,2024/03/07 10:52:38.765,2024/03/09 08:36:07.613,MAX_RECALL,WO000951,CONTROLLER_DIAGNOSTIC
DF000510,INT0080,9,5,STOP_BAR,Inductive Loop,OPEN_LOOP,1709881200000,1709893111835,1710312446890,2024/03/08 07:00:00.000,2024/03/08 10:18:31.835,2024/03/13 06:47:26.890,MAX_RECALL,WO000510,FIELD_CREW
DF001083,INT0083,9,5,STOP_BAR,Inductive Loop,EXCESSIVE_INDUCTANCE_CHANGE,1709884800000,1709895804601,1709919000306,2024/03/08 08:00:00.000,2024/03/08 11:03:24.601,2024/03/08 17:30:00.306,MAX_RECALL,WO001083,CONTROLLER_DIAGNOSTIC
DF000405,INT0063,2,1,ADVANCE,Inductive Loop,OPEN_LOOP,1709892000000,1709900580311,1710313620684,2024/03/08 10:00:00.000,2024/03/08 12:23:00.311,2024/03/13 07:07:00.684,MAX_RECALL,WO000405,PUBLIC_REPORT
DF000497,INT0078,3,2,STOP_BAR,Inductive Loop,EXCESSIVE_INDUCTANCE_CHANGE,1709924400000,1709932242793,1710217699643,2024/03/08 19:00:00.000,2024/03/08 21:10:42.793,2024/03/12 04:28:19.643,MAX_RECALL,WO000497,PUBLIC_REPORT
DF000412,INT0089,10,5,ADVANCE,Inductive Loop,EXCESSIVE_INDUCTANCE_CHANGE,1709985600000,1709990617664,1710276056614,2024/03/09 12:00:00.000,2024/03/09 13:23:37.664,2024/03/12 20:40:56.614,MAX_RECALL,WO000412,CONTROLLER_DIAGNOSTIC
DF000879,INT0169,1,1,STOP_BAR,Inductive Loop,OPEN_LOOP,1709985600000,1709989014844,1710356351528,2024/03/09 12:00:00.000,2024/03/09 12:56:54.844,2024/03/13 18:59:11.528,MAX_RECALL,WO000879,PUBLIC_REPORT
DF000392,INT0095,10,5,ADVANCE,Inductive Loop,WATCHDOG_FAILURE,1710018000000,1710030270863,1710420679276,2024/03/09 21:00:00.000,2024/03/10 00:24:30.863,2024/03/14 12:51:19.276,MAX_RECALL,WO000392,CONTROLLER_DIAGNOSTIC
DF000646,INT0168,11,6,STOP_BAR,Inductive Loop,EXCESSIVE_INDUCTANCE_CHANGE,1710032400000,1710032507765,1710092635203,2024/03/10 01:00:00.000,2024/03/10 01:01:47.765,2024/03/10 17:43:55.203,MAX_RECALL,WO000646,CONTROLLER_DIAGNOSTIC
DF000469,INT0086,4,2,ADVANCE,Inductive Loop,WATCHDOG_FAILURE,1710032400000,1710036836144,1710389958486,2024/03/10 01:00:00.000,2024/03/10 02:13:56.144,2024/03/14 04:19:18.486,MAX_RECALL,WO000469,CONTROLLER_DIAGNOSTIC
DF000357,INT0057,11,6,STOP_BAR,Inductive Loop,OPEN_LOOP,1710050400000,1710050569909,1710379834375,2024/03/10 06:00:00.000,2024/03/10 06:02:49.909,2024/03/14 01:30:34.375,MAX_RECALL,WO000357,CONTROLLER_DIAGNOSTIC
DF000997,INT0010,1,1,STOP_BAR,Inductive Loop,EXCESSIVE_INDUCTANCE_CHANGE,1710061200000,1710068616265,1710283021540,2024/03/10 09:00:00.000,2024/03/10 11:03:36.265,2024/03/12 22:37:01.540,MAX_RECALL,WO000997,PUBLIC_REPORT
DF001436,INT0043,15,8,STOP_BAR,Inductive Loop,WATCHDOG_FAILURE,1710288000000,1710300666001,1710618693153,2024/03/13 00:00:00.000,2024/03/13 03:31:06.001,2024/03/16 19:51:33.153,MAX_RECALL,WO001436,FIELD_CREW
DF000364,INT0165,15,8,STOP_BAR,Inductive Loop,SHORTED_LOOP,1710331200000,1710342753596,1710409002864,2024/03/13 12:00:00.000,2024/03/13 15:12:33.596,2024/03/14 09:36:42.864,MAX_RECALL,WO000364,CONTROLLER_DIAGNOSTIC
DF000240,INT0103,9,5,STOP_BAR,Inductive Loop,OPEN_LOOP,1710388800000,1710400306944,1710772915950,2024/03/14 04:00:00.000,2024/03/14 07:11:46.944,2024/03/18 14:41:55.950,MAX_RECALL,WO000240,CONTROLLER_DIAGNOSTIC
DF000575,INT0160,8,4,ADVANCE,Inductive Loop,EXCESSIVE_INDUCTANCE_CHANGE,1710406800000,1710417046927,1710481495509,2024/03/14 09:00:00.000,2024/03/14 11:50:46.927,2024/03/15 05:44:55.509,MAX_RECALL,WO000575,CONTROLLER_DIAGNOSTIC
DF000613,INT0019,15,8,STOP_BAR,Inductive Loop,SHORTED_LOOP,1710428400000,1710430062169,1710647356705,2024/03/14 15:00:00.000,2024/03/14 15:27:42.169,2024/03/17 03:49:16.705,MAX_RECALL,WO000613,CONTROLLER_DIAGNOSTIC
DF001463,INT0104,12,6,ADVANCE,Inductive Loop,WATCHDOG_FAILURE,1710457200000,1710465892658,1710735372258,2024/03/14 23:00:00.000,2024/03/15 01:24:52.658,2024/03/18 04:16:12.258,MAX_RECALL,WO001463,FIELD_CREW
DF000977,INT0134,16,8,ADVANCE,Inductive Loop,WATCHDOG_FAILURE,1710547200000,1710559603557,1710782036605,2024/03/16 00:00:00.000,2024/03/16 03:26:43.557,2024/03/18 17:13:56.605,MAX_RECALL,WO000977,CONTROLLER_DIAGNOSTIC
DF000186,INT0065,10,5,ADVANCE,Inductive Loop,SHORTED_LOOP,1710554400000,1710555415261,1710719526435,2024/03/16 02:00:00.000,2024/03/16 02:16:55.261,2024/03/17 23:52:06.435,MAX_RECALL,WO000186,FIELD_CREW
DF000909,INT0129,5,3,STOP_BAR,Inductive Loop,EXCESSIVE_INDUCTANCE_CHANGE,1710763200000,1710776408899,1710871666160,2024/03/18 12:00:00.000,2024/03/18 15:40:08.899,2024/03/19 18:07:46.160,MAX_RECALL,WO000909,CONTROLLER_DIAGNOSTIC
DF001016,INT0169,15,8,STOP_BAR,Inductive Loop,EXCESSIVE_INDUCTANCE_CHANGE,1710774000000,1710774881992,1711203454989,2024/03/18 15:00:00.000,2024/03/18 15:14:41.992,2024/03/23 14:17:34.989,MAX_RECALL,WO001016,PUBLIC_REPORT
DF001019,INT0054,13,7,STOP_BAR,Inductive Loop,SHORTED_LOOP,1710788400000,1710796155671,1710841384585,2024/03/18 19:00:00.000,2024/03/18 21:09:15.671,2024/03/19 09:43:04.585,MAX_RECALL,WO001019,PUBLIC_REPORT
DF001462,INT0057,3,2,STOP_BAR,Inductive Loop,OPEN_LOOP,1711054800000,1711065934864,1711070024163,2024/03/21 21:00:00.000,2024/03/22 00:05:34.864,2024/03/22 01:13:44.163,MAX_RECALL,WO001462,CONTROLLER_DIAGNOSTIC
DF000398,INT0140,3,2,STOP_BAR,Inductive Loop,WATCHDOG_FAILURE,1711080000000,1711083481435,1711448901778,2024/03/22 04:00:00.000,2024/03/22 04:58:01.435,2024/03/26 10:28:21.778,MAX_RECALL,WO000398,CONTROLLER_DIAGNOSTIC
DF000802,INT0073,15,8,STOP_BAR,Inductive Loop,SHORTED_LOOP,1711083600000,1711085410496,1711359539048,2024/03/22 05:00:00.000,2024/03/22 05:30:10.496,2024/03/25 09:38:59.048,MAX_RECALL,WO000802,CONTROLLER_DIAGNOSTIC
DF000385,INT0078,2,1,ADVANCE,Inductive Loop,OPEN_LOOP,1711159200000,1711171690324,1711426102480,2024/03/23 02:00:00.000,2024/03/23 05:28:10.324,2024/03/26 04:08:22.480,MAX_RECALL,WO000385,FIELD_CREW
DF000583,INT0051,9,5,STOP_BAR,Inductive Loop,OPEN_LOOP,1711238400000,1711251915731,1711621658644,2024/03/24 00:00:00.000,2024/03/24 03:45:15.731,2024/03/28 10:27:38.644,MAX_RECALL,WO000583,CONTROLLER_DIAGNOSTIC
DF000203,INT0034,9,5,STOP_BAR,Inductive Loop,WATCHDOG_FAILURE,1711242000000,1711248059589,1711589298501,2024/03/24 01:00:00.000,2024/03/24 02:40:59.589,2024/03/28 01:28:18.501,MAX_RECALL,WO000203,FIELD_CREW
DF001146,INT0149,14,7,ADVANCE,Inductive Loop,OPEN_LOOP,1711260000000,1711260062796,1711452793309,2024/03/24 06:00:00.000,2024/03/24 06:01:02.796,2024/03/26 11:33:13.309,MAX_RECALL,WO001146,CONTROLLER_DIAGNOSTIC
DF000427,INT0004,7,4,STOP_BAR,Inductive Loop,OPEN_LOOP,1711314000000,1711319364334,1711636707265,2024/03/24 21:00:00.000,2024/03/24 22:29:24.334,2024/03/28 14:38:27.265,MAX_RECALL,WO000427,CONTROLLER_DIAGNOSTIC
DF000228,INT0032,8,4,ADVANCE,Inductive Loop,EXCESSIVE_INDUCTANCE_CHANGE,1711400400000,1711414385484,1711442286680,2024/03/25 21:00:00.000,2024/03/26 00:53:05.484,2024/03/26 08:38:06.680,MAX_RECALL,WO000228,CONTROLLER_DIAGNOSTIC
DF001112,INT0084,12,6,ADVANCE,Inductive Loop,WATCHDOG_FAILURE,1711483200000,1711488900385,1711741008938,2024/03/26 20:00:00.000,2024/03/26 21:35:00.385,2024/03/29 19:36:48.938,MAX_RECALL,WO001112,CONTROLLER_DIAGNOSTIC
DF000421,INT0099,5,3,STOP_BAR,Inductive Loop,WATCHDOG_FAILURE,1711548000000,1711556436387,1711976460208,2024/03/27 14:00:00.000,2024/03/27 16:20:36.387,2024/04/01 13:01:00.208,MAX_RECALL,WO000421,PUBLIC_REPORT
DF000519,INT0127,3,2,STOP_BAR,Inductive Loop,WATCHDOG_FAILURE,1711645200000,1711657570485,1711783465862,2024/03/28 17:00:00.000,2024/03/28 20:26:10.485,2024/03/30 07:24:25.862,MAX_RECALL,WO000519,CONTROLLER_DIAGNOSTIC
DF001259,INT0034,4,2,ADVANCE,Inductive Loop,EXCESSIVE_INDUCTANCE_CHANGE,1711692000000,1711701105951,1711757157463,2024/03/29 06:00:00.000,2024/03/29 08:31:45.951,2024/03/30 00:05:57.463,MAX_RECALL,WO001259,FIELD_CREW
DF000655,INT0086,4,2,ADVANCE,Inductive Loop,EXCESSIVE_INDUCTANCE_CHANGE,1711724400000,1711734452211,1711838263099,2024/03/29 15:00:00.000,2024/03/29 17:47:32.211,2024/03/30 22:37:43.099,MAX_RECALL,WO000655,FIELD_CREW
DF000095,INT0010,11,6,STOP_BAR,Inductive Loop,SHORTED_LOOP,1711738800000,1711752251091,1712010724660,2024/03/29 19:00:00.000,2024/03/29 22:44:11.091,2024/04/01 22:32:04.660,MAX_RECALL,WO000095,FIELD_CREW
DF001189,INT0105,7,4,STOP_BAR,Inductive Loop,EXCESSIVE_INDUCTANCE_CHANGE,1711756800000,1711766597795,1711908545432,2024/03/30 00:00:00.000,2024/03/30 02:43:17.795,2024/03/31 18:09:05.432,MAX_RECALL,WO001189,CONTROLLER_DIAGNOSTIC
DF000175,INT0067,13,7,STOP_BAR,Inductive Loop,OPEN_LOOP,1711760400000,1711772806271,1711935802130,2024/03/30 01:00:00.000,2024/03/30 04:26:46.271,2024/04/01 01:43:22.130,MAX_RECALL,WO000175,CONTROLLER_DIAGNOSTIC
DF000138,INT0142,12,6,ADVANCE,Inductive Loop,WATCHDOG_FAILURE,1711832400000,1711833434610,1711887630957,2024/03/30 21:00:00.000,2024/03/30 21:17:14.610,2024/03/31 12:20:30.957,MAX_RECALL,WO000138,CONTROLLER_DIAGNOSTIC
DF000771,INT0031,3,2,STOP_BAR,Inductive Loop,WATCHDOG_FAILURE,1711832400000,1711832555337,1712222930225,2024/03/30 21:00:00.000,2024/03/30 21:02:35.337,2024/04/04 09:28:50.225,MAX_RECALL,WO000771,CONTROLLER_DIAGNOSTIC
DF000254,INT0002,7,4,STOP_BAR,Inductive Loop,WATCHDOG_FAILURE,1711875600000,1711879790225,1712305184952,2024/03/31 09:00:00.000,2024/03/31 10:09:50.225,2024/04/05 08:19:44.952,MAX_RECALL,WO000254,CONTROLLER_DIAGNOSTIC
DF000010,INT0046,4,2,ADVANCE,Inductive Loop,EXCESSIVE_INDUCTANCE_CHANGE,1711895375460,1711896038930,1712231018874,2024/03/31 14:29:35.460,2024/03/31 14:40:38.930,2024/04/04 11:43:38.874,MAX_RECALL,WO000010,CONTROLLER_DIAGNOSTIC
DF001455,INT0010,5,3,STOP_BAR,Inductive Loop,EXCESSIVE_INDUCTANCE_CHANGE,1711933200000,1711944774549,1712009526381,2024/04/01 01:00:00.000,2024/04/01 04:12:54.549,2024/04/01 22:12:06.381,MAX_RECALL,WO001455,CONTROLLER_DIAGNOSTIC
DF000142,INT0024,4,2,ADVANCE,Inductive Loop,SHORTED_LOOP,1711954800000,1711965371094,1712222580649,2024/04/01 07:00:00.000,2024/04/01 09:56:11.094,2024/04/04 09:23:00.649,MAX_RECALL,WO000142,CONTROLLER_DIAGNOSTIC
DF000745,INT0041,13,7,STOP_BAR,Inductive Loop,OPEN_LOOP,1711954800000,1711960682972,1712024835316,2024/04/01 07:00:00.000,2024/04/01 08:38:02.972,2024/04/02 02:27:15.316,MAX_RECALL,WO000745,CONTROLLER_DIAGNOSTIC
DF001138,INT0034,16,8,ADVANCE,Inductive Loop,OPEN_LOOP,1711962000000,1711967782506,1712099800835,2024/04/01 09:00:00.000,2024/04/01 10:36:22.506,2024/04/02 23:16:40.835,MAX_RECALL,WO001138,CONTROLLER_DIAGNOSTIC
DF001076,INT0041,6,3,ADVANCE,Inductive Loop,EXCESSIVE_INDUCTANCE_CHANGE,1712037600000,1712044004761,1712273860213,2024/04/02 06:00:00.000,2024/04/02 07:46:44.761,2024/04/04 23:37:40.213,MAX_RECALL,WO001076,CONTROLLER_DIAGNOSTIC
DF000719,INT0031,6,3,ADVANCE,Inductive Loop,SHORTED_LOOP,1712048400000,1712057086826,1712078158429,2024/04/02 09:00:00.000,2024/04/02 11:24:46.826,2024/04/02 17:15:58.429,MAX_RECALL,WO000719,FIELD_CREW
DF000475,INT0160,4,2,ADVANCE,Inductive Loop,EXCESSIVE_INDUCTANCE_CHANGE,1712055600000,1712057708759,1712346224040,2024/04/02 11:00:00.000,2024/04/02 11:35:08.759,2024/04/05 19:43:44.040,MAX_RECALL,WO000475,CONTROLLER_DIAGNOSTIC
DF001469,INT0014,11,6,STOP_BAR,Inductive Loop,EXCESSIVE_INDUCTANCE_CHANGE,1712088000000,1712099611873,1712436072685,2024/04/02 20:00:00.000,2024/04/02 23:13:31.873,2024/04/06 20:41:12.685,MAX_RECALL,WO001469,PUBLIC_REPORT
DF000448,INT0123,4,2,ADVANCE,Inductive Loop,EXCESSIVE_INDUCTANCE_CHANGE,1712098800000,1712102182537,1712310296738,2024/04/02 23:00:00.000,2024/04/02 23:56:22.537,2024/04/05 09:44:56.738,MAX_RECALL,WO000448,FIELD_CREW
DF001468,INT0126,3,2,STOP_BAR,Inductive Loop,EXCESSIVE_INDUCTANCE_CHANGE,1712116800000,1712124205486,1712351148167,2024/04/03 04:00:00.000,2024/04/03 06:03:25.486,2024/04/05 21:05:48.167,MAX_RECALL,WO001468,CONTROLLER_DIAGNOSTIC
DF001064,INT0163,16,8,ADVANCE,Inductive Loop,SHORTED_LOOP,1712116800000,1712124201078,1712508193458,2024/04/03 04:00:00.000,2024/04/03 06:03:21.078,2024/04/07 16:43:13.458,MAX_RECALL,WO001064,FIELD_CREW
DF000393,INT0165,5,3,STOP_BAR,Inductive Loop,WATCHDOG_FAILURE,1712145600000,1712146022721,1712451619335,2024/04/03 12:00:00.000,2024/04/03 12:07:02.721,2024/04/07 01:00:19.335,MAX_RECALL,WO000393,CONTROLLER_DIAGNOSTIC
DF001137,INT0071,7,4,STOP_BAR,Inductive Loop,OPEN_LOOP,1712340000000,1712340901835,1712749137348,2024/04/05 18:00:00.000,2024/04/05 18:15:01.835,2024/04/10 11:38:57.348,MAX_RECALL,WO001137,FIELD_CREW
DF000919,INT0117,4,2,ADVANCE,Inductive Loop,OPEN_LOOP,1712368800000,1712369247657,1712689245449,2024/04/06 02:00:00.000,2024/04/06 02:07:27.657,2024/04/09 19:00:45.449,MAX_RECALL,WO000919,FIELD_CREW
DF001160,INT0162,7,4,STOP_BAR,Inductive Loop,OPEN_LOOP,1712412000000,1712415458918,1712637278898,2024/04/06 14:00:00.000,2024/04/06 14:57:38.918,2024/04/09 04:34:38.898,MAX_RECALL,WO001160,CONTROLLER_DIAGNOSTIC
DF000980,INT0104,9,5,STOP_BAR,Inductive Loop,EXCESSIVE_INDUCTANCE_CHANGE,1712419200000,1712428511755,1712456829874,2024/04/06 16:00:00.000,2024/04/06 18:35:11.755,2024/04/07 02:27:09.874,MAX_RECALL,WO000980,CONTROLLER_DIAGNOSTIC
DF001199,INT0010,8,4,ADVANCE,Inductive Loop,SHORTED_LOOP,1712455200000,1712458915060,1712523557650,2024/04/07 02:00:00.000,2024/04/07 03:01:55.060,2024/04/07 20:59:17.650,MAX_RECALL,WO001199,CONTROLLER_DIAGNOSTIC
DF000634,INT0110,14,7,ADVANCE,Inductive Loop,SHORTED_LOOP,1712530800000,1712542819203,1712648970655,2024/04/07 23:00:00.000,2024/04/08 02:20:19.203,2024/04/09 07:49:30.655,MAX_RECALL,WO000634,CONTROLLER_DIAGNOSTIC
DF001405,INT0118,12,6,ADVANCE,Inductive Loop,OPEN_LOOP,1712545200000,1712558519610,1712577234730,2024/04/08 03:00:00.000,2024/04/08 06:41:59.610,2024/04/08 11:53:54.730,MAX_RECALL,WO001405,CONTROLLER_DIAGNOSTIC
DF000403,INT0037,1,1,STOP_BAR,Inductive Loop,WATCHDOG_FAILURE,1712592000000,1712601740096,1713032480545,2024/04/08 16:00:00.000,2024/04/08 18:42:20.096,2024/04/13 18:21:20.545,MAX_RECALL,WO000403,FIELD_CREW
DF001305,INT0130,12,6,ADVANCE,Inductive Loop,OPEN_LOOP,1712736000000,1712738435211,1712900336655,2024/04/10 08:00:00.000,2024/04/10 08:40:35.211,2024/04/12 05:38:56.655,MAX_RECALL,WO001305,FIELD_CREW
DF000036,INT0001,16,8,ADVANCE,Inductive Loop,EXCESSIVE_INDUCTANCE_CHANGE,1712736432338,1712741079893,1713174828521,2024/04/10 08:07:12.338,2024/04/10 09:24:39.893,2024/04/15 09:53:48.521,MAX_RECALL,WO000036,CONTROLLER_DIAGNOSTIC
DF000320,INT0060,1,1,STOP_BAR,Inductive Loop,WATCHDOG_FAILURE,1712743200000,1712755380802,1712847912244,2024/04/10 10:00:00.000,2024/04/10 13:23:00.802,2024/04/11 15:05:12.244,MAX_RECALL,WO000320,PUBLIC_REPORT
DF000162,INT0062,1,1,STOP_BAR,Inductive Loop,OPEN_LOOP,1712826000000,1712837998407,1713107616492,2024/04/11 09:00:00.000,2024/04/11 12:19:58.407,2024/04/14 15:13:36.492,MAX_RECALL,WO000162,PUBLIC_REPORT
DF000118,INT0084,15,8,STOP_BAR,Inductive Loop,WATCHDOG_FAILURE,1712844000000,1712851542585,1713214640351,2024/04/11 14:00:00.000,2024/04/11 16:05:42.585,2024/04/15 20:57:20.351,MAX_RECALL,WO000118,CONTROLLER_DIAGNOSTIC
DF001314,INT0124,6,3,ADVANCE,Inductive Loop,EXCESSIVE_INDUCTANCE_CHANGE,1712865600000,1712874499181,1713167363007,2024/04/11 20:00:00.000,2024/04/11 22:28:19.181,2024/04/15 07:49:23.007,MAX_RECALL,WO001314,CONTROLLER_DIAGNOSTIC
DF001241,INT0067,6,3,ADVANCE,Inductive Loop,SHORTED_LOOP,1712872800000,1712886876496,1713117640181,2024/04/11 22:00:00.000,2024/04/12 01:54:36.496,2024/04/14 18:00:40.181,MAX_RECALL,WO001241,FIELD_CREW
DF001069,INT0158,9,5,STOP_BAR,Inductive Loop,EXCESSIVE_INDUCTANCE_CHANGE,1712908800000,1712912449350,1713001342430,2024/04/12 08:00:00.000,2024/04/12 09:00:49.350,2024/04/13 09:42:22.430,MAX_RECALL,WO001069,FIELD_CREW
DF001221,INT0164,6,3,ADVANCE,Inductive Loop,OPEN_LOOP,1712941200000,1712947041879,1713197387406,2024/04/12 17:00:00.000,2024/04/12 18:37:21.879,2024/04/15 16:09:47.406,MAX_RECALL,WO001221,PUBLIC_REPORT
DF000115,INT0048,8,4,ADVANCE,Inductive Loop,OPEN_LOOP,1712952000000,1712955180851,1713094663620,2024/04/12 20:00:00.000,2024/04/12 20:53:00.851,2024/04/14 11:37:43.620,MAX_RECALL,WO000115,CONTROLLER_DIAGNOSTIC
DF000023,INT0075,16,8,ADVANCE,Inductive Loop,WATCHDOG_FAILURE,1713022537328,1713026940097,1713962282079,2024/04/13 15:35:37.328,2024/04/13 16:49:00.097,2024/04/24 12:38:02.079,MAX_RECALL,WO000023,CONTROLLER_DIAGNOSTIC
DF000225,INT0009,4,2,ADVANCE,Inductive Loop,WATCHDOG_FAILURE,1713067200000,1713073664896,1713468104643,2024/04/14 04:00:00.000,2024/04/14 05:47:44.896,2024/04/18 19:21:44.643,MAX_RECALL,WO000225,FIELD_CREW
DF001211,INT0125,3,2,STOP_BAR,Inductive Loop,WATCHDOG_FAILURE,1713070800000,1713078175380,1713103057179,2024/04/14 05:00:00.000,2024/04/14 07:02:55.380,2024/04/14 13:57:37.179,MAX_RECALL,WO001211,PUBLIC_REPORT
DF000077,INT0157,1,1,STOP_BAR,Inductive Loop,OPEN_LOOP,1713081600000,1713085726246,1713277163023,2024/04/14 08:00:00.000,2024/04/14 09:08:46.246,2024/04/16 14:19:23.023,MAX_RECALL,WO000077,CONTROLLER_DIAGNOSTIC
DF001427,INT0004,15,8,STOP_BAR,Inductive Loop,OPEN_LOOP,1713124800000,1713132598503,1713348055046,2024/04/14 20:00:00.000,2024/04/14 22:09:58.503,2024/04/17 10:00:55.046,MAX_RECALL,WO001427,FIELD_CREW
DF000597,INT0160,6,3,ADVANCE,Inductive Loop,SHORTED_LOOP,1713193200000,1713202471775,1713389443956,2024/04/15 15:00:00.000,2024/04/15 17:34:31.775,2024/04/17 21:30:43.956,MAX_RECALL,WO000597,CONTROLLER_DIAGNOSTIC
DF001179,INT0170,3,2,STOP_BAR,Inductive Loop,EXCESSIVE_INDUCTANCE_CHANGE,1713225600000,1713234506257,1713277562074,2024/04/16 00:00:00.000,2024/04/16 02:28:26.257,2024/04/16 14:26:02.074,MAX_RECALL,WO001179,CONTROLLER_DIAGNOSTIC
DF000102,INT0010,9,5,STOP_BAR,Inductive Loop,WATCHDOG_FAILURE,1713294000000,1713306632674,1713509764318,2024/04/16 19:00:00.000,2024/04/16 22:30:32.674,2024/04/19 06:56:04.318,MAX_RECALL,WO000102,CONTROLLER_DIAGNOSTIC
DF000601,INT0026,4,2,ADVANCE,Inductive Loop,WATCHDOG_FAILURE,1713373200000,1713380273482,1713802245364,2024/04/17 17:00:00.000,2024/04/17 18:57:53.482,2024/04/22 16:10:45.364,MAX_RECALL,WO000601,CONTROLLER_DIAGNOSTIC
DF000645,INT0015,15,8,STOP_BAR,Inductive Loop,WATCHDOG_FAILURE,1713376800000,1713381410971,1713437048419,2024/04/17 18:00:00.000,2024/04/17 19:16:50.971,2024/04/18 10:44:08.419,MAX_RECALL,WO000645,CONTROLLER_DIAGNOSTIC
DF001098,INT0025,1,1,STOP_BAR,Inductive Loop,SHORTED_LOOP,1713387600000,1713391530747,1713710099812,2024/04/17 21:00:00.000,2024/04/17 22:05:30.747,2024/04/21 14:34:59.812,MAX_RECALL,WO001098,CONTROLLER_DIAGNOSTIC
DF000580,INT0130,2,1,ADVANCE,Inductive Loop,EXCESSIVE_INDUCTANCE_CHANGE,1713430800000,1713431131270,1713495373991,2024/04/18 09:00:00.000,2024/04/18 09:05:31.270,2024/04/19 02:56:13.991,MAX_RECALL,WO000580,PUBLIC_REPORT
DF001141,INT0031,8,4,ADVANCE,Inductive Loop,OPEN_LOOP,1713430800000,1713440118964,1713635043010,2024/04/18 09:00:00.000,2024/04/18 11:35:18.964,2024/04/20 17:44:03.010,MAX_RECALL,WO001141,CONTROLLER_DIAGNOSTIC
DF000953,INT0050,10,5,ADVANCE,Inductive Loop,SHORTED_LOOP,1713596400000,1713600209096,1713616727510,2024/04/20 07:00:00.000,2024/04/20 08:03:29.096,2024/04/20 12:38:47.510,MAX_RECALL,WO000953,CONTROLLER_DIAGNOSTIC
DF001239,INT0069,13,7,STOP_BAR,Inductive Loop,SHORTED_LOOP,1713618000000,1713624107819,1713976660584,2024/04/20 13:00:00.000,2024/04/20 14:41:47.819,2024/04/24 16:37:40.584,MAX_RECALL,WO001239,CONTROLLER_DIAGNOSTIC
DF000298,INT0131,1,1,STOP_BAR,Inductive Loop,OPEN_LOOP,1713632400000,1713645814029,1713972567633,2024/04/20 17:00:00.000,2024/04/20 20:43:34.029,2024/04/24 15:29:27.633,MAX_RECALL,WO000298,FIELD_CREW
DF001057,INT0020,15,8,STOP_BAR,Inductive Loop,EXCESSIVE_INDUCTANCE_CHANGE,1713704400000,1713717023326,1713768937333,2024/04/21 13:00:00.000,2024/04/21 16:30:23.326,2024/04/22 06:55:37.333,MAX_RECALL,WO001057,FIELD_CREW
DF000642,INT0068,13,7,STOP_BAR,Inductive Loop,WATCHDOG_FAILURE,1713736800000,1713745900449,1713768731078,2024/04/21 22:00:00.000,2024/04/22 00:31:40.449,2024/04/22 06:52:11.078,MAX_RECALL,WO000642,CONTROLLER_DIAGNOSTIC
DF000451,INT0123,16,8,ADVANCE,Inductive Loop,SHORTED_LOOP,1713783600000,1713791500432,1713889243773,2024/04/22 11:00:00.000,2024/04/22 13:11:40.432,2024/04/23 16:20:43.773,MAX_RECALL,WO000451,CONTROLLER_DIAGNOSTIC
DF001374,INT0007,12,6,ADVANCE,Inductive Loop,SHORTED_LOOP,1713790800000,1713804451284,1713978374920,2024/04/22 13:00:00.000,2024/04/22 16:47:31.284,2024/04/24 17:06:14.920,MAX_RECALL,WO001374,CONTROLLER_DIAGNOSTIC
DF001212,INT0008,7,4,STOP_BAR,Inductive Loop,WATCHDOG_FAILURE,1713808800000,1713814411507,1714034484573,2024/04/22 18:00:00.000,2024/04/22 19:33:31.507,2024/04/25 08:41:24.573,MAX_RECALL,WO001212,CONTROLLER_DIAGNOSTIC
DF000931,INT0062,14,7,ADVANCE,Inductive Loop,EXCESSIVE_INDUCTANCE_CHANGE,1713902400000,1713915378417,1714033445614,2024/04/23 20:00:00.000,2024/04/23 23:36:18.417,2024/04/25 08:24:05.614,MAX_RECALL,WO000931,CONTROLLER_DIAGNOSTIC
DF000672,INT0061,8,4,ADVANCE,Inductive Loop,EXCESSIVE_INDUCTANCE_CHANGE,1713960000000,1713964547047,1714294450676,2024/04/24 12:00:00.000,2024/04/24 13:15:47.047,2024/04/28 08:54:10.676,MAX_RECALL,WO000672,FIELD_CREW
DF000735,INT0062,12,6,ADVANCE,Inductive Loop,SHORTED_LOOP,1713978000000,1713978826006,1714404196279,2024/04/24 17:00:00.000,2024/04/24 17:13:46.006,2024/04/29 15:23:16.279,MAX_RECALL,WO000735,PUBLIC_REPORT
DF000836,INT0092,2,1,ADVANCE,Inductive Loop,WATCHDOG_FAILURE,1714017600000,1714020819649,1714180264020,2024/04/25 04:00:00.000,2024/04/25 04:53:39.649,2024/04/27 01:11:04.020,MAX_RECALL,WO000836,CONTROLLER_DIAGNOSTIC
DF000070,INT0120,4,2,ADVANCE,Inductive Loop,WATCHDOG_FAILURE,1714119114847,1714119876651,1714967469180,2024/04/26 08:11:54.847,2024/04/26 08:24:36.651,2024/05/06 03:51:09.180,MAX_RECALL,WO000070,CONTROLLER_DIAGNOSTIC
DF000819,INT0141,5,3,STOP_BAR,Inductive Loop,OPEN_LOOP,1714165200000,1714172265900,1714516750820,2024/04/26 21:00:00.000,2024/04/26 22:57:45.900,2024/04/30 22:39:10.820,MAX_RECALL,WO000819,CONTROLLER_DIAGNOSTIC
DF000863,INT0145,12,6,ADVANCE,Inductive Loop,WATCHDOG_FAILURE,1714176000000,1714190297361,1714494195564,2024/04/27 00:00:00.000,2024/04/27 03:58:17.361,2024/04/30 16:23:15.564,MAX_RECALL,WO000863,CONTROLLER_DIAGNOSTIC
DF001171,INT0076,8,4,ADVANCE,Inductive Loop,EXCESSIVE_INDUCTANCE_CHANGE,1714291200000,1714291520322,1714349030468,2024/04/28 08:00:00.000,2024/04/28 08:05:20.322,2024/04/29 00:03:50.468,MAX_RECALL,WO001171,CONTROLLER_DIAGNOSTIC
DF000582,INT0040,4,2,ADVANCE,Inductive Loop,SHORTED_LOOP,1714341600000,1714352625846,1714459322827,2024/04/28 22:00:00.000,2024/04/29 01:03:45.846,2024/04/30 06:42:02.827,MAX_RECALL,WO000582,CONTROLLER_DIAGNOSTIC
DF000596,INT0015,6,3,ADVANCE,Inductive Loop,OPEN_LOOP,1714359600000,1714365210818,1714694413503,2024/04/29 03:00:00.000,2024/04/29 04:33:30.818,2024/05/03 00:00:13.503,MAX_RECALL,WO000596,FIELD_CREW
DF001284,INT0035,10,5,ADVANCE,Inductive Loop,OPEN_LOOP,1714384800000,1714388839879,1714685889498,2024/04/29 10:00:00.000,2024/04/29 11:07:19.879,2024/05/02 21:38:09.498,MAX_RECALL,WO001284,PUBLIC_REPORT
DF001103,INT0131,15,8,STOP_BAR,Inductive Loop,WATCHDOG_FAILURE,1714388400000,1714398737735,1714492523136,2024/04/29 11:00:00.000,2024/04/29 13:52:17.735,2024/04/30 15:55:23.136,MAX_RECALL,WO001103,FIELD_CREW
DF000317,INT0113,1,1,STOP_BAR,Inductive Loop,WATCHDOG_FAILURE,1714521600000,1714523933949,1714744553733,2024/05/01 00:00:00.000,2024/05/01 00:38:53.949,2024/05/03 13:55:53.733,MAX_RECALL,WO000317,CONTROLLER_DIAGNOSTIC
DF000787,INT0106,7,4,STOP_BAR,Inductive Loop,SHORTED_LOOP,1714575600000,1714582248524,1714983960794,2024/05/01 15:00:00.000,2024/05/01 16:50:48.524,2024/05/06 08:26:00.794,MAX_RECALL,WO000787,FIELD_CREW
DF000726,INT0079,4,2,ADVANCE,Inductive Loop,EXCESSIVE_INDUCTANCE_CHANGE,1714575600000,1714585412305,1714789786039,2024/05/01 15:00:00.000,2024/05/01 17:43:32.305,2024/05/04 02:29:46.039,MAX_RECALL,WO000726,CONTROLLER_DIAGNOSTIC
DF001061,INT0148,9,5,STOP_BAR,Inductive Loop,SHORTED_LOOP,1714586400000,1714598508940,1714909923296,2024/05/01 18:00:00.000,2024/05/01 21:21:48.940,2024/05/05 11:52:03.296,MAX_RECALL,WO001061,FIELD_CREW
DF001370,INT0066,4,2,ADVANCE,Inductive Loop,OPEN_LOOP,1714647600000,1714660982772,1714896093898,2024/05/02 11:00:00.000,2024/05/02 14:43:02.772,2024/05/05 08:01:33.898,MAX_RECALL,WO001370,CONTROLLER_DIAGNOSTIC
DF000136,INT0162,6,3,ADVANCE,Inductive Loop,EXCESSIVE_INDUCTANCE_CHANGE,1714752000000,1714765222824,1714844718261,2024/05/03 16:00:00.000,2024/05/03 19:40:22.824,2024/05/04 17:45:18.261,MAX_RECALL,WO000136,CONTROLLER_DIAGNOSTIC
DF001456,INT0047,7,4,STOP_BAR,Inductive Loop,EXCESSIVE_INDUCTANCE_CHANGE,1714932000000,1714945800941,1715117899386,2024/05/05 18:00:00.000,2024/05/05 21:50:00.941,2024/05/07 21:38:19.386,MAX_RECALL,WO001456,CONTROLLER_DIAGNOSTIC
DF000335,INT0016,8,4,ADVANCE,Inductive Loop,SHORTED_LOOP,1714968000000,1714968925595,1715066241624,2024/05/06 04:00:00.000,2024/05/06 04:15:25.595,2024/05/07 07:17:21.624,MAX_RECALL,WO000335,CONTROLLER_DIAGNOSTIC
DF001400,INT0129,7,4,STOP_BAR,Inductive Loop,WATCHDOG_FAILURE,1715011200000,1715017977581,1715236529887,2024/05/06 16:00:00.000,2024/05/06 17:52:57.581,2024/05/09 06:35:29.887,MAX_RECALL,WO001400,CONTROLLER_DIAGNOSTIC
DF001425,INT0167,13,7,STOP_BAR,Inductive Loop,WATCHDOG_FAILURE,1715011200000,1715022277936,1715139704075,2024/05/06 16:00:00.000,2024/05/06 19:04:37.936,2024/05/08 03:41:44.075,MAX_RECALL,WO001425,FIELD_CREW
DF000816,INT0116,1,1,STOP_BAR,Inductive Loop,EXCESSIVE_INDUCTANCE_CHANGE,1715018400000,1715021065761,1715164558644,2024/05/06 18:00:00.000,2024/05/06 18:44:25.761,2024/05/08 10:35:58.644,MAX_RECALL,WO000816,CONTROLLER_DIAGNOSTIC
DF001360,INT0033,6,3,ADVANCE,Inductive Loop,EXCESSIVE_INDUCTANCE_CHANGE,1715130000000,1715133402684,1715242944099,2024/05/08 01:00:00.000,2024/05/08 01:56:42.684,2024/05/09 08:22:24.099,MAX_RECALL,WO001360,CONTROLLER_DIAGNOSTIC
DF001135,INT0035,16,8,ADVANCE,Inductive Loop,EXCESSIVE_INDUCTANCE_CHANGE,1715230800000,1715240892299,1715372917662,2024/05/09 05:00:00.000,2024/05/09 07:48:12.299,2024/05/10 20:28:37.662,MAX_RECALL,WO001135,CONTROLLER_DIAGNOSTIC
DF001267,INT0122,9,5,STOP_BAR,Inductive Loop,EXCESSIVE_INDUCTANCE_CHANGE,1715230800000,1715241238984,1715299178856,2024/05/09 05:00:00.000,2024/05/09 07:53:58.984,2024/05/09 23:59:38.856,MAX_RECALL,WO001267,FIELD_CREW
DF001404,INT0019,2,1,ADVANCE,Inductive Loop,OPEN_LOOP,1715241600000,1715247024591,1715421604984,2024/05/09 08:00:00.000,2024/05/09 09:30:24.591,2024/05/11 10:00:04.984,MAX_RECALL,WO001404,CONTROLLER_DIAGNOSTIC
DF000604,INT0013,9,5,STOP_BAR,Inductive Loop,WATCHDOG_FAILURE,1715241600000,1715251276281,1715565508020,2024/05/09 08:00:00.000,2024/05/09 10:41:16.281,2024/05/13 01:58:28.020,MAX_RECALL,WO000604,PUBLIC_REPORT
DF000246,INT0028,3,2,STOP_BAR,Inductive Loop,WATCHDOG_FAILURE,1715338800000,1715349008569,1715565637765,2024/05/10 11:00:00.000,2024/05/10 13:50:08.569,2024/05/13 02:00:37.765,MAX_RECALL,WO000246,CONTROLLER_DIAGNOSTIC
DF000333,INT0024,15,8,STOP_BAR,Inductive Loop,SHORTED_LOOP,1715374800000,1715376012234,1715717006704,2024/05/10 21:00:00.000,2024/05/10 21:20:12.234,2024/05/14 20:03:26.704,MAX_RECALL,WO000333,FIELD_CREW
DF000714,INT0052,15,8,STOP_BAR,Inductive Loop,EXCESSIVE_INDUCTANCE_CHANGE,1715392800000,1715396762356,1715441850353,2024/05/11 02:00:00.000,2024/05/11 03:06:02.356,2024/05/11 15:37:30.353,MAX_RECALL,WO000714,PUBLIC_REPORT
DF000014,INT0078,8,4,ADVANCE,Inductive Loop,OPEN_LOOP,1715453428809,1715458053278,1715838410723,2024/05/11 18:50:28.809,2024/05/11 20:07:33.278,2024/05/16 05:46:50.723,MAX_RECALL,WO000014,CONTROLLER_DIAGNOSTIC
DF000205,INT0128,4,2,ADVANCE,Inductive Loop,WATCHDOG_FAILURE,1715515200000,1715521206121,1715851307482,2024/05/12 12:00:00.000,2024/05/12 13:40:06.121,2024/05/16 09:21:47.482,MAX_RECALL,WO000205,CONTROLLER_DIAGNOSTIC
DF001207,INT0033,5,3,STOP_BAR,Inductive Loop,EXCESSIVE_INDUCTANCE_CHANGE,1715515200000,1715527152697,1715885416591,2024/05/12 12:00:00.000,2024/05/12 15:19:12.697,2024/05/16 18:50:16.591,MAX_RECALL,WO001207,CONTROLLER_DIAGNOSTIC
DF000541,INT0042,3,2,STOP_BAR,Inductive Loop,WATCHDOG_FAILURE,1715630400000,1715634611024,1716040179367,2024/05/13 20:00:00.000,2024/05/13 21:10:11.024,2024/05/18 13:49:39.367,MAX_RECALL,WO000541,CONTROLLER_DIAGNOSTIC
DF001296,INT0163,4,2,ADVANCE,Inductive Loop,SHORTED_LOOP,1715652000000,1715653036989,1716043236300,2024/05/14 02:00:00.000,2024/05/14 02:17:16.989,2024/05/18 14:40:36.300,MAX_RECALL,WO001296,CONTROLLER_DIAGNOSTIC
DF000818,INT0101,4,2,ADVANCE,Inductive Loop,WATCHDOG_FAILURE,1715698800000,1715705262420,1715725961278,2024/05/14 15:00:00.000,2024/05/14 16:47:42.420,2024/05/14 22:32:41.278,MAX_RECALL,WO000818,CONTROLLER_DIAGNOSTIC
DF000321,INT0165,11,6,STOP_BAR,Inductive Loop,EXCESSIVE_INDUCTANCE_CHANGE,1715702400000,1715711464956,1715736160638,2024/05/14 16:00:00.000,2024/05/14 18:31:04.956,2024/05/15 01:22:40.638,MAX_RECALL,WO000321,CONTROLLER_DIAGNOSTIC
DF000858,INT0050,8,4,ADVANCE,Inductive Loop,SHORTED_LOOP,1715716800000,1715730285431,1715951340047,2024/05/14 20:00:00.000,2024/05/14 23:44:45.431,2024/05/17 13:09:00.047,MAX_RECALL,WO000858,FIELD_CREW
DF000288,INT0048,9,5,STOP_BAR,Inductive Loop,EXCESSIVE_INDUCTANCE_CHANGE,1715720400000,1715730906209,1716052287772,2024/05/14 21:00:00.000,2024/05/14 23:55:06.209,2024/05/18 17:11:27.772,MAX_RECALL,WO000288,CONTROLLER_DIAGNOSTIC
DF001224,INT0052,8,4,ADVANCE,Inductive Loop,SHORTED_LOOP,1715745600000,1715758585502,1715977453580,2024/05/15 04:00:00.000,2024/05/15 07:36:25.502,2024/05/17 20:24:13.580,MAX_RECALL,WO001224,CONTROLLER_DIAGNOSTIC
DF000130,INT0125,1,1,STOP_BAR,Inductive Loop,WATCHDOG_FAILURE,1715792400000,1715796013954,1716023464507,2024/05/15 17:00:00.000,2024/05/15 18:00:13.954,2024/05/18 09:11:04.507,MAX_RECALL,WO000130,FIELD_CREW
DF000907,INT0098,15,8,STOP_BAR,Inductive Loop,SHORTED_LOOP,1715810400000,1715813568039,1716197267140,2024/05/15 22:00:00.000,2024/05/15 22:52:48.039,2024/05/20 09:27:47.140,MAX_RECALL,WO000907,CONTROLLER_DIAGNOSTIC
DF001368,INT0099,6,3,ADVANCE,Inductive Loop,WATCHDOG_FAILURE,1715814000000,1715815174135,1715823500612,2024/05/15 23:00:00.000,2024/05/15 23:19:34.135,2024/05/16 01:38:20.612,MAX_RECALL,WO001368,CONTROLLER_DIAGNOSTIC
DF000164,INT0063,15,8,STOP_BAR,Inductive Loop,OPEN_LOOP,1715828400000,1715836648352,1715954288145,2024/05/16 03:00:00.000,2024/05/16 05:17:28.352,2024/05/17 13:58:08.145,MAX_RECALL,WO000164,CONTROLLER_DIAGNOSTIC
DF001198,INT0017,10,5,ADVANCE,Inductive Loop,SHORTED_LOOP,1715907600000,1715913617484,1716015093990,2024/05/17 01:00:00.000,2024/05/17 02:40:17.484,2024/05/18 06:51:33.990,MAX_RECALL,WO001198,FIELD_CREW
DF000533,INT0161,11,6,STOP_BAR,Inductive Loop,EXCESSIVE_INDUCTANCE_CHANGE,1715929200000,1715931760349,1716171572965,2024/05/17 07:00:00.000,2024/05/17 07:42:40.349,2024/05/20 02:19:32.965,MAX_RECALL,WO000533,CONTROLLER_DIAGNOSTIC
DF000702,INT0088,4,2,ADVANCE,Inductive Loop,WATCHDOG_FAILURE,1715947200000,1715956270757,1716147471902,2024/05/17 12:00:00.000,2024/05/17 14:31:10.757,2024/05/19 19:37:51.902,MAX_RECALL,WO000702,CONTROLLER_DIAGNOSTIC
DF000165,INT0050,5,3,STOP_BAR,Inductive Loop,WATCHDOG_FAILURE,1715954400000,1715958313051,1716180534499,2024/05/17 14:00:00.000,2024/05/17 15:05:13.051,2024/05/20 04:48:54.499,MAX_RECALL,WO000165,FIELD_CREW
DF000251,INT0072,3,2,STOP_BAR,Inductive Loop,OPEN_LOOP,1715994000000,1715996177659,1716398250185,2024/05/18 01:00:00.000,2024/05/18 01:36:17.659,2024/05/22 17:17:30.185,MAX_RECALL,WO000251,FIELD_CREW
DF000461,INT0092,15,8,STOP_BAR,Inductive Loop,SHORTED_LOOP,1716037200000,1716045260480,1716287567839,2024/05/18 13:00:00.000,2024/05/18 15:14:20.480,2024/05/21 10:32:47.839,MAX_RECALL,WO000461,FIELD_CREW
DF000304,INT0085,3,2,STOP_BAR,Inductive Loop,WATCHDOG_FAILURE,1716087600000,1716090845868,1716161752559,2024/05/19 03:00:00.000,2024/05/19 03:54:05.868,2024/05/19 23:35:52.559,MAX_RECALL,WO000304,CONTROLLER_DIAGNOSTIC
DF001339,INT0093,8,4,ADVANCE,Inductive Loop,SHORTED_LOOP,1716105600000,1716118390332,1716281718710,2024/05/19 08:00:00.000,2024/05/19 11:33:10.332,2024/05/21 08:55:18.710,MAX_RECALL,WO001339,FIELD_CREW
DF000351,INT0024,2,1,ADVANCE,Inductive Loop,WATCHDOG_FAILURE,1716152400000,1716152782323,1716537377276,2024/05/19 21:00:00.000,2024/05/19 21:06:22.323,2024/05/24 07:56:17.276,MAX_RECALL,WO000351,CONTROLLER_DIAGNOSTIC
DF000551,INT0145,5,3,STOP_BAR,Inductive Loop,OPEN_LOOP,1716271200000,1716284767179,1716338944269,2024/05/21 06:00:00.000,2024/05/21 09:46:07.179,2024/05/22 00:49:04.269,MAX_RECALL,WO000551,FIELD_CREW
DF001154,INT0093,5,3,STOP_BAR,Inductive Loop,EXCESSIVE_INDUCTANCE_CHANGE,1716300000000,1716308587577,1716711840245,2024/05/21 14:00:00.000,2024/05/21 16:23:07.577,2024/05/26 08:24:00.245,MAX_RECALL,WO001154,CONTROLLER_DIAGNOSTIC
DF001335,INT0102,13,7,STOP_BAR,Inductive Loop,WATCHDOG_FAILURE,1716357600000,1716364219147,1716777208189,2024/05/22 06:00:00.000,2024/05/22 07:50:19.147,2024/05/27 02:33:28.189,MAX_RECALL,WO001335,FIELD_CREW
DF000565,INT0099,15,8,STOP_BAR,Inductive Loop,OPEN_LOOP,1716364800000,1716376491842,1716491861305,2024/05/22 08:00:00.000,2024/05/22 11:14:51.842,2024/05/23 19:17:41.305,MAX_RECALL,WO000565,CONTROLLER_DIAGNOSTIC
DF000128,INT0044,2,1,ADVANCE,Inductive Loop,WATCHDOG_FAILURE,1716393600000,1716406046954,1716478284762,2024/05/22 16:00:00.000,2024/05/22 19:27:26.954,2024/05/23 15:31:24.762,MAX_RECALL,WO000128,CONTROLLER_DIAGNOSTIC
DF000387,INT0088,6,3,ADVANCE,Inductive Loop,WATCHDOG_FAILURE,1716422400000,1716433158423,1716527151550,2024/05/23 00:00:00.000,2024/05/23 02:59:18.423,2024/05/24 05:05:51.550,MAX_RECALL,WO000387,CONTROLLER_DIAGNOSTIC
DF001056,INT0007,7,4,STOP_BAR,Inductive Loop,WATCHDOG_FAILURE,1716447600000,1716453308933,1716853045938,2024/05/23 07:00:00.000,2024/05/23 08:35:08.933,2024/05/27 23:37:25.938,MAX_RECALL,WO001056,CONTROLLER_DIAGNOSTIC
DF000272,INT0037,15,8,STOP_BAR,Inductive Loop,WATCHDOG_FAILURE,1716472800000,1716475969302,1716619805121,2024/05/23 14:00:00.000,2024/05/23 14:52:49.302,2024/05/25 06:50:05.121,MAX_RECALL,WO000272,FIELD_CREW
DF000594,INT0020,5,3,STOP_BAR,Inductive Loop,EXCESSIVE_INDUCTANCE_CHANGE,1716494400000,1716499701853,1716675677408,2024/05/23 20:00:00.000,2024/05/23 21:28:21.853,2024/05/25 22:21:17.408,MAX_RECALL,WO000594,CONTROLLER_DIAGNOSTIC
DF000916,INT0075,15,8,STOP_BAR,Inductive Loop,EXCESSIVE_INDUCTANCE_CHANGE,1716512400000,1716524894256,1716671431912,2024/05/24 01:00:00.000,2024/05/24 04:28:14.256,2024/05/25 21:10:31.912,MAX_RECALL,WO000916,CONTROLLER_DIAGNOSTIC
DF000996,INT0033,1,1,STOP_BAR,Inductive Loop,OPEN_LOOP,1716606000000,1716619674731,1716854163120,2024/05/25 03:00:00.000,2024/05/25 06:47:54.731,2024/05/27 23:56:03.120,MAX_RECALL,WO000996,FIELD_CREW
DF000571,INT0050,2,1,ADVANCE,Inductive Loop,SHORTED_LOOP,1716609600000,1716612277418,1716805733848,2024/05/25 04:00:00.000,2024/05/25 04:44:37.418,2024/05/27 10:28:53.848,MAX_RECALL,WO000571,CONTROLLER_DIAGNOSTIC
DF001320,INT0142,15,8,STOP_BAR,Inductive Loop,SHORTED_LOOP,1716616800000,1716622781184,1716817781570,2024/05/25 06:00:00.000,2024/05/25 07:39:41.184,2024/05/27 13:49:41.570,MAX_RECALL,WO001320,FIELD_CREW
DF000622,INT0157,16,8,ADVANCE,Inductive Loop,EXCESSIVE_INDUCTANCE_CHANGE,1716624000000,1716629745710,1716860058080,2024/05/25 08:00:00.000,2024/05/25 09:35:45.710,2024/05/28 01:34:18.080,MAX_RECALL,WO000622,CONTROLLER_DIAGNOSTIC
DF001219,INT0125,15,8,STOP_BAR,Inductive Loop,OPEN_LOOP,1716645600000,1716657795670,1716704390210,2024/05/25 14:00:00.000,2024/05/25 17:23:15.670,2024/05/26 06:19:50.210,MAX_RECALL,WO001219,CONTROLLER_DIAGNOSTIC
DF001170,INT0085,14,7,ADVANCE,Inductive Loop,EXCESSIVE_INDUCTANCE_CHANGE,1716710400000,1716715702305,1717118176952,2024/05/26 08:00:00.000,2024/05/26 09:28:22.305,2024/05/31 01:16:16.952,MAX_RECALL,WO001170,CONTROLLER_DIAGNOSTIC
DF000213,INT0125,7,4,STOP_BAR,Inductive Loop,OPEN_LOOP,1716735600000,1716735857444,1716996727690,2024/05/26 15:00:00.000,2024/05/26 15:04:17.444,2024/05/29 15:32:07.690,MAX_RECALL,WO000213,CONTROLLER_DIAGNOSTIC
DF000172,INT0096,1,1,STOP_BAR,Inductive Loop,EXCESSIVE_INDUCTANCE_CHANGE,1716753600000,1716764307567,1716923917676,2024/05/26 20:00:00.000,2024/05/26 22:58:27.567,2024/05/28 19:18:37.676,MAX_RECALL,WO000172,CONTROLLER_DIAGNOSTIC
DF000341,INT0138,14,7,ADVANCE,Inductive Loop,EXCESSIVE_INDUCTANCE_CHANGE,1716782400000,1716788354416,1716843399871,2024/05/27 04:00:00.000,2024/05/27 05:39:14.416,2024/05/27 20:56:39.871,MAX_RECALL,WO000341,CONTROLLER_DIAGNOSTIC
DF001161,INT0116,3,2,STOP_BAR,Inductive Loop,WATCHDOG_FAILURE,1716811200000,1716820794665,1717091578551,2024/05/27 12:00:00.000,2024/05/27 14:39:54.665,2024/05/30 17:52:58.551,MAX_RECALL,WO001161,CONTROLLER_DIAGNOSTIC
DF000829,INT0110,11,6,STOP_BAR,Inductive Loop,OPEN_LOOP,1716854400000,1716860359426,1717198082978,2024/05/28 00:00:00.000,2024/05/28 01:39:19.426,2024/05/31 23:28:02.978,MAX_RECALL,WO000829,CONTROLLER_DIAGNOSTIC
DF000453,INT0163,9,5,STOP_BAR,Inductive Loop,OPEN_LOOP,1716861600000,1716863484308,1716895548915,2024/05/28 02:00:00.000,2024/05/28 02:31:24.308,2024/05/28 11:25:48.915,MAX_RECALL,WO000453,CONTROLLER_DIAGNOSTIC
DF000629,INT0167,16,8,ADVANCE,Inductive Loop,SHORTED_LOOP,1716876000000,1716877650673,1717263852911,2024/05/28 06:00:00.000,2024/05/28 06:27:30.673,2024/06/01 17:44:12.911,MAX_RECALL,WO000629,PUBLIC_REPORT
DF000192,INT0015,1,1,STOP_BAR,Inductive Loop,WATCHDOG_FAILURE,1716940800000,1716940994443,1716967712710,2024/05/29 00:00:00.000,2024/05/29 00:03:14.443,2024/05/29 07:28:32.710,MAX_RECALL,WO000192,PUBLIC_REPORT
DF001080,INT0022,6,3,ADVANCE,Inductive Loop,OPEN_LOOP,1716991200000,1716995711666,1717350398834,2024/05/29 14:00:00.000,2024/05/29 15:15:11.666,2024/06/02 17:46:38.834,MAX_RECALL,WO001080,CONTROLLER_DIAGNOSTIC
DF001246,INT0063,6,3,ADVANCE,Inductive Loop,OPEN_LOOP,1717128000000,1717139394812,1717264940228,2024/05/31 04:00:00.000,2024/05/31 07:09:54.812,2024/06/01 18:02:20.228,MAX_RECALL,WO001246,CONTROLLER_DIAGNOSTIC
DF001147,INT0078,2,1,ADVANCE,Inductive Loop,SHORTED_LOOP,1717142400000,1717147683809,1717173564265,2024/05/31 08:00:00.000,2024/05/31 09:28:03.809,2024/05/31 16:39:24.265,MAX_RECALL,WO001147,FIELD_CREW
DF000072,INT0117,8,4,ADVANCE,Inductive Loop,WATCHDOG_FAILURE,1717172590785,1717173076569,1717826331704,2024/05/31 16:23:10.785,2024/05/31 16:31:16.569,2024/06/08 05:58:51.704,MAX_RECALL,WO000072,CONTROLLER_DIAGNOSTIC
DF000488,INT0123,14,7,ADVANCE,Inductive Loop,OPEN_LOOP,1717189200000,1717198164510,1717308297673,2024/05/31 21:00:00.000,2024/05/31 23:29:24.510,2024/06/02 06:04:57.673,MAX_RECALL,WO000488,CONTROLLER_DIAGNOSTIC
DF001121,INT0158,4,2,ADVANCE,Inductive Loop,EXCESSIVE_INDUCTANCE_CHANGE,1717430400000,1717434277002,1717536150076,2024/06/03 16:00:00.000,2024/06/03 17:04:37.002,2024/06/04 21:22:30.076,MAX_RECALL,WO001121,CONTROLLER_DIAGNOSTIC
DF000821,INT0138,15,8,STOP_BAR,Inductive Loop,OPEN_LOOP,1717437600000,1717441177709,1717755242585,2024/06/03 18:00:00.000,2024/06/03 18:59:37.709,2024/06/07 10:14:02.585,MAX_RECALL,WO000821,CONTROLLER_DIAGNOSTIC
DF001035,INT0037,5,3,STOP_BAR,Inductive Loop,EXCESSIVE_INDUCTANCE_CHANGE,1717441200000,1717446871931,1717625679046,2024/06/03 19:00:00.000,2024/06/03 20:34:31.931,2024/06/05 22:14:39.046,MAX_RECALL,WO001035,CONTROLLER_DIAGNOSTIC
DF000046,INT0028,4,2,ADVANCE,Inductive Loop,OPEN_LOOP,1717451762077,1717453268671,1717641319717,2024/06/03 21:56:02.077,2024/06/03 22:21:08.671,2024/06/06 02:35:19.717,MAX_RECALL,WO000046,CONTROLLER_DIAGNOSTIC
DF000198,INT0145,14,7,ADVANCE,Inductive Loop,WATCHDOG_FAILURE,1717459200000,1717472262871,1717836900652,2024/06/04 00:00:00.000,2024/06/04 03:37:42.871,2024/06/08 08:55:00.652,MAX_RECALL,WO000198,CONTROLLER_DIAGNOSTIC
DF000899,INT0032,13,7,STOP_BAR,Inductive Loop,WATCHDOG_FAILURE,1717542000000,1717555033900,1717852018082,2024/06/04 23:00:00.000,2024/06/05 02:37:13.900,2024/06/08 13:06:58.082,MAX_RECALL,WO000899,FIELD_CREW
DF000791,INT0082,12,6,ADVANCE,Inductive Loop,EXCESSIVE_INDUCTANCE_CHANGE,1717642800000,1717655059311,1717857956821,2024/06/06 03:00:00.000,2024/06/06 06:24:19.311,2024/06/08 14:45:56.821,MAX_RECALL,WO000791,CONTROLLER_DIAGNOSTIC
DF001209,INT0125,5,3,STOP_BAR,Inductive Loop,OPEN_LOOP,1717686000000,1717692719537,1718029300043,2024/06/06 15:00:00.000,2024/06/06 16:51:59.537,2024/06/10 14:21:40.043,MAX_RECALL,WO001209,CONTROLLER_DIAGNOSTIC
DF001386,INT0131,11,6,STOP_BAR,Inductive Loop,OPEN_LOOP,1717704000000,1717710911611,1717896056808,2024/06/06 20:00:00.000,2024/06/06 21:55:11.611,2024/06/09 01:20:56.808,MAX_RECALL,WO001386,CONTROLLER_DIAGNOSTIC
DF000040,INT0116,16,8,ADVANCE,Inductive Loop,OPEN_LOOP,1717705717646,1717710339443,1717880420395,2024/06/06 20:28:37.646,2024/06/06 21:45:39.443,2024/06/08 21:00:20.395,MAX_RECALL,WO000040,CONTROLLER_DIAGNOSTIC
DF000925,INT0059,4,2,ADVANCE,Inductive Loop,WATCHDOG_FAILURE,1717740000000,1717753072397,1718085186536,2024/06/07 06:00:00.000,2024/06/07 09:37:52.397,2024/06/11 05:53:06.536,MAX_RECALL,WO000925,FIELD_CREW
DF001220,INT0063,14,7,ADVANCE,Inductive Loop,SHORTED_LOOP,1717786800000,1717788464898,1718192312500,2024/06/07 19:00:00.000,2024/06/07 19:27:44.898,2024/06/12 11:38:32.500,MAX_RECALL,WO001220,CONTROLLER_DIAGNOSTIC
DF001333,INT0051,9,5,STOP_BAR,Inductive Loop,OPEN_LOOP,1717992000000,1717993896495,1718104362965,2024/06/10 04:00:00.000,2024/06/10 04:31:36.495,2024/06/11 11:12:42.965,MAX_RECALL,WO001333,FIELD_CREW
DF001045,INT0039,9,5,STOP_BAR,Inductive Loop,SHORTED_LOOP,1717999200000,1718006067714,1718257297338,2024/06/10 06:00:00.000,2024/06/10 07:54:27.714,2024/06/13 05:41:37.338,MAX_RECALL,WO001045,CONTROLLER_DIAGNOSTIC
DF001222,INT0051,12,6,ADVANCE,Inductive Loop,WATCHDOG_FAILURE,1718028000000,1718042087122,1718246209494,2024/06/10 14:00:00.000,2024/06/10 17:54:47.122,2024/06/13 02:36:49.494,MAX_RECALL,WO001222,CONTROLLER_DIAGNOSTIC
DF000360,INT0156,11,6,STOP_BAR,Inductive Loop,WATCHDOG_FAILURE,1718096400000,1718110347259,1718318113497,2024/06/11 09:00:00.000,2024/06/11 12:52:27.259,2024/06/13 22:35:13.497,MAX_RECALL,WO000360,CONTROLLER_DIAGNOSTIC
DF000753,INT0027,7,4,STOP_BAR,Inductive Loop,OPEN_LOOP,1718121600000,1718134049327,1718469799260,2024/06/11 16:00:00.000,2024/06/11 19:27:29.327,2024/06/15 16:43:19.260,MAX_RECALL,WO000753,CONTROLLER_DIAGNOSTIC
DF000381,INT0061,6,3,ADVANCE,Inductive Loop,OPEN_LOOP,1718175600000,1718183083661,1718259290611,2024/06/12 07:00:00.000,2024/06/12 09:04:43.661,2024/06/13 06:14:50.611,MAX_RECALL,WO000381,CONTROLLER_DIAGNOSTIC
DF001075,INT0121,7,4,STOP_BAR,Inductive Loop,SHORTED_LOOP,1718200800000,1718201613187,1718478215079,2024/06/12 14:00:00.000,2024/06/12 14:13:33.187,2024/06/15 19:03:35.079,MAX_RECALL,WO001075,CONTROLLER_DIAGNOSTIC
DF001169,INT0089,7,4,STOP_BAR,Inductive Loop,EXCESSIVE_INDUCTANCE_CHANGE,1718229600000,1718237928002,1718481238778,2024/06/12 22:00:00.000,2024/06/13 00:18:48.002,2024/06/15 19:53:58.778,MAX_RECALL,WO001169,CONTROLLER_DIAGNOSTIC
DF000981,INT0095,8,4,ADVANCE,Inductive Loop,OPEN_LOOP,1718280000000,1718286489088,1718553981575,2024/06/13 12:00:00.000,2024/06/13 13:48:09.088,2024/06/16 16:06:21.575,MAX_RECALL,WO000981,CONTROLLER_DIAGNOSTIC
DF000746,INT0048,15,8,STOP_BAR,Inductive Loop,OPEN_LOOP,1718344800000,1718349726543,1718772097735,2024/06/14 06:00:00.000,2024/06/14 07:22:06.543,2024/06/19 04:41:37.735,MAX_RECALL,WO000746,CONTROLLER_DIAGNOSTIC
DF000086,INT0110,8,4,ADVANCE,Inductive Loop,EXCESSIVE_INDUCTANCE_CHANGE,1718373600000,1718377384078,1718748568306,2024/06/14 14:00:00.000,2024/06/14 15:03:04.078,2024/06/18 22:09:28.306,MAX_RECALL,WO000086,CONTROLLER_DIAGNOSTIC
DF001005,INT0148,2,1,ADVANCE,Inductive Loop,OPEN_LOOP,1718463600000,1718468164091,1718662421991,2024/06/15 15:00:00.000,2024/06/15 16:16:04.091,2024/06/17 22:13:41.991,MAX_RECALL,WO001005,CONTROLLER_DIAGNOSTIC
DF001454,INT0128,9,5,STOP_BAR,Inductive Loop,SHORTED_LOOP,1718481600000,1718482116346,1718811596931,2024/06/15 20:00:00.000,2024/06/15 20:08:36.346,2024/06/19 15:39:56.931,MAX_RECALL,WO001454,CONTROLLER_DIAGNOSTIC
DF000676,INT0149,4,2,ADVANCE,Inductive Loop,OPEN_LOOP,1718514000000,1718519178714,1718689006543,2024/06/16 05:00:00.000,2024/06/16 06:26:18.714,2024/06/18 05:36:46.543,MAX_RECALL,WO000676,CONTROLLER_DIAGNOSTIC
DF001264,INT0157,14,7,ADVANCE,Inductive Loop,SHORTED_LOOP,1718679600000,1718687714970,1718831136130,2024/06/18 03:00:00.000,2024/06/18 05:15:14.970,2024/06/19 21:05:36.130,MAX_RECALL,WO001264,CONTROLLER_DIAGNOSTIC
DF000343,INT0033,12,6,ADVANCE,Inductive Loop,SHORTED_LOOP,1718686800000,1718688448437,1718849481897,2024/06/18 05:00:00.000,2024/06/18 05:27:28.437,2024/06/20 02:11:21.897,MAX_RECALL,WO000343,CONTROLLER_DIAGNOSTIC
DF000722,INT0075,3,2,STOP_BAR,Inductive Loop,EXCESSIVE_INDUCTANCE_CHANGE,1718686800000,1718699197910,1719034517194,2024/06/18 05:00:00.000,2024/06/18 08:26:37.910,2024/06/22 05:35:17.194,MAX_RECALL,WO000722,CONTROLLER_DIAGNOSTIC
DF000015,INT0048,8,4,ADVANCE,Inductive Loop,WATCHDOG_FAILURE,1718887254283,1718891247298,1719746659620,2024/06/20 12:40:54.283,2024/06/20 13:47:27.298,2024/06/30 11:24:19.620,MAX_RECALL,WO000015,CONTROLLER_DIAGNOSTIC
DF000882,INT0017,11,6,STOP_BAR,Inductive Loop,OPEN_LOOP,1718924400000,1718931248990,1719265983947,2024/06/20 23:00:00.000,2024/06/21 00:54:08.990,2024/06/24 21:53:03.947,MAX_RECALL,WO000882,CONTROLLER_DIAGNOSTIC
DF000982,INT0140,15,8,STOP_BAR,Inductive Loop,EXCESSIVE_INDUCTANCE_CHANGE,1718931600000,1718944748647,1719045002737,2024/06/21 01:00:00.000,2024/06/21 04:39:08.647,2024/06/22 08:30:02.737,MAX_RECALL,WO000982,CONTROLLER_DIAGNOSTIC
DF000543,INT0125,16,8,ADVANCE,Inductive Loop,EXCESSIVE_INDUCTANCE_CHANGE,1718946000000,1718953396160,1719115969230,2024/06/21 05:00:00.000,2024/06/21 07:03:16.160,2024/06/23 04:12:49.230,MAX_RECALL,WO000543,CONTROLLER_DIAGNOSTIC
DF001306,INT0023,1,1,STOP_BAR,Inductive Loop,SHORTED_LOOP,1719075600000,1719083601727,1719352144477,2024/06/22 17:00:00.000,2024/06/22 19:13:21.727,2024/06/25 21:49:04.477,MAX_RECALL,WO001306,FIELD_CREW
DF000778,INT0028,7,4,STOP_BAR,Inductive Loop,EXCESSIVE_INDUCTANCE_CHANGE,1719097200000,1719103079519,1719203188755,2024/06/22 23:00:00.000,2024/06/23 00:37:59.519,2024/06/24 04:26:28.755,MAX_RECALL,WO000778,PUBLIC_REPORT
DF001336,INT0073,15,8,STOP_BAR,Inductive Loop,OPEN_LOOP,1719111600000,1719125968433,1719360641288,2024/06/23 03:00:00.000,2024/06/23 06:59:28.433,2024/06/26 00:10:41.288,MAX_RECALL,WO001336,PUBLIC_REPORT
DF000898,INT0091,4,2,ADVANCE,Inductive Loop,WATCHDOG_FAILURE,1719140400000,1719142034187,1719509582638,2024/06/23 11:00:00.000,2024/06/23 11:27:14.187,2024/06/27 17:33:02.638,MAX_RECALL,WO000898,CONTROLLER_DIAGNOSTIC
DF000915,INT0012,1,1,STOP_BAR,Inductive Loop,WATCHDOG_FAILURE,1719158400000,1719167196344,1719458474285,2024/06/23 16:00:00.000,2024/06/23 18:26:36.344,2024/06/27 03:21:14.285,MAX_RECALL,WO000915,PUBLIC_REPORT
DF001079,INT0156,8,4,ADVANCE,Inductive Loop,SHORTED_LOOP,1719180000000,1719186805657,1719332185527,2024/06/23 22:00:00.000,2024/06/23 23:53:25.657,2024/06/25 16:16:25.527,MAX_RECALL,WO001079,CONTROLLER_DIAGNOSTIC
DF000794,INT0160,1,1,STOP_BAR,Inductive Loop,EXCESSIVE_INDUCTANCE_CHANGE,1719212400000,1719224168857,1719304282095,2024/06/24 07:00:00.000,2024/06/24 10:16:08.857,2024/06/25 08:31:22.095,MAX_RECALL,WO000794,CONTROLLER_DIAGNOSTIC
DF000949,INT0028,9,5,STOP_BAR,Inductive Loop,WATCHDOG_FAILURE,1719273600000,1719279331317,1719475548897,2024/06/25 00:00:00.000,2024/06/25 01:35:31.317,2024/06/27 08:05:48.897,MAX_RECALL,WO000949,FIELD_CREW
DF000651,INT0011,1,1,STOP_BAR,Inductive Loop,OPEN_LOOP,1719295200000,1719306197806,1719575653016,2024/06/25 06:00:00.000,2024/06/25 09:03:17.806,2024/06/28 11:54:13.016,MAX_RECALL,WO000651,CONTROLLER_DIAGNOSTIC
DF001116,INT0127,11,6,STOP_BAR,Inductive Loop,SHORTED_LOOP,1719309600000,1719310356519,1719665903761,2024/06/25 10:00:00.000,2024/06/25 10:12:36.519,2024/06/29 12:58:23.761,MAX_RECALL,WO001116,CONTROLLER_DIAGNOSTIC
DF000542,INT0119,12,6,ADVANCE,Inductive Loop,SHORTED_LOOP,1719378000000,1719383199434,1719778024129,2024/06/26 05:00:00.000,2024/06/26 06:26:39.434,2024/06/30 20:07:04.129,MAX_RECALL,WO000542,CONTROLLER_DIAGNOSTIC
DF001165,INT0150,1,1,STOP_BAR,Inductive Loop,EXCESSIVE_INDUCTANCE_CHANGE,1719392400000,1719402682777,1719530379849,2024/06/26 09:00:00.000,2024/06/26 11:51:22.777,2024/06/27 23:19:39.849,MAX_RECALL,WO001165,FIELD_CREW
DF001387,INT0155,9,5,STOP_BAR,Inductive Loop,EXCESSIVE_INDUCTANCE_CHANGE,1719417600000,1719426846228,1719778900654,2024/06/26 16:00:00.000,2024/06/26 18:34:06.228,2024/06/30 20:21:40.654,MAX_RECALL,WO001387,CONTROLLER_DIAGNOSTIC
DF000060,INT0061,8,4,ADVANCE,Inductive Loop,OPEN_LOOP,1719466876026,1719468237351,1719732743666,2024/06/27 05:41:16.026,2024/06/27 06:03:57.351,2024/06/30 07:32:23.666,MAX_RECALL,WO000060,CONTROLLER_DIAGNOSTIC
DF000184,INT0044,6,3,ADVANCE,Inductive Loop,OPEN_LOOP,1719543600000,1719552219839,1719821789821,2024/06/28 03:00:00.000,2024/06/28 05:23:39.839,2024/07/01 08:16:29.821,MAX_RECALL,WO000184,CONTROLLER_DIAGNOSTIC
DF001385,INT0156,14,7,ADVANCE,Inductive Loop,OPEN_LOOP,1719543600000,1719545710406,1719852934524,2024/06/28 03:00:00.000,2024/06/28 03:35:10.406,2024/07/01 16:55:34.524,MAX_RECALL,WO001385,CONTROLLER_DIAGNOSTIC
DF000784,INT0037,5,3,STOP_BAR,Inductive Loop,SHORTED_LOOP,1719658800000,1719664696291,1719801921304,2024/06/29 11:00:00.000,2024/06/29 12:38:16.291,2024/07/01 02:45:21.304,MAX_RECALL,WO000784,CONTROLLER_DIAGNOSTIC
DF000660,INT0079,14,7,ADVANCE,Inductive Loop,WATCHDOG_FAILURE,1719669600000,1719680941128,1719859333633,2024/06/29 14:00:00.000,2024/06/29 17:09:01.128,2024/07/01 18:42:13.633,MAX_RECALL,WO000660,CONTROLLER_DIAGNOSTIC
DF001100,INT0035,7,4,STOP_BAR,Inductive Loop,WATCHDOG_FAILURE,1719756000000,1719765694483,1720014595391,2024/06/30 14:00:00.000,2024/06/30 16:41:34.483,2024/07/03 13:49:55.391,MAX_RECALL,WO001100,FIELD_CREW
DF000109,INT0144,15,8,STOP_BAR,Inductive Loop,WATCHDOG_FAILURE,1719781200000,1719785467123,1720123053165,2024/06/30 21:00:00.000,2024/06/30 22:11:07.123,2024/07/04 19:57:33.165,MAX_RECALL,WO000109,CONTROLLER_DIAGNOSTIC
DF000733,INT0121,1,1,STOP_BAR,Inductive Loop,EXCESSIVE_INDUCTANCE_CHANGE,1719842400000,1719845501487,1720175924055,2024/07/01 14:00:00.000,2024/07/01 14:51:41.487,2024/07/05 10:38:44.055,MAX_RECALL,WO000733,PUBLIC_REPORT
DF000116,INT0132,16,8,ADVANCE,Inductive Loop,OPEN_LOOP,1719874800000,1719879738190,1720131597774,2024/07/01 23:00:00.000,2024/07/02 00:22:18.190,2024/07/04 22:19:57.774,MAX_RECALL,WO000116,CONTROLLER_DIAGNOSTIC
DF000009,INT0072,16,8,ADVANCE,Inductive Loop,WATCHDOG_FAILURE,1719956389323,1719958718548,1720696588052,2024/07/02 21:39:49.323,2024/07/02 22:18:38.548,2024/07/11 11:16:28.052,MAX_RECALL,WO000009,CONTROLLER_DIAGNOSTIC
DF000204,INT0168,12,6,ADVANCE,Inductive Loop,WATCHDOG_FAILURE,1720137600000,1720146071875,1720500839476,2024/07/05 00:00:00.000,2024/07/05 02:21:11.875,2024/07/09 04:53:59.476,MAX_RECALL,WO000204,CONTROLLER_DIAGNOSTIC
DF000535,INT0060,12,6,ADVANCE,Inductive Loop,OPEN_LOOP,1720242000000,1720250719694,1720313606074,2024/07/06 05:00:00.000,2024/07/06 07:25:19.694,2024/07/07 00:53:26.074,MAX_RECALL,WO000535,FIELD_CREW
DF000747,INT0108,1,1,STOP_BAR,Inductive Loop,SHORTED_LOOP,1720278000000,1720287932486,1720662018402,2024/07/06 15:00:00.000,2024/07/06 17:45:32.486,2024/07/11 01:40:18.402,MAX_RECALL,WO000747,CONTROLLER_DIAGNOSTIC
DF000831,INT0073,7,4,STOP_BAR,Inductive Loop,EXCESSIVE_INDUCTANCE_CHANGE,1720335600000,1720336837866,1720448181577,2024/07/07 07:00:00.000,2024/07/07 07:20:37.866,2024/07/08 14:16:21.577,MAX_RECALL,WO000831,PUBLIC_REPORT
DF001422,INT0010,5,3,STOP_BAR,Inductive Loop,WATCHDOG_FAILURE,1720357200000,1720366187677,1720435211138,2024/07/07 13:00:00.000,2024/07/07 15:29:47.677,2024/07/08 10:40:11.138,MAX_RECALL,WO001422,FIELD_CREW
DF001331,INT0035,7,4,STOP_BAR,Inductive Loop,WATCHDOG_FAILURE,1720422000000,1720432587095,1720742890051,2024/07/08 07:00:00.000,2024/07/08 09:56:27.095,2024/07/12 00:08:10.051,MAX_RECALL,WO001331,CONTROLLER_DIAGNOSTIC
DF000340,INT0060,16,8,ADVANCE,Inductive Loop,WATCHDOG_FAILURE,1720443600000,1720451348195,1720503393179,2024/07/08 13:00:00.000,2024/07/08 15:09:08.195,2024/07/09 05:36:33.179,MAX_RECALL,WO000340,CONTROLLER_DIAGNOSTIC
DF000588,INT0010,9,5,STOP_BAR,Inductive Loop,OPEN_LOOP,1720479600000,1720483712139,1720798925011,2024/07/08 23:00:00.000,2024/07/09 00:08:32.139,2024/07/12 15:42:05.011,MAX_RECALL,WO000588,CONTROLLER_DIAGNOSTIC
DF000522,INT0069,15,8,STOP_BAR,Inductive Loop,OPEN_LOOP,1720537200000,1720549252241,1720556549139,2024/07/09 15:00:00.000,2024/07/09 18:20:52.241,2024/07/09 20:22:29.139,MAX_RECALL,WO000522,CONTROLLER_DIAGNOSTIC
DF001058,INT0081,8,4,ADVANCE,Inductive Loop,EXCESSIVE_INDUCTANCE_CHANGE,1720540800000,1720549507680,1720896746658,2024/07/09 16:00:00.000,2024/07/09 18:25:07.680,2024/07/13 18:52:26.658,MAX_RECALL,WO001058,CONTROLLER_DIAGNOSTIC
DF000315,INT0104,10,5,ADVANCE,Inductive Loop,WATCHDOG_FAILURE,1720602000000,1720610393046,1720921276957,2024/07/10 09:00:00.000,2024/07/10 11:19:53.046,2024/07/14 01:41:16.957,MAX_RECALL,WO000315,CONTROLLER_DIAGNOSTIC
DF000487,INT0039,13,7,STOP_BAR,Inductive Loop,EXCESSIVE_INDUCTANCE_CHANGE,1720620000000,1720630831164,1720924725280,2024/07/10 14:00:00.000,2024/07/10 17:00:31.164,2024/07/14 02:38:45.280,MAX_RECALL,WO000487,CONTROLLER_DIAGNOSTIC
DF000375,INT0114,6,3,ADVANCE,Inductive Loop,EXCESSIVE_INDUCTANCE_CHANGE,1720623600000,1720634785137,1720913178775,2024/07/10 15:00:00.000,2024/07/10 18:06:25.137,2024/07/13 23:26:18.775,MAX_RECALL,WO000375,CONTROLLER_DIAGNOSTIC
DF000516,INT0016,1,1,STOP_BAR,Inductive Loop,WATCHDOG_FAILURE,1720681200000,1720685096182,1721035709025,2024/07/11 07:00:00.000,2024/07/11 08:04:56.182,2024/07/15 09:28:29.025,MAX_RECALL,WO000516,CONTROLLER_DIAGNOSTIC
DF001185,INT0085,14,7,ADVANCE,Inductive Loop,EXCESSIVE_INDUCTANCE_CHANGE,1720735200000,1720745670835,1721100828266,2024/07/11 22:00:00.000,2024/07/12 00:54:30.835,2024/07/16 03:33:48.266,MAX_RECALL,WO001185,CONTROLLER_DIAGNOSTIC
DF001300,INT0146,15,8,STOP_BAR,Inductive Loop,OPEN_LOOP,1720832400000,1720832862389,1721202887144,2024/07/13 01:00:00.000,2024/07/13 01:07:42.389,2024/07/17 07:54:47.144,MAX_RECALL,WO001300,CONTROLLER_DIAGNOSTIC
DF000450,INT0087,4,2,ADVANCE,Inductive Loop,OPEN_LOOP,1720843200000,1720848526001,1721252678821,2024/07/13 04:00:00.000,2024/07/13 05:28:46.001,2024/07/17 21:44:38.821,MAX_RECALL,WO000450,CONTROLLER_DIAGNOSTIC
DF000512,INT0068,16,8,ADVANCE,Inductive Loop,SHORTED_LOOP,1720861200000,1720862683874,1721026381335,2024/07/13 09:00:00.000,2024/07/13 09:24:43.874,2024/07/15 06:53:01.335,MAX_RECALL,WO000512,CONTROLLER_DIAGNOSTIC
DF001289,INT0051,16,8,ADVANCE,Inductive Loop,WATCHDOG_FAILURE,1721080800000,1721088134392,1721146720302,2024/07/15 22:00:00.000,2024/07/16 00:02:14.392,2024/07/16 16:18:40.302,MAX_RECALL,WO001289,CONTROLLER_DIAGNOSTIC
DF001410,INT0047,5,3,STOP_BAR,Inductive Loop,WATCHDOG_FAILURE,1721181600000,1721185202795,1721483376560,2024/07/17 02:00:00.000,2024/07/17 03:00:02.795,2024/07/20 13:49:36.560,MAX_RECALL,WO001410,CONTROLLER_DIAGNOSTIC
DF000133,INT0075,8,4,ADVANCE,Inductive Loop,OPEN_LOOP,1721181600000,1721192588447,1721368100385,2024/07/17 02:00:00.000,2024/07/17 05:03:08.447,2024/07/19 05:48:20.385,MAX_RECALL,WO000133,CONTROLLER_DIAGNOSTIC
DF001237,INT0017,6,3,ADVANCE,Inductive Loop,OPEN_LOOP,1721242800000,1721250403140,1721520647065,2024/07/17 19:00:00.000,2024/07/17 21:06:43.140,2024/07/21 00:10:47.065,MAX_RECALL,WO001237,CONTROLLER_DIAGNOSTIC
DF001413,INT0158,15,8,STOP_BAR,Inductive Loop,SHORTED_LOOP,1721268000000,1721270296576,1721277001554,2024/07/18 02:00:00.000,2024/07/18 02:38:16.576,2024/07/18 04:30:01.554,MAX_RECALL,WO001413,CONTROLLER_DIAGNOSTIC
DF000766,INT0123,2,1,ADVANCE,Inductive Loop,SHORTED_LOOP,1721282400000,1721295984387,1721429565440,2024/07/18 06:00:00.000,2024/07/18 09:46:24.387,2024/07/19 22:52:45.440,MAX_RECALL,WO000766,CONTROLLER_DIAGNOSTIC
DF000076,INT0007,10,5,ADVANCE,Inductive Loop,OPEN_LOOP,1721286000000,1721286612732,1721564279308,2024/07/18 07:00:00.000,2024/07/18 07:10:12.732,2024/07/21 12:17:59.308,MAX_RECALL,WO000076,PUBLIC_REPORT
DF001041,INT0136,2,1,ADVANCE,Inductive Loop,SHORTED_LOOP,1721336400000,1721349177762,1721376204526,2024/07/18 21:00:00.000,2024/07/19 00:32:57.762,2024/07/19 08:03:24.526,MAX_RECALL,WO001041,CONTROLLER_DIAGNOSTIC
DF000436,INT0008,4,2,ADVANCE,Inductive Loop,OPEN_LOOP,1721390400000,1721402868954,1721557772678,2024/07/19 12:00:00.000,2024/07/19 15:27:48.954,2024/07/21 10:29:32.678,MAX_RECALL,WO000436,CONTROLLER_DIAGNOSTIC
DF000127,INT0032,9,5,STOP_BAR,Inductive Loop,SHORTED_LOOP,1721397600000,1721410937034,1721428134938,2024/07/19 14:00:00.000,2024/07/19 17:42:17.034,2024/07/19 22:28:54.938,MAX_RECALL,WO000127,CONTROLLER_DIAGNOSTIC
DF001180,INT0119,15,8,STOP_BAR,Inductive Loop,SHORTED_LOOP,1721451600000,1721456297570,1721578539093,2024/07/20 05:00:00.000,2024/07/20 06:18:17.570,2024/07/21 16:15:39.093,MAX_RECALL,WO001180,FIELD_CREW
DF001288,INT0152,3,2,STOP_BAR,Inductive Loop,WATCHDOG_FAILURE,1721617200000,1721620917409,1721962372087,2024/07/22 03:00:00.000,2024/07/22 04:01:57.409,2024/07/26 02:52:52.087,MAX_RECALL,WO001288,CONTROLLER_DIAGNOSTIC
DF000084,INT0130,13,7,STOP_BAR,Inductive Loop,EXCESSIVE_INDUCTANCE_CHANGE,1721646000000,1721652070930,1721816699213,2024/07/22 11:00:00.000,2024/07/22 12:41:10.930,2024/07/24 10:24:59.213,MAX_RECALL,WO000084,CONTROLLER_DIAGNOSTIC
DF000619,INT0157,15,8,STOP_BAR,Inductive Loop,WATCHDOG_FAILURE,1721728800000,1721736068981,1722033042690,2024/07/23 10:00:00.000,2024/07/23 12:01:08.981,2024/07/26 22:30:42.690,MAX_RECALL,WO000619,CONTROLLER_DIAGNOSTIC
DF000901,INT0075,1,1,STOP_BAR,Inductive Loop,SHORTED_LOOP,1721779200000,1721787021537,1722012042963,2024/07/24 00:00:00.000,2024/07/24 02:10:21.537,2024/07/26 16:40:42.963,MAX_RECALL,WO000901,PUBLIC_REPORT
DF000790,INT0091,1,1,STOP_BAR,Inductive Loop,WATCHDOG_FAILURE,1721818800000,1721827444651,1722071671058,2024/07/24 11:00:00.000,2024/07/24 13:24:04.651,2024/07/27 09:14:31.058,MAX_RECALL,WO000790,CONTROLLER_DIAGNOSTIC
DF000904,INT0166,15,8,STOP_BAR,Inductive Loop,EXCESSIVE_INDUCTANCE_CHANGE,1721858400000,1721861453093,1721878457332,2024/07/24 22:00:00.000,2024/07/24 22:50:53.093,2024/07/25 03:34:17.332,MAX_RECALL,WO000904,CONTROLLER_DIAGNOSTIC
DF000913,INT0016,1,1,STOP_BAR,Inductive Loop,SHORTED_LOOP,1721912400000,1721914904814,1722048241276,2024/07/25 13:00:00.000,2024/07/25 13:41:44.814,2024/07/27 02:44:01.276,MAX_RECALL,WO000913,CONTROLLER_DIAGNOSTIC
DF000120,INT0166,8,4,ADVANCE,Inductive Loop,WATCHDOG_FAILURE,1721959200000,1721959443349,1722343884627,2024/07/26 02:00:00.000,2024/07/26 02:04:03.349,2024/07/30 12:51:24.627,MAX_RECALL,WO000120,CONTROLLER_DIAGNOSTIC
DF000438,INT0152,6,3,ADVANCE,Inductive Loop,OPEN_LOOP,1721970000000,1721971784155,1722205830900,2024/07/26 05:00:00.000,2024/07/26 05:29:44.155,2024/07/28 22:30:30.900,MAX_RECALL,WO000438,CONTROLLER_DIAGNOSTIC
DF001216,INT0069,10,5,ADVANCE,Inductive Loop,WATCHDOG_FAILURE,1722016800000,1722021270823,1722192081016,2024/07/26 18:00:00.000,2024/07/26 19:14:30.823,2024/07/28 18:41:21.016,MAX_RECALL,WO001216,CONTROLLER_DIAGNOSTIC
DF000643,INT0063,8,4,ADVANCE,Inductive Loop,SHORTED_LOOP,1722045600000,1722059327486,1722195782127,2024/07/27 02:00:00.000,2024/07/27 05:48:47.486,2024/07/28 19:43:02.127,MAX_RECALL,WO000643,CONTROLLER_DIAGNOSTIC
DF000900,INT0127,15,8,STOP_BAR,Inductive Loop,EXCESSIVE_INDUCTANCE_CHANGE,1722128400000,1722132599153,1722347800447,2024/07/28 01:00:00.000,2024/07/28 02:09:59.153,2024/07/30 13:56:40.447,MAX_RECALL,WO000900,FIELD_CREW
DF000332,INT0043,10,5,ADVANCE,Inductive Loop,WATCHDOG_FAILURE,1722182400000,1722193885389,1722593298914,2024/07/28 16:00:00.000,2024/07/28 19:11:25.389,2024/08/02 10:08:18.914,MAX_RECALL,WO000332,CONTROLLER_DIAGNOSTIC
DF000557,INT0096,1,1,STOP_BAR,Inductive Loop,SHORTED_LOOP,1722189600000,1722202269054,1722381278911,2024/07/28 18:00:00.000,2024/07/28 21:31:09.054,2024/07/30 23:14:38.911,MAX_RECALL,WO000557,CONTROLLER_DIAGNOSTIC
DF000226,INT0095,6,3,ADVANCE,Inductive Loop,WATCHDOG_FAILURE,1722200400000,1722212821375,1722528387094,2024/07/28 21:00:00.000,2024/07/29 00:27:01.375,2024/08/01 16:06:27.094,MAX_RECALL,WO000226,CONTROLLER_DIAGNOSTIC
DF000197,INT0165,11,6,STOP_BAR,Inductive Loop,OPEN_LOOP,1722214800000,1722225263792,1722305869574,2024/07/29 01:00:00.000,2024/07/29 03:54:23.792,2024/07/30 02:17:49.574,MAX_RECALL,WO000197,CONTROLLER_DIAGNOSTIC
DF000833,INT0162,1,1,STOP_BAR,Inductive Loop,OPEN_LOOP,1722394800000,1722395751044,1722754425469,2024/07/31 03:00:00.000,2024/07/31 03:15:51.044,2024/08/04 06:53:45.469,MAX_RECALL,WO000833,CONTROLLER_DIAGNOSTIC
DF000822,INT0063,15,8,STOP_BAR,Inductive Loop,SHORTED_LOOP,1722405600000,1722413981257,1722466384961,2024/07/31 06:00:00.000,2024/07/31 08:19:41.257,2024/07/31 22:53:04.961,MAX_RECALL,WO000822,PUBLIC_REPORT
DF000718,INT0153,14,7,ADVANCE,Inductive Loop,EXCESSIVE_INDUCTANCE_CHANGE,1722441600000,1722443699031,1722559876484,2024/07/31 16:00:00.000,2024/07/31 16:34:59.031,2024/08/02 00:51:16.484,MAX_RECALL,WO000718,CONTROLLER_DIAGNOSTIC
DF000864,INT0075,11,6,STOP_BAR,Inductive Loop,WATCHDOG_FAILURE,1722459600000,1722472769129,1722573514338,2024/07/31 21:00:00.000,2024/08/01 00:39:29.129,2024/08/02 04:38:34.338,MAX_RECALL,WO000864,PUBLIC_REPORT
DF001232,INT0079,13,7,STOP_BAR,Inductive Loop,OPEN_LOOP,1722517200000,1722521528388,1722590074746,2024/08/01 13:00:00.000,2024/08/01 14:12:08.388,2024/08/02 09:14:34.746,MAX_RECALL,WO001232,FIELD_CREW
DF000756,INT0059,1,1,STOP_BAR,Inductive Loop,SHORTED_LOOP,1722636000000,1722641641984,1723049421044,2024/08/02 22:00:00.000,2024/08/02 23:34:01.984,2024/08/07 16:50:21.044,MAX_RECALL,WO000756,PUBLIC_REPORT
DF000679,INT0098,2,1,ADVANCE,Inductive Loop,SHORTED_LOOP,1722643200000,1722650749948,1723069532714,2024/08/03 00:00:00.000,2024/08/03 02:05:49.948,2024/08/07 22:25:32.714,MAX_RECALL,WO000679,CONTROLLER_DIAGNOSTIC
DF000872,INT0003,1,1,STOP_BAR,Inductive Loop,EXCESSIVE_INDUCTANCE_CHANGE,1722675600000,1722679114608,1723053072165,2024/08/03 09:00:00.000,2024/08/03 09:58:34.608,2024/08/07 17:51:12.165,MAX_RECALL,WO000872,CONTROLLER_DIAGNOSTIC
DF000372,INT0012,3,2,STOP_BAR,Inductive Loop,OPEN_LOOP,1722700800000,1722704729447,1723013382304,2024/08/03 16:00:00.000,2024/08/03 17:05:29.447,2024/08/07 06:49:42.304,MAX_RECALL,WO000372,CONTROLLER_DIAGNOSTIC
DF000723,INT0032,9,5,STOP_BAR,Inductive Loop,OPEN_LOOP,1722729600000,1722734279360,1723068729078,2024/08/04 00:00:00.000,2024/08/04 01:17:59.360,2024/08/07 22:12:09.078,MAX_RECALL,WO000723,PUBLIC_REPORT
DF000548,INT0048,11,6,STOP_BAR,Inductive Loop,SHORTED_LOOP,1722783600000,1722786499346,1723085586203,2024/08/04 15:00:00.000,2024/08/04 15:48:19.346,2024/08/08 02:53:06.203,MAX_RECALL,WO000548,CONTROLLER_DIAGNOSTIC
DF000374,INT0057,7,4,STOP_BAR,Inductive Loop,WATCHDOG_FAILURE,1722798000000,1722798322789,1722980207150,2024/08/04 19:00:00.000,2024/08/04 19:05:22.789,2024/08/06 21:36:47.150,MAX_RECALL,WO000374,CONTROLLER_DIAGNOSTIC
DF000786,INT0131,13,7,STOP_BAR,Inductive Loop,WATCHDOG_FAILURE,1722830400000,1722842127448,1723036322668,2024/08/05 04:00:00.000,2024/08/05 07:15:27.448,2024/08/07 13:12:02.668,MAX_RECALL,WO000786,PUBLIC_REPORT
DF001040,INT0018,14,7,ADVANCE,Inductive Loop,WATCHDOG_FAILURE,1722870000000,1722878036127,1723114724144,2024/08/05 15:00:00.000,2024/08/05 17:13:56.127,2024/08/08 10:58:44.144,MAX_RECALL,WO001040,CONTROLLER_DIAGNOSTIC
DF000605,INT0132,2,1,ADVANCE,Inductive Loop,WATCHDOG_FAILURE,1722877200000,1722877452148,1722888169545,2024/08/05 17:00:00.000,2024/08/05 17:04:12.148,2024/08/05 20:02:49.545,MAX_RECALL,WO000605,FIELD_CREW
DF001292,INT0143,16,8,ADVANCE,Inductive Loop,EXCESSIVE_INDUCTANCE_CHANGE,1722906000000,1722909405502,1722964511870,2024/08/06 01:00:00.000,2024/08/06 01:56:45.502,2024/08/06 17:15:11.870,MAX_RECALL,WO001292,PUBLIC_REPORT
DF000020,INT0089,12,6,ADVANCE,Inductive Loop,WATCHDOG_FAILURE,1722977986981,1722979981973,1723408114339,2024/08/06 20:59:46.981,2024/08/06 21:33:01.973,2024/08/11 20:28:34.339,MAX_RECALL,WO000020,CONTROLLER_DIAGNOSTIC
DF000762,INT0112,11,6,STOP_BAR,Inductive Loop,EXCESSIVE_INDUCTANCE_CHANGE,1722999600000,1723013096593,1723358494339,2024/08/07 03:00:00.000,2024/08/07 06:44:56.593,2024/08/11 06:41:34.339,MAX_RECALL,WO000762,CONTROLLER_DIAGNOSTIC
DF001467,INT0017,5,3,STOP_BAR,Inductive Loop,WATCHDOG_FAILURE,1723021200000,1723029010041,1723129918140,2024/08/07 09:00:00.000,2024/08/07 11:10:10.041,2024/08/08 15:11:58.140,MAX_RECALL,WO001467,PUBLIC_REPORT
DF000883,INT0159,6,3,ADVANCE,Inductive Loop,SHORTED_LOOP,1723042800000,1723045314072,1723072160512,2024/08/07 15:00:00.000,2024/08/07 15:41:54.072,2024/08/07 23:09:20.512,MAX_RECALL,WO000883,CONTROLLER_DIAGNOSTIC
DF000280,INT0107,10,5,ADVANCE,Inductive Loop,SHORTED_LOOP,1723046400000,1723058176972,1723132909349,2024/08/07 16:00:00.000,2024/08/07 19:16:16.972,2024/08/08 16:01:49.349,MAX_RECALL,WO000280,CONTROLLER_DIAGNOSTIC
DF000537,INT0164,1,1,STOP_BAR,Inductive Loop,WATCHDOG_FAILURE,1723057200000,1723059906403,1723347206948,2024/08/07 19:00:00.000,2024/08/07 19:45:06.403,2024/08/11 03:33:26.948,MAX_RECALL,WO000537,CONTROLLER_DIAGNOSTIC
DF000462,INT0027,7,4,STOP_BAR,Inductive Loop,EXCESSIVE_INDUCTANCE_CHANGE,1723125600000,1723129961713,1723198696462,2024/08/08 14:00:00.000,2024/08/08 15:12:41.713,2024/08/09 10:18:16.462,MAX_RECALL,WO000462,FIELD_CREW
DF000891,INT0169,7,4,STOP_BAR,Inductive Loop,OPEN_LOOP,1723168800000,1723180827780,1723309946004,2024/08/09 02:00:00.000,2024/08/09 05:20:27.780,2024/08/10 17:12:26.004,MAX_RECALL,WO000891,CONTROLLER_DIAGNOSTIC
DF001162,INT0048,13,7,STOP_BAR,Inductive Loop,EXCESSIVE_INDUCTANCE_CHANGE,1723233600000,1723235008006,1723498223159,2024/08/09 20:00:00.000,2024/08/09 20:23:28.006,2024/08/12 21:30:23.159,MAX_RECALL,WO001162,PUBLIC_REPORT
DF001113,INT0117,15,8,STOP_BAR,Inductive Loop,OPEN_LOOP,1723287600000,1723290598265,1723400097553,2024/08/10 11:00:00.000,2024/08/10 11:49:58.265,2024/08/11 18:14:57.553,MAX_RECALL,WO001113,CONTROLLER_DIAGNOSTIC
DF001176,INT0083,5,3,STOP_BAR,Inductive Loop,OPEN_LOOP,1723294800000,1723301748828,1723541961457,2024/08/10 13:00:00.000,2024/08/10 14:55:48.828,2024/08/13 09:39:21.457,MAX_RECALL,WO001176,FIELD_CREW
DF000286,INT0131,13,7,STOP_BAR,Inductive Loop,WATCHDOG_FAILURE,1723298400000,1723306140208,1723546515857,2024/08/10 14:00:00.000,2024/08/10 16:09:00.208,2024/08/13 10:55:15.857,MAX_RECALL,WO000286,FIELD_CREW
DF000413,INT0113,3,2,STOP_BAR,Inductive Loop,EXCESSIVE_INDUCTANCE_CHANGE,1723302000000,1723309361405,1723420015208,2024/08/10 15:00:00.000,2024/08/10 17:02:41.405,2024/08/11 23:46:55.208,MAX_RECALL,WO000413,FIELD_CREW
DF001062,INT0040,7,4,STOP_BAR,Inductive Loop,WATCHDOG_FAILURE,1723323600000,1723329536370,1723502108732,2024/08/10 21:00:00.000,2024/08/10 22:38:56.370,2024/08/12 22:35:08.732,MAX_RECALL,WO001062,FIELD_CREW
DF000930,INT0154,12,6,ADVANCE,Inductive Loop,SHORTED_LOOP,1723392000000,1723397062540,1723575891223,2024/08/11 16:00:00.000,2024/08/11 17:24:22.540,2024/08/13 19:04:51.223,MAX_RECALL,WO000930,CONTROLLER_DIAGNOSTIC
DF001188,INT0111,16,8,ADVANCE,Inductive Loop,WATCHDOG_FAILURE,1723464000000,1723466948635,1723788339216,2024/08/12 12:00:00.000,2024/08/12 12:49:08.635,2024/08/16 06:05:39.216,MAX_RECALL,WO001188,CONTROLLER_DIAGNOSTIC
DF001334,INT0152,10,5,ADVANCE,Inductive Loop,OPEN_LOOP,1723492800000,1723499381327,1723506170667,2024/08/12 20:00:00.000,2024/08/12 21:49:41.327,2024/08/12 23:42:50.667,MAX_RECALL,WO001334,FIELD_CREW
DF000941,INT0095,1,1,STOP_BAR,Inductive Loop,EXCESSIVE_INDUCTANCE_CHANGE,1723593600000,1723607562339,1723659678821,2024/08/14 00:00:00.000,2024/08/14 03:52:42.339,2024/08/14 18:21:18.821,MAX_RECALL,WO000941,CONTROLLER_DIAGNOSTIC
DF000549,INT0091,7,4,STOP_BAR,Inductive Loop,EXCESSIVE_INDUCTANCE_CHANGE,1723618800000,1723620212804,1723874323100,2024/08/14 07:00:00.000,2024/08/14 07:23:32.804,2024/08/17 05:58:43.100,MAX_RECALL,WO000549,PUBLIC_REPORT
DF000458,INT0106,12,6,ADVANCE,Inductive Loop,EXCESSIVE_INDUCTANCE_CHANGE,1723629600000,1723633268503,1723884662720,2024/08/14 10:00:00.000,2024/08/14 11:01:08.503,2024/08/17 08:51:02.720,MAX_RECALL,WO000458,CONTROLLER_DIAGNOSTIC
DF000814,INT0075,16,8,ADVANCE,Inductive Loop,SHORTED_LOOP,1723672800000,1723686197014,1723988894782,2024/08/14 22:00:00.000,2024/08/15 01:43:17.014,2024/08/18 13:48:14.782,MAX_RECALL,WO000814,CONTROLLER_DIAGNOSTIC
DF001414,INT0156,2,1,ADVANCE,Inductive Loop,SHORTED_LOOP,1723701600000,1723704554360,1723993975636,2024/08/15 06:00:00.000,2024/08/15 06:49:14.360,2024/08/18 15:12:55.636,MAX_RECALL,WO001414,CONTROLLER_DIAGNOSTIC
DF000365,INT0133,5,3,STOP_BAR,Inductive Loop,EXCESSIVE_INDUCTANCE_CHANGE,1723734000000,1723739683437,1723954536506,2024/08/15 15:00:00.000,2024/08/15 16:34:43.437,2024/08/18 04:15:36.506,MAX_RECALL,WO000365,CONTROLLER_DIAGNOSTIC
DF001278,INT0036,9,5,STOP_BAR,Inductive Loop,EXCESSIVE_INDUCTANCE_CHANGE,1723759200000,1723770954438,1724136148858,2024/08/15 22:00:00.000,2024/08/16 01:15:54.438,2024/08/20 06:42:28.858,MAX_RECALL,WO001278,PUBLIC_REPORT
DF001359,INT0102,14,7,ADVANCE,Inductive Loop,SHORTED_LOOP,1723795200000,1723803496846,1723866746517,2024/08/16 08:00:00.000,2024/08/16 10:18:16.846,2024/08/17 03:52:26.517,MAX_RECALL,WO001359,CONTROLLER_DIAGNOSTIC
DF001014,INT0131,13,7,STOP_BAR,Inductive Loop,EXCESSIVE_INDUCTANCE_CHANGE,1723802400000,1723816774827,1723860396776,2024/08/16 10:00:00.000,2024/08/16 13:59:34.827,2024/08/17 02:06:36.776,MAX_RECALL,WO001014,CONTROLLER_DIAGNOSTIC
DF001461,INT0134,10,5,ADVANCE,Inductive Loop,EXCESSIVE_INDUCTANCE_CHANGE,1723870800000,1723876952583,1723937362534,2024/08/17 05:00:00.000,2024/08/17 06:42:32.583,2024/08/17 23:29:22.534,MAX_RECALL,WO001461,CONTROLLER_DIAGNOSTIC
DF000482,INT0032,13,7,STOP_BAR,Inductive Loop,OPEN_LOOP,1723885200000,1723897110957,1724213978031,2024/08/17 09:00:00.000,2024/08/17 12:18:30.957,2024/08/21 04:19:38.031,MAX_RECALL,WO000482,FIELD_CREW
DF000454,INT0006,8,4,ADVANCE,Inductive Loop,WATCHDOG_FAILURE,1723896000000,1723897266262,1724275816420,2024/08/17 12:00:00.000,2024/08/17 12:21:06.262,2024/08/21 21:30:16.420,MAX_RECALL,WO000454,CONTROLLER_DIAGNOSTIC
DF000218,INT0027,11,6,STOP_BAR,Inductive Loop,OPEN_LOOP,1723921200000,1723929810020,1724238709290,2024/08/17 19:00:00.000,2024/08/17 21:23:30.020,2024/08/21 11:11:49.290,MAX_RECALL,WO000218,CONTROLLER_DIAGNOSTIC
DF000389,INT0133,11,6,STOP_BAR,Inductive Loop,OPEN_LOOP,1723921200000,1723933279831,1724273271940,2024/08/17 19:00:00.000,2024/08/17 22:21:19.831,2024/08/21 20:47:51.940,MAX_RECALL,WO000389,CONTROLLER_DIAGNOSTIC
DF000625,INT0121,7,4,STOP_BAR,Inductive Loop,WATCHDOG_FAILURE,1723942800000,1723951568456,1724123309538,2024/08/18 01:00:00.000,2024/08/18 03:26:08.456,2024/08/20 03:08:29.538,MAX_RECALL,WO000625,FIELD_CREW
DF001034,INT0162,8,4,ADVANCE,Inductive Loop,SHORTED_LOOP,1724144400000,1724155159643,1724256089406,2024/08/20 09:00:00.000,2024/08/20 11:59:19.643,2024/08/21 16:01:29.406,MAX_RECALL,WO001034,CONTROLLER_DIAGNOSTIC
DF001283,INT0166,4,2,ADVANCE,Inductive Loop,EXCESSIVE_INDUCTANCE_CHANGE,1724194800000,1724206018949,1724474686493,2024/08/20 23:00:00.000,2024/08/21 02:06:58.949,2024/08/24 04:44:46.493,MAX_RECALL,WO001283,CONTROLLER_DIAGNOSTIC
DF000839,INT0011,2,1,ADVANCE,Inductive Loop,OPEN_LOOP,1724245200000,1724245364089,1724568801164,2024/08/21 13:00:00.000,2024/08/21 13:02:44.089,2024/08/25 06:53:21.164,MAX_RECALL,WO000839,CONTROLLER_DIAGNOSTIC
DF001071,INT0126,13,7,STOP_BAR,Inductive Loop,OPEN_LOOP,1724288400000,1724298582744,1724520539673,2024/08/22 01:00:00.000,2024/08/22 03:49:42.744,2024/08/24 17:28:59.673,MAX_RECALL,WO001071,CONTROLLER_DIAGNOSTIC
DF000518,INT0091,1,1,STOP_BAR,Inductive Loop,WATCHDOG_FAILURE,1724295600000,1724299033816,1724489270987,2024/08/22 03:00:00.000,2024/08/22 03:57:13.816,2024/08/24 08:47:50.987,MAX_RECALL,WO000518,CONTROLLER_DIAGNOSTIC
DF000437,INT0080,16,8,ADVANCE,Inductive Loop,OPEN_LOOP,1724385600000,1724389652843,1724642608435,2024/08/23 04:00:00.000,2024/08/23 05:07:32.843,2024/08/26 03:23:28.435,MAX_RECALL,WO000437,PUBLIC_REPORT
DF000032,INT0074,12,6,ADVANCE,Inductive Loop,EXCESSIVE_INDUCTANCE_CHANGE,1724391828281,1724394043176,1725112579583,2024/08/23 05:43:48.281,2024/08/23 06:20:43.176,2024/08/31 13:56:19.583,MAX_RECALL,WO000032,CONTROLLER_DIAGNOSTIC
DF000884,INT0063,5,3,STOP_BAR,Inductive Loop,EXCESSIVE_INDUCTANCE_CHANGE,1724551200000,1724561933451,1724982364785,2024/08/25 02:00:00.000,2024/08/25 04:58:53.451,2024/08/30 01:46:04.785,MAX_RECALL,WO000884,CONTROLLER_DIAGNOSTIC
DF000989,INT0015,14,7,ADVANCE,Inductive Loop,SHORTED_LOOP,1724659200000,1724663467810,1724801898371,2024/08/26 08:00:00.000,2024/08/26 09:11:07.810,2024/08/27 23:38:18.371,MAX_RECALL,WO000989,FIELD_CREW
DF000396,INT0003,15,8,STOP_BAR,Inductive Loop,EXCESSIVE_INDUCTANCE_CHANGE,1724684400000,1724695898801,1724793283744,2024/08/26 15:00:00.000,2024/08/26 18:11:38.801,2024/08/27 21:14:43.744,MAX_RECALL,WO000396,CONTROLLER_DIAGNOSTIC
DF000820,INT0011,8,4,ADVANCE,Inductive Loop,WATCHDOG_FAILURE,1724734800000,1724739190755,1725033462768,2024/08/27 05:00:00.000,2024/08/27 06:13:10.755,2024/08/30 15:57:42.768,MAX_RECALL,WO000820,CONTROLLER_DIAGNOSTIC
DF001351,INT0087,9,5,STOP_BAR,Inductive Loop,SHORTED_LOOP,1724749200000,1724763397875,1725060659364,2024/08/27 09:00:00.000,2024/08/27 12:56:37.875,2024/08/30 23:30:59.364,MAX_RECALL,WO001351,CONTROLLER_DIAGNOSTIC
DF000431,INT0053,9,5,STOP_BAR,Inductive Loop,SHORTED_LOOP,1724803200000,1724808545309,1724849488679,2024/08/28 00:00:00.000,2024/08/28 01:29:05.309,2024/08/28 12:51:28.679,MAX_RECALL,WO000431,FIELD_CREW
DF000567,INT0041,7,4,STOP_BAR,Inductive Loop,SHORTED_LOOP,1724875200000,1724880528657,1725272424590,2024/08/28 20:00:00.000,2024/08/28 21:28:48.657,2024/09/02 10:20:24.590,MAX_RECALL,WO000567,CONTROLLER_DIAGNOSTIC
DF000245,INT0006,13,7,STOP_BAR,Inductive Loop,OPEN_LOOP,1725019200000,1725027205816,1725101581683,2024/08/30 12:00:00.000,2024/08/30 14:13:25.816,2024/08/31 10:53:01.683,MAX_RECALL,WO000245,CONTROLLER_DIAGNOSTIC
DF001172,INT0069,14,7,ADVANCE,Inductive Loop,OPEN_LOOP,1725051600000,1725058626984,1725187484080,2024/08/30 21:00:00.000,2024/08/30 22:57:06.984,2024/09/01 10:44:44.080,MAX_RECALL,WO001172,CONTROLLER_DIAGNOSTIC
DF000674,INT0063,9,5,STOP_BAR,Inductive Loop,OPEN_LOOP,1725076800000,1725087474712,1725247054287,2024/08/31 04:00:00.000,2024/08/31 06:57:54.712,2024/09/02 03:17:34.287,MAX_RECALL,WO000674,CONTROLLER_DIAGNOSTIC
DF001429,INT0161,16,8,ADVANCE,Inductive Loop,WATCHDOG_FAILURE,1725163200000,1725164352669,1725215377422,2024/09/01 04:00:00.000,2024/09/01 04:19:12.669,2024/09/01 18:29:37.422,MAX_RECALL,WO001429,CONTROLLER_DIAGNOSTIC
DF001466,INT0143,16,8,ADVANCE,Inductive Loop,OPEN_LOOP,1725184800000,1725188656832,1725211317554,2024/09/01 10:00:00.000,2024/09/01 11:04:16.832,2024/09/01 17:21:57.554,MAX_RECALL,WO001466,CONTROLLER_DIAGNOSTIC
DF001244,INT0147,2,1,ADVANCE,Inductive Loop,WATCHDOG_FAILURE,1725192000000,1725203805292,1725220356023,2024/09/01 12:00:00.000,2024/09/01 15:16:45.292,2024/09/01 19:52:36.023,MAX_RECALL,WO001244,FIELD_CREW
DF000177,INT0031,16,8,ADVANCE,Inductive Loop,EXCESSIVE_INDUCTANCE_CHANGE,1725206400000,1725212968882,1725282789584,2024/09/01 16:00:00.000,2024/09/01 17:49:28.882,2024/09/02 13:13:09.584,MAX_RECALL,WO000177,PUBLIC_REPORT
DF000832,INT0126,11,6,STOP_BAR,Inductive Loop,SHORTED_LOOP,1725231600000,1725242931183,1725460712976,2024/09/01 23:00:00.000,2024/09/02 02:08:51.183,2024/09/04 14:38:32.976,MAX_RECALL,WO000832,PUBLIC_REPORT
DF000107,INT0028,11,6,STOP_BAR,Inductive Loop,WATCHDOG_FAILURE,1725235200000,1725239622217,1725300383652,2024/09/02 00:00:00.000,2024/09/02 01:13:42.217,2024/09/02 18:06:23.652,MAX_RECALL,WO000107,FIELD_CREW
DF000720,INT0044,14,7,ADVANCE,Inductive Loop,SHORTED_LOOP,1725271200000,1725276633205,1725592663695,2024/09/02 10:00:00.000,2024/09/02 11:30:33.205,2024/09/06 03:17:43.695,MAX_RECALL,WO000720,CONTROLLER_DIAGNOSTIC
DF000377,INT0149,5,3,STOP_BAR,Inductive Loop,WATCHDOG_FAILURE,1725289200000,1725290524234,1725662576147,2024/09/02 15:00:00.000,2024/09/02 15:22:04.234,2024/09/06 22:42:56.147,MAX_RECALL,WO000377,CONTROLLER_DIAGNOSTIC
DF000444,INT0093,7,4,STOP_BAR,Inductive Loop,WATCHDOG_FAILURE,1725418800000,1725427565281,1725538720971,2024/09/04 03:00:00.000,2024/09/04 05:26:05.281,2024/09/05 12:18:40.971,MAX_RECALL,WO000444,PUBLIC_REPORT
DF000894,INT0121,14,7,ADVANCE,Inductive Loop,EXCESSIVE_INDUCTANCE_CHANGE,1725440400000,1725449288146,1725764079852,2024/09/04 09:00:00.000,2024/09/04 11:28:08.146,2024/09/08 02:54:39.852,MAX_RECALL,WO000894,CONTROLLER_DIAGNOSTIC
DF000724,INT0039,2,1,ADVANCE,Inductive Loop,WATCHDOG_FAILURE,1725458400000,1725459685390,1725637017255,2024/09/04 14:00:00.000,2024/09/04 14:21:25.390,2024/09/06 15:36:57.255,MAX_RECALL,WO000724,CONTROLLER_DIAGNOSTIC
DF000503,INT0126,1,1,STOP_BAR,Inductive Loop,WATCHDOG_FAILURE,1725508800000,1725508955462,1725717581930,2024/09/05 04:00:00.000,2024/09/05 04:02:35.462,2024/09/07 13:59:41.930,MAX_RECALL,WO000503,FIELD_CREW
DF001008,INT0115,6,3,ADVANCE,Inductive Loop,WATCHDOG_FAILURE,1725530400000,1725537046389,1725846442700,2024/09/05 10:00:00.000,2024/09/05 11:50:46.389,2024/09/09 01:47:22.700,MAX_RECALL,WO001008,CONTROLLER_DIAGNOSTIC
DF001136,INT0038,4,2,ADVANCE,Inductive Loop,OPEN_LOOP,1725537600000,1725550417561,1725634419331,2024/09/05 12:00:00.000,2024/09/05 15:33:37.561,2024/09/06 14:53:39.331,MAX_RECALL,WO001136,CONTROLLER_DIAGNOSTIC
DF000047,INT0131,4,2,ADVANCE,Inductive Loop,WATCHDOG_FAILURE,1725658321681,1725659439479,1725848230945,2024/09/06 21:32:01.681,2024/09/06 21:50:39.479,2024/09/09 02:17:10.945,MAX_RECALL,WO000047,CONTROLLER_DIAGNOSTIC
DF001376,INT0136,1,1,STOP_BAR,Inductive Loop,OPEN_LOOP,1725699600000,1725712959434,1725875398716,2024/09/07 09:00:00.000,2024/09/07 12:42:39.434,2024/09/09 09:49:58.716,MAX_RECALL,WO001376,CONTROLLER_DIAGNOSTIC
DF000380,INT0154,7,4,STOP_BAR,Inductive Loop,EXCESSIVE_INDUCTANCE_CHANGE,1725703200000,1725711397601,1725782511035,2024/09/07 10:00:00.000,2024/09/07 12:16:37.601,2024/09/08 08:01:51.035,MAX_RECALL,WO000380,CONTROLLER_DIAGNOSTIC
DF001406,INT0136,9,5,STOP_BAR,Inductive Loop,WATCHDOG_FAILURE,1725753600000,1725755564812,1726175183857,2024/09/08 00:00:00.000,2024/09/08 00:32:44.812,2024/09/12 21:06:23.857,MAX_RECALL,WO001406,FIELD_CREW
DF000308,INT0015,8,4,ADVANCE,Inductive Loop,EXCESSIVE_INDUCTANCE_CHANGE,1725760800000,1725771255800,1726142349831,2024/09/08 02:00:00.000,2024/09/08 04:54:15.800,2024/09/12 11:59:09.831,MAX_RECALL,WO000308,CONTROLLER_DIAGNOSTIC
DF001181,INT0085,16,8,ADVANCE,Inductive Loop,SHORTED_LOOP,1725879600000,1725887643589,1725950786435,2024/09/09 11:00:00.000,2024/09/09 13:14:03.589,2024/09/10 06:46:26.435,MAX_RECALL,WO001181,CONTROLLER_DIAGNOSTIC
DF000467,INT0019,10,5,ADVANCE,Inductive Loop,OPEN_LOOP,1725987600000,1725991799069,1726272714950,2024/09/10 17:00:00.000,2024/09/10 18:09:59.069,2024/09/14 00:11:54.950,MAX_RECALL,WO000467,CONTROLLER_DIAGNOSTIC
DF001225,INT0056,9,5,STOP_BAR,Inductive Loop,WATCHDOG_FAILURE,1725998400000,1725999770829,1726367278612,2024/09/10 20:00:00.000,2024/09/10 20:22:50.829,2024/09/15 02:27:58.612,MAX_RECALL,WO001225,CONTROLLER_DIAGNOSTIC
DF000943,INT0030,8,4,ADVANCE,Inductive Loop,OPEN_LOOP,1726264800000,1726275176296,1726335023779,2024/09/13 22:00:00.000,2024/09/14 00:52:56.296,2024/09/14 17:30:23.779,MAX_RECALL,WO000943,CONTROLLER_DIAGNOSTIC
DF001275,INT0077,9,5,STOP_BAR,Inductive Loop,EXCESSIVE_INDUCTANCE_CHANGE,1726272000000,1726285335860,1726320573487,2024/09/14 00:00:00.000,2024/09/14 03:42:15.860,2024/09/14 13:29:33.487,MAX_RECALL,WO001275,CONTROLLER_DIAGNOSTIC
DF000442,INT0155,5,3,STOP_BAR,Inductive Loop,EXCESSIVE_INDUCTANCE_CHANGE,1726282800000,1726295185578,1726323153852,2024/09/14 03:00:00.000,2024/09/14 06:26:25.578,2024/09/14 14:12:33.852,MAX_RECALL,WO000442,CONTROLLER_DIAGNOSTIC
DF000065,INT0074,8,4,ADVANCE,Inductive Loop,WATCHDOG_FAILURE,1726302777249,1726307923961,1726943322164,2024/09/14 08:32:57.249,2024/09/14 09:58:43.961,2024/09/21 18:28:42.164,MAX_RECALL,WO000065,CONTROLLER_DIAGNOSTIC
DF001166,INT0139,3,2,STOP_BAR,Inductive Loop,WATCHDOG_FAILURE,1726347600000,1726355777410,1726632053954,2024/09/14 21:00:00.000,2024/09/14 23:16:17.410,2024/09/18 04:00:53.954,MAX_RECALL,WO001166,CONTROLLER_DIAGNOSTIC
DF000545,INT0120,1,1,STOP_BAR,Inductive Loop,WATCHDOG_FAILURE,1726398000000,1726399660630,1726493713532,2024/09/15 11:00:00.000,2024/09/15 11:27:40.630,2024/09/16 13:35:13.532,MAX_RECALL,WO000545,CONTROLLER_DIAGNOSTIC
DF000978,INT0107,6,3,ADVANCE,Inductive Loop,EXCESSIVE_INDUCTANCE_CHANGE,1726408800000,1726416153512,1726584825932,2024/09/15 14:00:00.000,2024/09/15 16:02:33.512,2024/09/17 14:53:45.932,MAX_RECALL,WO000978,FIELD_CREW
DF000456,INT0054,5,3,STOP_BAR,Inductive Loop,EXCESSIVE_INDUCTANCE_CHANGE,1726668000000,1726675212518,1727067832168,2024/09/18 14:00:00.000,2024/09/18 16:00:12.518,2024/09/23 05:03:52.168,MAX_RECALL,WO000456,CONTROLLER_DIAGNOSTIC
DF001435,INT0164,5,3,STOP_BAR,Inductive Loop,OPEN_LOOP,1726776000000,1726780333382,1726985114106,2024/09/19 20:00:00.000,2024/09/19 21:12:13.382,2024/09/22 06:05:14.106,MAX_RECALL,WO001435,FIELD_CREW
DF001082,INT0163,9,5,STOP_BAR,Inductive Loop,WATCHDOG_FAILURE,1726779600000,1726790995495,1727111840053,2024/09/19 21:00:00.000,2024/09/20 00:09:55.495,2024/09/23 17:17:20.053,MAX_RECALL,WO001082,CONTROLLER_DIAGNOSTIC
DF000798,INT0107,5,3,STOP_BAR,Inductive Loop,SHORTED_LOOP,1726786800000,1726787160235,1726907929013,2024/09/19 23:00:00.000,2024/09/19 23:06:00.235,2024/09/21 08:38:49.013,MAX_RECALL,WO000798,CONTROLLER_DIAGNOSTIC
DF001417,INT0041,2,1,ADVANCE,Inductive Loop,SHORTED_LOOP,1726873200000,1726880316642,1727128723185,2024/09/20 23:00:00.000,2024/09/21 00:58:36.642,2024/09/23 21:58:43.185,MAX_RECALL,WO001417,CONTROLLER_DIAGNOSTIC
DF000690,INT0166,5,3,STOP_BAR,Inductive Loop,WATCHDOG_FAILURE,1726902000000,1726915746322,1727281009796,2024/09/21 07:00:00.000,2024/09/21 10:49:06.322,2024/09/25 16:16:49.796,MAX_RECALL,WO000690,FIELD_CREW
DF000078,INT0027,13,7,STOP_BAR,Inductive Loop,SHORTED_LOOP,1726963200000,1726965272392,1727168745264,2024/09/22 00:00:00.000,2024/09/22 00:34:32.392,2024/09/24 09:05:45.264,MAX_RECALL,WO000078,PUBLIC_REPORT
DF001026,INT0162,2,1,ADVANCE,Inductive Loop,WATCHDOG_FAILURE,1726992000000,1727005236362,1727295653895,2024/09/22 08:00:00.000,2024/09/22 11:40:36.362,2024/09/25 20:20:53.895,MAX_RECALL,WO001026,CONTROLLER_DIAGNOSTIC
DF000635,INT0005,5,3,STOP_BAR,Inductive Loop,EXCESSIVE_INDUCTANCE_CHANGE,1727002800000,1727005095701,1727312193359,2024/09/22 11:00:00.000,2024/09/22 11:38:15.701,2024/09/26 00:56:33.359,MAX_RECALL,WO000635,CONTROLLER_DIAGNOSTIC
DF000520,INT0116,9,5,STOP_BAR,Inductive Loop,OPEN_LOOP,1727013600000,1727017008879,1727165389050,2024/09/22 14:00:00.000,2024/09/22 14:56:48.879,2024/09/24 08:09:49.050,MAX_RECALL,WO000520,CONTROLLER_DIAGNOSTIC
DF000760,INT0150,3,2,STOP_BAR,Inductive Loop,OPEN_LOOP,1727028000000,1727037397358,1727335004933,2024/09/22 18:00:00.000,2024/09/22 20:36:37.358,2024/09/26 07:16:44.933,MAX_RECALL,WO000760,CONTROLLER_DIAGNOSTIC
DF000704,INT0148,7,4,STOP_BAR,Inductive Loop,OPEN_LOOP,1727035200000,1727045657290,1727050262841,2024/09/22 20:00:00.000,2024/09/22 22:54:17.290,2024/09/23 00:11:02.841,MAX_RECALL,WO000704,FIELD_CREW
DF001350,INT0073,2,1,ADVANCE,Inductive Loop,EXCESSIVE_INDUCTANCE_CHANGE,1727078400000,1727087885154,1727201351664,2024/09/23 08:00:00.000,2024/09/23 10:38:05.154,2024/09/24 18:09:11.664,MAX_RECALL,WO001350,CONTROLLER_DIAGNOSTIC
DF000552,INT0092,2,1,ADVANCE,Inductive Loop,WATCHDOG_FAILURE,1727272800000,1727285913931,1727559880840,2024/09/25 14:00:00.000,2024/09/25 17:38:33.931,2024/09/28 21:44:40.840,MAX_RECALL,WO000552,CONTROLLER_DIAGNOSTIC
DF001313,INT0046,15,8,STOP_BAR,Inductive Loop,SHORTED_LOOP,1727341200000,1727350456811,1727514858668,2024/09/26 09:00:00.000,2024/09/26 11:34:16.811,2024/09/28 09:14:18.668,MAX_RECALL,WO001313,FIELD_CREW
DF001424,INT0100,7,4,STOP_BAR,Inductive Loop,OPEN_LOOP,1727388000000,1727401868919,1727544105381,2024/09/26 22:00:00.000,2024/09/27 01:51:08.919,2024/09/28 17:21:45.381,MAX_RECALL,WO001424,CONTROLLER_DIAGNOSTIC
DF000008,INT0131,4,2,ADVANCE,Inductive Loop,WATCHDOG_FAILURE,1727395586494,1727398269765,1727762552244,2024/09/27 00:06:26.494,2024/09/27 00:51:09.765,2024/10/01 06:02:32.244,MAX_RECALL,WO000008,CONTROLLER_DIAGNOSTIC
DF000395,INT0021,7,4,STOP_BAR,Inductive Loop,EXCESSIVE_INDUCTANCE_CHANGE,1727424000000,1727424570031,1727512431927,2024/09/27 08:00:00.000,2024/09/27 08:09:30.031,2024/09/28 08:33:51.927,MAX_RECALL,WO000395,CONTROLLER_DIAGNOSTIC
DF000640,INT0101,13,7,STOP_BAR,Inductive Loop,WATCHDOG_FAILURE,1727467200000,1727479606801,1727906781736,2024/09/27 20:00:00.000,2024/09/27 23:26:46.801,2024/10/02 22:06:21.736,MAX_RECALL,WO000640,CONTROLLER_DIAGNOSTIC
DF000633,INT0068,8,4,ADVANCE,Inductive Loop,OPEN_LOOP,1727478000000,1727479344512,1727595931539,2024/09/27 23:00:00.000,2024/09/27 23:22:24.512,2024/09/29 07:45:31.539,MAX_RECALL,WO000633,CONTROLLER_DIAGNOSTIC
DF000774,INT0139,1,1,STOP_BAR,Inductive Loop,SHORTED_LOOP,1727539200000,1727549576496,1727717024001,2024/09/28 16:00:00.000,2024/09/28 18:52:56.496,2024/09/30 17:23:44.001,MAX_RECALL,WO000774,CONTROLLER_DIAGNOSTIC
DF000064,INT0107,4,2,ADVANCE,Inductive Loop,SHORTED_LOOP,1727540297409,1727540959944,1728120694713,2024/09/28 16:18:17.409,2024/09/28 16:29:19.944,2024/10/05 09:31:34.713,MAX_RECALL,WO000064,CONTROLLER_DIAGNOSTIC
DF000232,INT0035,1,1,STOP_BAR,Inductive Loop,WATCHDOG_FAILURE,1727640000000,1727644851992,1727898687735,2024/09/29 20:00:00.000,2024/09/29 21:20:51.992,2024/10/02 19:51:27.735,MAX_RECALL,WO000232,PUBLIC_REPORT
DF000527,INT0098,12,6,ADVANCE,Inductive Loop,SHORTED_LOOP,1727690400000,1727699225642,1728079743210,2024/09/30 10:00:00.000,2024/09/30 12:27:05.642,2024/10/04 22:09:03.210,MAX_RECALL,WO000527,CONTROLLER_DIAGNOSTIC
DF001027,INT0065,5,3,STOP_BAR,Inductive Loop,EXCESSIVE_INDUCTANCE_CHANGE,1727791200000,1727801960784,1727881591395,2024/10/01 14:00:00.000,2024/10/01 16:59:20.784,2024/10/02 15:06:31.395,MAX_RECALL,WO001027,FIELD_CREW
DF000775,INT0043,11,6,STOP_BAR,Inductive Loop,SHORTED_LOOP,1727805600000,1727816101562,1728148622099,2024/10/01 18:00:00.000,2024/10/01 20:55:01.562,2024/10/05 17:17:02.099,MAX_RECALL,WO000775,CONTROLLER_DIAGNOSTIC
DF000553,INT0019,13,7,STOP_BAR,Inductive Loop,OPEN_LOOP,1727953200000,1727954980165,1728126962737,2024/10/03 11:00:00.000,2024/10/03 11:29:40.165,2024/10/05 11:16:02.737,MAX_RECALL,WO000553,CONTROLLER_DIAGNOSTIC
DF001047,INT0009,16,8,ADVANCE,Inductive Loop,EXCESSIVE_INDUCTANCE_CHANGE,1727964000000,1727972745195,1727979395686,2024/10/03 14:00:00.000,2024/10/03 16:25:45.195,2024/10/03 18:16:35.686,MAX_RECALL,WO001047,CONTROLLER_DIAGNOSTIC
DF001048,INT0169,13,7,STOP_BAR,Inductive Loop,OPEN_LOOP,1728111600000,1728115984075,1728122399381,2024/10/05 07:00:00.000,2024/10/05 08:13:04.075,2024/10/05 09:59:59.381,MAX_RECALL,WO001048,CONTROLLER_DIAGNOSTIC
DF001102,INT0080,1,1,STOP_BAR,Inductive Loop,WATCHDOG_FAILURE,1728111600000,1728121910751,1728133676845,2024/10/05 07:00:00.000,2024/10/05 09:51:50.751,2024/10/05 13:07:56.845,MAX_RECALL,WO001102,CONTROLLER_DIAGNOSTIC
DF000289,INT0090,4,2,ADVANCE,Inductive Loop,WATCHDOG_FAILURE,1728118800000,1728132102563,1728415717430,2024/10/05 09:00:00.000,2024/10/05 12:41:42.563,2024/10/08 19:28:37.430,MAX_RECALL,WO000289,CONTROLLER_DIAGNOSTIC
DF001094,INT0031,2,1,ADVANCE,Inductive Loop,WATCHDOG_FAILURE,1728126000000,1728129750251,1728382038279,2024/10/05 11:00:00.000,2024/10/05 12:02:30.251,2024/10/08 10:07:18.279,MAX_RECALL,WO001094,FIELD_CREW
DF000483,INT0132,4,2,ADVANCE,Inductive Loop,SHORTED_LOOP,1728126000000,1728134254474,1728209277149,2024/10/05 11:00:00.000,2024/10/05 13:17:34.474,2024/10/06 10:07:57.149,MAX_RECALL,WO000483,FIELD_CREW
DF000578,INT0103,8,4,ADVANCE,Inductive Loop,EXCESSIVE_INDUCTANCE_CHANGE,1728180000000,1728187280571,1728412766696,2024/10/06 02:00:00.000,2024/10/06 04:01:20.571,2024/10/08 18:39:26.696,MAX_RECALL,WO000578,CONTROLLER_DIAGNOSTIC
DF000038,INT0030,12,6,ADVANCE,Inductive Loop,WATCHDOG_FAILURE,1728208232106,1728212358681,1728518904693,2024/10/06 09:50:32.106,2024/10/06 10:59:18.681,2024/10/10 00:08:24.693,MAX_RECALL,WO000038,CONTROLLER_DIAGNOSTIC
DF001272,INT0157,9,5,STOP_BAR,Inductive Loop,WATCHDOG_FAILURE,1728306000000,1728314544211,1728576924835,2024/10/07 13:00:00.000,2024/10/07 15:22:24.211,2024/10/10 16:15:24.835,MAX_RECALL,WO001272,CONTROLLER_DIAGNOSTIC
DF000561,INT0154,13,7,STOP_BAR,Inductive Loop,EXCESSIVE_INDUCTANCE_CHANGE,1728331200000,1728340637365,1728594232770,2024/10/07 20:00:00.000,2024/10/07 22:37:17.365,2024/10/10 21:03:52.770,MAX_RECALL,WO000561,PUBLIC_REPORT
DF000824,INT0050,2,1,ADVANCE,Inductive Loop,OPEN_LOOP,1728349200000,1728349570815,1728414302534,2024/10/08 01:00:00.000,2024/10/08 01:06:10.815,2024/10/08 19:05:02.534,MAX_RECALL,WO000824,FIELD_CREW
DF001276,INT0055,11,6,STOP_BAR,Inductive Loop,WATCHDOG_FAILURE,1728363600000,1728364300454,1728587039982,2024/10/08 05:00:00.000,2024/10/08 05:11:40.454,2024/10/10 19:03:59.982,MAX_RECALL,WO001276,CONTROLLER_DIAGNOSTIC
DF000276,INT0108,4,2,ADVANCE,Inductive Loop,WATCHDOG_FAILURE,1728439200000,1728441716696,1728763011866,2024/10/09 02:00:00.000,2024/10/09 02:41:56.696,2024/10/12 19:56:51.866,MAX_RECALL,WO000276,FIELD_CREW
DF000214,INT0020,14,7,ADVANCE,Inductive Loop,OPEN_LOOP,1728446400000,1728458177718,1728687228674,2024/10/09 04:00:00.000,2024/10/09 07:16:17.718,2024/10/11 22:53:48.674,MAX_RECALL,WO000214,CONTROLLER_DIAGNOSTIC
DF000418,INT0047,15,8,STOP_BAR,Inductive Loop,EXCESSIVE_INDUCTANCE_CHANGE,1728468000000,1728470466854,1728660183581,2024/10/09 10:00:00.000,2024/10/09 10:41:06.854,2024/10/11 15:23:03.581,MAX_RECALL,WO000418,CONTROLLER_DIAGNOSTIC
DF001010,INT0117,5,3,STOP_BAR,Inductive Loop,OPEN_LOOP,1728493200000,1728506856354,1728853038537,2024/10/09 17:00:00.000,2024/10/09 20:47:36.354,2024/10/13 20:57:18.537,MAX_RECALL,WO001010,CONTROLLER_DIAGNOSTIC
DF000852,INT0116,8,4,ADVANCE,Inductive Loop,WATCHDOG_FAILURE,1728536400000,1728538452795,1728862198307,2024/10/10 05:00:00.000,2024/10/10 05:34:12.795,2024/10/13 23:29:58.307,MAX_RECALL,WO000852,CONTROLLER_DIAGNOSTIC
DF001317,INT0126,8,4,ADVANCE,Inductive Loop,EXCESSIVE_INDUCTANCE_CHANGE,1728608400000,1728616879437,1728778240945,2024/10/11 01:00:00.000,2024/10/11 03:21:19.437,2024/10/13 00:10:40.945,MAX_RECALL,WO001317,CONTROLLER_DIAGNOSTIC
DF000765,INT0133,5,3,STOP_BAR,Inductive Loop,OPEN_LOOP,1728662400000,1728662918303,1728897533441,2024/10/11 16:00:00.000,2024/10/11 16:08:38.303,2024/10/14 09:18:53.441,MAX_RECALL,WO000765,CONTROLLER_DIAGNOSTIC
DF000738,INT0101,8,4,ADVANCE,Inductive Loop,SHORTED_LOOP,1728687600000,1728692965258,1729053108485,2024/10/11 23:00:00.000,2024/10/12 00:29:25.258,2024/10/16 04:31:48.485,MAX_RECALL,WO000738,CONTROLLER_DIAGNOSTIC
DF000344,INT0082,7,4,STOP_BAR,Inductive Loop,EXCESSIVE_INDUCTANCE_CHANGE,1728727200000,1728736691296,1728886479687,2024/10/12 10:00:00.000,2024/10/12 12:38:11.296,2024/10/14 06:14:39.687,MAX_RECALL,WO000344,CONTROLLER_DIAGNOSTIC
DF001065,INT0089,16,8,ADVANCE,Inductive Loop,EXCESSIVE_INDUCTANCE_CHANGE,1728763200000,1728770313588,1728898371558,2024/10/12 20:00:00.000,2024/10/12 21:58:33.588,2024/10/14 09:32:51.558,MAX_RECALL,WO001065,CONTROLLER_DIAGNOSTIC
DF001353,INT0003,13,7,STOP_BAR,Inductive Loop,EXCESSIVE_INDUCTANCE_CHANGE,1728763200000,1728776373856,1729055735808,2024/10/12 20:00:00.000,2024/10/12 23:39:33.856,2024/10/16 05:15:35.808,MAX_RECALL,WO001353,CONTROLLER_DIAGNOSTIC
DF000848,INT0054,14,7,ADVANCE,Inductive Loop,OPEN_LOOP,1728777600000,1728781827026,1729105252131,2024/10/13 00:00:00.000,2024/10/13 01:10:27.026,2024/10/16 19:00:52.131,MAX_RECALL,WO000848,CONTROLLER_DIAGNOSTIC
DF000195,INT0082,6,3,ADVANCE,Inductive Loop,EXCESSIVE_INDUCTANCE_CHANGE,1728820800000,1728831497602,1728861828622,2024/10/13 12:00:00.000,2024/10/13 14:58:17.602,2024/10/13 23:23:48.622,MAX_RECALL,WO000195,CONTROLLER_DIAGNOSTIC
DF000088,INT0082,6,3,ADVANCE,Inductive Loop,WATCHDOG_FAILURE,1728928800000,1728935515661,1729273246191,2024/10/14 18:00:00.000,2024/10/14 19:51:55.661,2024/10/18 17:40:46.191,MAX_RECALL,WO000088,CONTROLLER_DIAGNOSTIC
DF000434,INT0092,13,7,STOP_BAR,Inductive Loop,EXCESSIVE_INDUCTANCE_CHANGE,1728979200000,1728990062862,1729148136755,2024/10/15 08:00:00.000,2024/10/15 11:01:02.862,2024/10/17 06:55:36.755,MAX_RECALL,WO000434,CONTROLLER_DIAGNOSTIC
DF000911,INT0006,1,1,STOP_BAR,Inductive Loop,OPEN_LOOP,1729062000000,1729068507528,1729268306217,2024/10/16 07:00:00.000,2024/10/16 08:48:27.528,2024/10/18 16:18:26.217,MAX_RECALL,WO000911,CONTROLLER_DIAGNOSTIC
DF000262,INT0058,8,4,ADVANCE,Inductive Loop,EXCESSIVE_INDUCTANCE_CHANGE,1729083600000,1729085352798,1729252692228,2024/10/16 13:00:00.000,2024/10/16 13:29:12.798,2024/10/18 11:58:12.228,MAX_RECALL,WO000262,CONTROLLER_DIAGNOSTIC
DF000004,INT0080,12,6,ADVANCE,Inductive Loop,SHORTED_LOOP,1729274819874,1729279614623,1729751828805,2024/10/18 18:06:59.874,2024/10/18 19:26:54.623,2024/10/24 06:37:08.805,MAX_RECALL,WO000004,CONTROLLER_DIAGNOSTIC
DF001081,INT0041,3,2,STOP_BAR,Inductive Loop,SHORTED_LOOP,1729303200000,1729309753214,1729452731416,2024/10/19 02:00:00.000,2024/10/19 03:49:13.214,2024/10/20 19:32:11.416,MAX_RECALL,WO001081,FIELD_CREW
DF000239,INT0131,16,8,ADVANCE,Inductive Loop,WATCHDOG_FAILURE,1729335600000,1729348935277,1729587208897,2024/10/19 11:00:00.000,2024/10/19 14:42:15.277,2024/10/22 08:53:28.897,MAX_RECALL,WO000239,CONTROLLER_DIAGNOSTIC
DF000114,INT0136,6,3,ADVANCE,Inductive Loop,WATCHDOG_FAILURE,1729400400000,1729405464567,1729722557385,2024/10/20 05:00:00.000,2024/10/20 06:24:24.567,2024/10/23 22:29:17.385,MAX_RECALL,WO000114,CONTROLLER_DIAGNOSTIC
DF000579,INT0126,6,3,ADVANCE,Inductive Loop,EXCESSIVE_INDUCTANCE_CHANGE,1729537200000,1729545800511,1729938123951,2024/10/21 19:00:00.000,2024/10/21 21:23:20.511,2024/10/26 10:22:03.951,MAX_RECALL,WO000579,CONTROLLER_DIAGNOSTIC
DF000090,INT0091,14,7,ADVANCE,Inductive Loop,OPEN_LOOP,1729652400000,1729661809345,1730044848947,2024/10/23 03:00:00.000,2024/10/23 05:36:49.345,2024/10/27 16:00:48.947,MAX_RECALL,WO000090,CONTROLLER_DIAGNOSTIC
DF000850,INT0131,3,2,STOP_BAR,Inductive Loop,WATCHDOG_FAILURE,1729699200000,1729711501214,1729889047205,2024/10/23 16:00:00.000,2024/10/23 19:25:01.214,2024/10/25 20:44:07.205,MAX_RECALL,WO000850,FIELD_CREW
DF000540,INT0134,14,7,ADVANCE,Inductive Loop,SHORTED_LOOP,1729872000000,1729884225646,1730066742206,2024/10/25 16:00:00.000,2024/10/25 19:23:45.646,2024/10/27 22:05:42.206,MAX_RECALL,WO000540,FIELD_CREW
DF000042,INT0107,8,4,ADVANCE,Inductive Loop,WATCHDOG_FAILURE,1729882527948,1729884978120,1730807393342,2024/10/25 18:55:27.948,2024/10/25 19:36:18.120,2024/11/05 11:49:53.342,MAX_RECALL,WO000042,CONTROLLER_DIAGNOSTIC
DF001192,INT0133,14,7,ADVANCE,Inductive Loop,WATCHDOG_FAILURE,1729897200000,1729906471392,1729942646386,2024/10/25 23:00:00.000,2024/10/26 01:34:31.392,2024/10/26 11:37:26.386,MAX_RECALL,WO001192,CONTROLLER_DIAGNOSTIC
DF000546,INT0005,10,5,ADVANCE,Inductive Loop,SHORTED_LOOP,1729936800000,1729950646300,1730285477948,2024/10/26 10:00:00.000,2024/10/26 13:50:46.300,2024/10/30 10:51:17.948,MAX_RECALL,WO000546,CONTROLLER_DIAGNOSTIC
DF001434,INT0058,5,3,STOP_BAR,Inductive Loop,SHORTED_LOOP,1729944000000,1729955252607,1729989338827,2024/10/26 12:00:00.000,2024/10/26 15:07:32.607,2024/10/27 00:35:38.827,MAX_RECALL,WO001434,FIELD_CREW
DF000168,INT0148,12,6,ADVANCE,Inductive Loop,EXCESSIVE_INDUCTANCE_CHANGE,1729962000000,1729971267753,1730253391877,2024/10/26 17:00:00.000,2024/10/26 19:34:27.753,2024/10/30 01:56:31.877,MAX_RECALL,WO000168,FIELD_CREW
DF000921,INT0150,2,1,ADVANCE,Inductive Loop,OPEN_LOOP,1730001600000,1730008409189,1730014517352,2024/10/27 04:00:00.000,2024/10/27 05:53:29.189,2024/10/27 07:35:17.352,MAX_RECALL,WO000921,CONTROLLER_DIAGNOSTIC
DF001148,INT0133,3,2,STOP_BAR,Inductive Loop,SHORTED_LOOP,1730012400000,1730012752813,1730108242386,2024/10/27 07:00:00.000,2024/10/27 07:05:52.813,2024/10/28 09:37:22.386,MAX_RECALL,WO001148,CONTROLLER_DIAGNOSTIC
DF000666,INT0160,13,7,STOP_BAR,Inductive Loop,WATCHDOG_FAILURE,1730016000000,1730017056687,1730209328668,2024/10/27 08:00:00.000,2024/10/27 08:17:36.687,2024/10/29 13:42:08.668,MAX_RECALL,WO000666,CONTROLLER_DIAGNOSTIC
DF000478,INT0036,7,4,STOP_BAR,Inductive Loop,WATCHDOG_FAILURE,1730026800000,1730031248100,1730077446401,2024/10/27 11:00:00.000,2024/10/27 12:14:08.100,2024/10/28 01:04:06.401,MAX_RECALL,WO000478,CONTROLLER_DIAGNOSTIC
DF000012,INT0117,16,8,ADVANCE,Inductive Loop,SHORTED_LOOP,1730051515584,1730055932112,1730775081273,2024/10/27 17:51:55.584,2024/10/27 19:05:32.112,2024/11/05 02:51:21.273,MAX_RECALL,WO000012,CONTROLLER_DIAGNOSTIC
DF001365,INT0095,8,4,ADVANCE,Inductive Loop,OPEN_LOOP,1730066400000,1730067952068,1730331856154,2024/10/27 22:00:00.000,2024/10/27 22:25:52.068,2024/10/30 23:44:16.154,MAX_RECALL,WO001365,CONTROLLER_DIAGNOSTIC
DF001042,INT0146,1,1,STOP_BAR,Inductive Loop,EXCESSIVE_INDUCTANCE_CHANGE,1730073600000,1730077994744,1730166843459,2024/10/28 00:00:00.000,2024/10/28 01:13:14.744,2024/10/29 01:54:03.459,MAX_RECALL,WO001042,FIELD_CREW
DF000384,INT0165,4,2,ADVANCE,Inductive Loop,OPEN_LOOP,1730088000000,1730092018931,1730481341251,2024/10/28 04:00:00.000,2024/10/28 05:06:58.931,2024/11/01 17:15:41.251,MAX_RECALL,WO000384,CONTROLLER_DIAGNOSTIC
DF000683,INT0067,10,5,ADVANCE,Inductive Loop,EXCESSIVE_INDUCTANCE_CHANGE,1730145600000,1730147396791,1730361970000,2024/10/28 20:00:00.000,2024/10/28 20:29:56.791,2024/10/31 08:06:10.000,MAX_RECALL,WO000683,CONTROLLER_DIAGNOSTIC
DF000837,INT0070,16,8,ADVANCE,Inductive Loop,EXCESSIVE_INDUCTANCE_CHANGE,1730167200000,1730170901739,1730567280332,2024/10/29 02:00:00.000,2024/10/29 03:01:41.739,2024/11/02 17:08:00.332,MAX_RECALL,WO000837,CONTROLLER_DIAGNOSTIC
DF001183,INT0135,1,1,STOP_BAR,Inductive Loop,WATCHDOG_FAILURE,1730264400000,1730274025809,1730685338977,2024/10/30 05:00:00.000,2024/10/30 07:40:25.809,2024/11/04 01:55:38.977,MAX_RECALL,WO001183,CONTROLLER_DIAGNOSTIC
DF000368,INT0132,6,3,ADVANCE,Inductive Loop,WATCHDOG_FAILURE,1730296800000,1730304677403,1730392122991,2024/10/30 14:00:00.000,2024/10/30 16:11:17.403,2024/10/31 16:28:42.991,MAX_RECALL,WO000368,CONTROLLER_DIAGNOSTIC
DF001268,INT0124,9,5,STOP_BAR,Inductive Loop,SHORTED_LOOP,1730300400000,1730310734201,1730428064356,2024/10/30 15:00:00.000,2024/10/30 17:52:14.201,2024/11/01 02:27:44.356,MAX_RECALL,WO001268,CONTROLLER_DIAGNOSTIC
DF000324,INT0067,8,4,ADVANCE,Inductive Loop,SHORTED_LOOP,1730314800000,1730325257470,1730446546457,2024/10/30 19:00:00.000,2024/10/30 21:54:17.470,2024/11/01 07:35:46.457,MAX_RECALL,WO000324,CONTROLLER_DIAGNOSTIC
DF000972,INT0125,15,8,STOP_BAR,Inductive Loop,EXCESSIVE_INDUCTANCE_CHANGE,1730318400000,1730324875088,1730565423327,2024/10/30 20:00:00.000,2024/10/30 21:47:55.088,2024/11/02 16:37:03.327,MAX_RECALL,WO000972,CONTROLLER_DIAGNOSTIC
DF001178,INT0014,4,2,ADVANCE,Inductive Loop,EXCESSIVE_INDUCTANCE_CHANGE,1730394000000,1730403341379,1730451315629,2024/10/31 17:00:00.000,2024/10/31 19:35:41.379,2024/11/01 08:55:15.629,MAX_RECALL,WO001178,CONTROLLER_DIAGNOSTIC
DF000664,INT0098,1,1,STOP_BAR,Inductive Loop,OPEN_LOOP,1730458800000,1730468748838,1730761867040,2024/11/01 11:00:00.000,2024/11/01 13:45:48.838,2024/11/04 23:11:07.040,MAX_RECALL,WO000664,CONTROLLER_DIAGNOSTIC
DF000986,INT0135,4,2,ADVANCE,Inductive Loop,WATCHDOG_FAILURE,1730516400000,1730527099040,1730646524474,2024/11/02 03:00:00.000,2024/11/02 05:58:19.040,2024/11/03 15:08:44.474,MAX_RECALL,WO000986,CONTROLLER_DIAGNOSTIC
DF000255,INT0139,8,4,ADVANCE,Inductive Loop,EXCESSIVE_INDUCTANCE_CHANGE,1730653200000,1730661531711,1731023207853,2024/11/03 17:00:00.000,2024/11/03 19:18:51.711,2024/11/07 23:46:47.853,MAX_RECALL,WO000255,CONTROLLER_DIAGNOSTIC
DF000331,INT0158,6,3,ADVANCE,Inductive Loop,OPEN_LOOP,1730664000000,1730666567915,1730859545295,2024/11/03 20:00:00.000,2024/11/03 20:42:47.915,2024/11/06 02:19:05.295,MAX_RECALL,WO000331,CONTROLLER_DIAGNOSTIC
DF000574,INT0157,3,2,STOP_BAR,Inductive Loop,SHORTED_LOOP,1730678400000,1730678865255,1731060061322,2024/11/04 00:00:00.000,2024/11/04 00:07:45.255,2024/11/08 10:01:01.322,MAX_RECALL,WO000574,PUBLIC_REPORT
DF000266,INT0106,9,5,STOP_BAR,Inductive Loop,SHORTED_LOOP,1730714400000,1730722869242,1731059183391,2024/11/04 10:00:00.000,2024/11/04 12:21:09.242,2024/11/08 09:46:23.391,MAX_RECALL,WO000266,CONTROLLER_DIAGNOSTIC
DF001459,INT0051,3,2,STOP_BAR,Inductive Loop,EXCESSIVE_INDUCTANCE_CHANGE,1730743200000,1730755006021,1730873594359,2024/11/04 18:00:00.000,2024/11/04 21:16:46.021,2024/11/06 06:13:14.359,MAX_RECALL,WO001459,CONTROLLER_DIAGNOSTIC
DF001329,INT0069,7,4,STOP_BAR,Inductive Loop,SHORTED_LOOP,1730898000000,1730902977097,1731321710952,2024/11/06 13:00:00.000,2024/11/06 14:22:57.097,2024/11/11 10:41:50.952,MAX_RECALL,WO001329,PUBLIC_REPORT
DF001203,INT0024,16,8,ADVANCE,Inductive Loop,EXCESSIVE_INDUCTANCE_CHANGE,1730984400000,1730991077221,1731162402186,2024/11/07 13:00:00.000,2024/11/07 14:51:17.221,2024/11/09 14:26:42.186,MAX_RECALL,WO001203,CONTROLLER_DIAGNOSTIC
DF000305,INT0089,2,1,ADVANCE,Inductive Loop,OPEN_LOOP,1730988000000,1730995297068,1731102885862,2024/11/07 14:00:00.000,2024/11/07 16:01:37.068,2024/11/08 21:54:45.862,MAX_RECALL,WO000305,CONTROLLER_DIAGNOSTIC
DF001439,INT0121,8,4,ADVANCE,Inductive Loop,SHORTED_LOOP,1730995200000,1731006076445,1731381844326,2024/11/07 16:00:00.000,2024/11/07 19:01:16.445,2024/11/12 03:24:04.326,MAX_RECALL,WO001439,CONTROLLER_DIAGNOSTIC
DF001108,INT0094,10,5,ADVANCE,Inductive Loop,WATCHDOG_FAILURE,1731110400000,1731119132523,1731170028882,2024/11/09 00:00:00.000,2024/11/09 02:25:32.523,2024/11/09 16:33:48.882,MAX_RECALL,WO001108,CONTROLLER_DIAGNOSTIC
DF000729,INT0161,4,2,ADVANCE,Inductive Loop,EXCESSIVE_INDUCTANCE_CHANGE,1731168000000,1731175507148,1731292116221,2024/11/09 16:00:00.000,2024/11/09 18:05:07.148,2024/11/11 02:28:36.221,MAX_RECALL,WO000729,CONTROLLER_DIAGNOSTIC
DF001151,INT0081,5,3,STOP_BAR,Inductive Loop,OPEN_LOOP,1731207600000,1731212537756,1731444844109,2024/11/10 03:00:00.000,2024/11/10 04:22:17.756,2024/11/12 20:54:04.109,MAX_RECALL,WO001151,PUBLIC_REPORT
DF000274,INT0114,14,7,ADVANCE,Inductive Loop,OPEN_LOOP,1731247200000,1731247917613,1731274866392,2024/11/10 14:00:00.000,2024/11/10 14:11:57.613,2024/11/10 21:41:06.392,MAX_RECALL,WO000274,CONTROLLER_DIAGNOSTIC
DF000843,INT0064,11,6,STOP_BAR,Inductive Loop,OPEN_LOOP,1731326400000,1731328459203,1731342595993,2024/11/11 12:00:00.000,2024/11/11 12:34:19.203,2024/11/11 16:29:55.993,MAX_RECALL,WO000843,FIELD_CREW
DF001036,INT0084,3,2,STOP_BAR,Inductive Loop,OPEN_LOOP,1731344400000,1731351935625,1731684021507,2024/11/11 17:00:00.000,2024/11/11 19:05:35.625,2024/11/15 15:20:21.507,MAX_RECALL,WO001036,CONTROLLER_DIAGNOSTIC
DF001084,INT0130,9,5,STOP_BAR,Inductive Loop,WATCHDOG_FAILURE,1731387600000,1731401473088,1731619937543,2024/11/12 05:00:00.000,2024/11/12 08:51:13.088,2024/11/14 21:32:17.543,MAX_RECALL,WO001084,FIELD_CREW
DF000757,INT0059,3,2,STOP_BAR,Inductive Loop,OPEN_LOOP,1731423600000,1731430285484,1731815626778,2024/11/12 15:00:00.000,2024/11/12 16:51:25.484,2024/11/17 03:53:46.778,MAX_RECALL,WO000757,CONTROLLER_DIAGNOSTIC
DF001409,INT0166,4,2,ADVANCE,Inductive Loop,EXCESSIVE_INDUCTANCE_CHANGE,1731524400000,1731529743579,1731950742212,2024/11/13 19:00:00.000,2024/11/13 20:29:03.579,2024/11/18 17:25:42.212,MAX_RECALL,WO001409,PUBLIC_REPORT
DF000100,INT0006,3,2,STOP_BAR,Inductive Loop,OPEN_LOOP,1731596400000,1731601448822,1731838405611,2024/11/14 15:00:00.000,2024/11/14 16:24:08.822,2024/11/17 10:13:25.611,MAX_RECALL,WO000100,CONTROLLER_DIAGNOSTIC
DF000489,INT0033,10,5,ADVANCE,Inductive Loop,EXCESSIVE_INDUCTANCE_CHANGE,1731603600000,1731609466299,1731952310083,2024/11/14 17:00:00.000,2024/11/14 18:37:46.299,2024/11/18 17:51:50.083,MAX_RECALL,WO000489,FIELD_CREW
DF000409,INT0007,7,4,STOP_BAR,Inductive Loop,EXCESSIVE_INDUCTANCE_CHANGE,1731650400000,1731660932710,1731984580346,2024/11/15 06:00:00.000,2024/11/15 08:55:32.710,2024/11/19 02:49:40.346,MAX_RECALL,WO000409,CONTROLLER_DIAGNOSTIC
DF001440,INT0084,15,8,STOP_BAR,Inductive Loop,WATCHDOG_FAILURE,1731690000000,1731702228645,1732083249740,2024/11/15 17:00:00.000,2024/11/15 20:23:48.645,2024/11/20 06:14:09.740,MAX_RECALL,WO001440,CONTROLLER_DIAGNOSTIC
DF000808,INT0091,4,2,ADVANCE,Inductive Loop,EXCESSIVE_INDUCTANCE_CHANGE,1731837600000,1731844159908,1732127103308,2024/11/17 10:00:00.000,2024/11/17 11:49:19.908,2024/11/20 18:25:03.308,MAX_RECALL,WO000808,PUBLIC_REPORT
DF000019,INT0039,12,6,ADVANCE,Inductive Loop,SHORTED_LOOP,1731886770178,1731889512638,1732138547988,2024/11/17 23:39:30.178,2024/11/18 00:25:12.638,2024/11/20 21:35:47.988,MAX_RECALL,WO000019,CONTROLLER_DIAGNOSTIC
DF000414,INT0136,2,1,ADVANCE,Inductive Loop,OPEN_LOOP,1731963600000,1731963769947,1732355592050,2024/11/18 21:00:00.000,2024/11/18 21:02:49.947,2024/11/23 09:53:12.050,MAX_RECALL,WO000414,CONTROLLER_DIAGNOSTIC
DF001184,INT0118,16,8,ADVANCE,Inductive Loop,OPEN_LOOP,1731967200000,1731978487715,1732004622375,2024/11/18 22:00:00.000,2024/11/19 01:08:07.715,2024/11/19 08:23:42.375,MAX_RECALL,WO001184,FIELD_CREW
DF000792,INT0078,11,6,STOP_BAR,Inductive Loop,EXCESSIVE_INDUCTANCE_CHANGE,1731970800000,1731977416010,1732349662498,2024/11/18 23:00:00.000,2024/11/19 00:50:16.010,2024/11/23 08:14:22.498,MAX_RECALL,WO000792,CONTROLLER_DIAGNOSTIC
DF001274,INT0123,13,7,STOP_BAR,Inductive Loop,OPEN_LOOP,1731992400000,1732000585881,1732354060897,2024/11/19 05:00:00.000,2024/11/19 07:16:25.881,2024/11/23 09:27:40.897,MAX_RECALL,WO001274,CONTROLLER_DIAGNOSTIC
DF000048,INT0065,8,4,ADVANCE,Inductive Loop,SHORTED_LOOP,1732032753372,1732034933238,1732854047460,2024/11/19 16:12:33.372,2024/11/19 16:48:53.238,2024/11/29 04:20:47.460,MAX_RECALL,WO000048,CONTROLLER_DIAGNOSTIC
DF001266,INT0117,1,1,STOP_BAR,Inductive Loop,OPEN_LOOP,1732280400000,1732286729390,1732578800442,2024/11/22 13:00:00.000,2024/11/22 14:45:29.390,2024/11/25 23:53:20.442,MAX_RECALL,WO001266,CONTROLLER_DIAGNOSTIC
DF000638,INT0054,3,2,STOP_BAR,Inductive Loop,WATCHDOG_FAILURE,1732345200000,1732355346581,1732472940288,2024/11/23 07:00:00.000,2024/11/23 09:49:06.581,2024/11/24 18:29:00.288,MAX_RECALL,WO000638,CONTROLLER_DIAGNOSTIC
DF000999,INT0131,13,7,STOP_BAR,Inductive Loop,WATCHDOG_FAILURE,1732359600000,1732367839467,1732439326122,2024/11/23 11:00:00.000,2024/11/23 13:17:19.467,2024/11/24 09:08:46.122,MAX_RECALL,WO000999,CONTROLLER_DIAGNOSTIC
DF000737,INT0168,12,6,ADVANCE,Inductive Loop,EXCESSIVE_INDUCTANCE_CHANGE,1732420800000,1732434891838,1732859487743,2024/11/24 04:00:00.000,2024/11/24 07:54:51.838,2024/11/29 05:51:27.743,MAX_RECALL,WO000737,CONTROLLER_DIAGNOSTIC
DF000238,INT0036,1,1,STOP_BAR,Inductive Loop,EXCESSIVE_INDUCTANCE_CHANGE,1732435200000,1732439218319,1732564413629,2024/11/24 08:00:00.000,2024/11/24 09:06:58.319,2024/11/25 19:53:33.629,MAX_RECALL,WO000238,FIELD_CREW
DF000053,INT0124,4,2,ADVANCE,Inductive Loop,OPEN_LOOP,1732443132551,1732445881830,1733317829381,2024/11/24 10:12:12.551,2024/11/24 10:58:01.830,2024/12/04 13:10:29.381,MAX_RECALL,WO000053,CONTROLLER_DIAGNOSTIC
DF000866,INT0009,2,1,ADVANCE,Inductive Loop,EXCESSIVE_INDUCTANCE_CHANGE,1732518000000,1732521144147,1732910440451,2024/11/25 07:00:00.000,2024/11/25 07:52:24.147,2024/11/29 20:00:40.451,MAX_RECALL,WO000866,FIELD_CREW
DF001051,INT0076,6,3,ADVANCE,Inductive Loop,SHORTED_LOOP,1732532400000,1732534726199,1732794482927,2024/11/25 11:00:00.000,2024/11/25 11:38:46.199,2024/11/28 11:48:02.927,MAX_RECALL,WO001051,CONTROLLER_DIAGNOSTIC
DF000707,INT0082,2,1,ADVANCE,Inductive Loop,SHORTED_LOOP,1732564800000,1732573065273,1732703820493,2024/11/25 20:00:00.000,2024/11/25 22:17:45.273,2024/11/27 10:37:00.493,MAX_RECALL,WO000707,CONTROLLER_DIAGNOSTIC
DF000817,INT0038,16,8,ADVANCE,Inductive Loop,EXCESSIVE_INDUCTANCE_CHANGE,1732654800000,1732661267229,1732898003772,2024/11/26 21:00:00.000,2024/11/26 22:47:47.229,2024/11/29 16:33:23.772,MAX_RECALL,WO000817,FIELD_CREW
DF000051,INT0075,8,4,ADVANCE,Inductive Loop,SHORTED_LOOP,1732767973802,1732770206837,1733196418882,2024/11/28 04:26:13.802,2024/11/28 05:03:26.837,2024/12/03 03:26:58.882,MAX_RECALL,WO000051,CONTROLLER_DIAGNOSTIC
DF000649,INT0005,8,4,ADVANCE,Inductive Loop,SHORTED_LOOP,1732802400000,1732816684207,1733139217009,2024/11/28 14:00:00.000,2024/11/28 17:58:04.207,2024/12/02 11:33:37.009,MAX_RECALL,WO000649,CONTROLLER_DIAGNOSTIC
DF000173,INT0114,6,3,ADVANCE,Inductive Loop,EXCESSIVE_INDUCTANCE_CHANGE,1732802400000,1732809248368,1733104783808,2024/11/28 14:00:00.000,2024/11/28 15:54:08.368,2024/12/02 01:59:43.808,MAX_RECALL,WO000173,FIELD_CREW
DF000809,INT0021,10,5,ADVANCE,Inductive Loop,SHORTED_LOOP,1732806000000,1732820078173,1733024045250,2024/11/28 15:00:00.000,2024/11/28 18:54:38.173,2024/12/01 03:34:05.250,MAX_RECALL,WO000809,CONTROLLER_DIAGNOSTIC
DF001215,INT0014,6,3,ADVANCE,Inductive Loop,WATCHDOG_FAILURE,1732820400000,1732821039192,1733018766763,2024/11/28 19:00:00.000,2024/11/28 19:10:39.192,2024/12/01 02:06:06.763,MAX_RECALL,WO001215,PUBLIC_REPORT
DF000141,INT0067,15,8,STOP_BAR,Inductive Loop,SHORTED_LOOP,1732820400000,1732824259445,1733219245641,2024/11/28 19:00:00.000,2024/11/28 20:04:19.445,2024/12/03 09:47:25.641,MAX_RECALL,WO000141,CONTROLLER_DIAGNOSTIC
DF000681,INT0054,16,8,ADVANCE,Inductive Loop,WATCHDOG_FAILURE,1732878000000,1732882922932,1733219847366,2024/11/29 11:00:00.000,2024/11/29 12:22:02.932,2024/12/03 09:57:27.366,MAX_RECALL,WO000681,CONTROLLER_DIAGNOSTIC
DF000550,INT0021,3,2,STOP_BAR,Inductive Loop,OPEN_LOOP,1732910400000,1732914366018,1733112204549,2024/11/29 20:00:00.000,2024/11/29 21:06:06.018,2024/12/02 04:03:24.549,MAX_RECALL,WO000550,CONTROLLER_DIAGNOSTIC
DF000789,INT0053,13,7,STOP_BAR,Inductive Loop,OPEN_LOOP,1732957200000,1732959483386,1733115369833,2024/11/30 09:00:00.000,2024/11/30 09:38:03.386,2024/12/02 04:56:09.833,MAX_RECALL,WO000789,CONTROLLER_DIAGNOSTIC
DF000517,INT0083,14,7,ADVANCE,Inductive Loop,EXCESSIVE_INDUCTANCE_CHANGE,1732975200000,1732985525224,1733202899780,2024/11/30 14:00:00.000,2024/11/30 16:52:05.224,2024/12/03 05:14:59.780,MAX_RECALL,WO000517,CONTROLLER_DIAGNOSTIC
DF000097,INT0113,1,1,STOP_BAR,Inductive Loop,OPEN_LOOP,1733007600000,1733008685397,1733096779590,2024/11/30 23:00:00.000,2024/11/30 23:18:05.397,2024/12/01 23:46:19.590,MAX_RECALL,WO000097,CONTROLLER_DIAGNOSTIC
DF000486,INT0166,6,3,ADVANCE,Inductive Loop,WATCHDOG_FAILURE,1733022000000,1733033152829,1733326867255,2024/12/01 03:00:00.000,2024/12/01 06:05:52.829,2024/12/04 15:41:07.255,MAX_RECALL,WO000486,CONTROLLER_DIAGNOSTIC
DF001297,INT0042,6,3,ADVANCE,Inductive Loop,EXCESSIVE_INDUCTANCE_CHANGE,1733036400000,1733037893059,1733076147405,2024/12/01 07:00:00.000,2024/12/01 07:24:53.059,2024/12/01 18:02:27.405,MAX_RECALL,WO001297,CONTROLLER_DIAGNOSTIC
DF000945,INT0150,9,5,STOP_BAR,Inductive Loop,SHORTED_LOOP,1733047200000,1733053291145,1733325508044,2024/12/01 10:00:00.000,2024/12/01 11:41:31.145,2024/12/04 15:18:28.044,MAX_RECALL,WO000945,CONTROLLER_DIAGNOSTIC
DF000093,INT0110,13,7,STOP_BAR,Inductive Loop,OPEN_LOOP,1733047200000,1733061567814,1733104667110,2024/12/01 10:00:00.000,2024/12/01 13:59:27.814,2024/12/02 01:57:47.110,MAX_RECALL,WO000093,CONTROLLER_DIAGNOSTIC
DF000415,INT0148,1,1,STOP_BAR,Inductive Loop,OPEN_LOOP,1733072400000,1733076857608,1733508034449,2024/12/01 17:00:00.000,2024/12/01 18:14:17.608,2024/12/06 18:00:34.449,MAX_RECALL,WO000415,FIELD_CREW
DF001412,INT0045,1,1,STOP_BAR,Inductive Loop,SHORTED_LOOP,1733086800000,1733095169182,1733185674521,2024/12/01 21:00:00.000,2024/12/01 23:19:29.182,2024/12/03 00:27:54.521,MAX_RECALL,WO001412,PUBLIC_REPORT
DF000354,INT0026,11,6,STOP_BAR,Inductive Loop,OPEN_LOOP,1733112000000,1733116141225,1733448778863,2024/12/02 04:00:00.000,2024/12/02 05:09:01.225,2024/12/06 01:32:58.863,MAX_RECALL,WO000354,CONTROLLER_DIAGNOSTIC
DF001196,INT0016,5,3,STOP_BAR,Inductive Loop,EXCESSIVE_INDUCTANCE_CHANGE,1733133600000,1733142324953,1733427824591,2024/12/02 10:00:00.000,2024/12/02 12:25:24.953,2024/12/05 19:43:44.591,MAX_RECALL,WO001196,PUBLIC_REPORT
DF000361,INT0160,7,4,STOP_BAR,Inductive Loop,OPEN_LOOP,1733162400000,1733176615048,1733251282448,2024/12/02 18:00:00.000,2024/12/02 21:56:55.048,2024/12/03 18:41:22.448,MAX_RECALL,WO000361,CONTROLLER_DIAGNOSTIC
DF001223,INT0047,11,6,STOP_BAR,Inductive Loop,WATCHDOG_FAILURE,1733162400000,1733173660141,1733347926338,2024/12/02 18:00:00.000,2024/12/02 21:07:40.141,2024/12/04 21:32:06.338,MAX_RECALL,WO001223,FIELD_CREW
DF000644,INT0057,13,7,STOP_BAR,Inductive Loop,SHORTED_LOOP,1733212800000,1733223039365,1733393683477,2024/12/03 08:00:00.000,2024/12/03 10:50:39.365,2024/12/05 10:14:43.477,MAX_RECALL,WO000644,CONTROLLER_DIAGNOSTIC
DF000248,INT0167,16,8,ADVANCE,Inductive Loop,WATCHDOG_FAILURE,1733212800000,1733223088444,1733354381280,2024/12/03 08:00:00.000,2024/12/03 10:51:28.444,2024/12/04 23:19:41.280,MAX_RECALL,WO000248,CONTROLLER_DIAGNOSTIC
DF001419,INT0050,3,2,STOP_BAR,Inductive Loop,SHORTED_LOOP,1733241600000,1733241684663,1733512511991,2024/12/03 16:00:00.000,2024/12/03 16:01:24.663,2024/12/06 19:15:11.991,MAX_RECALL,WO001419,FIELD_CREW
DF000926,INT0054,6,3,ADVANCE,Inductive Loop,OPEN_LOOP,1733306400000,1733319679359,1733348932704,2024/12/04 10:00:00.000,2024/12/04 13:41:19.359,2024/12/04 21:48:52.704,MAX_RECALL,WO000926,FIELD_CREW
DF001194,INT0118,10,5,ADVANCE,Inductive Loop,SHORTED_LOOP,1733313600000,1733316556181,1733586895719,2024/12/04 12:00:00.000,2024/12/04 12:49:16.181,2024/12/07 15:54:55.719,MAX_RECALL,WO001194,FIELD_CREW
DF001367,INT0128,14,7,ADVANCE,Inductive Loop,WATCHDOG_FAILURE,1733389200000,1733395184342,1733551040368,2024/12/05 09:00:00.000,2024/12/05 10:39:44.342,2024/12/07 05:57:20.368,MAX_RECALL,WO001367,CONTROLLER_DIAGNOSTIC
DF000347,INT0156,4,2,ADVANCE,Inductive Loop,WATCHDOG_FAILURE,1733389200000,1733390890619,1733397687324,2024/12/05 09:00:00.000,2024/12/05 09:28:10.619,2024/12/05 11:21:27.324,MAX_RECALL,WO000347,CONTROLLER_DIAGNOSTIC
DF001167,INT0063,7,4,STOP_BAR,Inductive Loop,WATCHDOG_FAILURE,1733425200000,1733434315961,1733638070164,2024/12/05 19:00:00.000,2024/12/05 21:31:55.961,2024/12/08 06:07:50.164,MAX_RECALL,WO001167,CONTROLLER_DIAGNOSTIC
DF000466,INT0089,6,3,ADVANCE,Inductive Loop,SHORTED_LOOP,1733425200000,1733439270802,1733587637833,2024/12/05 19:00:00.000,2024/12/05 22:54:30.802,2024/12/07 16:07:17.833,MAX_RECALL,WO000466,CONTROLLER_DIAGNOSTIC
DF000211,INT0063,6,3,ADVANCE,Inductive Loop,EXCESSIVE_INDUCTANCE_CHANGE,1733475600000,1733488907051,1733515838502,2024/12/06 09:00:00.000,2024/12/06 12:41:47.051,2024/12/06 20:10:38.502,MAX_RECALL,WO000211,CONTROLLER_DIAGNOSTIC
DF000440,INT0051,4,2,ADVANCE,Inductive Loop,WATCHDOG_FAILURE,1733493600000,1733504942617,1733528612110,2024/12/06 14:00:00.000,2024/12/06 17:09:02.617,2024/12/06 23:43:32.110,MAX_RECALL,WO000440,CONTROLLER_DIAGNOSTIC
DF000253,INT0105,6,3,ADVANCE,Inductive Loop,OPEN_LOOP,1733500800000,1733512426997,1733682273958,2024/12/06 16:00:00.000,2024/12/06 19:13:46.997,2024/12/08 18:24:33.958,MAX_RECALL,WO000253,FIELD_CREW
DF000208,INT0152,10,5,ADVANCE,Inductive Loop,WATCHDOG_FAILURE,1733522400000,1733529932281,1733926122018,2024/12/06 22:00:00.000,2024/12/07 00:05:32.281,2024/12/11 14:08:42.018,MAX_RECALL,WO000208,CONTROLLER_DIAGNOSTIC
DF000912,INT0070,14,7,ADVANCE,Inductive Loop,EXCESSIVE_INDUCTANCE_CHANGE,1733558400000,1733564498017,1733612091528,2024/12/07 08:00:00.000,2024/12/07 09:41:38.017,2024/12/07 22:54:51.528,MAX_RECALL,WO000912,PUBLIC_REPORT
DF001388,INT0168,4,2,ADVANCE,Inductive Loop,SHORTED_LOOP,1733601600000,1733615447086,1733972794754,2024/12/07 20:00:00.000,2024/12/07 23:50:47.086,2024/12/12 03:06:34.754,MAX_RECALL,WO001388,FIELD_CREW
DF000194,INT0099,5,3,STOP_BAR,Inductive Loop,WATCHDOG_FAILURE,1733659200000,1733659292059,1733823697535,2024/12/08 12:00:00.000,2024/12/08 12:01:32.059,2024/12/10 09:41:37.535,MAX_RECALL,WO000194,CONTROLLER_DIAGNOSTIC
DF000073,INT0113,10,5,ADVANCE,Inductive Loop,EXCESSIVE_INDUCTANCE_CHANGE,1733677200000,1733684431792,1733962203061,2024/12/08 17:00:00.000,2024/12/08 19:00:31.792,2024/12/12 00:10:03.061,MAX_RECALL,WO000073,PUBLIC_REPORT
DF000295,INT0089,9,5,STOP_BAR,Inductive Loop,WATCHDOG_FAILURE,1733677200000,1733682310753,1733861466715,2024/12/08 17:00:00.000,2024/12/08 18:25:10.753,2024/12/10 20:11:06.715,MAX_RECALL,WO000295,CONTROLLER_DIAGNOSTIC
DF001110,INT0007,12,6,ADVANCE,Inductive Loop,WATCHDOG_FAILURE,1733691600000,1733695477423,1733763709578,2024/12/08 21:00:00.000,2024/12/08 22:04:37.423,2024/12/09 17:01:49.578,MAX_RECALL,WO001110,CONTROLLER_DIAGNOSTIC
DF000969,INT0071,1,1,STOP_BAR,Inductive Loop,OPEN_LOOP,1733749200000,1733758284472,1733907689795,2024/12/09 13:00:00.000,2024/12/09 15:31:24.472,2024/12/11 09:01:29.795,MAX_RECALL,WO000969,CONTROLLER_DIAGNOSTIC
DF000493,INT0073,9,5,STOP_BAR,Inductive Loop,WATCHDOG_FAILURE,1733756400000,1733765170556,1734156922491,2024/12/09 15:00:00.000,2024/12/09 17:26:10.556,2024/12/14 06:15:22.491,MAX_RECALL,WO000493,CONTROLLER_DIAGNOSTIC
DF000902,INT0023,6,3,ADVANCE,Inductive Loop,SHORTED_LOOP,1733781600000,1733784526665,1734047705663,2024/12/09 22:00:00.000,2024/12/09 22:48:46.665,2024/12/12 23:55:05.663,MAX_RECALL,WO000902,FIELD_CREW
DF000846,INT0164,1,1,STOP_BAR,Inductive Loop,OPEN_LOOP,1733839200000,1733846474858,1734151691519,2024/12/10 14:00:00.000,2024/12/10 16:01:14.858,2024/12/14 04:48:11.519,MAX_RECALL,WO000846,CONTROLLER_DIAGNOSTIC
DF000242,INT0046,15,8,STOP_BAR,Inductive Loop,OPEN_LOOP,1733850000000,1733851227415,1734040422971,2024/12/10 17:00:00.000,2024/12/10 17:20:27.415,2024/12/12 21:53:42.971,MAX_RECALL,WO000242,FIELD_CREW
DF000117,INT0058,5,3,STOP_BAR,Inductive Loop,EXCESSIVE_INDUCTANCE_CHANGE,1733853600000,1733857433070,1733982368341,2024/12/10 18:00:00.000,2024/12/10 19:03:53.070,2024/12/12 05:46:08.341,MAX_RECALL,WO000117,CONTROLLER_DIAGNOSTIC
DF000673,INT0046,10,5,ADVANCE,Inductive Loop,EXCESSIVE_INDUCTANCE_CHANGE,1733860800000,1733867567654,1734218136590,2024/12/10 20:00:00.000,2024/12/10 21:52:47.654,2024/12/14 23:15:36.590,MAX_RECALL,WO000673,PUBLIC_REPORT
DF000933,INT0033,11,6,STOP_BAR,Inductive Loop,SHORTED_LOOP,1733922000000,1733923416188,1734187398721,2024/12/11 13:00:00.000,2024/12/11 13:23:36.188,2024/12/14 14:43:18.721,MAX_RECALL,WO000933,CONTROLLER_DIAGNOSTIC
DF000813,INT0141,15,8,STOP_BAR,Inductive Loop,OPEN_LOOP,1734116400000,1734116527365,1734232371434,2024/12/13 19:00:00.000,2024/12/13 19:02:07.365,2024/12/15 03:12:51.434,MAX_RECALL,WO000813,FIELD_CREW
DF000954,INT0065,11,6,STOP_BAR,Inductive Loop,SHORTED_LOOP,1734231600000,1734231988701,1734274905749,2024/12/15 03:00:00.000,2024/12/15 03:06:28.701,2024/12/15 15:01:45.749,MAX_RECALL,WO000954,CONTROLLER_DIAGNOSTIC
DF000471,INT0164,7,4,STOP_BAR,Inductive Loop,EXCESSIVE_INDUCTANCE_CHANGE,1734289200000,1734291780959,1734697531074,2024/12/15 19:00:00.000,2024/12/15 19:43:00.959,2024/12/20 12:25:31.074,MAX_RECALL,WO000471,FIELD_CREW
DF000556,INT0126,11,6,STOP_BAR,Inductive Loop,SHORTED_LOOP,1734357600000,1734365779451,1734536260977,2024/12/16 14:00:00.000,2024/12/16 16:16:19.451,2024/12/18 15:37:40.977,MAX_RECALL,WO000556,CONTROLLER_DIAGNOSTIC
DF000570,INT0167,10,5,ADVANCE,Inductive Loop,SHORTED_LOOP,1734454800000,1734460206214,1734846913470,2024/12/17 17:00:00.000,2024/12/17 18:30:06.214,2024/12/22 05:55:13.470,MAX_RECALL,WO000570,CONTROLLER_DIAGNOSTIC
DF001175,INT0128,15,8,STOP_BAR,Inductive Loop,WATCHDOG_FAILURE,1734462000000,1734476221444,1734569177551,2024/12/17 19:00:00.000,2024/12/17 22:57:01.444,2024/12/19 00:46:17.551,MAX_RECALL,WO001175,PUBLIC_REPORT
DF000378,INT0161,5,3,STOP_BAR,Inductive Loop,EXCESSIVE_INDUCTANCE_CHANGE,1734620400000,1734623949482,1734873863140,2024/12/19 15:00:00.000,2024/12/19 15:59:09.482,2024/12/22 13:24:23.140,MAX_RECALL,WO000378,FIELD_CREW
DF001204,INT0146,15,8,STOP_BAR,Inductive Loop,OPEN_LOOP,1734703200000,1734714070125,1734748885961,2024/12/20 14:00:00.000,2024/12/20 17:01:10.125,2024/12/21 02:41:25.961,MAX_RECALL,WO001204,CONTROLLER_DIAGNOSTIC
DF000769,INT0029,8,4,ADVANCE,Inductive Loop,WATCHDOG_FAILURE,1734717600000,1734727603359,1734800441691,2024/12/20 18:00:00.000,2024/12/20 20:46:43.359,2024/12/21 17:00:41.691,MAX_RECALL,WO000769,CONTROLLER_DIAGNOSTIC
DF001105,INT0068,12,6,ADVANCE,Inductive Loop,OPEN_LOOP,1734796800000,1734810531365,1735056713162,2024/12/21 16:00:00.000,2024/12/21 19:48:51.365,2024/12/24 16:11:53.162,MAX_RECALL,WO001105,FIELD_CREW
DF000054,INT0117,12,6,ADVANCE,Inductive Loop,SHORTED_LOOP,1734835945924,1734838806976,1735769825640,2024/12/22 02:52:25.924,2024/12/22 03:40:06.976,2025/01/01 22:17:05.640,MAX_RECALL,WO000054,CONTROLLER_DIAGNOSTIC
DF000890,INT0021,1,1,STOP_BAR,Inductive Loop,EXCESSIVE_INDUCTANCE_CHANGE,1734922800000,1734934685539,1735245565634,2024/12/23 03:00:00.000,2024/12/23 06:18:05.539,2024/12/26 20:39:25.634,MAX_RECALL,WO000890,FIELD_CREW
DF000171,INT0058,5,3,STOP_BAR,Inductive Loop,OPEN_LOOP,1734922800000,1734926356820,1735006109143,2024/12/23 03:00:00.000,2024/12/23 03:59:16.820,2024/12/24 02:08:29.143,MAX_RECALL,WO000171,CONTROLLER_DIAGNOSTIC
DF000783,INT0032,2,1,ADVANCE,Inductive Loop,WATCHDOG_FAILURE,1734976800000,1734985060936,1735094030427,2024/12/23 18:00:00.000,2024/12/23 20:17:40.936,2024/12/25 02:33:50.427,MAX_RECALL,WO000783,FIELD_CREW
DF000160,INT0127,16,8,ADVANCE,Inductive Loop,SHORTED_LOOP,1734984000000,1734987381304,1735118050069,2024/12/23 20:00:00.000,2024/12/23 20:56:21.304,2024/12/25 09:14:10.069,MAX_RECALL,WO000160,CONTROLLER_DIAGNOSTIC
DF000330,INT0101,16,8,ADVANCE,Inductive Loop,SHORTED_LOOP,1735012800000,1735025821992,1735401596862,2024/12/24 04:00:00.000,2024/12/24 07:37:01.992,2024/12/28 15:59:56.862,MAX_RECALL,WO000330,FIELD_CREW
DF001118,INT0055,1,1,STOP_BAR,Inductive Loop,EXCESSIVE_INDUCTANCE_CHANGE,1735099200000,1735100245608,1735324757270,2024/12/25 04:00:00.000,2024/12/25 04:17:25.608,2024/12/27 18:39:17.270,MAX_RECALL,WO001118,FIELD_CREW
DF000976,INT0114,13,7,STOP_BAR,Inductive Loop,WATCHDOG_FAILURE,1735102800000,1735105059052,1735400134621,2024/12/25 05:00:00.000,2024/12/25 05:37:39.052,2024/12/28 15:35:34.621,MAX_RECALL,WO000976,CONTROLLER_DIAGNOSTIC
DF001119,INT0012,8,4,ADVANCE,Inductive Loop,SHORTED_LOOP,1735153200000,1735165921416,1735393810701,2024/12/25 19:00:00.000,2024/12/25 22:32:01.416,2024/12/28 13:50:10.701,MAX_RECALL,WO001119,CONTROLLER_DIAGNOSTIC
DF001038,INT0058,15,8,STOP_BAR,Inductive Loop,WATCHDOG_FAILURE,1735218000000,1735226449752,1735270143209,2024/12/26 13:00:00.000,2024/12/26 15:20:49.752,2024/12/27 03:29:03.209,MAX_RECALL,WO001038,CONTROLLER_DIAGNOSTIC
DF000770,INT0005,13,7,STOP_BAR,Inductive Loop,OPEN_LOOP,1735304400000,1735318170587,1735453910898,2024/12/27 13:00:00.000,2024/12/27 16:49:30.587,2024/12/29 06:31:50.898,MAX_RECALL,WO000770,CONTROLLER_DIAGNOSTIC
DF000988,INT0028,5,3,STOP_BAR,Inductive Loop,EXCESSIVE_INDUCTANCE_CHANGE,1735441200000,1735447401007,1735746136237,2024/12/29 03:00:00.000,2024/12/29 04:43:21.007,2025/01/01 15:42:16.237,MAX_RECALL,WO000988,CONTROLLER_DIAGNOSTIC
DF000401,INT0025,11,6,STOP_BAR,Inductive Loop,WATCHDOG_FAILURE,1735455600000,1735459530376,1735482994176,2024/12/29 07:00:00.000,2024/12/29 08:05:30.376,2024/12/29 14:36:34.176,MAX_RECALL,WO000401,CONTROLLER_DIAGNOSTIC
DF000803,INT0073,16,8,ADVANCE,Inductive Loop,WATCHDOG_FAILURE,1735462800000,1735469345638,1735659610478,2024/12/29 09:00:00.000,2024/12/29 10:49:05.638,2024/12/31 15:40:10.478,MAX_RECALL,WO000803,PUBLIC_REPORT
DF000507,INT0093,1,1,STOP_BAR,Inductive Loop,OPEN_LOOP,1735545600000,1735549596779,1735597425774,2024/12/30 08:00:00.000,2024/12/30 09:06:36.779,2024/12/30 22:23:45.774,MAX_RECALL,WO000507,FIELD_CREW
DF000163,INT0097,10,5,ADVANCE,Inductive Loop,OPEN_LOOP,1735596000000,1735609440038,1735928152165,2024/12/30 22:00:00.000,2024/12/31 01:44:00.038,2025/01/03 18:15:52.165,MAX_RECALL,WO000163,CONTROLLER_DIAGNOSTIC
DF000449,INT0163,3,2,STOP_BAR,Inductive Loop,SHORTED_LOOP,1735617600000,1735627370071,1735718876074,2024/12/31 04:00:00.000,2024/12/31 06:42:50.071,2025/01/01 08:07:56.074,MAX_RECALL,WO000449,CONTROLLER_DIAGNOSTIC
DF001315,INT0034,6,3,ADVANCE,Inductive Loop,EXCESSIVE_INDUCTANCE_CHANGE,1735761600000,1735764033753,1736125457945,2025/01/01 20:00:00.000,2025/01/01 20:40:33.753,2025/01/06 01:04:17.945,MAX_RECALL,WO001315,CONTROLLER_DIAGNOSTIC
DF001089,INT0086,12,6,ADVANCE,Inductive Loop,SHORTED_LOOP,1735765200000,1735767328002,1735930692963,2025/01/01 21:00:00.000,2025/01/01 21:35:28.002,2025/01/03 18:58:12.963,MAX_RECALL,WO001089,CONTROLLER_DIAGNOSTIC
DF000780,INT0070,9,5,STOP_BAR,Inductive Loop,OPEN_LOOP,1735934400000,1735936964059,1736051351958,2025/01/03 20:00:00.000,2025/01/03 20:42:44.059,2025/01/05 04:29:11.958,MAX_RECALL,WO000780,CONTROLLER_DIAGNOSTIC
DF000234,INT0013,16,8,ADVANCE,Inductive Loop,SHORTED_LOOP,1735970400000,1735971910540,1736009127834,2025/01/04 06:00:00.000,2025/01/04 06:25:10.540,2025/01/04 16:45:27.834,MAX_RECALL,WO000234,CONTROLLER_DIAGNOSTIC
DF000502,INT0070,10,5,ADVANCE,Inductive Loop,WATCHDOG_FAILURE,1736064000000,1736070537204,1736264704347,2025/01/05 08:00:00.000,2025/01/05 09:48:57.204,2025/01/07 15:45:04.347,MAX_RECALL,WO000502,FIELD_CREW
DF000338,INT0108,14,7,ADVANCE,Inductive Loop,WATCHDOG_FAILURE,1736276400000,1736289338330,1736332362987,2025/01/07 19:00:00.000,2025/01/07 22:35:38.330,2025/01/08 10:32:42.987,MAX_RECALL,WO000338,FIELD_CREW
DF000940,INT0124,4,2,ADVANCE,Inductive Loop,SHORTED_LOOP,1736298000000,1736304353802,1736484333374,2025/01/08 01:00:00.000,2025/01/08 02:45:53.802,2025/01/10 04:45:33.374,MAX_RECALL,WO000940,CONTROLLER_DIAGNOSTIC
DF000013,INT0146,8,4,ADVANCE,Inductive Loop,WATCHDOG_FAILURE,1736437990485,1736439505361,1736833768018,2025/01/09 15:53:10.485,2025/01/09 16:18:25.361,2025/01/14 05:49:28.018,MAX_RECALL,WO000013,CONTROLLER_DIAGNOSTIC
DF001362,INT0022,7,4,STOP_BAR,Inductive Loop,SHORTED_LOOP,1736452800000,1736457466619,1736819360686,2025/01/09 20:00:00.000,2025/01/09 21:17:46.619,2025/01/14 01:49:20.686,MAX_RECALL,WO001362,FIELD_CREW
DF001345,INT0031,4,2,ADVANCE,Inductive Loop,WATCHDOG_FAILURE,1736470800000,1736474847416,1736482578260,2025/01/10 01:00:00.000,2025/01/10 02:07:27.416,2025/01/10 04:16:18.260,MAX_RECALL,WO001345,FIELD_CREW
DF001446,INT0082,9,5,STOP_BAR,Inductive Loop,OPEN_LOOP,1736503200000,1736504964014,1736843424346,2025/01/10 10:00:00.000,2025/01/10 10:29:24.014,2025/01/14 08:30:24.346,MAX_RECALL,WO001446,FIELD_CREW
DF000607,INT0068,6,3,ADVANCE,Inductive Loop,OPEN_LOOP,1736514000000,1736515498798,1736530068427,2025/01/10 13:00:00.000,2025/01/10 13:24:58.798,2025/01/10 17:27:48.427,MAX_RECALL,WO000607,FIELD_CREW
DF001004,INT0027,13,7,STOP_BAR,Inductive Loop,OPEN_LOOP,1736521200000,1736526136660,1736651485817,2025/01/10 15:00:00.000,2025/01/10 16:22:16.660,2025/01/12 03:11:25.817,MAX_RECALL,WO001004,CONTROLLER_DIAGNOSTIC
DF000122,INT0016,13,7,STOP_BAR,Inductive Loop,WATCHDOG_FAILURE,1736560800000,1736573804414,1736655869731,2025/01/11 02:00:00.000,2025/01/11 05:36:44.414,2025/01/12 04:24:29.731,MAX_RECALL,WO000122,CONTROLLER_DIAGNOSTIC
DF000460,INT0120,16,8,ADVANCE,Inductive Loop,WATCHDOG_FAILURE,1736578800000,1736590006216,1736831714628,2025/01/11 07:00:00.000,2025/01/11 10:06:46.216,2025/01/14 05:15:14.628,MAX_RECALL,WO000460,CONTROLLER_DIAGNOSTIC
DF000950,INT0099,14,7,ADVANCE,Inductive Loop,OPEN_LOOP,1736614800000,1736623126553,1736701674879,2025/01/11 17:00:00.000,2025/01/11 19:18:46.553,2025/01/12 17:07:54.879,MAX_RECALL,WO000950,FIELD_CREW
DF000472,INT0165,10,5,ADVANCE,Inductive Loop,SHORTED_LOOP,1736640000000,1736645014053,1736850858317,2025/01/12 00:00:00.000,2025/01/12 01:23:34.053,2025/01/14 10:34:18.317,MAX_RECALL,WO000472,CONTROLLER_DIAGNOSTIC
DF000367,INT0062,11,6,STOP_BAR,Inductive Loop,WATCHDOG_FAILURE,1736668800000,1736671087945,1736699908323,2025/01/12 08:00:00.000,2025/01/12 08:38:07.945,2025/01/12 16:38:28.323,MAX_RECALL,WO000367,CONTROLLER_DIAGNOSTIC
DF001457,INT0116,13,7,STOP_BAR,Inductive Loop,SHORTED_LOOP,1736704800000,1736714435432,1736827493677,2025/01/12 18:00:00.000,2025/01/12 20:40:35.432,2025/01/14 04:04:53.677,MAX_RECALL,WO001457,FIELD_CREW
DF000345,INT0028,12,6,ADVANCE,Inductive Loop,EXCESSIVE_INDUCTANCE_CHANGE,1736715600000,1736725359674,1737014978504,2025/01/12 21:00:00.000,2025/01/12 23:42:39.674,2025/01/16 08:09:38.504,MAX_RECALL,WO000345,CONTROLLER_DIAGNOSTIC
DF000416,INT0034,11,6,STOP_BAR,Inductive Loop,EXCESSIVE_INDUCTANCE_CHANGE,1736762400000,1736773863012,1737043235482,2025/01/13 10:00:00.000,2025/01/13 13:11:03.012,2025/01/16 16:00:35.482,MAX_RECALL,WO000416,CONTROLLER_DIAGNOSTIC
DF000595,INT0013,9,5,STOP_BAR,Inductive Loop,EXCESSIVE_INDUCTANCE_CHANGE,1736791200000,1736792786726,1736965690753,2025/01/13 18:00:00.000,2025/01/13 18:26:26.726,2025/01/15 18:28:10.753,MAX_RECALL,WO000595,CONTROLLER_DIAGNOSTIC
DF001132,INT0129,14,7,ADVANCE,Inductive Loop,OPEN_LOOP,1736802000000,1736810187900,1737163538391,2025/01/13 21:00:00.000,2025/01/13 23:16:27.900,2025/01/18 01:25:38.391,MAX_RECALL,WO001132,CONTROLLER_DIAGNOSTIC
DF001363,INT0065,8,4,ADVANCE,Inductive Loop,EXCESSIVE_INDUCTANCE_CHANGE,1736856000000,1736867361318,1737173094579,2025/01/14 12:00:00.000,2025/01/14 15:09:21.318,2025/01/18 04:04:54.579,MAX_RECALL,WO001363,CONTROLLER_DIAGNOSTIC
DF000680,INT0094,13,7,STOP_BAR,Inductive Loop,WATCHDOG_FAILURE,1736859600000,1736866676893,1737271663538,2025/01/14 13:00:00.000,2025/01/14 14:57:56.893,2025/01/19 07:27:43.538,MAX_RECALL,WO000680,CONTROLLER_DIAGNOSTIC
DF000223,INT0063,16,8,ADVANCE,Inductive Loop,WATCHDOG_FAILURE,1736881200000,1736883920513,1737065804471,2025/01/14 19:00:00.000,2025/01/14 19:45:20.513,2025/01/16 22:16:44.471,MAX_RECALL,WO000223,FIELD_CREW
DF000959,INT0028,1,1,STOP_BAR,Inductive Loop,OPEN_LOOP,1736899200000,1736911378695,1737248750293,2025/01/15 00:00:00.000,2025/01/15 03:22:58.695,2025/01/19 01:05:50.293,MAX_RECALL,WO000959,CONTROLLER_DIAGNOSTIC
DF001402,INT0049,16,8,ADVANCE,Inductive Loop,SHORTED_LOOP,1736928000000,1736941370978,1737200913621,2025/01/15 08:00:00.000,2025/01/15 11:42:50.978,2025/01/18 11:48:33.621,MAX_RECALL,WO001402,CONTROLLER_DIAGNOSTIC
DF001343,INT0044,7,4,STOP_BAR,Inductive Loop,EXCESSIVE_INDUCTANCE_CHANGE,1736946000000,1736954991357,1737264619539,2025/01/15 13:00:00.000,2025/01/15 15:29:51.357,2025/01/19 05:30:19.539,MAX_RECALL,WO001343,CONTROLLER_DIAGNOSTIC
DF001233,INT0068,9,5,STOP_BAR,Inductive Loop,WATCHDOG_FAILURE,1736956800000,1736970535940,1737108347411,2025/01/15 16:00:00.000,2025/01/15 19:48:55.940,2025/01/17 10:05:47.411,MAX_RECALL,WO001233,CONTROLLER_DIAGNOSTIC
DF000410,INT0169,3,2,STOP_BAR,Inductive Loop,OPEN_LOOP,1737010800000,1737020758891,1737201568788,2025/01/16 07:00:00.000,2025/01/16 09:45:58.891,2025/01/18 11:59:28.788,MAX_RECALL,WO000410,FIELD_CREW
DF001140,INT0098,14,7,ADVANCE,Inductive Loop,EXCESSIVE_INDUCTANCE_CHANGE,1737064800000,1737077918949,1737482321882,2025/01/16 22:00:00.000,2025/01/17 01:38:38.949,2025/01/21 17:58:41.882,MAX_RECALL,WO001140,FIELD_CREW
DF001020,INT0050,15,8,STOP_BAR,Inductive Loop,EXCESSIVE_INDUCTANCE_CHANGE,1737165600000,1737178786026,1737184561863,2025/01/18 02:00:00.000,2025/01/18 05:39:46.026,2025/01/18 07:16:01.863,MAX_RECALL,WO001020,CONTROLLER_DIAGNOSTIC
DF001157,INT0031,10,5,ADVANCE,Inductive Loop,EXCESSIVE_INDUCTANCE_CHANGE,1737172800000,1737179309323,1737383705504,2025/01/18 04:00:00.000,2025/01/18 05:48:29.323,2025/01/20 14:35:05.504,MAX_RECALL,WO001157,CONTROLLER_DIAGNOSTIC
DF000400,INT0063,8,4,ADVANCE,Inductive Loop,EXCESSIVE_INDUCTANCE_CHANGE,1737277200000,1737281026606,1737402632295,2025/01/19 09:00:00.000,2025/01/19 10:03:46.606,2025/01/20 19:50:32.295,MAX_RECALL,WO000400,CONTROLLER_DIAGNOSTIC
DF000439,INT0162,9,5,STOP_BAR,Inductive Loop,OPEN_LOOP,1737316800000,1737325870139,1737548841489,2025/01/19 20:00:00.000,2025/01/19 22:31:10.139,2025/01/22 12:27:21.489,MAX_RECALL,WO000439,CONTROLLER_DIAGNOSTIC
DF000927,INT0169,4,2,ADVANCE,Inductive Loop,SHORTED_LOOP,1737370800000,1737383107791,1737621588097,2025/01/20 11:00:00.000,2025/01/20 14:25:07.791,2025/01/23 08:39:48.097,MAX_RECALL,WO000927,FIELD_CREW
DF000339,INT0157,6,3,ADVANCE,Inductive Loop,WATCHDOG_FAILURE,1737392400000,1737406739331,1737575139234,2025/01/20 17:00:00.000,2025/01/20 20:58:59.331,2025/01/22 19:45:39.234,MAX_RECALL,WO000339,FIELD_CREW
DF000422,INT0061,3,2,STOP_BAR,Inductive Loop,SHORTED_LOOP,1737478800000,1737482034940,1737798246685,2025/01/21 17:00:00.000,2025/01/21 17:53:54.940,2025/01/25 09:44:06.685,MAX_RECALL,WO000422,CONTROLLER_DIAGNOSTIC
DF000026,INT0109,4,2,ADVANCE,Inductive Loop,SHORTED_LOOP,1737483522167,1737487528152,1737742577971,2025/01/21 18:18:42.167,2025/01/21 19:25:28.152,2025/01/24 18:16:17.971,MAX_RECALL,WO000026,CONTROLLER_DIAGNOSTIC
DF000934,INT0117,14,7,ADVANCE,Inductive Loop,EXCESSIVE_INDUCTANCE_CHANGE,1737500400000,1737503520581,1737888578861,2025/01/21 23:00:00.000,2025/01/21 23:52:00.581,2025/01/26 10:49:38.861,MAX_RECALL,WO000934,CONTROLLER_DIAGNOSTIC
DF000309,INT0008,4,2,ADVANCE,Inductive Loop,EXCESSIVE_INDUCTANCE_CHANGE,1737554400000,1737562107972,1737565994870,2025/01/22 14:00:00.000,2025/01/22 16:08:27.972,2025/01/22 17:13:14.870,MAX_RECALL,WO000309,FIELD_CREW
DF000303,INT0102,6,3,ADVANCE,Inductive Loop,SHORTED_LOOP,1737676800000,1737678938167,1737847745305,2025/01/24 00:00:00.000,2025/01/24 00:35:38.167,2025/01/25 23:29:05.305,MAX_RECALL,WO000303,CONTROLLER_DIAGNOSTIC
DF000024,INT0002,8,4,ADVANCE,Inductive Loop,WATCHDOG_FAILURE,1737694909347,1737697233415,1738597935306,2025/01/24 05:01:49.347,2025/01/24 05:40:33.415,2025/02/03 15:52:15.306,MAX_RECALL,WO000024,CONTROLLER_DIAGNOSTIC
DF000956,INT0084,3,2,STOP_BAR,Inductive Loop,SHORTED_LOOP,1737702000000,1737702244267,1738114805253,2025/01/24 07:00:00.000,2025/01/24 07:04:04.267,2025/01/29 01:40:05.253,MAX_RECALL,WO000956,CONTROLLER_DIAGNOSTIC
DF001149,INT0035,15,8,STOP_BAR,Inductive Loop,OPEN_LOOP,1737774000000,1737774304285,1737803759052,2025/01/25 03:00:00.000,2025/01/25 03:05:04.285,2025/01/25 11:15:59.052,MAX_RECALL,WO001149,CONTROLLER_DIAGNOSTIC
DF000971,INT0072,12,6,ADVANCE,Inductive Loop,EXCESSIVE_INDUCTANCE_CHANGE,1737892800000,1737903802741,1738308133931,2025/01/26 12:00:00.000,2025/01/26 15:03:22.741,2025/01/31 07:22:13.931,MAX_RECALL,WO000971,CONTROLLER_DIAGNOSTIC
DF001397,INT0030,13,7,STOP_BAR,Inductive Loop,EXCESSIVE_INDUCTANCE_CHANGE,1737907200000,1737912436804,1738094335903,2025/01/26 16:00:00.000,2025/01/26 17:27:16.804,2025/01/28 19:58:55.903,MAX_RECALL,WO001397,CONTROLLER_DIAGNOSTIC
DF000034,INT0136,8,4,ADVANCE,Inductive Loop,SHORTED_LOOP,1737919291636,1737922467596,1738199070210,2025/01/26 19:21:31.636,2025/01/26 20:14:27.596,2025/01/30 01:04:30.210,MAX_RECALL,WO000034,CONTROLLER_DIAGNOSTIC
DF000096,INT0072,9,5,STOP_BAR,Inductive Loop,OPEN_LOOP,1737950400000,1737951250338,1738197918922,2025/01/27 04:00:00.000,2025/01/27 04:14:10.338,2025/01/30 00:45:18.922,MAX_RECALL,WO000096,CONTROLLER_DIAGNOSTIC
DF001308,INT0083,13,7,STOP_BAR,Inductive Loop,SHORTED_LOOP,1737964800000,1737971981088,1738284571225,2025/01/27 08:00:00.000,2025/01/27 09:59:41.088,2025/01/31 00:49:31.225,MAX_RECALL,WO001308,PUBLIC_REPORT
DF000407,INT0009,16,8,ADVANCE,Inductive Loop,WATCHDOG_FAILURE,1737972000000,1737984428341,1738132869738,2025/01/27 10:00:00.000,2025/01/27 13:27:08.341,2025/01/29 06:41:09.738,MAX_RECALL,WO000407,CONTROLLER_DIAGNOSTIC
DF000841,INT0009,9,5,STOP_BAR,Inductive Loop,OPEN_LOOP,1738040400000,1738045758917,1738178887940,2025/01/28 05:00:00.000,2025/01/28 06:29:18.917,2025/01/29 19:28:07.940,MAX_RECALL,WO000841,PUBLIC_REPORT
DF000154,INT0126,9,5,STOP_BAR,Inductive Loop,WATCHDOG_FAILURE,1738051200000,1738060677471,1738245216485,2025/01/28 08:00:00.000,2025/01/28 10:37:57.471,2025/01/30 13:53:36.485,MAX_RECALL,WO000154,CONTROLLER_DIAGNOSTIC
DF001133,INT0014,4,2,ADVANCE,Inductive Loop,EXCESSIVE_INDUCTANCE_CHANGE,1738144800000,1738156609790,1738571002393,2025/01/29 10:00:00.000,2025/01/29 13:16:49.790,2025/02/03 08:23:22.393,MAX_RECALL,WO001133,PUBLIC_REPORT
DF001158,INT0093,11,6,STOP_BAR,Inductive Loop,OPEN_LOOP,1738162800000,1738174833357,1738362150780,2025/01/29 15:00:00.000,2025/01/29 18:20:33.357,2025/01/31 22:22:30.780,MAX_RECALL,WO001158,CONTROLLER_DIAGNOSTIC
DF001200,INT0058,13,7,STOP_BAR,Inductive Loop,SHORTED_LOOP,1738288800000,1738299316623,1738361913814,2025/01/31 02:00:00.000,2025/01/31 04:55:16.623,2025/01/31 22:18:33.814,MAX_RECALL,WO001200,CONTROLLER_DIAGNOSTIC
DF001238,INT0062,2,1,ADVANCE,Inductive Loop,OPEN_LOOP,1738299600000,1738301788124,1738563589760,2025/01/31 05:00:00.000,2025/01/31 05:36:28.124,2025/02/03 06:19:49.760,MAX_RECALL,WO001238,CONTROLLER_DIAGNOSTIC
DF000874,INT0004,7,4,STOP_BAR,Inductive Loop,OPEN_LOOP,1738346400000,1738350456357,1738410307717,2025/01/31 18:00:00.000,2025/01/31 19:07:36.357,2025/02/01 11:45:07.717,MAX_RECALL,WO000874,CONTROLLER_DIAGNOSTIC
DF000826,INT0064,4,2,ADVANCE,Inductive Loop,OPEN_LOOP,1738364400000,1738374113877,1738498613947,2025/01/31 23:00:00.000,2025/02/01 01:41:53.877,2025/02/02 12:16:53.947,MAX_RECALL,WO000826,CONTROLLER_DIAGNOSTIC
DF000800,INT0046,6,3,ADVANCE,Inductive Loop,SHORTED_LOOP,1738382400000,1738385430012,1738546922617,2025/02/01 04:00:00.000,2025/02/01 04:50:30.012,2025/02/03 01:42:02.617,MAX_RECALL,WO000800,CONTROLLER_DIAGNOSTIC
DF001321,INT0056,9,5,STOP_BAR,Inductive Loop,WATCHDOG_FAILURE,1738396800000,1738401161213,1738687902548,2025/02/01 08:00:00.000,2025/02/01 09:12:41.213,2025/02/04 16:51:42.548,MAX_RECALL,WO001321,CONTROLLER_DIAGNOSTIC
DF000749,INT0003,12,6,ADVANCE,Inductive Loop,OPEN_LOOP,1738515600000,1738517276792,1738601988629,2025/02/02 17:00:00.000,2025/02/02 17:27:56.792,2025/02/03 16:59:48.629,MAX_RECALL,WO000749,CONTROLLER_DIAGNOSTIC
DF000424,INT0056,8,4,ADVANCE,Inductive Loop,WATCHDOG_FAILURE,1738522800000,1738533135213,1738907469107,2025/02/02 19:00:00.000,2025/02/02 21:52:15.213,2025/02/07 05:51:09.107,MAX_RECALL,WO000424,FIELD_CREW
DF001011,INT0124,9,5,STOP_BAR,Inductive Loop,EXCESSIVE_INDUCTANCE_CHANGE,1738544400000,1738555121450,1738736146833,2025/02/03 01:00:00.000,2025/02/03 03:58:41.450,2025/02/05 06:15:46.833,MAX_RECALL,WO001011,PUBLIC_REPORT
DF000859,INT0023,7,4,STOP_BAR,Inductive Loop,WATCHDOG_FAILURE,1738612800000,1738620324349,1738929180963,2025/02/03 20:00:00.000,2025/02/03 22:05:24.349,2025/02/07 11:53:00.963,MAX_RECALL,WO000859,CONTROLLER_DIAGNOSTIC
DF000094,INT0088,2,1,ADVANCE,Inductive Loop,OPEN_LOOP,1738638000000,1738649121552,1739068000624,2025/02/04 03:00:00.000,2025/02/04 06:05:21.552,2025/02/09 02:26:40.624,MAX_RECALL,WO000094,FIELD_CREW
DF001307,INT0063,7,4,STOP_BAR,Inductive Loop,OPEN_LOOP,1738767600000,1738773736196,1739094710706,2025/02/05 15:00:00.000,2025/02/05 16:42:16.196,2025/02/09 09:51:50.706,MAX_RECALL,WO001307,CONTROLLER_DIAGNOSTIC
DF000534,INT0001,9,5,STOP_BAR,Inductive Loop,EXCESSIVE_INDUCTANCE_CHANGE,1738789200000,1738798662369,1738822130886,2025/02/05 21:00:00.000,2025/02/05 23:37:42.369,2025/02/06 06:08:50.886,MAX_RECALL,WO000534,FIELD_CREW
DF001097,INT0063,16,8,ADVANCE,Inductive Loop,OPEN_LOOP,1738803600000,1738810570913,1738874908570,2025/02/06 01:00:00.000,2025/02/06 02:56:10.913,2025/02/06 20:48:28.570,MAX_RECALL,WO001097,CONTROLLER_DIAGNOSTIC
DF000528,INT0163,14,7,ADVANCE,Inductive Loop,OPEN_LOOP,1738814400000,1738822598347,1739107899266,2025/02/06 04:00:00.000,2025/02/06 06:16:38.347,2025/02/09 13:31:39.266,MAX_RECALL,WO000528,CONTROLLER_DIAGNOSTIC
DF001341,INT0048,7,4,STOP_BAR,Inductive Loop,EXCESSIVE_INDUCTANCE_CHANGE,1738846800000,1738858378041,1739225103219,2025/02/06 13:00:00.000,2025/02/06 16:12:58.041,2025/02/10 22:05:03.219,MAX_RECALL,WO001341,CONTROLLER_DIAGNOSTIC
DF000873,INT0050,11,6,STOP_BAR,Inductive Loop,WATCHDOG_FAILURE,1738886400000,1738886560890,1739084988562,2025/02/07 00:00:00.000,2025/02/07 00:02:40.890,2025/02/09 07:09:48.562,MAX_RECALL,WO000873,CONTROLLER_DIAGNOSTIC
DF001377,INT0170,16,8,ADVANCE,Inductive Loop,OPEN_LOOP,1738886400000,1738887733379,1739197494694,2025/02/07 00:00:00.000,2025/02/07 00:22:13.379,2025/02/10 14:24:54.694,MAX_RECALL,WO001377,FIELD_CREW
DF000082,INT0063,10,5,ADVANCE,Inductive Loop,WATCHDOG_FAILURE,1738915200000,1738918192237,1738979332449,2025/02/07 08:00:00.000,2025/02/07 08:49:52.237,2025/02/08 01:48:52.449,MAX_RECALL,WO000082,CONTROLLER_DIAGNOSTIC
DF000167,INT0094,3,2,STOP_BAR,Inductive Loop,SHORTED_LOOP,1739008800000,1739021180087,1739035077836,2025/02/08 10:00:00.000,2025/02/08 13:26:20.087,2025/02/08 17:17:57.836,MAX_RECALL,WO000167,CONTROLLER_DIAGNOSTIC
DF000965,INT0027,12,6,ADVANCE,Inductive Loop,OPEN_LOOP,1739055600000,1739058668647,1739413397520,2025/02/08 23:00:00.000,2025/02/08 23:51:08.647,2025/02/13 02:23:17.520,MAX_RECALL,WO000965,CONTROLLER_DIAGNOSTIC
DF000156,INT0109,1,1,STOP_BAR,Inductive Loop,OPEN_LOOP,1739073600000,1739075771478,1739110866933,2025/02/09 04:00:00.000,2025/02/09 04:36:11.478,2025/02/09 14:21:06.933,MAX_RECALL,WO000156,CONTROLLER_DIAGNOSTIC
DF000366,INT0129,4,2,ADVANCE,Inductive Loop,OPEN_LOOP,1739149200000,1739159595856,1739260147869,2025/02/10 01:00:00.000,2025/02/10 03:53:15.856,2025/02/11 07:49:07.869,MAX_RECALL,WO000366,CONTROLLER_DIAGNOSTIC
DF000496,INT0045,5,3,STOP_BAR,Inductive Loop,WATCHDOG_FAILURE,1739149200000,1739162728877,1739349183549,2025/02/10 01:00:00.000,2025/02/10 04:45:28.877,2025/02/12 08:33:03.549,MAX_RECALL,WO000496,FIELD_CREW
DF000939,INT0097,6,3,ADVANCE,Inductive Loop,WATCHDOG_FAILURE,1739174400000,1739187130875,1739391231271,2025/02/10 08:00:00.000,2025/02/10 11:32:10.875,2025/02/12 20:13:51.271,MAX_RECALL,WO000939,PUBLIC_REPORT
DF000937,INT0153,3,2,STOP_BAR,Inductive Loop,WATCHDOG_FAILURE,1739250000000,1739250377107,1739585952112,2025/02/11 05:00:00.000,2025/02/11 05:06:17.107,2025/02/15 02:19:12.112,MAX_RECALL,WO000937,FIELD_CREW
DF000581,INT0134,12,6,ADVANCE,Inductive Loop,OPEN_LOOP,1739340000000,1739348833766,1739467936528,2025/02/12 06:00:00.000,2025/02/12 08:27:13.766,2025/02/13 17:32:16.528,MAX_RECALL,WO000581,CONTROLLER_DIAGNOSTIC
DF001369,INT0017,11,6,STOP_BAR,Inductive Loop,EXCESSIVE_INDUCTANCE_CHANGE,1739354400000,1739356204306,1739487274652,2025/02/12 10:00:00.000,2025/02/12 10:30:04.306,2025/02/13 22:54:34.652,MAX_RECALL,WO001369,FIELD_CREW
DF001316,INT0169,8,4,ADVANCE,Inductive Loop,SHORTED_LOOP,1739372400000,1739382014978,1739658523081,2025/02/12 15:00:00.000,2025/02/12 17:40:14.978,2025/02/15 22:28:43.081,MAX_RECALL,WO001316,PUBLIC_REPORT
DF000764,INT0081,9,5,STOP_BAR,Inductive Loop,WATCHDOG_FAILURE,1739379600000,1739380330747,1739563437058,2025/02/12 17:00:00.000,2025/02/12 17:12:10.747,2025/02/14 20:03:57.058,MAX_RECALL,WO000764,FIELD_CREW
DF000668,INT0068,10,5,ADVANCE,Inductive Loop,EXCESSIVE_INDUCTANCE_CHANGE,1739386800000,1739397780913,1739542850221,2025/02/12 19:00:00.000,2025/02/12 22:03:00.913,2025/02/14 14:20:50.221,MAX_RECALL,WO000668,CONTROLLER_DIAGNOSTIC
DF000740,INT0103,11,6,STOP_BAR,Inductive Loop,OPEN_LOOP,1739466000000,1739472807718,1739848852615,2025/02/13 17:00:00.000,2025/02/13 18:53:27.718,2025/02/18 03:20:52.615,MAX_RECALL,WO000740,CONTROLLER_DIAGNOSTIC
DF001450,INT0078,5,3,STOP_BAR,Inductive Loop,EXCESSIVE_INDUCTANCE_CHANGE,1739527200000,1739532717910,1739714848445,2025/02/14 10:00:00.000,2025/02/14 11:31:57.910,2025/02/16 14:07:28.445,MAX_RECALL,WO001450,PUBLIC_REPORT
DF000170,INT0111,7,4,STOP_BAR,Inductive Loop,WATCHDOG_FAILURE,1739592000000,1739602099999,1739647431320,2025/02/15 04:00:00.000,2025/02/15 06:48:19.999,2025/02/15 19:23:51.320,MAX_RECALL,WO000170,CONTROLLER_DIAGNOSTIC
DF001234,INT0040,3,2,STOP_BAR,Inductive Loop,OPEN_LOOP,1739628000000,1739632951855,1739671923082,2025/02/15 14:00:00.000,2025/02/15 15:22:31.855,2025/02/16 02:12:03.082,MAX_RECALL,WO001234,CONTROLLER_DIAGNOSTIC
DF001464,INT0029,15,8,STOP_BAR,Inductive Loop,EXCESSIVE_INDUCTANCE_CHANGE,1739642400000,1739648425079,1739867384024,2025/02/15 18:00:00.000,2025/02/15 19:40:25.079,2025/02/18 08:29:44.024,MAX_RECALL,WO001464,CONTROLLER_DIAGNOSTIC
DF000249,INT0136,13,7,STOP_BAR,Inductive Loop,WATCHDOG_FAILURE,1739667600000,1739670350863,1740070077021,2025/02/16 01:00:00.000,2025/02/16 01:45:50.863,2025/02/20 16:47:57.021,MAX_RECALL,WO000249,CONTROLLER_DIAGNOSTIC
DF000504,INT0041,5,3,STOP_BAR,Inductive Loop,SHORTED_LOOP,1739671200000,1739676765420,1739816047676,2025/02/16 02:00:00.000,2025/02/16 03:32:45.420,2025/02/17 18:14:07.676,MAX_RECALL,WO000504,CONTROLLER_DIAGNOSTIC
DF001070,INT0017,3,2,STOP_BAR,Inductive Loop,WATCHDOG_FAILURE,1739692800000,1739698216195,1740064660277,2025/02/16 08:00:00.000,2025/02/16 09:30:16.195,2025/02/20 15:17:40.277,MAX_RECALL,WO001070,CONTROLLER_DIAGNOSTIC
DF000935,INT0152,5,3,STOP_BAR,Inductive Loop,WATCHDOG_FAILURE,1739692800000,1739696588693,1740086467775,2025/02/16 08:00:00.000,2025/02/16 09:03:08.693,2025/02/20 21:21:07.775,MAX_RECALL,WO000935,CONTROLLER_DIAGNOSTIC
DF001325,INT0050,3,2,STOP_BAR,Inductive Loop,SHORTED_LOOP,1739800800000,1739807699788,1739826361827,2025/02/17 14:00:00.000,2025/02/17 15:54:59.788,2025/02/17 21:06:01.827,MAX_RECALL,WO001325,CONTROLLER_DIAGNOSTIC
DF001101,INT0105,4,2,ADVANCE,Inductive Loop,OPEN_LOOP,1739883600000,1739893389069,1740143808769,2025/02/18 13:00:00.000,2025/02/18 15:43:09.069,2025/02/21 13:16:48.769,MAX_RECALL,WO001101,FIELD_CREW
DF001342,INT0170,5,3,STOP_BAR,Inductive Loop,OPEN_LOOP,1739887200000,1739889476142,1739924121658,2025/02/18 14:00:00.000,2025/02/18 14:37:56.142,2025/02/19 00:15:21.658,MAX_RECALL,WO001342,CONTROLLER_DIAGNOSTIC
DF000494,INT0008,10,5,ADVANCE,Inductive Loop,WATCHDOG_FAILURE,1740031200000,1740038661384,1740052117195,2025/02/20 06:00:00.000,2025/02/20 08:04:21.384,2025/02/20 11:48:37.195,MAX_RECALL,WO000494,FIELD_CREW
DF000586,INT0022,1,1,STOP_BAR,Inductive Loop,EXCESSIVE_INDUCTANCE_CHANGE,1740099600000,1740106725009,1740117775942,2025/02/21 01:00:00.000,2025/02/21 02:58:45.009,2025/02/21 06:02:55.942,MAX_RECALL,WO000586,CONTROLLER_DIAGNOSTIC
DF001210,INT0154,13,7,STOP_BAR,Inductive Loop,SHORTED_LOOP,1740135600000,1740140545203,1740356828785,2025/02/21 11:00:00.000,2025/02/21 12:22:25.203,2025/02/24 00:27:08.785,MAX_RECALL,WO001210,CONTROLLER_DIAGNOSTIC
DF000508,INT0010,2,1,ADVANCE,Inductive Loop,SHORTED_LOOP,1740218400000,1740226081861,1740490551682,2025/02/22 10:00:00.000,2025/02/22 12:08:01.861,2025/02/25 13:35:51.682,MAX_RECALL,WO000508,CONTROLLER_DIAGNOSTIC
DF000191,INT0060,12,6,ADVANCE,Inductive Loop,EXCESSIVE_INDUCTANCE_CHANGE,1740283200000,1740289914195,1740555547745,2025/02/23 04:00:00.000,2025/02/23 05:51:54.195,2025/02/26 07:39:07.745,MAX_RECALL,WO000191,FIELD_CREW
DF000812,INT0042,14,7,ADVANCE,Inductive Loop,EXCESSIVE_INDUCTANCE_CHANGE,1740301200000,1740314825466,1740609607700,2025/02/23 09:00:00.000,2025/02/23 12:47:05.466,2025/02/26 22:40:07.700,MAX_RECALL,WO000812,CONTROLLER_DIAGNOSTIC
DF001114,INT0135,13,7,STOP_BAR,Inductive Loop,OPEN_LOOP,1740380400000,1740389503173,1740478155335,2025/02/24 07:00:00.000,2025/02/24 09:31:43.173,2025/02/25 10:09:15.335,MAX_RECALL,WO001114,PUBLIC_REPORT
DF001431,INT0165,14,7,ADVANCE,Inductive Loop,OPEN_LOOP,1740394800000,1740402991643,1740664519457,2025/02/24 11:00:00.000,2025/02/24 13:16:31.643,2025/02/27 13:55:19.457,MAX_RECALL,WO001431,FIELD_CREW
DF000441,INT0130,7,4,STOP_BAR,Inductive Loop,WATCHDOG_FAILURE,1740513600000,1740514342402,1740896313516,2025/02/25 20:00:00.000,2025/02/25 20:12:22.402,2025/03/02 06:18:33.516,MAX_RECALL,WO000441,CONTROLLER_DIAGNOSTIC
DF000313,INT0002,11,6,STOP_BAR,Inductive Loop,EXCESSIVE_INDUCTANCE_CHANGE,1740553200000,1740554000850,1740600095376,2025/02/26 07:00:00.000,2025/02/26 07:13:20.850,2025/02/26 20:01:35.376,MAX_RECALL,WO000313,FIELD_CREW
DF001245,INT0083,6,3,ADVANCE,Inductive Loop,EXCESSIVE_INDUCTANCE_CHANGE,1740603600000,1740617897814,1740771461161,2025/02/26 21:00:00.000,2025/02/27 00:58:17.814,2025/02/28 19:37:41.161,MAX_RECALL,WO001245,CONTROLLER_DIAGNOSTIC
DF000944,INT0140,15,8,STOP_BAR,Inductive Loop,WATCHDOG_FAILURE,1740603600000,1740612380495,1740729908075,2025/02/26 21:00:00.000,2025/02/26 23:26:20.495,2025/02/28 08:05:08.075,MAX_RECALL,WO000944,CONTROLLER_DIAGNOSTIC
DF000474,INT0074,14,7,ADVANCE,Inductive Loop,WATCHDOG_FAILURE,1740780000000,1740794284914,1741047411295,2025/02/28 22:00:00.000,2025/03/01 01:58:04.914,2025/03/04 00:16:51.295,MAX_RECALL,WO000474,CONTROLLER_DIAGNOSTIC
DF001249,INT0120,2,1,ADVANCE,Inductive Loop,WATCHDOG_FAILURE,1740812400000,1740818202197,1741179372981,2025/03/01 07:00:00.000,2025/03/01 08:36:42.197,2025/03/05 12:56:12.981,MAX_RECALL,WO001249,CONTROLLER_DIAGNOSTIC
DF001441,INT0061,9,5,STOP_BAR,Inductive Loop,WATCHDOG_FAILURE,1740816000000,1740824112042,1741103623261,2025/03/01 08:00:00.000,2025/03/01 10:15:12.042,2025/03/04 15:53:43.261,MAX_RECALL,WO001441,CONTROLLER_DIAGNOSTIC
DF000268,INT0066,3,2,STOP_BAR,Inductive Loop,EXCESSIVE_INDUCTANCE_CHANGE,1740834000000,1740841539084,1741205440359,2025/03/01 13:00:00.000,2025/03/01 15:05:39.084,2025/03/05 20:10:40.359,MAX_RECALL,WO000268,FIELD_CREW
DF000599,INT0027,15,8,STOP_BAR,Inductive Loop,OPEN_LOOP,1740841200000,1740843080490,1740973127167,2025/03/01 15:00:00.000,2025/03/01 15:31:20.490,2025/03/03 03:38:47.167,MAX_RECALL,WO000599,FIELD_CREW
DF000270,INT0043,10,5,ADVANCE,Inductive Loop,SHORTED_LOOP,1740862800000,1740870329006,1741056896791,2025/03/01 21:00:00.000,2025/03/01 23:05:29.006,2025/03/04 02:54:56.791,MAX_RECALL,WO000270,CONTROLLER_DIAGNOSTIC
DF000479,INT0028,13,7,STOP_BAR,Inductive Loop,SHORTED_LOOP,1740891600000,1740894109792,1740960685019,2025/03/02 05:00:00.000,2025/03/02 05:41:49.792,2025/03/03 00:11:25.019,MAX_RECALL,WO000479,CONTROLLER_DIAGNOSTIC
DF000159,INT0042,14,7,ADVANCE,Inductive Loop,OPEN_LOOP,1740916800000,1740930863589,1741169364250,2025/03/02 12:00:00.000,2025/03/02 15:54:23.589,2025/03/05 10:09:24.250,MAX_RECALL,WO000159,FIELD_CREW
DF000188,INT0163,8,4,ADVANCE,Inductive Loop,SHORTED_LOOP,1740974400000,1740987051277,1741330504551,2025/03/03 04:00:00.000,2025/03/03 07:30:51.277,2025/03/07 06:55:04.551,MAX_RECALL,WO000188,CONTROLLER_DIAGNOSTIC
DF000233,INT0095,1,1,STOP_BAR,Inductive Loop,OPEN_LOOP,1740981600000,1740993493554,1741360784956,2025/03/03 06:00:00.000,2025/03/03 09:18:13.554,2025/03/07 15:19:44.956,MAX_RECALL,WO000233,FIELD_CREW
DF000569,INT0121,5,3,STOP_BAR,Inductive Loop,OPEN_LOOP,1741028400000,1741041046564,1741155087103,2025/03/03 19:00:00.000,2025/03/03 22:30:46.564,2025/03/05 06:11:27.103,MAX_RECALL,WO000569,CONTROLLER_DIAGNOSTIC
DF000190,INT0049,8,4,ADVANCE,Inductive Loop,OPEN_LOOP,1741046400000,1741047113302,1741417702547,2025/03/04 00:00:00.000,2025/03/04 00:11:53.302,2025/03/08 07:08:22.547,MAX_RECALL,WO000190,CONTROLLER_DIAGNOSTIC
DF000326,INT0099,4,2,ADVANCE,Inductive Loop,OPEN_LOOP,1741093200000,1741096889601,1741459438563,2025/03/04 13:00:00.000,2025/03/04 14:01:29.601,2025/03/08 18:43:58.563,MAX_RECALL,WO000326,CONTROLLER_DIAGNOSTIC
DF000099,INT0144,8,4,ADVANCE,Inductive Loop,OPEN_LOOP,1741100400000,1741111178040,1741478349531,2025/03/04 15:00:00.000,2025/03/04 17:59:38.040,2025/03/08 23:59:09.531,MAX_RECALL,WO000099,PUBLIC_REPORT
DF000018,INT0003,4,2,ADVANCE,Inductive Loop,WATCHDOG_FAILURE,1741189402753,1741194795249,1741717255116,2025/03/05 15:43:22.753,2025/03/05 17:13:15.249,2025/03/11 18:20:55.116,MAX_RECALL,WO000018,CONTROLLER_DIAGNOSTIC
DF000853,INT0168,16,8,ADVANCE,Inductive Loop,SHORTED_LOOP,1741284000000,1741291126288,1741594150519,2025/03/06 18:00:00.000,2025/03/06 19:58:46.288,2025/03/10 08:09:10.519,MAX_RECALL,WO000853,FIELD_CREW
DF000069,INT0075,12,6,ADVANCE,Inductive Loop,SHORTED_LOOP,1741348503360,1741351572579,1741954462167,2025/03/07 11:55:03.360,2025/03/07 12:46:12.579,2025/03/14 12:14:22.167,MAX_RECALL,WO000069,CONTROLLER_DIAGNOSTIC
DF000665,INT0108,16,8,ADVANCE,Inductive Loop,EXCESSIVE_INDUCTANCE_CHANGE,1741352400000,1741357115932,1741764127858,2025/03/07 13:00:00.000,2025/03/07 14:18:35.932,2025/03/12 07:22:07.858,MAX_RECALL,WO000665,PUBLIC_REPORT
DF000432,INT0114,2,1,ADVANCE,Inductive Loop,WATCHDOG_FAILURE,1741359600000,1741369283104,1741681457189,2025/03/07 15:00:00.000,2025/03/07 17:41:23.104,2025/03/11 08:24:17.189,MAX_RECALL,WO000432,CONTROLLER_DIAGNOSTIC
DF000285,INT0040,9,5,STOP_BAR,Inductive Loop,EXCESSIVE_INDUCTANCE_CHANGE,1741366800000,1741378374652,1741573557086,2025/03/07 17:00:00.000,2025/03/07 20:12:54.652,2025/03/10 02:25:57.086,MAX_RECALL,WO000285,FIELD_CREW
DF001432,INT0113,8,4,ADVANCE,Inductive Loop,WATCHDOG_FAILURE,1741482000000,1741491494719,1741886230531,2025/03/09 01:00:00.000,2025/03/09 03:38:14.719,2025/03/13 17:17:10.531,MAX_RECALL,WO001432,CONTROLLER_DIAGNOSTIC
DF000147,INT0019,15,8,STOP_BAR,Inductive Loop,WATCHDOG_FAILURE,1741521600000,1741533989589,1741583239084,2025/03/09 12:00:00.000,2025/03/09 15:26:29.589,2025/03/10 05:07:19.084,MAX_RECALL,WO000147,CONTROLLER_DIAGNOSTIC
DF000279,INT0051,16,8,ADVANCE,Inductive Loop,OPEN_LOOP,1741597200000,1741601852152,1741807947043,2025/03/10 09:00:00.000,2025/03/10 10:17:32.152,2025/03/12 19:32:27.043,MAX_RECALL,WO000279,CONTROLLER_DIAGNOSTIC
DF001261,INT0167,2,1,ADVANCE,Inductive Loop,WATCHDOG_FAILURE,1741600800000,1741603844463,1741685487498,2025/03/10 10:00:00.000,2025/03/10 10:50:44.463,2025/03/11 09:31:27.498,MAX_RECALL,WO001261,FIELD_CREW
DF000887,INT0155,15,8,STOP_BAR,Inductive Loop,OPEN_LOOP,1741651200000,1741664163443,1741780359546,2025/03/11 00:00:00.000,2025/03/11 03:36:03.443,2025/03/12 11:52:39.546,MAX_RECALL,WO000887,CONTROLLER_DIAGNOSTIC
DF000963,INT0109,3,2,STOP_BAR,Inductive Loop,WATCHDOG_FAILURE,1741680000000,1741694203497,1741834579363,2025/03/11 08:00:00.000,2025/03/11 11:56:43.497,2025/03/13 02:56:19.363,MAX_RECALL,WO000963,CONTROLLER_DIAGNOSTIC
DF001044,INT0005,4,2,ADVANCE,Inductive Loop,SHORTED_LOOP,1741680000000,1741693626801,1741770624787,2025/03/11 08:00:00.000,2025/03/11 11:47:06.801,2025/03/12 09:10:24.787,MAX_RECALL,WO001044,CONTROLLER_DIAGNOSTIC
DF001063,INT0120,14,7,ADVANCE,Inductive Loop,EXCESSIVE_INDUCTANCE_CHANGE,1741719600000,1741732530208,1742001465418,2025/03/11 19:00:00.000,2025/03/11 22:35:30.208,2025/03/15 01:17:45.418,MAX_RECALL,WO001063,PUBLIC_REPORT
DF001443,INT0146,4,2,ADVANCE,Inductive Loop,WATCHDOG_FAILURE,1741791600000,1741802630251,1742147882903,2025/03/12 15:00:00.000,2025/03/12 18:03:50.251,2025/03/16 17:58:02.903,MAX_RECALL,WO001443,CONTROLLER_DIAGNOSTIC
DF001277,INT0078,16,8,ADVANCE,Inductive Loop,EXCESSIVE_INDUCTANCE_CHANGE,1741834800000,1741839779221,1741956419663,2025/03/13 03:00:00.000,2025/03/13 04:22:59.221,2025/03/14 12:46:59.663,MAX_RECALL,WO001277,PUBLIC_REPORT
DF000145,INT0150,5,3,STOP_BAR,Inductive Loop,WATCHDOG_FAILURE,1741906800000,1741920967613,1742203934368,2025/03/13 23:00:00.000,2025/03/14 02:56:07.613,2025/03/17 09:32:14.368,MAX_RECALL,WO000145,FIELD_CREW
DF000006,INT0002,4,2,ADVANCE,Inductive Loop,SHORTED_LOOP,1741914099547,1741916019953,1742397309275,2025/03/14 01:01:39.547,2025/03/14 01:33:39.953,2025/03/19 15:15:09.275,MAX_RECALL,WO000006,CONTROLLER_DIAGNOSTIC
DF000559,INT0170,1,1,STOP_BAR,Inductive Loop,EXCESSIVE_INDUCTANCE_CHANGE,1741917600000,1741917847819,1742131463551,2025/03/14 02:00:00.000,2025/03/14 02:04:07.819,2025/03/16 13:24:23.551,MAX_RECALL,WO000559,CONTROLLER_DIAGNOSTIC
DF000623,INT0021,7,4,STOP_BAR,Inductive Loop,EXCESSIVE_INDUCTANCE_CHANGE,1741953600000,1741961521591,1742023469091,2025/03/14 12:00:00.000,2025/03/14 14:12:01.591,2025/03/15 07:24:29.091,MAX_RECALL,WO000623,CONTROLLER_DIAGNOSTIC
DF001338,INT0093,4,2,ADVANCE,Inductive Loop,OPEN_LOOP,1741968000000,1741980085476,1742235265548,2025/03/14 16:00:00.000,2025/03/14 19:21:25.476,2025/03/17 18:14:25.548,MAX_RECALL,WO001338,CONTROLLER_DIAGNOSTIC
DF000091,INT0011,16,8,ADVANCE,Inductive Loop,EXCESSIVE_INDUCTANCE_CHANGE,1742047200000,1742061354055,1742106649881,2025/03/15 14:00:00.000,2025/03/15 17:55:54.055,2025/03/16 06:30:49.881,MAX_RECALL,WO000091,FIELD_CREW
DF000468,INT0159,8,4,ADVANCE,Inductive Loop,SHORTED_LOOP,1742047200000,1742050008083,1742311625737,2025/03/15 14:00:00.000,2025/03/15 14:46:48.083,2025/03/18 15:27:05.737,MAX_RECALL,WO000468,CONTROLLER_DIAGNOSTIC
DF000300,INT0057,10,5,ADVANCE,Inductive Loop,WATCHDOG_FAILURE,1742054400000,1742054887909,1742068969652,2025/03/15 16:00:00.000,2025/03/15 16:08:07.909,2025/03/15 20:02:49.652,MAX_RECALL,WO000300,CONTROLLER_DIAGNOSTIC
DF001471,INT0064,5,3,STOP_BAR,Inductive Loop,OPEN_LOOP,1742083200000,1742087954910,1742367934837,2025/03/16 00:00:00.000,2025/03/16 01:19:14.910,2025/03/19 07:05:34.837,MAX_RECALL,WO001471,CONTROLLER_DIAGNOSTIC
DF000185,INT0115,11,6,STOP_BAR,Inductive Loop,EXCESSIVE_INDUCTANCE_CHANGE,1742097600000,1742106023933,1742346171854,2025/03/16 04:00:00.000,2025/03/16 06:20:23.933,2025/03/19 01:02:51.854,MAX_RECALL,WO000185,CONTROLLER_DIAGNOSTIC
DF001143,INT0036,12,6,ADVANCE,Inductive Loop,OPEN_LOOP,1742176800000,1742183499456,1742493629343,2025/03/17 02:00:00.000,2025/03/17 03:51:39.456,2025/03/20 18:00:29.343,MAX_RECALL,WO001143,CONTROLLER_DIAGNOSTIC
DF000417,INT0048,15,8,STOP_BAR,Inductive Loop,OPEN_LOOP,1742220000000,1742226863028,1742619055564,2025/03/17 14:00:00.000,2025/03/17 15:54:23.028,2025/03/22 04:50:55.564,MAX_RECALL,WO000417,CONTROLLER_DIAGNOSTIC
DF000801,INT0045,11,6,STOP_BAR,Inductive Loop,WATCHDOG_FAILURE,1742223600000,1742226825937,1742363964268,2025/03/17 15:00:00.000,2025/03/17 15:53:45.937,2025/03/19 05:59:24.268,MAX_RECALL,WO000801,CONTROLLER_DIAGNOSTIC
DF000216,INT0086,16,8,ADVANCE,Inductive Loop,EXCESSIVE_INDUCTANCE_CHANGE,1742281200000,1742283641078,1742420099470,2025/03/18 07:00:00.000,2025/03/18 07:40:41.078,2025/03/19 21:34:59.470,MAX_RECALL,WO000216,CONTROLLER_DIAGNOSTIC
DF000975,INT0143,3,2,STOP_BAR,Inductive Loop,EXCESSIVE_INDUCTANCE_CHANGE,1742349600000,1742355887788,1742721082611,2025/03/19 02:00:00.000,2025/03/19 03:44:47.788,2025/03/23 09:11:22.611,MAX_RECALL,WO000975,CONTROLLER_DIAGNOSTIC
DF000637,INT0118,15,8,STOP_BAR,Inductive Loop,OPEN_LOOP,1742349600000,1742361762156,1742457055351,2025/03/19 02:00:00.000,2025/03/19 05:22:42.156,2025/03/20 07:50:55.351,MAX_RECALL,WO000637,CONTROLLER_DIAGNOSTIC
DF001018,INT0080,1,1,STOP_BAR,Inductive Loop,SHORTED_LOOP,1742392800000,1742404746096,1742522173583,2025/03/19 14:00:00.000,2025/03/19 17:19:06.096,2025/03/21 01:56:13.583,MAX_RECALL,WO001018,PUBLIC_REPORT
DF000896,INT0058,7,4,STOP_BAR,Inductive Loop,OPEN_LOOP,1742400000000,1742414253493,1742683056640,2025/03/19 16:00:00.000,2025/03/19 19:57:33.493,2025/03/22 22:37:36.640,MAX_RECALL,WO000896,CONTROLLER_DIAGNOSTIC
DF000730,INT0030,2,1,ADVANCE,Inductive Loop,EXCESSIVE_INDUCTANCE_CHANGE,1742414400000,1742427927400,1742543506783,2025/03/19 20:00:00.000,2025/03/19 23:45:27.400,2025/03/21 07:51:46.783,MAX_RECALL,WO000730,CONTROLLER_DIAGNOSTIC
DF000390,INT0114,16,8,ADVANCE,Inductive Loop,EXCESSIVE_INDUCTANCE_CHANGE,1742454000000,1742462452205,1742666546308,2025/03/20 07:00:00.000,2025/03/20 09:20:52.205,2025/03/22 18:02:26.308,MAX_RECALL,WO000390,CONTROLLER_DIAGNOSTIC
DF000773,INT0127,4,2,ADVANCE,Inductive Loop,WATCHDOG_FAILURE,1742464800000,1742470458403,1742620586516,2025/03/20 10:00:00.000,2025/03/20 11:34:18.403,2025/03/22 05:16:26.516,MAX_RECALL,WO000773,CONTROLLER_DIAGNOSTIC
DF001322,INT0041,10,5,ADVANCE,Inductive Loop,OPEN_LOOP,1742623200000,1742636016215,1742644448911,2025/03/22 06:00:00.000,2025/03/22 09:33:36.215,2025/03/22 11:54:08.911,MAX_RECALL,WO001322,FIELD_CREW
DF000731,INT0058,5,3,STOP_BAR,Inductive Loop,WATCHDOG_FAILURE,1742670000000,1742675440384,1742980210541,2025/03/22 19:00:00.000,2025/03/22 20:30:40.384,2025/03/26 09:10:10.541,MAX_RECALL,WO000731,CONTROLLER_DIAGNOSTIC
DF000031,INT0157,16,8,ADVANCE,Inductive Loop,WATCHDOG_FAILURE,1742682972777,1742687589343,1743351618672,2025/03/22 22:36:12.777,2025/03/22 23:53:09.343,2025/03/30 16:20:18.672,MAX_RECALL,WO000031,CONTROLLER_DIAGNOSTIC
DF000445,INT0125,16,8,ADVANCE,Inductive Loop,EXCESSIVE_INDUCTANCE_CHANGE,1742745600000,1742754535042,1742846404439,2025/03/23 16:00:00.000,2025/03/23 18:28:55.042,2025/03/24 20:00:04.439,MAX_RECALL,WO000445,CONTROLLER_DIAGNOSTIC
DF000823,INT0045,2,1,ADVANCE,Inductive Loop,SHORTED_LOOP,1742850000000,1742852470014,1743009869782,2025/03/24 21:00:00.000,2025/03/24 21:41:10.014,2025/03/26 17:24:29.782,MAX_RECALL,WO000823,CONTROLLER_DIAGNOSTIC
DF000905,INT0123,11,6,STOP_BAR,Inductive Loop,SHORTED_LOOP,1742878800000,1742879953934,1743118120901,2025/03/25 05:00:00.000,2025/03/25 05:19:13.934,2025/03/27 23:28:40.901,MAX_RECALL,WO000905,PUBLIC_REPORT
DF000386,INT0024,14,7,ADVANCE,Inductive Loop,EXCESSIVE_INDUCTANCE_CHANGE,1742882400000,1742895552749,1743097310484,2025/03/25 06:00:00.000,2025/03/25 09:39:12.749,2025/03/27 17:41:50.484,MAX_RECALL,WO000386,PUBLIC_REPORT
DF000062,INT0002,8,4,ADVANCE,Inductive Loop,OPEN_LOOP,1742931445769,1742935708823,1743142028050,2025/03/25 19:37:25.769,2025/03/25 20:48:28.823,2025/03/28 06:07:08.050,MAX_RECALL,WO000062,CONTROLLER_DIAGNOSTIC
DF001352,INT0130,12,6,ADVANCE,Inductive Loop,OPEN_LOOP,1742976000000,1742981353354,1743029734902,2025/03/26 08:00:00.000,2025/03/26 09:29:13.354,2025/03/26 22:55:34.902,MAX_RECALL,WO001352,CONTROLLER_DIAGNOSTIC
DF001124,INT0121,14,7,ADVANCE,Inductive Loop,SHORTED_LOOP,1742994000000,1743002431567,1743247361581,2025/03/26 13:00:00.000,2025/03/26 15:20:31.567,2025/03/29 11:22:41.581,MAX_RECALL,WO001124,CONTROLLER_DIAGNOSTIC
DF000713,INT0045,3,2,STOP_BAR,Inductive Loop,WATCHDOG_FAILURE,1743055200000,1743065486804,1743105016055,2025/03/27 06:00:00.000,2025/03/27 08:51:26.804,2025/03/27 19:50:16.055,MAX_RECALL,WO000713,CONTROLLER_DIAGNOSTIC
DF000045,INT0098,16,8,ADVANCE,Inductive Loop,EXCESSIVE_INDUCTANCE_CHANGE,1743084574613,1743085798424,1743630894946,2025/03/27 14:09:34.613,2025/03/27 14:29:58.424,2025/04/02 21:54:54.946,MAX_RECALL,WO000045,CONTROLLER_DIAGNOSTIC
DF000358,INT0079,8,4,ADVANCE,Inductive Loop,OPEN_LOOP,1743087600000,1743101113352,1743236562333,2025/03/27 15:00:00.000,2025/03/27 18:45:13.352,2025/03/29 08:22:42.333,MAX_RECALL,WO000358,CONTROLLER_DIAGNOSTIC
DF001159,INT0119,12,6,ADVANCE,Inductive Loop,EXCESSIVE_INDUCTANCE_CHANGE,1743130800000,1743140283382,1743215614460,2025/03/28 03:00:00.000,2025/03/28 05:38:03.382,2025/03/29 02:33:34.460,MAX_RECALL,WO001159,CONTROLLER_DIAGNOSTIC
DF000715,INT0104,1,1,STOP_BAR,Inductive Loop,WATCHDOG_FAILURE,1743217200000,1743230916214,1743556554429,2025/03/29 03:00:00.000,2025/03/29 06:48:36.214,2025/04/02 01:15:54.429,MAX_RECALL,WO000715,CONTROLLER_DIAGNOSTIC
DF001392,INT0096,8,4,ADVANCE,Inductive Loop,WATCHDOG_FAILURE,1743235200000,1743242029045,1743453225724,2025/03/29 08:00:00.000,2025/03/29 09:53:49.045,2025/03/31 20:33:45.724,MAX_RECALL,WO001392,FIELD_CREW
DF000514,INT0001,4,2,ADVANCE,Inductive Loop,WATCHDOG_FAILURE,1743303600000,1743312193765,1743519087956,2025/03/30 03:00:00.000,2025/03/30 05:23:13.765,2025/04/01 14:51:27.956,MAX_RECALL,WO000514,FIELD_CREW
DF000755,INT0122,8,4,ADVANCE,Inductive Loop,OPEN_LOOP,1743364800000,1743366479131,1743469007975,2025/03/30 20:00:00.000,2025/03/30 20:27:59.131,2025/04/01 00:56:47.975,MAX_RECALL,WO000755,FIELD_CREW
DF001349,INT0028,2,1,ADVANCE,Inductive Loop,EXCESSIVE_INDUCTANCE_CHANGE,1743375600000,1743378442299,1743491068426,2025/03/30 23:00:00.000,2025/03/30 23:47:22.299,2025/04/01 07:04:28.426,MAX_RECALL,WO001349,CONTROLLER_DIAGNOSTIC
DF000098,INT0120,14,7,ADVANCE,Inductive Loop,SHORTED_LOOP,1743415200000,1743420689999,1743783298635,2025/03/31 10:00:00.000,2025/03/31 11:31:29.999,2025/04/04 16:14:58.635,MAX_RECALL,WO000098,CONTROLLER_DIAGNOSTIC
DF000616,INT0010,13,7,STOP_BAR,Inductive Loop,OPEN_LOOP,1743418800000,1743426692345,1743584879101,2025/03/31 11:00:00.000,2025/03/31 13:11:32.345,2025/04/02 09:07:59.101,MAX_RECALL,WO000616,CONTROLLER_DIAGNOSTIC
DF001109,INT0080,6,3,ADVANCE,Inductive Loop,SHORTED_LOOP,1743487200000,1743488081239,1743679524775,2025/04/01 06:00:00.000,2025/04/01 06:14:41.239,2025/04/03 11:25:24.775,MAX_RECALL,WO001109,FIELD_CREW
DF000037,INT0038,16,8,ADVANCE,Inductive Loop,SHORTED_LOOP,1743529472258,1743531626056,1744297135058,2025/04/01 17:44:32.258,2025/04/01 18:20:26.056,2025/04/10 14:58:55.058,MAX_RECALL,WO000037,CONTROLLER_DIAGNOSTIC
DF001420,INT0040,13,7,STOP_BAR,Inductive Loop,EXCESSIVE_INDUCTANCE_CHANGE,1743548400000,1743559469161,1743899796492,2025/04/01 23:00:00.000,2025/04/02 02:04:29.161,2025/04/06 00:36:36.492,MAX_RECALL,WO001420,PUBLIC_REPORT
DF000261,INT0101,5,3,STOP_BAR,Inductive Loop,EXCESSIVE_INDUCTANCE_CHANGE,1743573600000,1743581288258,1743891617543,2025/04/02 06:00:00.000,2025/04/02 08:08:08.258,2025/04/05 22:20:17.543,MAX_RECALL,WO000261,CONTROLLER_DIAGNOSTIC
DF001218,INT0117,13,7,STOP_BAR,Inductive Loop,OPEN_LOOP,1743577200000,1743582138161,1743862731442,2025/04/02 07:00:00.000,2025/04/02 08:22:18.161,2025/04/05 14:18:51.442,MAX_RECALL,WO001218,CONTROLLER_DIAGNOSTIC
DF000693,INT0074,9,5,STOP_BAR,Inductive Loop,OPEN_LOOP,1743598800000,1743609450435,1743704894615,2025/04/02 13:00:00.000,2025/04/02 15:57:30.435,2025/04/03 18:28:14.615,MAX_RECALL,WO000693,CONTROLLER_DIAGNOSTIC
DF000797,INT0141,14,7,ADVANCE,Inductive Loop,EXCESSIVE_INDUCTANCE_CHANGE,1743840000000,1743848091892,1744201502497,2025/04/05 08:00:00.000,2025/04/05 10:14:51.892,2025/04/09 12:25:02.497,MAX_RECALL,WO000797,PUBLIC_REPORT
DF000628,INT0064,5,3,STOP_BAR,Inductive Loop,EXCESSIVE_INDUCTANCE_CHANGE,1743854400000,1743865235471,1743918755881,2025/04/05 12:00:00.000,2025/04/05 15:00:35.471,2025/04/06 05:52:35.881,MAX_RECALL,WO000628,CONTROLLER_DIAGNOSTIC
DF000264,INT0116,5,3,STOP_BAR,Inductive Loop,WATCHDOG_FAILURE,1743930000000,1743940407029,1744118545303,2025/04/06 09:00:00.000,2025/04/06 11:53:27.029,2025/04/08 13:22:25.303,MAX_RECALL,WO000264,CONTROLLER_DIAGNOSTIC
DF000187,INT0138,15,8,STOP_BAR,Inductive Loop,EXCESSIVE_INDUCTANCE_CHANGE,1744056000000,1744065843369,1744157682212,2025/04/07 20:00:00.000,2025/04/07 22:44:03.369,2025/04/09 00:14:42.212,MAX_RECALL,WO000187,CONTROLLER_DIAGNOSTIC
DF001247,INT0089,12,6,ADVANCE,Inductive Loop,OPEN_LOOP,1744063200000,1744064065601,1744341545170,2025/04/07 22:00:00.000,2025/04/07 22:14:25.601,2025/04/11 03:19:05.170,MAX_RECALL,WO001247,FIELD_CREW
DF000538,INT0068,11,6,STOP_BAR,Inductive Loop,SHORTED_LOOP,1744113600000,1744125081935,1744149697499,2025/04/08 12:00:00.000,2025/04/08 15:11:21.935,2025/04/08 22:01:37.499,MAX_RECALL,WO000538,CONTROLLER_DIAGNOSTIC
DF000049,INT0125,16,8,ADVANCE,Inductive Loop,OPEN_LOOP,1744192255407,1744193965388,1744626500619,2025/04/09 09:50:55.407,2025/04/09 10:19:25.388,2025/04/14 10:28:20.619,MAX_RECALL,WO000049,CONTROLLER_DIAGNOSTIC
DF000131,INT0104,14,7,ADVANCE,Inductive Loop,WATCHDOG_FAILURE,1744218000000,1744227913476,1744324392500,2025/04/09 17:00:00.000,2025/04/09 19:45:13.476,2025/04/10 22:33:12.500,MAX_RECALL,WO000131,CONTROLLER_DIAGNOSTIC
DF000785,INT0112,8,4,ADVANCE,Inductive Loop,OPEN_LOOP,1744290000000,1744302814984,1744585695177,2025/04/10 13:00:00.000,2025/04/10 16:33:34.984,2025/04/13 23:08:15.177,MAX_RECALL,WO000785,FIELD_CREW
DF000889,INT0021,1,1,STOP_BAR,Inductive Loop,EXCESSIVE_INDUCTANCE_CHANGE,1744434000000,1744446024277,1744453480377,2025/04/12 05:00:00.000,2025/04/12 08:20:24.277,2025/04/12 10:24:40.377,MAX_RECALL,WO000889,CONTROLLER_DIAGNOSTIC
DF000994,INT0030,9,5,STOP_BAR,Inductive Loop,WATCHDOG_FAILURE,1744480800000,1744490892636,1744884793637,2025/04/12 18:00:00.000,2025/04/12 20:48:12.636,2025/04/17 10:13:13.637,MAX_RECALL,WO000994,CONTROLLER_DIAGNOSTIC
DF000525,INT0049,1,1,STOP_BAR,Inductive Loop,OPEN_LOOP,1744542000000,1744544175658,1744718129593,2025/04/13 11:00:00.000,2025/04/13 11:36:15.658,2025/04/15 11:55:29.593,MAX_RECALL,WO000525,CONTROLLER_DIAGNOSTIC
DF001053,INT0082,6,3,ADVANCE,Inductive Loop,OPEN_LOOP,1744581600000,1744586336778,1744819434542,2025/04/13 22:00:00.000,2025/04/13 23:18:56.778,2025/04/16 16:03:54.542,MAX_RECALL,WO001053,CONTROLLER_DIAGNOSTIC
DF001067,INT0013,4,2,ADVANCE,Inductive Loop,OPEN_LOOP,1744585200000,1744587901427,1744684880485,2025/04/13 23:00:00.000,2025/04/13 23:45:01.427,2025/04/15 02:41:20.485,MAX_RECALL,WO001067,CONTROLLER_DIAGNOSTIC
DF001231,INT0147,12,6,ADVANCE,Inductive Loop,OPEN_LOOP,1744606800000,1744613145088,1744847828824,2025/04/14 05:00:00.000,2025/04/14 06:45:45.088,2025/04/16 23:57:08.824,MAX_RECALL,WO001231,CONTROLLER_DIAGNOSTIC
DF000292,INT0159,14,7,ADVANCE,Inductive Loop,EXCESSIVE_INDUCTANCE_CHANGE,1744628400000,1744631384340,1744771087008,2025/04/14 11:00:00.000,2025/04/14 11:49:44.340,2025/04/16 02:38:07.008,MAX_RECALL,WO000292,CONTROLLER_DIAGNOSTIC
DF001240,INT0166,6,3,ADVANCE,Inductive Loop,OPEN_LOOP,1744704000000,1744710377182,1744766182056,2025/04/15 08:00:00.000,2025/04/15 09:46:17.182,2025/04/16 01:16:22.056,MAX_RECALL,WO001240,FIELD_CREW
DF000611,INT0021,9,5,STOP_BAR,Inductive Loop,OPEN_LOOP,1744736400000,1744742965293,1745062407647,2025/04/15 17:00:00.000,2025/04/15 18:49:25.293,2025/04/19 11:33:27.647,MAX_RECALL,WO000611,CONTROLLER_DIAGNOSTIC
DF000608,INT0168,15,8,STOP_BAR,Inductive Loop,SHORTED_LOOP,1744743600000,1744745561741,1745129880446,2025/04/15 19:00:00.000,2025/04/15 19:32:41.741,2025/04/20 06:18:00.446,MAX_RECALL,WO000608,CONTROLLER_DIAGNOSTIC
DF001416,INT0153,14,7,ADVANCE,Inductive Loop,WATCHDOG_FAILURE,1744830000000,1744834734031,1745215400068,2025/04/16 19:00:00.000,2025/04/16 20:18:54.031,2025/04/21 06:03:20.068,MAX_RECALL,WO001416,CONTROLLER_DIAGNOSTIC
DF001111,INT0036,4,2,ADVANCE,Inductive Loop,OPEN_LOOP,1744894800000,1744903869968,1745300256240,2025/04/17 13:00:00.000,2025/04/17 15:31:09.968,2025/04/22 05:37:36.240,MAX_RECALL,WO001111,CONTROLLER_DIAGNOSTIC
DF001279,INT0119,4,2,ADVANCE,Inductive Loop,SHORTED_LOOP,1744905600000,1744909328691,1745129094849,2025/04/17 16:00:00.000,2025/04/17 17:02:08.691,2025/04/20 06:04:54.849,MAX_RECALL,WO001279,CONTROLLER_DIAGNOSTIC
DF001287,INT0007,14,7,ADVANCE,Inductive Loop,SHORTED_LOOP,1744909200000,1744921585796,1745051996621,2025/04/17 17:00:00.000,2025/04/17 20:26:25.796,2025/04/19 08:39:56.621,MAX_RECALL,WO001287,CONTROLLER_DIAGNOSTIC
DF001390,INT0119,1,1,STOP_BAR,Inductive Loop,WATCHDOG_FAILURE,1744956000000,1744964165137,1745071287248,2025/04/18 06:00:00.000,2025/04/18 08:16:05.137,2025/04/19 14:01:27.248,MAX_RECALL,WO001390,CONTROLLER_DIAGNOSTIC
DF000152,INT0031,6,3,ADVANCE,Inductive Loop,OPEN_LOOP,1744988400000,1744990520329,1745406322293,2025/04/18 15:00:00.000,2025/04/18 15:35:20.329,2025/04/23 11:05:22.293,MAX_RECALL,WO000152,CONTROLLER_DIAGNOSTIC
DF000712,INT0011,14,7,ADVANCE,Inductive Loop,EXCESSIVE_INDUCTANCE_CHANGE,1744992000000,1744994822076,1745152567492,2025/04/18 16:00:00.000,2025/04/18 16:47:02.076,2025/04/20 12:36:07.492,MAX_RECALL,WO000712,CONTROLLER_DIAGNOSTIC
DF001421,INT0155,4,2,ADVANCE,Inductive Loop,EXCESSIVE_INDUCTANCE_CHANGE,1744999200000,1745001732675,1745315938103,2025/04/18 18:00:00.000,2025/04/18 18:42:12.675,2025/04/22 09:58:58.103,MAX_RECALL,WO001421,FIELD_CREW
DF000252,INT0115,14,7,ADVANCE,Inductive Loop,WATCHDOG_FAILURE,1745071200000,1745072863671,1745214275333,2025/04/19 14:00:00.000,2025/04/19 14:27:43.671,2025/04/21 05:44:35.333,MAX_RECALL,WO000252,CONTROLLER_DIAGNOSTIC
DF001227,INT0159,15,8,STOP_BAR,Inductive Loop,EXCESSIVE_INDUCTANCE_CHANGE,1745089200000,1745101811358,1745143239370,2025/04/19 19:00:00.000,2025/04/19 22:30:11.358,2025/04/20 10:00:39.370,MAX_RECALL,WO001227,PUBLIC_REPORT
DF000050,INT0062,16,8,ADVANCE,Inductive Loop,WATCHDOG_FAILURE,1745117863601,1745118908486,1745961458669,2025/04/20 02:57:43.601,2025/04/20 03:15:08.486,2025/04/29 21:17:38.669,MAX_RECALL,WO000050,CONTROLLER_DIAGNOSTIC
DF000081,INT0043,3,2,STOP_BAR,Inductive Loop,WATCHDOG_FAILURE,1745128800000,1745129846774,1745448599769,2025/04/20 06:00:00.000,2025/04/20 06:17:26.774,2025/04/23 22:49:59.769,MAX_RECALL,WO000081,CONTROLLER_DIAGNOSTIC
DF000799,INT0041,16,8,ADVANCE,Inductive Loop,SHORTED_LOOP,1745139600000,1745153629273,1745483320400,2025/04/20 09:00:00.000,2025/04/20 12:53:49.273,2025/04/24 08:28:40.400,MAX_RECALL,WO000799,CONTROLLER_DIAGNOSTIC
DF000002,INT0150,12,6,ADVANCE,Inductive Loop,SHORTED_LOOP,1745154934807,1745159442023,1745506785511,2025/04/20 13:15:34.807,2025/04/20 14:30:42.023,2025/04/24 14:59:45.511,MAX_RECALL,WO000002,CONTROLLER_DIAGNOSTIC
DF000087,INT0146,12,6,ADVANCE,Inductive Loop,WATCHDOG_FAILURE,1745182800000,1745184211307,1745217812210,2025/04/20 21:00:00.000,2025/04/20 21:23:31.307,2025/04/21 06:43:32.210,MAX_RECALL,WO000087,CONTROLLER_DIAGNOSTIC
DF000423,INT0004,14,7,ADVANCE,Inductive Loop,WATCHDOG_FAILURE,1745190000000,1745195578624,1745317762903,2025/04/20 23:00:00.000,2025/04/21 00:32:58.624,2025/04/22 10:29:22.903,MAX_RECALL,WO000423,PUBLIC_REPORT
DF000016,INT0135,12,6,ADVANCE,Inductive Loop,EXCESSIVE_INDUCTANCE_CHANGE,1745225309121,1745229399179,1746118580366,2025/04/21 08:48:29.121,2025/04/21 09:56:39.179,2025/05/01 16:56:20.366,MAX_RECALL,WO000016,CONTROLLER_DIAGNOSTIC
DF000498,INT0156,2,1,ADVANCE,Inductive Loop,OPEN_LOOP,1745305200000,1745306168722,1745317463507,2025/04/22 07:00:00.000,2025/04/22 07:16:08.722,2025/04/22 10:24:23.507,MAX_RECALL,WO000498,PUBLIC_REPORT
DF000621,INT0087,16,8,ADVANCE,Inductive Loop,OPEN_LOOP,1745308800000,1745320272099,1745553003845,2025/04/22 08:00:00.000,2025/04/22 11:11:12.099,2025/04/25 03:50:03.845,MAX_RECALL,WO000621,FIELD_CREW
DF001319,INT0054,7,4,STOP_BAR,Inductive Loop,WATCHDOG_FAILURE,1745337600000,1745343418335,1745654876567,2025/04/22 16:00:00.000,2025/04/22 17:36:58.335,2025/04/26 08:07:56.567,MAX_RECALL,WO001319,CONTROLLER_DIAGNOSTIC
DF001347,INT0052,2,1,ADVANCE,Inductive Loop,SHORTED_LOOP,1745402400000,1745407068263,1745714456260,2025/04/23 10:00:00.000,2025/04/23 11:17:48.263,2025/04/27 00:40:56.260,MAX_RECALL,WO001347,CONTROLLER_DIAGNOSTIC
DF000910,INT0104,15,8,STOP_BAR,Inductive Loop,OPEN_LOOP,1745478000000,1745481111013,1745602399759,2025/04/24 07:00:00.000,2025/04/24 07:51:51.013,2025/04/25 17:33:19.759,MAX_RECALL,WO000910,CONTROLLER_DIAGNOSTIC
DF001021,INT0100,2,1,ADVANCE,Inductive Loop,EXCESSIVE_INDUCTANCE_CHANGE,1745593200000,1745595387347,1745845812946,2025/04/25 15:00:00.000,2025/04/25 15:36:27.347,2025/04/28 13:10:12.946,MAX_RECALL,WO001021,CONTROLLER_DIAGNOSTIC
DF001399,INT0035,11,6,STOP_BAR,Inductive Loop,WATCHDOG_FAILURE,1745611200000,1745623991384,1745929599319,2025/04/25 20:00:00.000,2025/04/25 23:33:11.384,2025/04/29 12:26:39.319,MAX_RECALL,WO001399,FIELD_CREW
DF001281,INT0045,16,8,ADVANCE,Inductive Loop,SHORTED_LOOP,1745636400000,1745650418949,1745732932615,2025/04/26 03:00:00.000,2025/04/26 06:53:38.949,2025/04/27 05:48:52.615,MAX_RECALL,WO001281,CONTROLLER_DIAGNOSTIC
DF001447,INT0046,4,2,ADVANCE,Inductive Loop,WATCHDOG_FAILURE,1745686800000,1745697877210,1745858708193,2025/04/26 17:00:00.000,2025/04/26 20:04:37.210,2025/04/28 16:45:08.193,MAX_RECALL,WO001447,PUBLIC_REPORT
DF001295,INT0113,3,2,STOP_BAR,Inductive Loop,OPEN_LOOP,1745812800000,1745824792792,1745874191204,2025/04/28 04:00:00.000,2025/04/28 07:19:52.792,2025/04/28 21:03:11.204,MAX_RECALL,WO001295,CONTROLLER_DIAGNOSTIC
DF000025,INT0054,8,4,ADVANCE,Inductive Loop,EXCESSIVE_INDUCTANCE_CHANGE,1746053438886,1746054809471,1746949972112,2025/04/30 22:50:38.886,2025/04/30 23:13:29.471,2025/05/11 07:52:52.112,MAX_RECALL,WO000025,CONTROLLER_DIAGNOSTIC
DF000373,INT0102,6,3,ADVANCE,Inductive Loop,WATCHDOG_FAILURE,1746057600000,1746059984887,1746252987874,2025/05/01 00:00:00.000,2025/05/01 00:39:44.887,2025/05/03 06:16:27.874,MAX_RECALL,WO000373,FIELD_CREW
DF000990,INT0091,12,6,ADVANCE,Inductive Loop,WATCHDOG_FAILURE,1746108000000,1746114434994,1746140705314,2025/05/01 14:00:00.000,2025/05/01 15:47:14.994,2025/05/01 23:05:05.314,MAX_RECALL,WO000990,CONTROLLER_DIAGNOSTIC
DF000979,INT0162,5,3,STOP_BAR,Inductive Loop,WATCHDOG_FAILURE,1746212400000,1746220006420,1746308528912,2025/05/02 19:00:00.000,2025/05/02 21:06:46.420,2025/05/03 21:42:08.912,MAX_RECALL,WO000979,CONTROLLER_DIAGNOSTIC
DF000804,INT0060,12,6,ADVANCE,Inductive Loop,SHORTED_LOOP,1746316800000,1746327354291,1746501138929,2025/05/04 00:00:00.000,2025/05/04 02:55:54.291,2025/05/06 03:12:18.929,MAX_RECALL,WO000804,CONTROLLER_DIAGNOSTIC
DF000506,INT0060,10,5,ADVANCE,Inductive Loop,OPEN_LOOP,1746421200000,1746429317059,1746831655442,2025/05/05 05:00:00.000,2025/05/05 07:15:17.059,2025/05/09 23:00:55.442,MAX_RECALL,WO000506,CONTROLLER_DIAGNOSTIC
DF000855,INT0048,10,5,ADVANCE,Inductive Loop,OPEN_LOOP,1746522000000,1746525685445,1746632247152,2025/05/06 09:00:00.000,2025/05/06 10:01:25.445,2025/05/07 15:37:27.152,MAX_RECALL,WO000855,CONTROLLER_DIAGNOSTIC
DF000688,INT0022,3,2,STOP_BAR,Inductive Loop,SHORTED_LOOP,1746525600000,1746533919736,1746670907496,2025/05/06 10:00:00.000,2025/05/06 12:18:39.736,2025/05/08 02:21:47.496,MAX_RECALL,WO000688,CONTROLLER_DIAGNOSTIC
DF000847,INT0018,12,6,ADVANCE,Inductive Loop,WATCHDOG_FAILURE,1746612000000,1746620558769,1746842149453,2025/05/07 10:00:00.000,2025/05/07 12:22:38.769,2025/05/10 01:55:49.453,MAX_RECALL,WO000847,CONTROLLER_DIAGNOSTIC
DF000452,INT0111,8,4,ADVANCE,Inductive Loop,WATCHDOG_FAILURE,1746633600000,1746641159165,1747046382670,2025/05/07 16:00:00.000,2025/05/07 18:05:59.165,2025/05/12 10:39:42.670,MAX_RECALL,WO000452,CONTROLLER_DIAGNOSTIC
DF000772,INT0018,8,4,ADVANCE,Inductive Loop,SHORTED_LOOP,1746655200000,1746667199691,1747029627793,2025/05/07 22:00:00.000,2025/05/08 01:19:59.691,2025/05/12 06:00:27.793,MAX_RECALL,WO000772,FIELD_CREW
DF001190,INT0047,10,5,ADVANCE,Inductive Loop,WATCHDOG_FAILURE,1746680400000,1746681150024,1747014503793,2025/05/08 05:00:00.000,2025/05/08 05:12:30.024,2025/05/12 01:48:23.793,MAX_RECALL,WO001190,CONTROLLER_DIAGNOSTIC
DF000022,INT0058,8,4,ADVANCE,Inductive Loop,WATCHDOG_FAILURE,1746707373904,1746710384272,1747083860702,2025/05/08 12:29:33.904,2025/05/08 13:19:44.272,2025/05/12 21:04:20.702,MAX_RECALL,WO000022,CONTROLLER_DIAGNOSTIC
DF000220,INT0134,16,8,ADVANCE,Inductive Loop,OPEN_LOOP,1746745200000,1746755465649,1747000998494,2025/05/08 23:00:00.000,2025/05/09 01:51:05.649,2025/05/11 22:03:18.494,MAX_RECALL,WO000220,CONTROLLER_DIAGNOSTIC
DF000459,INT0042,4,2,ADVANCE,Inductive Loop,OPEN_LOOP,1746795600000,1746796565884,1747042075211,2025/05/09 13:00:00.000,2025/05/09 13:16:05.884,2025/05/12 09:27:55.211,MAX_RECALL,WO000459,CONTROLLER_DIAGNOSTIC
DF000739,INT0036,6,3,ADVANCE,Inductive Loop,OPEN_LOOP,1746835200000,1746836077288,1746968311264,2025/05/10 00:00:00.000,2025/05/10 00:14:37.288,2025/05/11 12:58:31.264,MAX_RECALL,WO000739,CONTROLLER_DIAGNOSTIC
DF000573,INT0090,13,7,STOP_BAR,Inductive Loop,OPEN_LOOP,1746946800000,1746950991972,1747082631794,2025/05/11 07:00:00.000,2025/05/11 08:09:51.972,2025/05/12 20:43:51.794,MAX_RECALL,WO000573,CONTROLLER_DIAGNOSTIC
DF001037,INT0034,6,3,ADVANCE,Inductive Loop,OPEN_LOOP,1746961200000,1746961481236,1747182085843,2025/05/11 11:00:00.000,2025/05/11 11:04:41.236,2025/05/14 00:21:25.843,MAX_RECALL,WO001037,CONTROLLER_DIAGNOSTIC
DF001394,INT0075,7,4,STOP_BAR,Inductive Loop,EXCESSIVE_INDUCTANCE_CHANGE,1747054800000,1747066554257,1747184490660,2025/05/12 13:00:00.000,2025/05/12 16:15:54.257,2025/05/14 01:01:30.660,MAX_RECALL,WO001394,PUBLIC_REPORT
DF000282,INT0052,14,7,ADVANCE,Inductive Loop,EXCESSIVE_INDUCTANCE_CHANGE,1747094400000,1747101250371,1747351877465,2025/05/13 00:00:00.000,2025/05/13 01:54:10.371,2025/05/15 23:31:17.465,MAX_RECALL,WO000282,CONTROLLER_DIAGNOSTIC
DF000106,INT0082,16,8,ADVANCE,Inductive Loop,EXCESSIVE_INDUCTANCE_CHANGE,1747116000000,1747119549061,1747290685744,2025/05/13 06:00:00.000,2025/05/13 06:59:09.061,2025/05/15 06:31:25.744,MAX_RECALL,WO000106,CONTROLLER_DIAGNOSTIC
DF001052,INT0059,10,5,ADVANCE,Inductive Loop,WATCHDOG_FAILURE,1747159200000,1747172700625,1747365776985,2025/05/13 18:00:00.000,2025/05/13 21:45:00.625,2025/05/16 03:22:56.985,MAX_RECALL,WO001052,CONTROLLER_DIAGNOSTIC
DF000219,INT0043,16,8,ADVANCE,Inductive Loop,SHORTED_LOOP,1747166400000,1747176334797,1747417726962,2025/05/13 20:00:00.000,2025/05/13 22:45:34.797,2025/05/16 17:48:46.962,MAX_RECALL,WO000219,CONTROLLER_DIAGNOSTIC
DF000547,INT0077,12,6,ADVANCE,Inductive Loop,WATCHDOG_FAILURE,1747209600000,1747221313212,1747533009872,2025/05/14 08:00:00.000,2025/05/14 11:15:13.212,2025/05/18 01:50:09.872,MAX_RECALL,WO000547,CONTROLLER_DIAGNOSTIC
DF001235,INT0022,11,6,STOP_BAR,Inductive Loop,OPEN_LOOP,1747224000000,1747236775220,1747390392170,2025/05/14 12:00:00.000,2025/05/14 15:32:55.220,2025/05/16 10:13:12.170,MAX_RECALL,WO001235,FIELD_CREW
DF000807,INT0159,15,8,STOP_BAR,Inductive Loop,OPEN_LOOP,1747252800000,1747256641207,1747423937185,2025/05/14 20:00:00.000,2025/05/14 21:04:01.207,2025/05/16 19:32:17.185,MAX_RECALL,WO000807,PUBLIC_REPORT
DF000918,INT0068,5,3,STOP_BAR,Inductive Loop,OPEN_LOOP,1747285200000,1747299548399,1747565100994,2025/05/15 05:00:00.000,2025/05/15 08:59:08.399,2025/05/18 10:45:00.994,MAX_RECALL,WO000918,CONTROLLER_DIAGNOSTIC
DF000998,INT0124,15,8,STOP_BAR,Inductive Loop,EXCESSIVE_INDUCTANCE_CHANGE,1747306800000,1747314174238,1747512605313,2025/05/15 11:00:00.000,2025/05/15 13:02:54.238,2025/05/17 20:10:05.313,MAX_RECALL,WO000998,CONTROLLER_DIAGNOSTIC
DF001115,INT0107,5,3,STOP_BAR,Inductive Loop,SHORTED_LOOP,1747310400000,1747323854516,1747567478568,2025/05/15 12:00:00.000,2025/05/15 15:44:14.516,2025/05/18 11:24:38.568,MAX_RECALL,WO001115,FIELD_CREW
DF000153,INT0087,1,1,STOP_BAR,Inductive Loop,WATCHDOG_FAILURE,1747321200000,1747331312108,1747609227319,2025/05/15 15:00:00.000,2025/05/15 17:48:32.108,2025/05/18 23:00:27.319,MAX_RECALL,WO000153,FIELD_CREW
DF000355,INT0123,1,1,STOP_BAR,Inductive Loop,WATCHDOG_FAILURE,1747321200000,1747334165409,1747397630502,2025/05/15 15:00:00.000,2025/05/15 18:36:05.409,2025/05/16 12:13:50.502,MAX_RECALL,WO000355,PUBLIC_REPORT
DF000277,INT0021,15,8,STOP_BAR,Inductive Loop,OPEN_LOOP,1747328400000,1747334338444,1747421586389,2025/05/15 17:00:00.000,2025/05/15 18:38:58.444,2025/05/16 18:53:06.389,MAX_RECALL,WO000277,CONTROLLER_DIAGNOSTIC
DF001271,INT0135,9,5,STOP_BAR,Inductive Loop,SHORTED_LOOP,1747407600000,1747408676088,1747523273943,2025/05/16 15:00:00.000,2025/05/16 15:17:56.088,2025/05/17 23:07:53.943,MAX_RECALL,WO001271,CONTROLLER_DIAGNOSTIC
DF001243,INT0073,15,8,STOP_BAR,Inductive Loop,SHORTED_LOOP,1747476000000,1747481484417,1747643429114,2025/05/17 10:00:00.000,2025/05/17 11:31:24.417,2025/05/19 08:30:29.114,MAX_RECALL,WO001243,CONTROLLER_DIAGNOSTIC
DF000455,INT0135,6,3,ADVANCE,Inductive Loop,WATCHDOG_FAILURE,1747537200000,1747541065173,1747823218937,2025/05/18 03:00:00.000,2025/05/18 04:04:25.173,2025/05/21 10:26:58.937,MAX_RECALL,WO000455,CONTROLLER_DIAGNOSTIC
DF000342,INT0026,4,2,ADVANCE,Inductive Loop,SHORTED_LOOP,1747555200000,1747569443265,1747638327985,2025/05/18 08:00:00.000,2025/05/18 11:57:23.265,2025/05/19 07:05:27.985,MAX_RECALL,WO000342,CONTROLLER_DIAGNOSTIC
DF000585,INT0086,3,2,STOP_BAR,Inductive Loop,EXCESSIVE_INDUCTANCE_CHANGE,1747605600000,1747607302784,1747657821772,2025/05/18 22:00:00.000,2025/05/18 22:28:22.784,2025/05/19 12:30:21.772,MAX_RECALL,WO000585,FIELD_CREW
DF001163,INT0040,4,2,ADVANCE,Inductive Loop,OPEN_LOOP,1747623600000,1747633185040,1747817501809,2025/05/19 03:00:00.000,2025/05/19 05:39:45.040,2025/05/21 08:51:41.809,MAX_RECALL,WO001163,FIELD_CREW
DF001290,INT0148,2,1,ADVANCE,Inductive Loop,WATCHDOG_FAILURE,1747627200000,1747637265142,1748059801869,2025/05/19 04:00:00.000,2025/05/19 06:47:45.142,2025/05/24 04:10:01.869,MAX_RECALL,WO001290,CONTROLLER_DIAGNOSTIC
DF001142,INT0014,15,8,STOP_BAR,Inductive Loop,OPEN_LOOP,1747717200000,1747721156029,1747822373996,2025/05/20 05:00:00.000,2025/05/20 06:05:56.029,2025/05/21 10:12:53.996,MAX_RECALL,WO001142,FIELD_CREW
DF001164,INT0106,4,2,ADVANCE,Inductive Loop,OPEN_LOOP,1747717200000,1747720788207,1747979407647,2025/05/20 05:00:00.000,2025/05/20 05:59:48.207,2025/05/23 05:50:07.647,MAX_RECALL,WO001164,CONTROLLER_DIAGNOSTIC
DF000871,INT0055,10,5,ADVANCE,Inductive Loop,WATCHDOG_FAILURE,1747760400000,1747761106752,1747792301073,2025/05/20 17:00:00.000,2025/05/20 17:11:46.752,2025/05/21 01:51:41.073,MAX_RECALL,WO000871,CONTROLLER_DIAGNOSTIC
DF000636,INT0163,3,2,STOP_BAR,Inductive Loop,EXCESSIVE_INDUCTANCE_CHANGE,1747843200000,1747843898824,1748240221627,2025/05/21 16:00:00.000,2025/05/21 16:11:38.824,2025/05/26 06:17:01.627,MAX_RECALL,WO000636,CONTROLLER_DIAGNOSTIC
DF000123,INT0098,15,8,STOP_BAR,Inductive Loop,WATCHDOG_FAILURE,1747929600000,1747935727776,1748039709872,2025/05/22 16:00:00.000,2025/05/22 17:42:07.776,2025/05/23 22:35:09.872,MAX_RECALL,WO000123,CONTROLLER_DIAGNOSTIC
DF000626,INT0118,2,1,ADVANCE,Inductive Loop,SHORTED_LOOP,1747983600000,1747995040146,1748291056808,2025/05/23 07:00:00.000,2025/05/23 10:10:40.146,2025/05/26 20:24:16.808,MAX_RECALL,WO000626,PUBLIC_REPORT
DF000284,INT0131,13,7,STOP_BAR,Inductive Loop,SHORTED_LOOP,1748041200000,1748047952659,1748387547163,2025/05/23 23:00:00.000,2025/05/24 00:52:32.659,2025/05/27 23:12:27.163,MAX_RECALL,WO000284,CONTROLLER_DIAGNOSTIC
DF000914,INT0013,10,5,ADVANCE,Inductive Loop,OPEN_LOOP,1748084400000,1748093633993,1748336711634,2025/05/24 11:00:00.000,2025/05/24 13:33:53.993,2025/05/27 09:05:11.634,MAX_RECALL,WO000914,CONTROLLER_DIAGNOSTIC
DF001458,INT0091,4,2,ADVANCE,Inductive Loop,SHORTED_LOOP,1748088000000,1748093658652,1748300276673,2025/05/24 12:00:00.000,2025/05/24 13:34:18.652,2025/05/26 22:57:56.673,MAX_RECALL,WO001458,CONTROLLER_DIAGNOSTIC
DF000796,INT0003,12,6,ADVANCE,Inductive Loop,WATCHDOG_FAILURE,1748098800000,1748108109782,1748305085487,2025/05/24 15:00:00.000,2025/05/24 17:35:09.782,2025/05/27 00:18:05.487,MAX_RECALL,WO000796,CONTROLLER_DIAGNOSTIC
DF000433,INT0093,3,2,STOP_BAR,Inductive Loop,EXCESSIVE_INDUCTANCE_CHANGE,1748106000000,1748115969423,1748212967460,2025/05/24 17:00:00.000,2025/05/24 19:46:09.423,2025/05/25 22:42:47.460,MAX_RECALL,WO000433,CONTROLLER_DIAGNOSTIC
DF000267,INT0164,7,4,STOP_BAR,Inductive Loop,EXCESSIVE_INDUCTANCE_CHANGE,1748131200000,1748140712201,1748414156386,2025/05/25 00:00:00.000,2025/05/25 02:38:32.201,2025/05/28 06:35:56.386,MAX_RECALL,WO000267,CONTROLLER_DIAGNOSTIC
DF000265,INT0087,3,2,STOP_BAR,Inductive Loop,WATCHDOG_FAILURE,1748196000000,1748208847973,1748550605981,2025/05/25 18:00:00.000,2025/05/25 21:34:07.973,2025/05/29 20:30:05.981,MAX_RECALL,WO000265,CONTROLLER_DIAGNOSTIC
DF000250,INT0164,13,7,STOP_BAR,Inductive Loop,WATCHDOG_FAILURE,1748242800000,1748250536605,1748474991337,2025/05/26 07:00:00.000,2025/05/26 09:08:56.605,2025/05/28 23:29:51.337,MAX_RECALL,WO000250,CONTROLLER_DIAGNOSTIC
DF001213,INT0154,4,2,ADVANCE,Inductive Loop,WATCHDOG_FAILURE,1748282400000,1748283806645,1748437628033,2025/05/26 18:00:00.000,2025/05/26 18:23:26.645,2025/05/28 13:07:08.033,MAX_RECALL,WO001213,CONTROLLER_DIAGNOSTIC
DF000334,INT0095,9,5,STOP_BAR,Inductive Loop,EXCESSIVE_INDUCTANCE_CHANGE,1748300400000,1748314203116,1748432919696,2025/05/26 23:00:00.000,2025/05/27 02:50:03.116,2025/05/28 11:48:39.696,MAX_RECALL,WO000334,CONTROLLER_DIAGNOSTIC
DF001260,INT0040,7,4,STOP_BAR,Inductive Loop,OPEN_LOOP,1748354400000,1748366658265,1748551630797,2025/05/27 14:00:00.000,2025/05/27 17:24:18.265,2025/05/29 20:47:10.797,MAX_RECALL,WO001260,CONTROLLER_DIAGNOSTIC
DF001311,INT0018,4,2,ADVANCE,Inductive Loop,OPEN_LOOP,1748376000000,1748381107960,1748472401484,2025/05/27 20:00:00.000,2025/05/27 21:25:07.960,2025/05/28 22:46:41.484,MAX_RECALL,WO001311,CONTROLLER_DIAGNOSTIC
DF001074,INT0161,10,5,ADVANCE,Inductive Loop,OPEN_LOOP,1748379600000,1748380697555,1748595870550,2025/05/27 21:00:00.000,2025/05/27 21:18:17.555,2025/05/30 09:04:30.550,MAX_RECALL,WO001074,CONTROLLER_DIAGNOSTIC
DF000870,INT0043,6,3,ADVANCE,Inductive Loop,EXCESSIVE_INDUCTANCE_CHANGE,1748430000000,1748441709420,1748787477486,2025/05/28 11:00:00.000,2025/05/28 14:15:09.420,2025/06/01 14:17:57.486,MAX_RECALL,WO000870,FIELD_CREW
DF001270,INT0094,8,4,ADVANCE,Inductive Loop,SHORTED_LOOP,1748462400000,1748476000239,1748611454374,2025/05/28 20:00:00.000,2025/05/28 23:46:40.239,2025/05/30 13:24:14.374,MAX_RECALL,WO001270,CONTROLLER_DIAGNOSTIC
DF000968,INT0094,8,4,ADVANCE,Inductive Loop,WATCHDOG_FAILURE,1748494800000,1748504027854,1748784668208,2025/05/29 05:00:00.000,2025/05/29 07:33:47.854,2025/06/01 13:31:08.208,MAX_RECALL,WO000968,CONTROLLER_DIAGNOSTIC
DF000480,INT0147,3,2,STOP_BAR,Inductive Loop,SHORTED_LOOP,1748509200000,1748509846578,1748850552414,2025/05/29 09:00:00.000,2025/05/29 09:10:46.578,2025/06/02 07:49:12.414,MAX_RECALL,WO000480,CONTROLLER_DIAGNOSTIC
DF000721,INT0160,9,5,STOP_BAR,Inductive Loop,EXCESSIVE_INDUCTANCE_CHANGE,1748566800000,1748575601730,1748766367204,2025/05/30 01:00:00.000,2025/05/30 03:26:41.730,2025/06/01 08:26:07.204,MAX_RECALL,WO000721,FIELD_CREW
DF000689,INT0133,14,7,ADVANCE,Inductive Loop,WATCHDOG_FAILURE,1748606400000,1748610982426,1748861814707,2025/05/30 12:00:00.000,2025/05/30 13:16:22.426,2025/06/02 10:56:54.707,MAX_RECALL,WO000689,CONTROLLER_DIAGNOSTIC
DF000732,INT0034,11,6,STOP_BAR,Inductive Loop,WATCHDOG_FAILURE,1748728800000,1748731368130,1748916641590,2025/05/31 22:00:00.000,2025/05/31 22:42:48.130,2025/06/03 02:10:41.590,MAX_RECALL,WO000732,FIELD_CREW
DF000815,INT0037,8,4,ADVANCE,Inductive Loop,OPEN_LOOP,1748728800000,1748740298874,1748831668116,2025/05/31 22:00:00.000,2025/06/01 01:11:38.874,2025/06/02 02:34:28.116,MAX_RECALL,WO000815,CONTROLLER_DIAGNOSTIC
DF001301,INT0084,2,1,ADVANCE,Inductive Loop,WATCHDOG_FAILURE,1748772000000,1748777333330,1749042695970,2025/06/01 10:00:00.000,2025/06/01 11:28:53.330,2025/06/04 13:11:35.970,MAX_RECALL,WO001301,CONTROLLER_DIAGNOSTIC
DF000782,INT0120,15,8,STOP_BAR,Inductive Loop,WATCHDOG_FAILURE,1748847600000,1748859828047,1749201104370,2025/06/02 07:00:00.000,2025/06/02 10:23:48.047,2025/06/06 09:11:44.370,MAX_RECALL,WO000782,PUBLIC_REPORT
DF000297,INT0149,1,1,STOP_BAR,Inductive Loop,WATCHDOG_FAILURE,1748851200000,1748851521408,1748917422809,2025/06/02 08:00:00.000,2025/06/02 08:05:21.408,2025/06/03 02:23:42.809,MAX_RECALL,WO000297,CONTROLLER_DIAGNOSTIC
DF000725,INT0083,12,6,ADVANCE,Inductive Loop,OPEN_LOOP,1748851200000,1748854071805,1749244709525,2025/06/02 08:00:00.000,2025/06/02 08:47:51.805,2025/06/06 21:18:29.525,MAX_RECALL,WO000725,CONTROLLER_DIAGNOSTIC
DF001372,INT0153,11,6,STOP_BAR,Inductive Loop,OPEN_LOOP,1748905200000,1748915212281,1748987787515,2025/06/02 23:00:00.000,2025/06/03 01:46:52.281,2025/06/03 21:56:27.515,MAX_RECALL,WO001372,CONTROLLER_DIAGNOSTIC
DF000181,INT0037,2,1,ADVANCE,Inductive Loop,EXCESSIVE_INDUCTANCE_CHANGE,1749024000000,1749028567007,1749127719667,2025/06/04 08:00:00.000,2025/06/04 09:16:07.007,2025/06/05 12:48:39.667,MAX_RECALL,WO000181,CONTROLLER_DIAGNOSTIC
DF000699,INT0106,7,4,STOP_BAR,Inductive Loop,EXCESSIVE_INDUCTANCE_CHANGE,1749042000000,1749050554651,1749364887385,2025/06/04 13:00:00.000,2025/06/04 15:22:34.651,2025/06/08 06:41:27.385,MAX_RECALL,WO000699,FIELD_CREW
DF000671,INT0102,6,3,ADVANCE,Inductive Loop,WATCHDOG_FAILURE,1749114000000,1749122806868,1749345780421,2025/06/05 09:00:00.000,2025/06/05 11:26:46.868,2025/06/08 01:23:00.421,MAX_RECALL,WO000671,CONTROLLER_DIAGNOSTIC
DF001191,INT0162,11,6,STOP_BAR,Inductive Loop,WATCHDOG_FAILURE,1749153600000,1749157997997,1749530802536,2025/06/05 20:00:00.000,2025/06/05 21:13:17.997,2025/06/10 04:46:42.536,MAX_RECALL,WO001191,CONTROLLER_DIAGNOSTIC
DF000657,INT0149,6,3,ADVANCE,Inductive Loop,WATCHDOG_FAILURE,1749286800000,1749293692384,1749386078520,2025/06/07 09:00:00.000,2025/06/07 10:54:52.384,2025/06/08 12:34:38.520,MAX_RECALL,WO000657,CONTROLLER_DIAGNOSTIC
DF000183,INT0046,7,4,STOP_BAR,Inductive Loop,WATCHDOG_FAILURE,1749326400000,1749335469838,1749612567273,2025/06/07 20:00:00.000,2025/06/07 22:31:09.838,2025/06/11 03:29:27.273,MAX_RECALL,WO000183,FIELD_CREW
DF000842,INT0167,6,3,ADVANCE,Inductive Loop,OPEN_LOOP,1749351600000,1749353677331,1749403429110,2025/06/08 03:00:00.000,2025/06/08 03:34:37.331,2025/06/08 17:23:49.110,MAX_RECALL,WO000842,PUBLIC_REPORT
DF000470,INT0151,1,1,STOP_BAR,Inductive Loop,EXCESSIVE_INDUCTANCE_CHANGE,1749376800000,1749390305425,1749465867405,2025/06/08 10:00:00.000,2025/06/08 13:45:05.425,2025/06/09 10:44:27.405,MAX_RECALL,WO000470,PUBLIC_REPORT
DF000299,INT0151,7,4,STOP_BAR,Inductive Loop,OPEN_LOOP,1749412800000,1749425353212,1749776679754,2025/06/08 20:00:00.000,2025/06/08 23:29:13.212,2025/06/13 01:04:39.754,MAX_RECALL,WO000299,CONTROLLER_DIAGNOSTIC
DF001090,INT0050,1,1,STOP_BAR,Inductive Loop,OPEN_LOOP,1749481200000,1749495572198,1749767480638,2025/06/09 15:00:00.000,2025/06/09 18:59:32.198,2025/06/12 22:31:20.638,MAX_RECALL,WO001090,FIELD_CREW
DF000614,INT0154,1,1,STOP_BAR,Inductive Loop,EXCESSIVE_INDUCTANCE_CHANGE,1749553200000,1749555122777,1749697423777,2025/06/10 11:00:00.000,2025/06/10 11:32:02.777,2025/06/12 03:03:43.777,MAX_RECALL,WO000614,CONTROLLER_DIAGNOSTIC
DF001134,INT0090,13,7,STOP_BAR,Inductive Loop,WATCHDOG_FAILURE,1749564000000,1749573548588,1749877816964,2025/06/10 14:00:00.000,2025/06/10 16:39:08.588,2025/06/14 05:10:16.964,MAX_RECALL,WO001134,CONTROLLER_DIAGNOSTIC
DF001126,INT0090,11,6,STOP_BAR,Inductive Loop,WATCHDOG_FAILURE,1749668400000,1749678569268,1749970463139,2025/06/11 19:00:00.000,2025/06/11 21:49:29.268,2025/06/15 06:54:23.139,MAX_RECALL,WO001126,PUBLIC_REPORT
DF000174,INT0075,10,5,ADVANCE,Inductive Loop,SHORTED_LOOP,1749697200000,1749709040908,1749963822210,2025/06/12 03:00:00.000,2025/06/12 06:17:20.908,2025/06/15 05:03:42.210,MAX_RECALL,WO000174,CONTROLLER_DIAGNOSTIC
DF000654,INT0025,14,7,ADVANCE,Inductive Loop,OPEN_LOOP,1749700800000,1749707675134,1750134815626,2025/06/12 04:00:00.000,2025/06/12 05:54:35.134,2025/06/17 04:33:35.626,MAX_RECALL,WO000654,PUBLIC_REPORT
DF001054,INT0141,11,6,STOP_BAR,Inductive Loop,SHORTED_LOOP,1749711600000,1749712491846,1749917826949,2025/06/12 07:00:00.000,2025/06/12 07:14:51.846,2025/06/14 16:17:06.949,MAX_RECALL,WO001054,PUBLIC_REPORT
DF000648,INT0055,13,7,STOP_BAR,Inductive Loop,WATCHDOG_FAILURE,1749729600000,1749740396655,1750015002489,2025/06/12 12:00:00.000,2025/06/12 14:59:56.655,2025/06/15 19:16:42.489,MAX_RECALL,WO000648,FIELD_CREW
DF000425,INT0149,15,8,STOP_BAR,Inductive Loop,SHORTED_LOOP,1749754800000,1749757446008,1749989791884,2025/06/12 19:00:00.000,2025/06/12 19:44:06.008,2025/06/15 12:16:31.884,MAX_RECALL,WO000425,CONTROLLER_DIAGNOSTIC
DF000033,INT0134,4,2,ADVANCE,Inductive Loop,EXCESSIVE_INDUCTANCE_CHANGE,1749786562327,1749789550299,1750566305328,2025/06/13 03:49:22.327,2025/06/13 04:39:10.299,2025/06/22 04:25:05.328,MAX_RECALL,WO000033,CONTROLLER_DIAGNOSTIC
DF000669,INT0072,5,3,STOP_BAR,Inductive Loop,OPEN_LOOP,1749798000000,1749800012900,1749895143660,2025/06/13 07:00:00.000,2025/06/13 07:33:32.900,2025/06/14 09:59:03.660,MAX_RECALL,WO000669,CONTROLLER_DIAGNOSTIC
DF000157,INT0072,15,8,STOP_BAR,Inductive Loop,SHORTED_LOOP,1749808800000,1749809746203,1749829940320,2025/06/13 10:00:00.000,2025/06/13 10:15:46.203,2025/06/13 15:52:20.320,MAX_RECALL,WO000157,CONTROLLER_DIAGNOSTIC
DF001144,INT0170,8,4,ADVANCE,Inductive Loop,SHORTED_LOOP,1749873600000,1749886057780,1750072918408,2025/06/14 04:00:00.000,2025/06/14 07:27:37.780,2025/06/16 11:21:58.408,MAX_RECALL,WO001144,CONTROLLER_DIAGNOSTIC
DF001006,INT0002,5,3,STOP_BAR,Inductive Loop,SHORTED_LOOP,1749884400000,1749897813161,1750019906165,2025/06/14 07:00:00.000,2025/06/14 10:43:33.161,2025/06/15 20:38:26.165,MAX_RECALL,WO001006,FIELD_CREW
DF000860,INT0044,1,1,STOP_BAR,Inductive Loop,EXCESSIVE_INDUCTANCE_CHANGE,1749909600000,1749916285968,1749925367029,2025/06/14 14:00:00.000,2025/06/14 15:51:25.968,2025/06/14 18:22:47.029,MAX_RECALL,WO000860,CONTROLLER_DIAGNOSTIC
DF000359,INT0092,6,3,ADVANCE,Inductive Loop,OPEN_LOOP,1749942000000,1749946029862,1750271032893,2025/06/14 23:00:00.000,2025/06/15 00:07:09.862,2025/06/18 18:23:52.893,MAX_RECALL,WO000359,FIELD_CREW
DF001309,INT0154,12,6,ADVANCE,Inductive Loop,OPEN_LOOP,1749952800000,1749965801965,1750341148787,2025/06/15 02:00:00.000,2025/06/15 05:36:41.965,2025/06/19 13:52:28.787,MAX_RECALL,WO001309,CONTROLLER_DIAGNOSTIC
DF001217,INT0077,11,6,STOP_BAR,Inductive Loop,WATCHDOG_FAILURE,1749963600000,1749974284185,1750339219337,2025/06/15 05:00:00.000,2025/06/15 07:58:04.185,2025/06/19 13:20:19.337,MAX_RECALL,WO001217,CONTROLLER_DIAGNOSTIC
DF000328,INT0159,2,1,ADVANCE,Inductive Loop,WATCHDOG_FAILURE,1750024800000,1750034106574,1750314414840,2025/06/15 22:00:00.000,2025/06/16 00:35:06.574,2025/06/19 06:26:54.840,MAX_RECALL,WO000328,CONTROLLER_DIAGNOSTIC
DF000868,INT0005,7,4,STOP_BAR,Inductive Loop,EXCESSIVE_INDUCTANCE_CHANGE,1750064400000,1750070337673,1750394838877,2025/06/16 09:00:00.000,2025/06/16 10:38:57.673,2025/06/20 04:47:18.877,MAX_RECALL,WO000868,CONTROLLER_DIAGNOSTIC
DF000035,INT0112,16,8,ADVANCE,Inductive Loop,WATCHDOG_FAILURE,1750083142731,1750084407466,1750371255353,2025/06/16 14:12:22.731,2025/06/16 14:33:27.466,2025/06/19 22:14:15.353,MAX_RECALL,WO000035,CONTROLLER_DIAGNOSTIC
DF000922,INT0157,6,3,ADVANCE,Inductive Loop,OPEN_LOOP,1750104000000,1750107652671,1750208529912,2025/06/16 20:00:00.000,2025/06/16 21:00:52.671,2025/06/18 01:02:09.912,MAX_RECALL,WO000922,CONTROLLER_DIAGNOSTIC
DF000684,INT0054,5,3,STOP_BAR,Inductive Loop,OPEN_LOOP,1750107600000,1750107876745,1750230492916,2025/06/16 21:00:00.000,2025/06/16 21:04:36.745,2025/06/18 07:08:12.916,MAX_RECALL,WO000684,CONTROLLER_DIAGNOSTIC
DF000491,INT0116,3,2,STOP_BAR,Inductive Loop,OPEN_LOOP,1750114800000,1750120755939,1750342011819,2025/06/16 23:00:00.000,2025/06/17 00:39:15.939,2025/06/19 14:06:51.819,MAX_RECALL,WO000491,CONTROLLER_DIAGNOSTIC
DF001451,INT0168,12,6,ADVANCE,Inductive Loop,SHORTED_LOOP,1750125600000,1750131034246,1750278653051,2025/06/17 02:00:00.000,2025/06/17 03:30:34.246,2025/06/18 20:30:53.051,MAX_RECALL,WO001451,CONTROLLER_DIAGNOSTIC
DF000071,INT0121,8,4,ADVANCE,Inductive Loop,EXCESSIVE_INDUCTANCE_CHANGE,1750196238385,1750198199334,1751118738620,2025/06/17 21:37:18.385,2025/06/17 22:09:59.334,2025/06/28 13:52:18.620,MAX_RECALL,WO000071,CONTROLLER_DIAGNOSTIC
DF001033,INT0017,2,1,ADVANCE,Inductive Loop,WATCHDOG_FAILURE,1750266000000,1750277296546,1750453938401,2025/06/18 17:00:00.000,2025/06/18 20:08:16.546,2025/06/20 21:12:18.401,MAX_RECALL,WO001033,FIELD_CREW
DF000881,INT0033,3,2,STOP_BAR,Inductive Loop,WATCHDOG_FAILURE,1750291200000,1750305460072,1750587195574,2025/06/19 00:00:00.000,2025/06/19 03:57:40.072,2025/06/22 10:13:15.574,MAX_RECALL,WO000881,CONTROLLER_DIAGNOSTIC
DF000524,INT0078,8,4,ADVANCE,Inductive Loop,EXCESSIVE_INDUCTANCE_CHANGE,1750309200000,1750311303542,1750470469435,2025/06/19 05:00:00.000,2025/06/19 05:35:03.542,2025/06/21 01:47:49.435,MAX_RECALL,WO000524,CONTROLLER_DIAGNOSTIC
DF000382,INT0073,9,5,STOP_BAR,Inductive Loop,EXCESSIVE_INDUCTANCE_CHANGE,1750359600000,1750360183865,1750559010920,2025/06/19 19:00:00.000,2025/06/19 19:09:43.865,2025/06/22 02:23:30.920,MAX_RECALL,WO000382,CONTROLLER_DIAGNOSTIC
DF000402,INT0091,10,5,ADVANCE,Inductive Loop,WATCHDOG_FAILURE,1750363200000,1750365781758,1750435338746,2025/06/19 20:00:00.000,2025/06/19 20:43:01.758,2025/06/20 16:02:18.746,MAX_RECALL,WO000402,PUBLIC_REPORT
DF000275,INT0148,2,1,ADVANCE,Inductive Loop,SHORTED_LOOP,1750381200000,1750393724781,1750630421158,2025/06/20 01:00:00.000,2025/06/20 04:28:44.781,2025/06/22 22:13:41.158,MAX_RECALL,WO000275,PUBLIC_REPORT
DF000767,INT0148,12,6,ADVANCE,Inductive Loop,SHORTED_LOOP,1750442400000,1750447264477,1750574002735,2025/06/20 18:00:00.000,2025/06/20 19:21:04.477,2025/06/22 06:33:22.735,MAX_RECALL,WO000767,CONTROLLER_DIAGNOSTIC
DF000592,INT0159,14,7,ADVANCE,Inductive Loop,EXCESSIVE_INDUCTANCE_CHANGE,1750449600000,1750461880844,1750811947004,2025/06/20 20:00:00.000,2025/06/20 23:24:40.844,2025/06/25 00:39:07.004,MAX_RECALL,WO000592,PUBLIC_REPORT
DF000856,INT0162,13,7,STOP_BAR,Inductive Loop,OPEN_LOOP,1750474800000,1750477761428,1750704529028,2025/06/21 03:00:00.000,2025/06/21 03:49:21.428,2025/06/23 18:48:49.028,MAX_RECALL,WO000856,CONTROLLER_DIAGNOSTIC
DF000236,INT0149,14,7,ADVANCE,Inductive Loop,OPEN_LOOP,1750492800000,1750506417448,1750652301218,2025/06/21 08:00:00.000,2025/06/21 11:46:57.448,2025/06/23 04:18:21.218,MAX_RECALL,WO000236,CONTROLLER_DIAGNOSTIC
DF000465,INT0130,4,2,ADVANCE,Inductive Loop,SHORTED_LOOP,1750546800000,1750555273873,1750761759264,2025/06/21 23:00:00.000,2025/06/22 01:21:13.873,2025/06/24 10:42:39.264,MAX_RECALL,WO000465,CONTROLLER_DIAGNOSTIC
DF000202,INT0058,14,7,ADVANCE,Inductive Loop,OPEN_LOOP,1750597200000,1750597789451,1750877747070,2025/06/22 13:00:00.000,2025/06/22 13:09:49.451,2025/06/25 18:55:47.070,MAX_RECALL,WO000202,CONTROLLER_DIAGNOSTIC
DF001280,INT0028,12,6,ADVANCE,Inductive Loop,EXCESSIVE_INDUCTANCE_CHANGE,1750611600000,1750619707933,1750801646402,2025/06/22 17:00:00.000,2025/06/22 19:15:07.933,2025/06/24 21:47:26.402,MAX_RECALL,WO001280,FIELD_CREW
DF000209,INT0055,8,4,ADVANCE,Inductive Loop,EXCESSIVE_INDUCTANCE_CHANGE,1750651200000,1750660170427,1750708242165,2025/06/23 04:00:00.000,2025/06/23 06:29:30.427,2025/06/23 19:50:42.165,MAX_RECALL,WO000209,CONTROLLER_DIAGNOSTIC
DF000736,INT0145,2,1,ADVANCE,Inductive Loop,SHORTED_LOOP,1750878000000,1750878283921,1751114648366,2025/06/25 19:00:00.000,2025/06/25 19:04:43.921,2025/06/28 12:44:08.366,MAX_RECALL,WO000736,FIELD_CREW
DF000149,INT0150,5,3,STOP_BAR,Inductive Loop,OPEN_LOOP,1750888800000,1750891520982,1751312198764,2025/06/25 22:00:00.000,2025/06/25 22:45:20.982,2025/06/30 19:36:38.764,MAX_RECALL,WO000149,CONTROLLER_DIAGNOSTIC
DF000139,INT0032,6,3,ADVANCE,Inductive Loop,WATCHDOG_FAILURE,1751076000000,1751077502825,1751324782545,2025/06/28 02:00:00.000,2025/06/28 02:25:02.825,2025/06/30 23:06:22.545,MAX_RECALL,WO000139,PUBLIC_REPORT
DF000938,INT0084,1,1,STOP_BAR,Inductive Loop,SHORTED_LOOP,1751119200000,1751127750166,1751406609917,2025/06/28 14:00:00.000,2025/06/28 16:22:30.166,2025/07/01 21:50:09.917,MAX_RECALL,WO000938,FIELD_CREW
DF000356,INT0159,12,6,ADVANCE,Inductive Loop,EXCESSIVE_INDUCTANCE_CHANGE,1751162400000,1751165962128,1751268747556,2025/06/29 02:00:00.000,2025/06/29 02:59:22.128,2025/06/30 07:32:27.556,MAX_RECALL,WO000356,CONTROLLER_DIAGNOSTIC
DF001125,INT0089,14,7,ADVANCE,Inductive Loop,SHORTED_LOOP,1751187600000,1751189633084,1751597986602,2025/06/29 09:00:00.000,2025/06/29 09:33:53.084,2025/07/04 02:59:46.602,MAX_RECALL,WO001125,CONTROLLER_DIAGNOSTIC
DF000447,INT0100,3,2,STOP_BAR,Inductive Loop,SHORTED_LOOP,1751220000000,1751226014714,1751533778269,2025/06/29 18:00:00.000,2025/06/29 19:40:14.714,2025/07/03 09:09:38.269,MAX_RECALL,WO000447,CONTROLLER_DIAGNOSTIC
DF000501,INT0040,2,1,ADVANCE,Inductive Loop,OPEN_LOOP,1751223600000,1751225596328,1751578910791,2025/06/29 19:00:00.000,2025/06/29 19:33:16.328,2025/07/03 21:41:50.791,MAX_RECALL,WO000501,CONTROLLER_DIAGNOSTIC
DF000709,INT0139,9,5,STOP_BAR,Inductive Loop,OPEN_LOOP,1751263200000,1751266570408,1751444334209,2025/06/30 06:00:00.000,2025/06/30 06:56:10.408,2025/07/02 08:18:54.209,MAX_RECALL,WO000709,CONTROLLER_DIAGNOSTIC
DF000677,INT0162,11,6,STOP_BAR,Inductive Loop,EXCESSIVE_INDUCTANCE_CHANGE,1751263200000,1751274135058,1751458039578,2025/06/30 06:00:00.000,2025/06/30 09:02:15.058,2025/07/02 12:07:19.578,MAX_RECALL,WO000677,CONTROLLER_DIAGNOSTIC
DF000067,INT0038,8,4,ADVANCE,Inductive Loop,EXCESSIVE_INDUCTANCE_CHANGE,1751330988314,1751334845888,1752323059806,2025/07/01 00:49:48.314,2025/07/01 01:54:05.888,2025/07/12 12:24:19.806,MAX_RECALL,WO000067,CONTROLLER_DIAGNOSTIC
DF000734,INT0067,2,1,ADVANCE,Inductive Loop,WATCHDOG_FAILURE,1751500800000,1751510760242,1751719692427,2025/07/03 00:00:00.000,2025/07/03 02:46:00.242,2025/07/05 12:48:12.427,MAX_RECALL,WO000734,CONTROLLER_DIAGNOSTIC
DF000687,INT0031,16,8,ADVANCE,Inductive Loop,WATCHDOG_FAILURE,1751562000000,1751567601810,1751691030216,2025/07/03 17:00:00.000,2025/07/03 18:33:21.810,2025/07/05 04:50:30.216,MAX_RECALL,WO000687,CONTROLLER_DIAGNOSTIC
DF000717,INT0147,4,2,ADVANCE,Inductive Loop,WATCHDOG_FAILURE,1751608800000,1751619979480,1751725353315,2025/07/04 06:00:00.000,2025/07/04 09:06:19.480,2025/07/05 14:22:33.315,MAX_RECALL,WO000717,CONTROLLER_DIAGNOSTIC
DF000936,INT0113,10,5,ADVANCE,Inductive Loop,OPEN_LOOP,1751655600000,1751659149106,1751939835616,2025/07/04 19:00:00.000,2025/07/04 19:59:09.106,2025/07/08 01:57:15.616,MAX_RECALL,WO000936,CONTROLLER_DIAGNOSTIC
DF001373,INT0075,13,7,STOP_BAR,Inductive Loop,OPEN_LOOP,1751803200000,1751813093117,1751893447322,2025/07/06 12:00:00.000,2025/07/06 14:44:53.117,2025/07/07 13:04:07.322,MAX_RECALL,WO001373,CONTROLLER_DIAGNOSTIC
DF000920,INT0136,5,3,STOP_BAR,Inductive Loop,OPEN_LOOP,1751828400000,1751831600613,1751852930926,2025/07/06 19:00:00.000,2025/07/06 19:53:20.613,2025/07/07 01:48:50.926,MAX_RECALL,WO000920,PUBLIC_REPORT
DF000362,INT0069,11,6,STOP_BAR,Inductive Loop,EXCESSIVE_INDUCTANCE_CHANGE,1751875200000,1751882226572,1752126854234,2025/07/07 08:00:00.000,2025/07/07 09:57:06.572,2025/07/10 05:54:14.234,MAX_RECALL,WO000362,CONTROLLER_DIAGNOSTIC
DF000399,INT0108,6,3,ADVANCE,Inductive Loop,OPEN_LOOP,1751947200000,1751960828510,1752381583353,2025/07/08 04:00:00.000,2025/07/08 07:47:08.510,2025/07/13 04:39:43.353,MAX_RECALL,WO000399,PUBLIC_REPORT
DF001318,INT0021,5,3,STOP_BAR,Inductive Loop,OPEN_LOOP,1751972400000,1751980400093,1752092453895,2025/07/08 11:00:00.000,2025/07/08 13:13:20.093,2025/07/09 20:20:53.895,MAX_RECALL,WO001318,CONTROLLER_DIAGNOSTIC
DF001002,INT0097,9,5,STOP_BAR,Inductive Loop,SHORTED_LOOP,1751976000000,1751981781435,1752234458035,2025/07/08 12:00:00.000,2025/07/08 13:36:21.435,2025/07/11 11:47:38.035,MAX_RECALL,WO001002,CONTROLLER_DIAGNOSTIC
DF000531,INT0099,2,1,ADVANCE,Inductive Loop,WATCHDOG_FAILURE,1752181200000,1752192891671,1752224737200,2025/07/10 21:00:00.000,2025/07/11 00:14:51.671,2025/07/11 09:05:37.200,MAX_RECALL,WO000531,CONTROLLER_DIAGNOSTIC
DF000485,INT0136,1,1,STOP_BAR,Inductive Loop,OPEN_LOOP,1752210000000,1752214231191,1752392649446,2025/07/11 05:00:00.000,2025/07/11 06:10:31.191,2025/07/13 07:44:09.446,MAX_RECALL,WO000485,CONTROLLER_DIAGNOSTIC
DF000828,INT0024,9,5,STOP_BAR,Inductive Loop,SHORTED_LOOP,1752292800000,1752304355976,1752599127749,2025/07/12 04:00:00.000,2025/07/12 07:12:35.976,2025/07/15 17:05:27.749,MAX_RECALL,WO000828,CONTROLLER_DIAGNOSTIC
DF000495,INT0105,16,8,ADVANCE,Inductive Loop,SHORTED_LOOP,1752318000000,1752320900905,1752371581095,2025/07/12 11:00:00.000,2025/07/12 11:48:20.905,2025/07/13 01:53:01.095,MAX_RECALL,WO000495,CONTROLLER_DIAGNOSTIC
DF000661,INT0109,5,3,STOP_BAR,Inductive Loop,SHORTED_LOOP,1752321600000,1752331095610,1752579825654,2025/07/12 12:00:00.000,2025/07/12 14:38:15.610,2025/07/15 11:43:45.654,MAX_RECALL,WO000661,PUBLIC_REPORT
DF000895,INT0027,6,3,ADVANCE,Inductive Loop,SHORTED_LOOP,1752339600000,1752345958792,1752700632784,2025/07/12 17:00:00.000,2025/07/12 18:45:58.792,2025/07/16 21:17:12.784,MAX_RECALL,WO000895,FIELD_CREW
DF001012,INT0065,8,4,ADVANCE,Inductive Loop,WATCHDOG_FAILURE,1752357600000,1752364761560,1752610979726,2025/07/12 22:00:00.000,2025/07/12 23:59:21.560,2025/07/15 20:22:59.726,MAX_RECALL,WO001012,PUBLIC_REPORT
DF000079,INT0121,15,8,STOP_BAR,Inductive Loop,SHORTED_LOOP,1752415200000,1752427047961,1752812281476,2025/07/13 14:00:00.000,2025/07/13 17:17:27.961,2025/07/18 04:18:01.476,MAX_RECALL,WO000079,CONTROLLER_DIAGNOSTIC
DF000227,INT0016,7,4,STOP_BAR,Inductive Loop,OPEN_LOOP,1752447600000,1752460633750,1752771390686,2025/07/13 23:00:00.000,2025/07/14 02:37:13.750,2025/07/17 16:56:30.686,MAX_RECALL,WO000227,CONTROLLER_DIAGNOSTIC
DF000612,INT0079,11,6,STOP_BAR,Inductive Loop,WATCHDOG_FAILURE,1752483600000,1752485266038,1752796154763,2025/07/14 09:00:00.000,2025/07/14 09:27:46.038,2025/07/17 23:49:14.763,MAX_RECALL,WO000612,PUBLIC_REPORT
DF000630,INT0161,15,8,STOP_BAR,Inductive Loop,WATCHDOG_FAILURE,1752516000000,1752517994761,1752598207542,2025/07/14 18:00:00.000,2025/07/14 18:33:14.761,2025/07/15 16:50:07.542,MAX_RECALL,WO000630,CONTROLLER_DIAGNOSTIC
DF000892,INT0030,4,2,ADVANCE,Inductive Loop,SHORTED_LOOP,1752523200000,1752526902849,1752555318234,2025/07/14 20:00:00.000,2025/07/14 21:01:42.849,2025/07/15 04:55:18.234,MAX_RECALL,WO000892,CONTROLLER_DIAGNOSTIC
DF000691,INT0047,6,3,ADVANCE,Inductive Loop,SHORTED_LOOP,1752552000000,1752556466785,1752908857163,2025/07/15 04:00:00.000,2025/07/15 05:14:26.785,2025/07/19 07:07:37.163,MAX_RECALL,WO000691,CONTROLLER_DIAGNOSTIC
DF001013,INT0104,9,5,STOP_BAR,Inductive Loop,WATCHDOG_FAILURE,1752552000000,1752563979504,1752886049352,2025/07/15 04:00:00.000,2025/07/15 07:19:39.504,2025/07/19 00:47:29.352,MAX_RECALL,WO001013,CONTROLLER_DIAGNOSTIC
DF000840,INT0101,7,4,STOP_BAR,Inductive Loop,WATCHDOG_FAILURE,1752613200000,1752626725848,1752806652854,2025/07/15 21:00:00.000,2025/07/16 00:45:25.848,2025/07/18 02:44:12.854,MAX_RECALL,WO000840,CONTROLLER_DIAGNOSTIC
DF001371,INT0040,10,5,ADVANCE,Inductive Loop,WATCHDOG_FAILURE,1752627600000,1752637789358,1753041748636,2025/07/16 01:00:00.000,2025/07/16 03:49:49.358,2025/07/20 20:02:28.636,MAX_RECALL,WO001371,CONTROLLER_DIAGNOSTIC
DF001428,INT0081,6,3,ADVANCE,Inductive Loop,EXCESSIVE_INDUCTANCE_CHANGE,1752649200000,1752663129249,1753057188087,2025/07/16 07:00:00.000,2025/07/16 10:52:09.249,2025/07/21 00:19:48.087,MAX_RECALL,WO001428,CONTROLLER_DIAGNOSTIC
DF000758,INT0140,8,4,ADVANCE,Inductive Loop,SHORTED_LOOP,1752663600000,1752670892176,1752784985328,2025/07/16 11:00:00.000,2025/07/16 13:01:32.176,2025/07/17 20:43:05.328,MAX_RECALL,WO000758,FIELD_CREW
DF000125,INT0024,3,2,STOP_BAR,Inductive Loop,EXCESSIVE_INDUCTANCE_CHANGE,1752674400000,1752680327773,1752910292848,2025/07/16 14:00:00.000,2025/07/16 15:38:47.773,2025/07/19 07:31:32.848,MAX_RECALL,WO000125,CONTROLLER_DIAGNOSTIC
DF000663,INT0006,10,5,ADVANCE,Inductive Loop,WATCHDOG_FAILURE,1752764400000,1752777809116,1753038354095,2025/07/17 15:00:00.000,2025/07/17 18:43:29.116,2025/07/20 19:05:54.095,MAX_RECALL,WO000663,CONTROLLER_DIAGNOSTIC
DF000463,INT0156,6,3,ADVANCE,Inductive Loop,WATCHDOG_FAILURE,1752822000000,1752828517937,1752854983740,2025/07/18 07:00:00.000,2025/07/18 08:48:37.937,2025/07/18 16:09:43.740,MAX_RECALL,WO000463,CONTROLLER_DIAGNOSTIC
DF001068,INT0061,14,7,ADVANCE,Inductive Loop,EXCESSIVE_INDUCTANCE_CHANGE,1752854400000,1752865553823,1752959745627,2025/07/18 16:00:00.000,2025/07/18 19:05:53.823,2025/07/19 21:15:45.627,MAX_RECALL,WO001068,CONTROLLER_DIAGNOSTIC
DF001007,INT0023,1,1,STOP_BAR,Inductive Loop,EXCESSIVE_INDUCTANCE_CHANGE,1752876000000,1752884439501,1753107364315,2025/07/18 22:00:00.000,2025/07/19 00:20:39.501,2025/07/21 14:16:04.315,MAX_RECALL,WO001007,CONTROLLER_DIAGNOSTIC
DF000281,INT0104,12,6,ADVANCE,Inductive Loop,EXCESSIVE_INDUCTANCE_CHANGE,1752879600000,1752881927654,1753214997100,2025/07/18 23:00:00.000,2025/07/18 23:38:47.654,2025/07/22 20:09:57.100,MAX_RECALL,WO000281,PUBLIC_REPORT
DF001470,INT0122,16,8,ADVANCE,Inductive Loop,WATCHDOG_FAILURE,1752886800000,1752891440319,1753076799415,2025/07/19 01:00:00.000,2025/07/19 02:17:20.319,2025/07/21 05:46:39.415,MAX_RECALL,WO001470,FIELD_CREW
DF001072,INT0125,7,4,STOP_BAR,Inductive Loop,WATCHDOG_FAILURE,1752894000000,1752901776165,1753322259345,2025/07/19 03:00:00.000,2025/07/19 05:09:36.165,2025/07/24 01:57:39.345,MAX_RECALL,WO001072,CONTROLLER_DIAGNOSTIC
DF001401,INT0170,2,1,ADVANCE,Inductive Loop,OPEN_LOOP,1752969600000,1752972131269,1753358842633,2025/07/20 00:00:00.000,2025/07/20 00:42:11.269,2025/07/24 12:07:22.633,MAX_RECALL,WO001401,PUBLIC_REPORT
DF000325,INT0134,7,4,STOP_BAR,Inductive Loop,SHORTED_LOOP,1753009200000,1753011534255,1753111360279,2025/07/20 11:00:00.000,2025/07/20 11:38:54.255,2025/07/21 15:22:40.279,MAX_RECALL,WO000325,CONTROLLER_DIAGNOSTIC
DF000294,INT0073,3,2,STOP_BAR,Inductive Loop,SHORTED_LOOP,1753030800000,1753039888441,1753455984897,2025/07/20 17:00:00.000,2025/07/20 19:31:28.441,2025/07/25 15:06:24.897,MAX_RECALL,WO000294,CONTROLLER_DIAGNOSTIC
DF000376,INT0056,12,6,ADVANCE,Inductive Loop,SHORTED_LOOP,1753059600000,1753068421181,1753101454786,2025/07/21 01:00:00.000,2025/07/21 03:27:01.181,2025/07/21 12:37:34.786,MAX_RECALL,WO000376,CONTROLLER_DIAGNOSTIC
DF000492,INT0069,9,5,STOP_BAR,Inductive Loop,SHORTED_LOOP,1753074000000,1753075245373,1753314703224,2025/07/21 05:00:00.000,2025/07/21 05:20:45.373,2025/07/23 23:51:43.224,MAX_RECALL,WO000492,CONTROLLER_DIAGNOSTIC
DF000861,INT0169,1,1,STOP_BAR,Inductive Loop,OPEN_LOOP,1753081200000,1753091529693,1753280167590,2025/07/21 07:00:00.000,2025/07/21 09:52:09.693,2025/07/23 14:16:07.590,MAX_RECALL,WO000861,CONTROLLER_DIAGNOSTIC
DF000602,INT0083,11,6,STOP_BAR,Inductive Loop,EXCESSIVE_INDUCTANCE_CHANGE,1753110000000,1753121271533,1753151531173,2025/07/21 15:00:00.000,2025/07/21 18:07:51.533,2025/07/22 02:32:11.173,MAX_RECALL,WO000602,PUBLIC_REPORT
DF000296,INT0118,13,7,STOP_BAR,Inductive Loop,EXCESSIVE_INDUCTANCE_CHANGE,1753164000000,1753174661480,1753225471453,2025/07/22 06:00:00.000,2025/07/22 08:57:41.480,2025/07/22 23:04:31.453,MAX_RECALL,WO000296,FIELD_CREW
DF000135,INT0102,8,4,ADVANCE,Inductive Loop,EXCESSIVE_INDUCTANCE_CHANGE,1753254000000,1753255904499,1753397607609,2025/07/23 07:00:00.000,2025/07/23 07:31:44.499,2025/07/24 22:53:27.609,MAX_RECALL,WO000135,CONTROLLER_DIAGNOSTIC
DF000426,INT0094,16,8,ADVANCE,Inductive Loop,WATCHDOG_FAILURE,1753261200000,1753272974056,1753349623793,2025/07/23 09:00:00.000,2025/07/23 12:16:14.056,2025/07/24 09:33:43.793,MAX_RECALL,WO000426,CONTROLLER_DIAGNOSTIC
DF000146,INT0120,14,7,ADVANCE,Inductive Loop,OPEN_LOOP,1753315200000,1753324712159,1753368654104,2025/07/24 00:00:00.000,2025/07/24 02:38:32.159,2025/07/24 14:50:54.104,MAX_RECALL,WO000146,CONTROLLER_DIAGNOSTIC
DF000290,INT0115,15,8,STOP_BAR,Inductive Loop,SHORTED_LOOP,1753344000000,1753350728013,1753449072321,2025/07/24 08:00:00.000,2025/07/24 09:52:08.013,2025/07/25 13:11:12.321,MAX_RECALL,WO000290,PUBLIC_REPORT
DF000291,INT0050,5,3,STOP_BAR,Inductive Loop,SHORTED_LOOP,1753394400000,1753398301401,1753742346748,2025/07/24 22:00:00.000,2025/07/24 23:05:01.401,2025/07/28 22:39:06.748,MAX_RECALL,WO000291,PUBLIC_REPORT
DF001043,INT0032,3,2,STOP_BAR,Inductive Loop,EXCESSIVE_INDUCTANCE_CHANGE,1753405200000,1753408481347,1753544912214,2025/07/25 01:00:00.000,2025/07/25 01:54:41.347,2025/07/26 15:48:32.214,MAX_RECALL,WO001043,FIELD_CREW
DF001396,INT0046,4,2,ADVANCE,Inductive Loop,OPEN_LOOP,1753423200000,1753437210490,1753559728300,2025/07/25 06:00:00.000,2025/07/25 09:53:30.490,2025/07/26 19:55:28.300,MAX_RECALL,WO001396,CONTROLLER_DIAGNOSTIC
DF001460,INT0054,1,1,STOP_BAR,Inductive Loop,SHORTED_LOOP,1753430400000,1753436333653,1753799309372,2025/07/25 08:00:00.000,2025/07/25 09:38:53.653,2025/07/29 14:28:29.372,MAX_RECALL,WO001460,CONTROLLER_DIAGNOSTIC
DF000310,INT0083,1,1,STOP_BAR,Inductive Loop,WATCHDOG_FAILURE,1753470000000,1753476866712,1753762463716,2025/07/25 19:00:00.000,2025/07/25 20:54:26.712,2025/07/29 04:14:23.716,MAX_RECALL,WO000310,CONTROLLER_DIAGNOSTIC
DF000473,INT0058,6,3,ADVANCE,Inductive Loop,WATCHDOG_FAILURE,1753477200000,1753489196964,1753772091338,2025/07/25 21:00:00.000,2025/07/26 00:19:56.964,2025/07/29 06:54:51.338,MAX_RECALL,WO000473,CONTROLLER_DIAGNOSTIC
DF000348,INT0082,10,5,ADVANCE,Inductive Loop,EXCESSIVE_INDUCTANCE_CHANGE,1753491600000,1753495526887,1753549230077,2025/07/26 01:00:00.000,2025/07/26 02:05:26.887,2025/07/26 17:00:30.077,MAX_RECALL,WO000348,CONTROLLER_DIAGNOSTIC
DF000703,INT0165,3,2,STOP_BAR,Inductive Loop,OPEN_LOOP,1753686000000,1753696195051,1754102521115,2025/07/28 07:00:00.000,2025/07/28 09:49:55.051,2025/08/02 02:42:01.115,MAX_RECALL,WO000703,CONTROLLER_DIAGNOSTIC
DF000615,INT0090,10,5,ADVANCE,Inductive Loop,OPEN_LOOP,1753704000000,1753710884361,1754126045199,2025/07/28 12:00:00.000,2025/07/28 13:54:44.361,2025/08/02 09:14:05.199,MAX_RECALL,WO000615,CONTROLLER_DIAGNOSTIC
DF000273,INT0083,5,3,STOP_BAR,Inductive Loop,WATCHDOG_FAILURE,1753722000000,1753731510180,1753991365680,2025/07/28 17:00:00.000,2025/07/28 19:38:30.180,2025/07/31 19:49:25.680,MAX_RECALL,WO000273,FIELD_CREW
DF000515,INT0125,10,5,ADVANCE,Inductive Loop,OPEN_LOOP,1753761600000,1753773404046,1753983863047,2025/07/29 04:00:00.000,2025/07/29 07:16:44.046,2025/07/31 17:44:23.047,MAX_RECALL,WO000515,PUBLIC_REPORT
DF000178,INT0157,1,1,STOP_BAR,Inductive Loop,EXCESSIVE_INDUCTANCE_CHANGE,1753812000000,1753814395222,1754215987828,2025/07/29 18:00:00.000,2025/07/29 18:39:55.222,2025/08/03 10:13:07.828,MAX_RECALL,WO000178,FIELD_CREW
DF000089,INT0089,11,6,STOP_BAR,Inductive Loop,EXCESSIVE_INDUCTANCE_CHANGE,1753837200000,1753842646539,1754122366365,2025/07/30 01:00:00.000,2025/07/30 02:30:46.539,2025/08/02 08:12:46.365,MAX_RECALL,WO000089,PUBLIC_REPORT
DF000845,INT0086,16,8,ADVANCE,Inductive Loop,EXCESSIVE_INDUCTANCE_CHANGE,1753851600000,1753864342104,1754027372278,2025/07/30 05:00:00.000,2025/07/30 08:32:22.104,2025/08/01 05:49:32.278,MAX_RECALL,WO000845,FIELD_CREW
DF000017,INT0095,16,8,ADVANCE,Inductive Loop,OPEN_LOOP,1753860056502,1753860909206,1754287858444,2025/07/30 07:20:56.502,2025/07/30 07:35:09.206,2025/08/04 06:10:58.444,MAX_RECALL,WO000017,CONTROLLER_DIAGNOSTIC
DF000206,INT0169,14,7,ADVANCE,Inductive Loop,WATCHDOG_FAILURE,1753866000000,1753868975668,1754062143643,2025/07/30 09:00:00.000,2025/07/30 09:49:35.668,2025/08/01 15:29:03.643,MAX_RECALL,WO000206,CONTROLLER_DIAGNOSTIC
DF000119,INT0161,3,2,STOP_BAR,Inductive Loop,EXCESSIVE_INDUCTANCE_CHANGE,1753876800000,1753888020201,1754116720046,2025/07/30 12:00:00.000,2025/07/30 15:07:00.201,2025/08/02 06:38:40.046,MAX_RECALL,WO000119,CONTROLLER_DIAGNOSTIC
DF001418,INT0119,16,8,ADVANCE,Inductive Loop,EXCESSIVE_INDUCTANCE_CHANGE,1753876800000,1753879885729,1754064726929,2025/07/30 12:00:00.000,2025/07/30 12:51:25.729,2025/08/01 16:12:06.929,MAX_RECALL,WO001418,PUBLIC_REPORT
DF001252,INT0087,3,2,STOP_BAR,Inductive Loop,WATCHDOG_FAILURE,1753880400000,1753886179961,1753954282983,2025/07/30 13:00:00.000,2025/07/30 14:36:19.961,2025/07/31 09:31:22.983,MAX_RECALL,WO001252,FIELD_CREW
DF000875,INT0136,6,3,ADVANCE,Inductive Loop,WATCHDOG_FAILURE,1753938000000,1753948930213,1754201623286,2025/07/31 05:00:00.000,2025/07/31 08:02:10.213,2025/08/03 06:13:43.286,MAX_RECALL,WO000875,FIELD_CREW
DF000383,INT0086,14,7,ADVANCE,Inductive Loop,WATCHDOG_FAILURE,1753952400000,1753961162858,1754110979738,2025/07/31 09:00:00.000,2025/07/31 11:26:02.858,2025/08/02 05:02:59.738,MAX_RECALL,WO000383,CONTROLLER_DIAGNOSTIC
DF001448,INT0116,7,4,STOP_BAR,Inductive Loop,EXCESSIVE_INDUCTANCE_CHANGE,1753999200000,1754003331063,1754011395809,2025/07/31 22:00:00.000,2025/07/31 23:08:51.063,2025/08/01 01:23:15.809,MAX_RECALL,WO001448,CONTROLLER_DIAGNOSTIC
DF000150,INT0070,2,1,ADVANCE,Inductive Loop,EXCESSIVE_INDUCTANCE_CHANGE,1754035200000,1754047799805,1754354329708,2025/08/01 08:00:00.000,2025/08/01 11:29:59.805,2025/08/05 00:38:49.708,MAX_RECALL,WO000150,CONTROLLER_DIAGNOSTIC
DF000005,INT0121,8,4,ADVANCE,Inductive Loop,EXCESSIVE_INDUCTANCE_CHANGE,1754038103702,1754041004739,1754473635115,2025/08/01 08:48:23.702,2025/08/01 09:36:44.739,2025/08/06 09:47:15.115,MAX_RECALL,WO000005,CONTROLLER_DIAGNOSTIC
DF000379,INT0158,3,2,STOP_BAR,Inductive Loop,OPEN_LOOP,1754067600000,1754081855768,1754392720082,2025/08/01 17:00:00.000,2025/08/01 20:57:35.768,2025/08/05 11:18:40.082,MAX_RECALL,WO000379,CONTROLLER_DIAGNOSTIC
DF001088,INT0123,6,3,ADVANCE,Inductive Loop,EXCESSIVE_INDUCTANCE_CHANGE,1754085600000,1754089074325,1754493736259,2025/08/01 22:00:00.000,2025/08/01 22:57:54.325,2025/08/06 15:22:16.259,MAX_RECALL,WO001088,CONTROLLER_DIAGNOSTIC
DF000237,INT0061,2,1,ADVANCE,Inductive Loop,SHORTED_LOOP,1754186400000,1754196305495,1754476160891,2025/08/03 02:00:00.000,2025/08/03 04:45:05.495,2025/08/06 10:29:20.891,MAX_RECALL,WO000237,CONTROLLER_DIAGNOSTIC
DF000052,INT0072,16,8,ADVANCE,Inductive Loop,OPEN_LOOP,1754259930105,1754265122011,1754581472542,2025/08/03 22:25:30.105,2025/08/03 23:52:02.011,2025/08/07 15:44:32.542,MAX_RECALL,WO000052,CONTROLLER_DIAGNOSTIC
DF001263,INT0065,15,8,STOP_BAR,Inductive Loop,SHORTED_LOOP,1754265600000,1754275873555,1754662605457,2025/08/04 00:00:00.000,2025/08/04 02:51:13.555,2025/08/08 14:16:45.457,MAX_RECALL,WO001263,CONTROLLER_DIAGNOSTIC
DF001415,INT0156,16,8,ADVANCE,Inductive Loop,OPEN_LOOP,1754283600000,1754297179338,1754320731083,2025/08/04 05:00:00.000,2025/08/04 08:46:19.338,2025/08/04 15:18:51.083,MAX_RECALL,WO001415,CONTROLLER_DIAGNOSTIC
DF000708,INT0108,10,5,ADVANCE,Inductive Loop,SHORTED_LOOP,1754301600000,1754314824348,1754690526953,2025/08/04 10:00:00.000,2025/08/04 13:40:24.348,2025/08/08 22:02:06.953,MAX_RECALL,WO000708,CONTROLLER_DIAGNOSTIC
DF000876,INT0146,4,2,ADVANCE,Inductive Loop,OPEN_LOOP,1754312400000,1754321049708,1754443300696,2025/08/04 13:00:00.000,2025/08/04 15:24:09.708,2025/08/06 01:21:40.696,MAX_RECALL,WO000876,CONTROLLER_DIAGNOSTIC
DF001255,INT0130,11,6,STOP_BAR,Inductive Loop,SHORTED_LOOP,1754337600000,1754344927775,1754576439031,2025/08/04 20:00:00.000,2025/08/04 22:02:07.775,2025/08/07 14:20:39.031,MAX_RECALL,WO001255,CONTROLLER_DIAGNOSTIC
DF001340,INT0096,5,3,STOP_BAR,Inductive Loop,WATCHDOG_FAILURE,1754391600000,1754398322198,1754632976566,2025/08/05 11:00:00.000,2025/08/05 12:52:02.198,2025/08/08 06:02:56.566,MAX_RECALL,WO001340,CONTROLLER_DIAGNOSTIC
DF000811,INT0029,9,5,STOP_BAR,Inductive Loop,EXCESSIVE_INDUCTANCE_CHANGE,1754413200000,1754416496450,1754586392194,2025/08/05 17:00:00.000,2025/08/05 17:54:56.450,2025/08/07 17:06:32.194,MAX_RECALL,WO000811,CONTROLLER_DIAGNOSTIC
DF000027,INT0112,16,8,ADVANCE,Inductive Loop,SHORTED_LOOP,1754444815389,1754449903806,1755152107189,2025/08/06 01:46:55.389,2025/08/06 03:11:43.806,2025/08/14 06:15:07.189,MAX_RECALL,WO000027,CONTROLLER_DIAGNOSTIC
DF000865,INT0089,2,1,ADVANCE,Inductive Loop,EXCESSIVE_INDUCTANCE_CHANGE,1754449200000,1754460377888,1754728851591,2025/08/06 03:00:00.000,2025/08/06 06:06:17.888,2025/08/09 08:40:51.591,MAX_RECALL,WO000865,CONTROLLER_DIAGNOSTIC
DF001174,INT0059,9,5,STOP_BAR,Inductive Loop,WATCHDOG_FAILURE,1754460000000,1754467637628,1754691254233,2025/08/06 06:00:00.000,2025/08/06 08:07:17.628,2025/08/08 22:14:14.233,MAX_RECALL,WO001174,CONTROLLER_DIAGNOSTIC
DF001269,INT0062,8,4,ADVANCE,Inductive Loop,SHORTED_LOOP,1754474400000,1754485979323,1754893848967,2025/08/06 10:00:00.000,2025/08/06 13:12:59.323,2025/08/11 06:30:48.967,MAX_RECALL,WO001269,CONTROLLER_DIAGNOSTIC
DF001298,INT0063,11,6,STOP_BAR,Inductive Loop,WATCHDOG_FAILURE,1754535600000,1754547478893,1754723771633,2025/08/07 03:00:00.000,2025/08/07 06:17:58.893,2025/08/09 07:16:11.633,MAX_RECALL,WO001298,CONTROLLER_DIAGNOSTIC
DF000810,INT0155,2,1,ADVANCE,Inductive Loop,WATCHDOG_FAILURE,1754568000000,1754574290572,1754870736788,2025/08/07 12:00:00.000,2025/08/07 13:44:50.572,2025/08/11 00:05:36.788,MAX_RECALL,WO000810,CONTROLLER_DIAGNOSTIC
DF000624,INT0109,16,8,ADVANCE,Inductive Loop,EXCESSIVE_INDUCTANCE_CHANGE,1754575200000,1754582901124,1754660781709,2025/08/07 14:00:00.000,2025/08/07 16:08:21.124,2025/08/08 13:46:21.709,MAX_RECALL,WO000624,CONTROLLER_DIAGNOSTIC
DF000991,INT0159,6,3,ADVANCE,Inductive Loop,EXCESSIVE_INDUCTANCE_CHANGE,1754589600000,1754603442484,1754794023802,2025/08/07 18:00:00.000,2025/08/07 21:50:42.484,2025/08/10 02:47:03.802,MAX_RECALL,WO000991,CONTROLLER_DIAGNOSTIC
DF000750,INT0064,1,1,STOP_BAR,Inductive Loop,SHORTED_LOOP,1754654400000,1754655165179,1754908634438,2025/08/08 12:00:00.000,2025/08/08 12:12:45.179,2025/08/11 10:37:14.438,MAX_RECALL,WO000750,FIELD_CREW
DF001029,INT0106,7,4,STOP_BAR,Inductive Loop,OPEN_LOOP,1754740800000,1754748406466,1755142335430,2025/08/09 12:00:00.000,2025/08/09 14:06:46.466,2025/08/14 03:32:15.430,MAX_RECALL,WO001029,CONTROLLER_DIAGNOSTIC
DF000893,INT0004,7,4,STOP_BAR,Inductive Loop,WATCHDOG_FAILURE,1754744400000,1754757326587,1754976687715,2025/08/09 13:00:00.000,2025/08/09 16:35:26.587,2025/08/12 05:31:27.715,MAX_RECALL,WO000893,CONTROLLER_DIAGNOSTIC
DF000269,INT0076,14,7,ADVANCE,Inductive Loop,SHORTED_LOOP,1754773200000,1754776081281,1754785622677,2025/08/09 21:00:00.000,2025/08/09 21:48:01.281,2025/08/10 00:27:02.677,MAX_RECALL,WO000269,FIELD_CREW
DF000639,INT0089,6,3,ADVANCE,Inductive Loop,EXCESSIVE_INDUCTANCE_CHANGE,1754863200000,1754869367761,1755094881010,2025/08/10 22:00:00.000,2025/08/10 23:42:47.761,2025/08/13 14:21:21.010,MAX_RECALL,WO000639,CONTROLLER_DIAGNOSTIC
DF000319,INT0096,5,3,STOP_BAR,Inductive Loop,SHORTED_LOOP,1754899200000,1754902032854,1754971288127,2025/08/11 08:00:00.000,2025/08/11 08:47:12.854,2025/08/12 04:01:28.127,MAX_RECALL,WO000319,CONTROLLER_DIAGNOSTIC
DF000929,INT0105,14,7,ADVANCE,Inductive Loop,OPEN_LOOP,1754938800000,1754940238161,1755152455166,2025/08/11 19:00:00.000,2025/08/11 19:23:58.161,2025/08/14 06:20:55.166,MAX_RECALL,WO000929,FIELD_CREW
DF000110,INT0092,14,7,ADVANCE,Inductive Loop,OPEN_LOOP,1754946000000,1754946100721,1755334879949,2025/08/11 21:00:00.000,2025/08/11 21:01:40.721,2025/08/16 09:01:19.949,MAX_RECALL,WO000110,CONTROLLER_DIAGNOSTIC
DF000287,INT0079,14,7,ADVANCE,Inductive Loop,SHORTED_LOOP,1754985600000,1754988958036,1755033206477,2025/08/12 08:00:00.000,2025/08/12 08:55:58.036,2025/08/12 21:13:26.477,MAX_RECALL,WO000287,CONTROLLER_DIAGNOSTIC
DF001120,INT0136,6,3,ADVANCE,Inductive Loop,SHORTED_LOOP,1755086400000,1755097877510,1755118012105,2025/08/13 12:00:00.000,2025/08/13 15:11:17.510,2025/08/13 20:46:52.105,MAX_RECALL,WO001120,CONTROLLER_DIAGNOSTIC
DF000903,INT0044,1,1,STOP_BAR,Inductive Loop,EXCESSIVE_INDUCTANCE_CHANGE,1755129600000,1755133092150,1755556039325,2025/08/14 00:00:00.000,2025/08/14 00:58:12.150,2025/08/18 22:27:19.325,MAX_RECALL,WO000903,CONTROLLER_DIAGNOSTIC
DF001129,INT0100,15,8,STOP_BAR,Inductive Loop,EXCESSIVE_INDUCTANCE_CHANGE,1755180000000,1755185641256,1755499284339,2025/08/14 14:00:00.000,2025/08/14 15:34:01.256,2025/08/18 06:41:24.339,MAX_RECALL,WO001129,PUBLIC_REPORT
DF000500,INT0091,10,5,ADVANCE,Inductive Loop,OPEN_LOOP,1755248400000,1755254151188,1755459157542,2025/08/15 09:00:00.000,2025/08/15 10:35:51.188,2025/08/17 19:32:37.542,MAX_RECALL,WO000500,CONTROLLER_DIAGNOSTIC
DF000059,INT0093,4,2,ADVANCE,Inductive Loop,SHORTED_LOOP,1755252822366,1755255052677,1756069818828,2025/08/15 10:13:42.366,2025/08/15 10:50:52.677,2025/08/24 21:10:18.828,MAX_RECALL,WO000059,CONTROLLER_DIAGNOSTIC
DF000063,INT0155,4,2,ADVANCE,Inductive Loop,WATCHDOG_FAILURE,1755253658127,1755258690872,1756033953965,2025/08/15 10:27:38.127,2025/08/15 11:51:30.872,2025/08/24 11:12:33.965,MAX_RECALL,WO000063,CONTROLLER_DIAGNOSTIC
DF001055,INT0168,9,5,STOP_BAR,Inductive Loop,EXCESSIVE_INDUCTANCE_CHANGE,1755309600000,1755310485781,1755471132951,2025/08/16 02:00:00.000,2025/08/16 02:14:45.781,2025/08/17 22:52:12.951,MAX_RECALL,WO001055,CONTROLLER_DIAGNOSTIC
DF000985,INT0069,10,5,ADVANCE,Inductive Loop,EXCESSIVE_INDUCTANCE_CHANGE,1755324000000,1755338043468,1755715545703,2025/08/16 06:00:00.000,2025/08/16 09:54:03.468,2025/08/20 18:45:45.703,MAX_RECALL,WO000985,CONTROLLER_DIAGNOSTIC
DF000247,INT0006,7,4,STOP_BAR,Inductive Loop,SHORTED_LOOP,1755324000000,1755337063703,1755677554617,2025/08/16 06:00:00.000,2025/08/16 09:37:43.703,2025/08/20 08:12:34.617,MAX_RECALL,WO000247,CONTROLLER_DIAGNOSTIC
DF000857,INT0077,13,7,STOP_BAR,Inductive Loop,WATCHDOG_FAILURE,1755439200000,1755441146698,1755822285527,2025/08/17 14:00:00.000,2025/08/17 14:32:26.698,2025/08/22 00:24:45.527,MAX_RECALL,WO000857,PUBLIC_REPORT
DF000825,INT0138,9,5,STOP_BAR,Inductive Loop,SHORTED_LOOP,1755457200000,1755458964412,1755482849266,2025/08/17 19:00:00.000,2025/08/17 19:29:24.412,2025/08/18 02:07:29.266,MAX_RECALL,WO000825,PUBLIC_REPORT
DF001379,INT0100,7,4,STOP_BAR,Inductive Loop,SHORTED_LOOP,1755478800000,1755491855761,1755717140879,2025/08/18 01:00:00.000,2025/08/18 04:37:35.761,2025/08/20 19:12:20.879,MAX_RECALL,WO001379,CONTROLLER_DIAGNOSTIC
DF000877,INT0089,10,5,ADVANCE,Inductive Loop,EXCESSIVE_INDUCTANCE_CHANGE,1755522000000,1755528669621,1755579234037,2025/08/18 13:00:00.000,2025/08/18 14:51:09.621,2025/08/19 04:53:54.037,MAX_RECALL,WO000877,CONTROLLER_DIAGNOSTIC
DF001294,INT0026,12,6,ADVANCE,Inductive Loop,OPEN_LOOP,1755550800000,1755554603985,1755692222604,2025/08/18 21:00:00.000,2025/08/18 22:03:23.985,2025/08/20 12:17:02.604,MAX_RECALL,WO001294,CONTROLLER_DIAGNOSTIC
DF001354,INT0007,13,7,STOP_BAR,Inductive Loop,EXCESSIVE_INDUCTANCE_CHANGE,1755716400000,1755719458410,1756142174846,2025/08/20 19:00:00.000,2025/08/20 19:50:58.410,2025/08/25 17:16:14.846,MAX_RECALL,WO001354,CONTROLLER_DIAGNOSTIC
DF001411,INT0137,11,6,STOP_BAR,Inductive Loop,WATCHDOG_FAILURE,1755727200000,1755732389234,1755929561575,2025/08/20 22:00:00.000,2025/08/20 23:26:29.234,2025/08/23 06:12:41.575,MAX_RECALL,WO001411,CONTROLLER_DIAGNOSTIC
DF000952,INT0139,7,4,STOP_BAR,Inductive Loop,OPEN_LOOP,1755795600000,1755799844707,1755849209245,2025/08/21 17:00:00.000,2025/08/21 18:10:44.707,2025/08/22 07:53:29.245,MAX_RECALL,WO000952,FIELD_CREW
DF000241,INT0066,14,7,ADVANCE,Inductive Loop,OPEN_LOOP,1755928800000,1755932319156,1756299994675,2025/08/23 06:00:00.000,2025/08/23 06:58:39.156,2025/08/27 13:06:34.675,MAX_RECALL,WO000241,CONTROLLER_DIAGNOSTIC
DF001310,INT0084,6,3,ADVANCE,Inductive Loop,OPEN_LOOP,1755936000000,1755936722978,1756259400986,2025/08/23 08:00:00.000,2025/08/23 08:12:02.978,2025/08/27 01:50:00.986,MAX_RECALL,WO001310,PUBLIC_REPORT
DF000827,INT0065,2,1,ADVANCE,Inductive Loop,EXCESSIVE_INDUCTANCE_CHANGE,1755943200000,1755954904578,1756192094976,2025/08/23 10:00:00.000,2025/08/23 13:15:04.578,2025/08/26 07:08:14.976,MAX_RECALL,WO000827,CONTROLLER_DIAGNOSTIC
DF001023,INT0129,4,2,ADVANCE,Inductive Loop,SHORTED_LOOP,1755946800000,1755952083549,1756074459192,2025/08/23 11:00:00.000,2025/08/23 12:28:03.549,2025/08/24 22:27:39.192,MAX_RECALL,WO001023,CONTROLLER_DIAGNOSTIC
DF001096,INT0114,6,3,ADVANCE,Inductive Loop,SHORTED_LOOP,1755957600000,1755971004223,1756086077396,2025/08/23 14:00:00.000,2025/08/23 17:43:24.223,2025/08/25 01:41:17.396,MAX_RECALL,WO001096,PUBLIC_REPORT
DF000030,INT0024,4,2,ADVANCE,Inductive Loop,EXCESSIVE_INDUCTANCE_CHANGE,1755968337952,1755969847548,1756792836574,2025/08/23 16:58:57.952,2025/08/23 17:24:07.548,2025/09/02 06:00:36.574,MAX_RECALL,WO000030,CONTROLLER_DIAGNOSTIC
DF000137,INT0012,14,7,ADVANCE,Inductive Loop,EXCESSIVE_INDUCTANCE_CHANGE,1756004400000,1756016089644,1756100122965,2025/08/24 03:00:00.000,2025/08/24 06:14:49.644,2025/08/25 05:35:22.965,MAX_RECALL,WO000137,PUBLIC_REPORT
DF000080,INT0049,12,6,ADVANCE,Inductive Loop,OPEN_LOOP,1756018800000,1756031194183,1756401737766,2025/08/24 07:00:00.000,2025/08/24 10:26:34.183,2025/08/28 17:22:17.766,MAX_RECALL,WO000080,CONTROLLER_DIAGNOSTIC
DF001153,INT0066,9,5,STOP_BAR,Inductive Loop,EXCESSIVE_INDUCTANCE_CHANGE,1756047600000,1756048904286,1756445610302,2025/08/24 15:00:00.000,2025/08/24 15:21:44.286,2025/08/29 05:33:30.302,MAX_RECALL,WO001153,CONTROLLER_DIAGNOSTIC
DF000169,INT0147,15,8,STOP_BAR,Inductive Loop,EXCESSIVE_INDUCTANCE_CHANGE,1756094400000,1756104662418,1756451203645,2025/08/25 04:00:00.000,2025/08/25 06:51:02.418,2025/08/29 07:06:43.645,MAX_RECALL,WO000169,CONTROLLER_DIAGNOSTIC
DF000653,INT0041,4,2,ADVANCE,Inductive Loop,WATCHDOG_FAILURE,1756119600000,1756123035785,1756321241045,2025/08/25 11:00:00.000,2025/08/25 11:57:15.785,2025/08/27 19:00:41.045,MAX_RECALL,WO000653,FIELD_CREW
DF001193,INT0002,4,2,ADVANCE,Inductive Loop,WATCHDOG_FAILURE,1756159200000,1756173579375,1756418424898,2025/08/25 22:00:00.000,2025/08/26 01:59:39.375,2025/08/28 22:00:24.898,MAX_RECALL,WO001193,CONTROLLER_DIAGNOSTIC
DF001030,INT0018,8,4,ADVANCE,Inductive Loop,WATCHDOG_FAILURE,1756213200000,1756218253085,1756370201568,2025/08/26 13:00:00.000,2025/08/26 14:24:13.085,2025/08/28 08:36:41.568,MAX_RECALL,WO001030,CONTROLLER_DIAGNOSTIC
DF000222,INT0068,12,6,ADVANCE,Inductive Loop,WATCHDOG_FAILURE,1756249200000,1756252419931,1756374749234,2025/08/26 23:00:00.000,2025/08/26 23:53:39.931,2025/08/28 09:52:29.234,MAX_RECALL,WO000222,CONTROLLER_DIAGNOSTIC
DF000544,INT0088,14,7,ADVANCE,Inductive Loop,OPEN_LOOP,1756346400000,1756351325588,1756410486090,2025/08/28 02:00:00.000,2025/08/28 03:22:05.588,2025/08/28 19:48:06.090,MAX_RECALL,WO000544,FIELD_CREW
DF000352,INT0046,4,2,ADVANCE,Inductive Loop,SHORTED_LOOP,1756360800000,1756365202544,1756794312765,2025/08/28 06:00:00.000,2025/08/28 07:13:22.544,2025/09/02 06:25:12.765,MAX_RECALL,WO000352,FIELD_CREW
DF000435,INT0167,15,8,STOP_BAR,Inductive Loop,OPEN_LOOP,1756360800000,1756361733828,1756635159010,2025/08/28 06:00:00.000,2025/08/28 06:15:33.828,2025/08/31 10:12:39.010,MAX_RECALL,WO000435,CONTROLLER_DIAGNOSTIC
DF000566,INT0105,6,3,ADVANCE,Inductive Loop,OPEN_LOOP,1756371600000,1756374802012,1756755425979,2025/08/28 09:00:00.000,2025/08/28 09:53:22.012,2025/09/01 19:37:05.979,MAX_RECALL,WO000566,FIELD_CREW
DF000685,INT0011,13,7,STOP_BAR,Inductive Loop,WATCHDOG_FAILURE,1756447200000,1756459983985,1756845289097,2025/08/29 06:00:00.000,2025/08/29 09:33:03.985,2025/09/02 20:34:49.097,MAX_RECALL,WO000685,CONTROLLER_DIAGNOSTIC
DF000196,INT0060,11,6,STOP_BAR,Inductive Loop,EXCESSIVE_INDUCTANCE_CHANGE,1756515600000,1756522017654,1756647637021,2025/08/30 01:00:00.000,2025/08/30 02:46:57.654,2025/08/31 13:40:37.021,MAX_RECALL,WO000196,CONTROLLER_DIAGNOSTIC
DF001344,INT0091,5,3,STOP_BAR,Inductive Loop,SHORTED_LOOP,1756623600000,1756631534544,1756784628656,2025/08/31 07:00:00.000,2025/08/31 09:12:14.544,2025/09/02 03:43:48.656,MAX_RECALL,WO001344,CONTROLLER_DIAGNOSTIC
DF001214,INT0086,13,7,STOP_BAR,Inductive Loop,WATCHDOG_FAILURE,1756623600000,1756625458036,1756804875026,2025/08/31 07:00:00.000,2025/08/31 07:30:58.036,2025/09/02 09:21:15.026,MAX_RECALL,WO001214,CONTROLLER_DIAGNOSTIC
DF001202,INT0043,1,1,STOP_BAR,Inductive Loop,WATCHDOG_FAILURE,1756634400000,1756639531578,1756755416355,2025/08/31 10:00:00.000,2025/08/31 11:25:31.578,2025/09/01 19:36:56.355,MAX_RECALL,WO001202,CONTROLLER_DIAGNOSTIC
DF000727,INT0083,12,6,ADVANCE,Inductive Loop,EXCESSIVE_INDUCTANCE_CHANGE,1756638000000,1756638850493,1756735825322,2025/08/31 11:00:00.000,2025/08/31 11:14:10.493,2025/09/01 14:10:25.322,MAX_RECALL,WO000727,CONTROLLER_DIAGNOSTIC
DF000761,INT0169,1,1,STOP_BAR,Inductive Loop,WATCHDOG_FAILURE,1756648800000,1756660021689,1756938061498,2025/08/31 14:00:00.000,2025/08/31 17:07:01.689,2025/09/03 22:21:01.498,MAX_RECALL,WO000761,CONTROLLER_DIAGNOSTIC
DF001186,INT0144,11,6,STOP_BAR,Inductive Loop,EXCESSIVE_INDUCTANCE_CHANGE,1756702800000,1756714691011,1756896982882,2025/09/01 05:00:00.000,2025/09/01 08:18:11.011,2025/09/03 10:56:22.882,MAX_RECALL,WO001186,CONTROLLER_DIAGNOSTIC
DF001357,INT0023,5,3,STOP_BAR,Inductive Loop,WATCHDOG_FAILURE,1756810800000,1756811071211,1757136010781,2025/09/02 11:00:00.000,2025/09/02 11:04:31.211,2025/09/06 05:20:10.781,MAX_RECALL,WO001357,CONTROLLER_DIAGNOSTIC
DF000029,INT0146,8,4,ADVANCE,Inductive Loop,OPEN_LOOP,1756854957456,1756858477056,1757571628441,2025/09/02 23:15:57.456,2025/09/03 00:14:37.056,2025/09/11 06:20:28.441,MAX_RECALL,WO000029,CONTROLLER_DIAGNOSTIC
DF000193,INT0107,13,7,STOP_BAR,Inductive Loop,OPEN_LOOP,1756864800000,1756868531694,1757238460536,2025/09/03 02:00:00.000,2025/09/03 03:02:11.694,2025/09/07 09:47:40.536,MAX_RECALL,WO000193,CONTROLLER_DIAGNOSTIC
DF000906,INT0147,7,4,STOP_BAR,Inductive Loop,WATCHDOG_FAILURE,1756875600000,1756879903784,1756921782755,2025/09/03 05:00:00.000,2025/09/03 06:11:43.784,2025/09/03 17:49:42.755,MAX_RECALL,WO000906,FIELD_CREW
DF000061,INT0066,12,6,ADVANCE,Inductive Loop,EXCESSIVE_INDUCTANCE_CHANGE,1756890374702,1756893655917,1757636777185,2025/09/03 09:06:14.702,2025/09/03 10:00:55.917,2025/09/12 00:26:17.185,MAX_RECALL,WO000061,CONTROLLER_DIAGNOSTIC
DF000259,INT0103,1,1,STOP_BAR,Inductive Loop,OPEN_LOOP,1756900800000,1756904709710,1757050344089,2025/09/03 12:00:00.000,2025/09/03 13:05:09.710,2025/09/05 05:32:24.089,MAX_RECALL,WO000259,CONTROLLER_DIAGNOSTIC
DF001197,INT0095,6,3,ADVANCE,Inductive Loop,SHORTED_LOOP,1756944000000,1756954390050,1757270754153,2025/09/04 00:00:00.000,2025/09/04 02:53:10.050,2025/09/07 18:45:54.153,MAX_RECALL,WO001197,CONTROLLER_DIAGNOSTIC
DF000511,INT0050,11,6,STOP_BAR,Inductive Loop,WATCHDOG_FAILURE,1756947600000,1756948234080,1757247142415,2025/09/04 01:00:00.000,2025/09/04 01:10:34.080,2025/09/07 12:12:22.415,MAX_RECALL,WO000511,CONTROLLER_DIAGNOSTIC
DF000710,INT0166,15,8,STOP_BAR,Inductive Loop,OPEN_LOOP,1756954800000,1756956710570,1757341732558,2025/09/04 03:00:00.000,2025/09/04 03:31:50.570,2025/09/08 14:28:52.558,MAX_RECALL,WO000710,CONTROLLER_DIAGNOSTIC
DF000960,INT0084,1,1,STOP_BAR,Inductive Loop,OPEN_LOOP,1757005200000,1757011697399,1757232467264,2025/09/04 17:00:00.000,2025/09/04 18:48:17.399,2025/09/07 08:07:47.264,MAX_RECALL,WO000960,CONTROLLER_DIAGNOSTIC
DF000322,INT0003,15,8,STOP_BAR,Inductive Loop,SHORTED_LOOP,1757019600000,1757027604690,1757353751390,2025/09/04 21:00:00.000,2025/09/04 23:13:24.690,2025/09/08 17:49:11.390,MAX_RECALL,WO000322,FIELD_CREW
DF001395,INT0064,14,7,ADVANCE,Inductive Loop,SHORTED_LOOP,1757037600000,1757050664642,1757111612670,2025/09/05 02:00:00.000,2025/09/05 05:37:44.642,2025/09/05 22:33:32.670,MAX_RECALL,WO001395,CONTROLLER_DIAGNOSTIC
DF000464,INT0012,8,4,ADVANCE,Inductive Loop,WATCHDOG_FAILURE,1757052000000,1757065336657,1757214270556,2025/09/05 06:00:00.000,2025/09/05 09:42:16.657,2025/09/07 03:04:30.556,MAX_RECALL,WO000464,CONTROLLER_DIAGNOSTIC
DF000698,INT0070,3,2,STOP_BAR,Inductive Loop,OPEN_LOOP,1757088000000,1757098876148,1757492820733,2025/09/05 16:00:00.000,2025/09/05 19:01:16.148,2025/09/10 08:27:00.733,MAX_RECALL,WO000698,FIELD_CREW
DF001312,INT0087,16,8,ADVANCE,Inductive Loop,WATCHDOG_FAILURE,1757088000000,1757098142744,1757356639531,2025/09/05 16:00:00.000,2025/09/05 18:49:02.744,2025/09/08 18:37:19.531,MAX_RECALL,WO001312,CONTROLLER_DIAGNOSTIC
DF000477,INT0114,4,2,ADVANCE,Inductive Loop,OPEN_LOOP,1757131200000,1757136784289,1757267427333,2025/09/06 04:00:00.000,2025/09/06 05:33:04.289,2025/09/07 17:50:27.333,MAX_RECALL,WO000477,CONTROLLER_DIAGNOSTIC
DF000217,INT0131,1,1,STOP_BAR,Inductive Loop,OPEN_LOOP,1757138400000,1757144664170,1757352027194,2025/09/06 06:00:00.000,2025/09/06 07:44:24.170,2025/09/08 17:20:27.194,MAX_RECALL,WO000217,CONTROLLER_DIAGNOSTIC
DF001465,INT0065,15,8,STOP_BAR,Inductive Loop,OPEN_LOOP,1757199600000,1757201898315,1757591518573,2025/09/06 23:00:00.000,2025/09/06 23:38:18.315,2025/09/11 11:51:58.573,MAX_RECALL,WO001465,CONTROLLER_DIAGNOSTIC
DF001000,INT0161,2,1,ADVANCE,Inductive Loop,SHORTED_LOOP,1757214000000,1757226582673,1757361627887,2025/09/07 03:00:00.000,2025/09/07 06:29:42.673,2025/09/08 20:00:27.887,MAX_RECALL,WO001000,CONTROLLER_DIAGNOSTIC
DF000610,INT0039,4,2,ADVANCE,Inductive Loop,SHORTED_LOOP,1757232000000,1757242167743,1757649391559,2025/09/07 08:00:00.000,2025/09/07 10:49:27.743,2025/09/12 03:56:31.559,MAX_RECALL,WO000610,CONTROLLER_DIAGNOSTIC
DF000301,INT0103,3,2,STOP_BAR,Inductive Loop,SHORTED_LOOP,1757278800000,1757286636033,1757389422600,2025/09/07 21:00:00.000,2025/09/07 23:10:36.033,2025/09/09 03:43:42.600,MAX_RECALL,WO000301,PUBLIC_REPORT
DF000001,INT0029,16,8,ADVANCE,Inductive Loop,WATCHDOG_FAILURE,1757325617886,1757327616782,1757538084447,2025/09/08 10:00:17.886,2025/09/08 10:33:36.782,2025/09/10 21:01:24.447,MAX_RECALL,WO000001,CONTROLLER_DIAGNOSTIC
DF000617,INT0096,1,1,STOP_BAR,Inductive Loop,SHORTED_LOOP,1757390400000,1757403345725,1757710496154,2025/09/09 04:00:00.000,2025/09/09 07:35:45.725,2025/09/12 20:54:56.154,MAX_RECALL,WO000617,CONTROLLER_DIAGNOSTIC
DF000021,INT0088,16,8,ADVANCE,Inductive Loop,EXCESSIVE_INDUCTANCE_CHANGE,1757403375881,1757407666779,1758315405996,2025/09/09 07:36:15.881,2025/09/09 08:47:46.779,2025/09/19 20:56:45.996,MAX_RECALL,WO000021,CONTROLLER_DIAGNOSTIC
DF001433,INT0131,9,5,STOP_BAR,Inductive Loop,EXCESSIVE_INDUCTANCE_CHANGE,1757422800000,1757435085187,1757803353826,2025/09/09 13:00:00.000,2025/09/09 16:24:45.187,2025/09/13 22:42:33.826,MAX_RECALL,WO001433,CONTROLLER_DIAGNOSTIC
DF001242,INT0098,13,7,STOP_BAR,Inductive Loop,WATCHDOG_FAILURE,1757498400000,1757507715031,1757780284883,2025/09/10 10:00:00.000,2025/09/10 12:35:15.031,2025/09/13 16:18:04.883,MAX_RECALL,WO001242,CONTROLLER_DIAGNOSTIC
DF001472,INT0170,6,3,ADVANCE,Inductive Loop,WATCHDOG_FAILURE,1757509200000,1757516027736,1757586287432,2025/09/10 13:00:00.000,2025/09/10 14:53:47.736,2025/09/11 10:24:47.432,MAX_RECALL,WO001472,CONTROLLER_DIAGNOSTIC
DF000627,INT0057,3,2,STOP_BAR,Inductive Loop,EXCESSIVE_INDUCTANCE_CHANGE,1757548800000,1757549058063,1757817578899,2025/09/11 00:00:00.000,2025/09/11 00:04:18.063,2025/09/14 02:39:38.899,MAX_RECALL,WO000627,FIELD_CREW
DF000353,INT0072,15,8,STOP_BAR,Inductive Loop,SHORTED_LOOP,1757574000000,1757574419493,1757758150666,2025/09/11 07:00:00.000,2025/09/11 07:06:59.493,2025/09/13 10:09:10.666,MAX_RECALL,WO000353,FIELD_CREW
DF000124,INT0031,3,2,STOP_BAR,Inductive Loop,EXCESSIVE_INDUCTANCE_CHANGE,1757610000000,1757621286970,1757664927275,2025/09/11 17:00:00.000,2025/09/11 20:08:06.970,2025/09/12 08:15:27.275,MAX_RECALL,WO000124,FIELD_CREW
DF001155,INT0112,14,7,ADVANCE,Inductive Loop,OPEN_LOOP,1757613600000,1757625427743,1757683404479,2025/09/11 18:00:00.000,2025/09/11 21:17:07.743,2025/09/12 13:23:24.479,MAX_RECALL,WO001155,CONTROLLER_DIAGNOSTIC
DF000066,INT0120,8,4,ADVANCE,Inductive Loop,SHORTED_LOOP,1757623421291,1757624929503,1758104576783,2025/09/11 20:43:41.291,2025/09/11 21:08:49.503,2025/09/17 10:22:56.783,MAX_RECALL,WO000066,CONTROLLER_DIAGNOSTIC
DF001085,INT0001,5,3,STOP_BAR,Inductive Loop,OPEN_LOOP,1757689200000,1757694233392,1757867146537,2025/09/12 15:00:00.000,2025/09/12 16:23:53.392,2025/09/14 16:25:46.537,MAX_RECALL,WO001085,CONTROLLER_DIAGNOSTIC
DF001248,INT0069,10,5,ADVANCE,Inductive Loop,SHORTED_LOOP,1757714400000,1757714496815,1757982338020,2025/09/12 22:00:00.000,2025/09/12 22:01:36.815,2025/09/16 00:25:38.020,MAX_RECALL,WO001248,FIELD_CREW
DF000987,INT0005,1,1,STOP_BAR,Inductive Loop,OPEN_LOOP,1757768400000,1757774628396,1757977487930,2025/09/13 13:00:00.000,2025/09/13 14:43:48.396,2025/09/15 23:04:47.930,MAX_RECALL,WO000987,CONTROLLER_DIAGNOSTIC
DF000886,INT0053,13,7,STOP_BAR,Inductive Loop,WATCHDOG_FAILURE,1757775600000,1757786457636,1757972558149,2025/09/13 15:00:00.000,2025/09/13 18:00:57.636,2025/09/15 21:42:38.149,MAX_RECALL,WO000886,CONTROLLER_DIAGNOSTIC
DF000587,INT0116,14,7,ADVANCE,Inductive Loop,OPEN_LOOP,1757797200000,1757806755929,1757921031841,2025/09/13 21:00:00.000,2025/09/13 23:39:15.929,2025/09/15 07:23:51.841,MAX_RECALL,WO000587,CONTROLLER_DIAGNOSTIC
DF000970,INT0151,14,7,ADVANCE,Inductive Loop,EXCESSIVE_INDUCTANCE_CHANGE,1757811600000,1757820000517,1757837349030,2025/09/14 01:00:00.000,2025/09/14 03:20:00.517,2025/09/14 08:09:09.030,MAX_RECALL,WO000970,CONTROLLER_DIAGNOSTIC
DF000212,INT0035,4,2,ADVANCE,Inductive Loop,WATCHDOG_FAILURE,1757811600000,1757812883734,1757996444144,2025/09/14 01:00:00.000,2025/09/14 01:21:23.734,2025/09/16 04:20:44.144,MAX_RECALL,WO000212,CONTROLLER_DIAGNOSTIC
DF000318,INT0165,7,4,STOP_BAR,Inductive Loop,OPEN_LOOP,1757811600000,1757816505869,1758212075577,2025/09/14 01:00:00.000,2025/09/14 02:21:45.869,2025/09/18 16:14:35.577,MAX_RECALL,WO000318,CONTROLLER_DIAGNOSTIC
DF000754,INT0082,15,8,STOP_BAR,Inductive Loop,OPEN_LOOP,1757876400000,1757876988639,1758165368017,2025/09/14 19:00:00.000,2025/09/14 19:09:48.639,2025/09/18 03:16:08.017,MAX_RECALL,WO000754,CONTROLLER_DIAGNOSTIC
DF000085,INT0082,13,7,STOP_BAR,Inductive Loop,EXCESSIVE_INDUCTANCE_CHANGE,1757934000000,1757938042831,1757991035132,2025/09/15 11:00:00.000,2025/09/15 12:07:22.831,2025/09/16 02:50:35.132,MAX_RECALL,WO000085,CONTROLLER_DIAGNOSTIC
DF000041,INT0052,12,6,ADVANCE,Inductive Loop,OPEN_LOOP,1757979239902,1757980870246,1758680678006,2025/09/15 23:33:59.902,2025/09/16 00:01:10.246,2025/09/24 02:24:38.006,MAX_RECALL,WO000041,CONTROLLER_DIAGNOSTIC
DF001380,INT0169,9,5,STOP_BAR,Inductive Loop,OPEN_LOOP,1757991600000,1757992403556,1758236639160,2025/09/16 03:00:00.000,2025/09/16 03:13:23.556,2025/09/18 23:03:59.160,MAX_RECALL,WO001380,FIELD_CREW
DF000121,INT0011,16,8,ADVANCE,Inductive Loop,OPEN_LOOP,1757998800000,1758007426068,1758015336655,2025/09/16 05:00:00.000,2025/09/16 07:23:46.068,2025/09/16 09:35:36.655,MAX_RECALL,WO000121,CONTROLLER_DIAGNOSTIC
DF000446,INT0160,6,3,ADVANCE,Inductive Loop,SHORTED_LOOP,1758009600000,1758017775088,1758113069385,2025/09/16 08:00:00.000,2025/09/16 10:16:15.088,2025/09/17 12:44:29.385,MAX_RECALL,WO000446,FIELD_CREW
DF001177,INT0038,6,3,ADVANCE,Inductive Loop,OPEN_LOOP,1758038400000,1758049909026,1758092921116,2025/09/16 16:00:00.000,2025/09/16 19:11:49.026,2025/09/17 07:08:41.116,MAX_RECALL,WO001177,FIELD_CREW
DF001291,INT0016,8,4,ADVANCE,Inductive Loop,OPEN_LOOP,1758103200000,1758111120568,1758232545875,2025/09/17 10:00:00.000,2025/09/17 12:12:00.568,2025/09/18 21:55:45.875,MAX_RECALL,WO001291,PUBLIC_REPORT
DF000928,INT0170,1,1,STOP_BAR,Inductive Loop,SHORTED_LOOP,1758117600000,1758122243021,1758198284869,2025/09/17 14:00:00.000,2025/09/17 15:17:23.021,2025/09/18 12:24:44.869,MAX_RECALL,WO000928,CONTROLLER_DIAGNOSTIC
DF000924,INT0147,16,8,ADVANCE,Inductive Loop,WATCHDOG_FAILURE,1758164400000,1758170221010,1758489126787,2025/09/18 03:00:00.000,2025/09/18 04:37:01.010,2025/09/21 21:12:06.787,MAX_RECALL,WO000924,PUBLIC_REPORT
DF000572,INT0158,8,4,ADVANCE,Inductive Loop,EXCESSIVE_INDUCTANCE_CHANGE,1758232800000,1758238988105,1758608783772,2025/09/18 22:00:00.000,2025/09/18 23:43:08.105,2025/09/23 06:26:23.772,MAX_RECALL,WO000572,CONTROLLER_DIAGNOSTIC
DF000028,INT0146,16,8,ADVANCE,Inductive Loop,SHORTED_LOOP,1758332315580,1758337166041,1759118944607,2025/09/20 01:38:35.580,2025/09/20 02:59:26.041,2025/09/29 04:09:04.607,MAX_RECALL,WO000028,CONTROLLER_DIAGNOSTIC
DF000834,INT0127,10,5,ADVANCE,Inductive Loop,WATCHDOG_FAILURE,1758337200000,1758337719263,1758359972681,2025/09/20 03:00:00.000,2025/09/20 03:08:39.263,2025/09/20 09:19:32.681,MAX_RECALL,WO000834,FIELD_CREW
DF000560,INT0098,9,5,STOP_BAR,Inductive Loop,OPEN_LOOP,1758394800000,1758397358027,1758714430961,2025/09/20 19:00:00.000,2025/09/20 19:42:38.027,2025/09/24 11:47:10.961,MAX_RECALL,WO000560,CONTROLLER_DIAGNOSTIC
DF000068,INT0009,16,8,ADVANCE,Inductive Loop,OPEN_LOOP,1758405039221,1758407965879,1759083387182,2025/09/20 21:50:39.221,2025/09/20 22:39:25.879,2025/09/28 18:16:27.182,MAX_RECALL,WO000068,CONTROLLER_DIAGNOSTIC
DF000563,INT0109,4,2,ADVANCE,Inductive Loop,SHORTED_LOOP,1758416400000,1758420771066,1758843490093,2025/09/21 01:00:00.000,2025/09/21 02:12:51.066,2025/09/25 23:38:10.093,MAX_RECALL,WO000563,CONTROLLER_DIAGNOSTIC
DF000369,INT0104,7,4,STOP_BAR,Inductive Loop,SHORTED_LOOP,1758427200000,1758440770109,1758843736549,2025/09/21 04:00:00.000,2025/09/21 07:46:10.109,2025/09/25 23:42:16.549,MAX_RECALL,WO000369,CONTROLLER_DIAGNOSTIC
DF000484,INT0138,11,6,STOP_BAR,Inductive Loop,EXCESSIVE_INDUCTANCE_CHANGE,1758639600000,1758651388242,1758799098007,2025/09/23 15:00:00.000,2025/09/23 18:16:28.242,2025/09/25 11:18:18.007,MAX_RECALL,WO000484,CONTROLLER_DIAGNOSTIC
DF000880,INT0051,14,7,ADVANCE,Inductive Loop,OPEN_LOOP,1758693600000,1758700190521,1758951891246,2025/09/24 06:00:00.000,2025/09/24 07:49:50.521,2025/09/27 05:44:51.246,MAX_RECALL,WO000880,CONTROLLER_DIAGNOSTIC
DF000716,INT0035,3,2,STOP_BAR,Inductive Loop,EXCESSIVE_INDUCTANCE_CHANGE,1758708000000,1758713825817,1759029176350,2025/09/24 10:00:00.000,2025/09/24 11:37:05.817,2025/09/28 03:12:56.350,MAX_RECALL,WO000716,CONTROLLER_DIAGNOSTIC
DF000200,INT0042,9,5,STOP_BAR,Inductive Loop,EXCESSIVE_INDUCTANCE_CHANGE,1758718800000,1758729023488,1759133027689,2025/09/24 13:00:00.000,2025/09/24 15:50:23.488,2025/09/29 08:03:47.689,MAX_RECALL,WO000200,CONTROLLER_DIAGNOSTIC
DF000984,INT0161,2,1,ADVANCE,Inductive Loop,WATCHDOG_FAILURE,1758787200000,1758787597974,1758851752870,2025/09/25 08:00:00.000,2025/09/25 08:06:37.974,2025/09/26 01:55:52.870,MAX_RECALL,WO000984,CONTROLLER_DIAGNOSTIC
DF000074,INT0010,10,5,ADVANCE,Inductive Loop,EXCESSIVE_INDUCTANCE_CHANGE,1758823200000,1758824347659,1758932856326,2025/09/25 18:00:00.000,2025/09/25 18:19:07.659,2025/09/27 00:27:36.326,MAX_RECALL,WO000074,CONTROLLER_DIAGNOSTIC
DF001253,INT0065,13,7,STOP_BAR,Inductive Loop,SHORTED_LOOP,1758978000000,1758980341793,1759118785983,2025/09/27 13:00:00.000,2025/09/27 13:39:01.793,2025/09/29 04:06:25.983,MAX_RECALL,WO001253,CONTROLLER_DIAGNOSTIC
DF000641,INT0110,1,1,STOP_BAR,Inductive Loop,EXCESSIVE_INDUCTANCE_CHANGE,1758992400000,1759004991120,1759186977865,2025/09/27 17:00:00.000,2025/09/27 20:29:51.120,2025/09/29 23:02:57.865,MAX_RECALL,WO000641,CONTROLLER_DIAGNOSTIC
DF000962,INT0048,2,1,ADVANCE,Inductive Loop,OPEN_LOOP,1759024800000,1759037107721,1759184760735,2025/09/28 02:00:00.000,2025/09/28 05:25:07.721,2025/09/29 22:26:00.735,MAX_RECALL,WO000962,CONTROLLER_DIAGNOSTIC
DF000942,INT0035,13,7,STOP_BAR,Inductive Loop,SHORTED_LOOP,1759032000000,1759035176154,1759099194570,2025/09/28 04:00:00.000,2025/09/28 04:52:56.154,2025/09/28 22:39:54.570,MAX_RECALL,WO000942,FIELD_CREW
DF000662,INT0113,16,8,ADVANCE,Inductive Loop,EXCESSIVE_INDUCTANCE_CHANGE,1759042800000,1759050541960,1759420596776,2025/09/28 07:00:00.000,2025/09/28 09:09:01.960,2025/10/02 15:56:36.776,MAX_RECALL,WO000662,CONTROLLER_DIAGNOSTIC
DF001086,INT0007,11,6,STOP_BAR,Inductive Loop,SHORTED_LOOP,1759107600000,1759117172847,1759507581258,2025/09/29 01:00:00.000,2025/09/29 03:39:32.847,2025/10/03 16:06:21.258,MAX_RECALL,WO001086,CONTROLLER_DIAGNOSTIC
DF000748,INT0037,7,4,STOP_BAR,Inductive Loop,EXCESSIVE_INDUCTANCE_CHANGE,1759118400000,1759130891906,1759208214567,2025/09/29 04:00:00.000,2025/09/29 07:28:11.906,2025/09/30 04:56:54.567,MAX_RECALL,WO000748,CONTROLLER_DIAGNOSTIC
DF000647,INT0144,7,4,STOP_BAR,Inductive Loop,SHORTED_LOOP,1759154400000,1759157977768,1759350217312,2025/09/29 14:00:00.000,2025/09/29 14:59:37.768,2025/10/01 20:23:37.312,MAX_RECALL,WO000647,CONTROLLER_DIAGNOSTIC
DF000584,INT0031,6,3,ADVANCE,Inductive Loop,SHORTED_LOOP,1759165200000,1759171095866,1759335022127,2025/09/29 17:00:00.000,2025/09/29 18:38:15.866,2025/10/01 16:10:22.127,MAX_RECALL,WO000584,FIELD_CREW
DF001449,INT0017,11,6,STOP_BAR,Inductive Loop,OPEN_LOOP,1759190400000,1759203897709,1759301833943,2025/09/30 00:00:00.000,2025/09/30 03:44:57.709,2025/10/01 06:57:13.943,MAX_RECALL,WO001449,FIELD_CREW
DF001293,INT0163,15,8,STOP_BAR,Inductive Loop,WATCHDOG_FAILURE,1759194000000,1759197295397,1759514282454,2025/09/30 01:00:00.000,2025/09/30 01:54:55.397,2025/10/03 17:58:02.454,MAX_RECALL,WO001293,CONTROLLER_DIAGNOSTIC
DF000955,INT0079,16,8,ADVANCE,Inductive Loop,EXCESSIVE_INDUCTANCE_CHANGE,1759201200000,1759201377775,1759602286804,2025/09/30 03:00:00.000,2025/09/30 03:02:57.775,2025/10/04 18:24:46.804,MAX_RECALL,WO000955,FIELD_CREW
DF000011,INT0036,4,2,ADVANCE,Inductive Loop,EXCESSIVE_INDUCTANCE_CHANGE,1759212067201,1759216815434,1759741200226,2025/09/30 06:01:07.201,2025/09/30 07:20:15.434,2025/10/06 09:00:00.226,MAX_RECALL,WO000011,CONTROLLER_DIAGNOSTIC
DF000830,INT0106,16,8,ADVANCE,Inductive Loop,EXCESSIVE_INDUCTANCE_CHANGE,1759280400000,1759282986209,1759433022460,2025/10/01 01:00:00.000,2025/10/01 01:43:06.209,2025/10/02 19:23:42.460,MAX_RECALL,WO000830,CONTROLLER_DIAGNOSTIC
DF001122,INT0105,7,4,STOP_BAR,Inductive Loop,EXCESSIVE_INDUCTANCE_CHANGE,1759345200000,1759346961793,1759720105708,2025/10/01 19:00:00.000,2025/10/01 19:29:21.793,2025/10/06 03:08:25.708,MAX_RECALL,WO001122,FIELD_CREW
DF001358,INT0024,4,2,ADVANCE,Inductive Loop,SHORTED_LOOP,1759377600000,1759380531273,1759649333886,2025/10/02 04:00:00.000,2025/10/02 04:48:51.273,2025/10/05 07:28:53.886,MAX_RECALL,WO001358,CONTROLLER_DIAGNOSTIC
DF001426,INT0046,3,2,STOP_BAR,Inductive Loop,WATCHDOG_FAILURE,1759410000000,1759414190871,1759757744227,2025/10/02 13:00:00.000,2025/10/02 14:09:50.871,2025/10/06 13:35:44.227,MAX_RECALL,WO001426,CONTROLLER_DIAGNOSTIC
DF000404,INT0047,9,5,STOP_BAR,Inductive Loop,WATCHDOG_FAILURE,1759431600000,1759439769511,1759476441196,2025/10/02 19:00:00.000,2025/10/02 21:16:09.511,2025/10/03 07:27:21.196,MAX_RECALL,WO000404,FIELD_CREW
DF000371,INT0037,1,1,STOP_BAR,Inductive Loop,WATCHDOG_FAILURE,1759453200000,1759458537563,1759550484828,2025/10/03 01:00:00.000,2025/10/03 02:28:57.563,2025/10/04 04:01:24.828,MAX_RECALL,WO000371,CONTROLLER_DIAGNOSTIC
DF000302,INT0060,6,3,ADVANCE,Inductive Loop,EXCESSIVE_INDUCTANCE_CHANGE,1759568400000,1759571256224,1759682675763,2025/10/04 09:00:00.000,2025/10/04 09:47:36.224,2025/10/05 16:44:35.763,MAX_RECALL,WO000302,CONTROLLER_DIAGNOSTIC
DF000419,INT0110,11,6,STOP_BAR,Inductive Loop,EXCESSIVE_INDUCTANCE_CHANGE,1759579200000,1759587900574,1759876000955,2025/10/04 12:00:00.000,2025/10/04 14:25:00.574,2025/10/07 22:26:40.955,MAX_RECALL,WO000419,CONTROLLER_DIAGNOSTIC
DF000523,INT0144,8,4,ADVANCE,Inductive Loop,WATCHDOG_FAILURE,1759604400000,1759615041217,1759754507759,2025/10/04 19:00:00.000,2025/10/04 21:57:21.217,2025/10/06 12:41:47.759,MAX_RECALL,WO000523,CONTROLLER_DIAGNOSTIC
DF001031,INT0107,16,8,ADVANCE,Inductive Loop,WATCHDOG_FAILURE,1759644000000,1759644657613,1759830739988,2025/10/05 06:00:00.000,2025/10/05 06:10:57.613,2025/10/07 09:52:19.988,MAX_RECALL,WO001031,CONTROLLER_DIAGNOSTIC
DF001326,INT0126,5,3,STOP_BAR,Inductive Loop,SHORTED_LOOP,1759759200000,1759761906662,1759873048388,2025/10/06 14:00:00.000,2025/10/06 14:45:06.662,2025/10/07 21:37:28.388,MAX_RECALL,WO001326,PUBLIC_REPORT
DF000336,INT0114,6,3,ADVANCE,Inductive Loop,EXCESSIVE_INDUCTANCE_CHANGE,1759788000000,1759791399622,1760125762541,2025/10/06 22:00:00.000,2025/10/06 22:56:39.622,2025/10/10 19:49:22.541,MAX_RECALL,WO000336,PUBLIC_REPORT
DF001150,INT0045,12,6,ADVANCE,Inductive Loop,EXCESSIVE_INDUCTANCE_CHANGE,1759827600000,1759830945580,1759886142001,2025/10/07 09:00:00.000,2025/10/07 09:55:45.580,2025/10/08 01:15:42.001,MAX_RECALL,WO001150,CONTROLLER_DIAGNOSTIC
DF000143,INT0100,8,4,ADVANCE,Inductive Loop,OPEN_LOOP,1759870800000,1759880237289,1760023225661,2025/10/07 21:00:00.000,2025/10/07 23:37:17.289,2025/10/09 15:20:25.661,MAX_RECALL,WO000143,CONTROLLER_DIAGNOSTIC
DF000210,INT0162,2,1,ADVANCE,Inductive Loop,EXCESSIVE_INDUCTANCE_CHANGE,1759870800000,1759879223076,1760196920710,2025/10/07 21:00:00.000,2025/10/07 23:20:23.076,2025/10/11 15:35:20.710,MAX_RECALL,WO000210,CONTROLLER_DIAGNOSTIC
DF001015,INT0093,2,1,ADVANCE,Inductive Loop,EXCESSIVE_INDUCTANCE_CHANGE,1759874400000,1759878614763,1760145216762,2025/10/07 22:00:00.000,2025/10/07 23:10:14.763,2025/10/11 01:13:36.762,MAX_RECALL,WO001015,PUBLIC_REPORT
DF001332,INT0119,7,4,STOP_BAR,Inductive Loop,WATCHDOG_FAILURE,1759910400000,1759910894477,1760156132950,2025/10/08 08:00:00.000,2025/10/08 08:08:14.477,2025/10/11 04:15:32.950,MAX_RECALL,WO001332,CONTROLLER_DIAGNOSTIC
DF000577,INT0136,13,7,STOP_BAR,Inductive Loop,WATCHDOG_FAILURE,1759917600000,1759931766581,1760328431009,2025/10/08 10:00:00.000,2025/10/08 13:56:06.581,2025/10/13 04:07:11.009,MAX_RECALL,WO000577,CONTROLLER_DIAGNOSTIC
DF000966,INT0097,15,8,STOP_BAR,Inductive Loop,EXCESSIVE_INDUCTANCE_CHANGE,1759989600000,1760000956449,1760040211514,2025/10/09 06:00:00.000,2025/10/09 09:09:16.449,2025/10/09 20:03:31.514,MAX_RECALL,WO000966,CONTROLLER_DIAGNOSTIC
DF001001,INT0082,3,2,STOP_BAR,Inductive Loop,EXCESSIVE_INDUCTANCE_CHANGE,1760007600000,1760014799109,1760161415960,2025/10/09 11:00:00.000,2025/10/09 12:59:59.109,2025/10/11 05:43:35.960,MAX_RECALL,WO001001,FIELD_CREW
DF001106,INT0088,8,4,ADVANCE,Inductive Loop,OPEN_LOOP,1760007600000,1760017506224,1760366268805,2025/10/09 11:00:00.000,2025/10/09 13:45:06.224,2025/10/13 14:37:48.805,MAX_RECALL,WO001106,CONTROLLER_DIAGNOSTIC
DF000555,INT0104,13,7,STOP_BAR,Inductive Loop,OPEN_LOOP,1760097600000,1760108619882,1760529083981,2025/10/10 12:00:00.000,2025/10/10 15:03:39.882,2025/10/15 11:51:23.981,MAX_RECALL,WO000555,CONTROLLER_DIAGNOSTIC
DF001364,INT0043,12,6,ADVANCE,Inductive Loop,WATCHDOG_FAILURE,1760137200000,1760138562317,1760563054470,2025/10/10 23:00:00.000,2025/10/10 23:22:42.317,2025/10/15 21:17:34.470,MAX_RECALL,WO001364,CONTROLLER_DIAGNOSTIC
DF000490,INT0037,2,1,ADVANCE,Inductive Loop,WATCHDOG_FAILURE,1760158800000,1760161210323,1760175701918,2025/10/11 05:00:00.000,2025/10/11 05:40:10.323,2025/10/11 09:41:41.918,MAX_RECALL,WO000490,CONTROLLER_DIAGNOSTIC
DF001361,INT0154,6,3,ADVANCE,Inductive Loop,SHORTED_LOOP,1760166000000,1760168795975,1760594715401,2025/10/11 07:00:00.000,2025/10/11 07:46:35.975,2025/10/16 06:05:15.401,MAX_RECALL,WO001361,CONTROLLER_DIAGNOSTIC
DF000961,INT0116,4,2,ADVANCE,Inductive Loop,WATCHDOG_FAILURE,1760202000000,1760203259077,1760363472724,2025/10/11 17:00:00.000,2025/10/11 17:20:59.077,2025/10/13 13:51:12.724,MAX_RECALL,WO000961,CONTROLLER_DIAGNOSTIC
DF000476,INT0122,8,4,ADVANCE,Inductive Loop,OPEN_LOOP,1760216400000,1760227818046,1760463368533,2025/10/11 21:00:00.000,2025/10/12 00:10:18.046,2025/10/14 17:36:08.533,MAX_RECALL,WO000476,FIELD_CREW
DF000103,INT0140,6,3,ADVANCE,Inductive Loop,SHORTED_LOOP,1760356800000,1760363816238,1760415194672,2025/10/13 12:00:00.000,2025/10/13 13:56:56.238,2025/10/14 04:13:14.672,MAX_RECALL,WO000103,CONTROLLER_DIAGNOSTIC
DF000908,INT0083,12,6,ADVANCE,Inductive Loop,SHORTED_LOOP,1760374800000,1760381737899,1760433529280,2025/10/13 17:00:00.000,2025/10/13 18:55:37.899,2025/10/14 09:18:49.280,MAX_RECALL,WO000908,CONTROLLER_DIAGNOSTIC
DF000973,INT0104,4,2,ADVANCE,Inductive Loop,WATCHDOG_FAILURE,1760385600000,1760391030127,1760405023204,2025/10/13 20:00:00.000,2025/10/13 21:30:30.127,2025/10/14 01:23:43.204,MAX_RECALL,WO000973,CONTROLLER_DIAGNOSTIC
DF000083,INT0114,3,2,STOP_BAR,Inductive Loop,SHORTED_LOOP,1760479200000,1760480921382,1760520908904,2025/10/14 22:00:00.000,2025/10/14 22:28:41.382,2025/10/15 09:35:08.904,MAX_RECALL,WO000083,CONTROLLER_DIAGNOSTIC
DF000388,INT0044,14,7,ADVANCE,Inductive Loop,WATCHDOG_FAILURE,1760522400000,1760528320678,1760929434771,2025/10/15 10:00:00.000,2025/10/15 11:38:40.678,2025/10/20 03:03:54.771,MAX_RECALL,WO000388,CONTROLLER_DIAGNOSTIC
DF000744,INT0038,14,7,ADVANCE,Inductive Loop,EXCESSIVE_INDUCTANCE_CHANGE,1760529600000,1760534982646,1760918658723,2025/10/15 12:00:00.000,2025/10/15 13:29:42.646,2025/10/20 00:04:18.723,MAX_RECALL,WO000744,CONTROLLER_DIAGNOSTIC
DF000231,INT0082,6,3,ADVANCE,Inductive Loop,EXCESSIVE_INDUCTANCE_CHANGE,1760536800000,1760544018503,1760562706079,2025/10/15 14:00:00.000,2025/10/15 16:00:18.503,2025/10/15 21:11:46.079,MAX_RECALL,WO000231,FIELD_CREW
DF000258,INT0096,15,8,STOP_BAR,Inductive Loop,WATCHDOG_FAILURE,1760554800000,1760567090396,1760758500550,2025/10/15 19:00:00.000,2025/10/15 22:24:50.396,2025/10/18 03:35:00.550,MAX_RECALL,WO000258,CONTROLLER_DIAGNOSTIC
DF000311,INT0040,16,8,ADVANCE,Inductive Loop,WATCHDOG_FAILURE,1760637600000,1760648631749,1760832644227,2025/10/16 18:00:00.000,2025/10/16 21:03:51.749,2025/10/19 00:10:44.227,MAX_RECALL,WO000311,CONTROLLER_DIAGNOSTIC
DF000271,INT0117,8,4,ADVANCE,Inductive Loop,WATCHDOG_FAILURE,1760695200000,1760702795361,1760839050957,2025/10/17 10:00:00.000,2025/10/17 12:06:35.361,2025/10/19 01:57:30.957,MAX_RECALL,WO000271,CONTROLLER_DIAGNOSTIC
DF001423,INT0020,10,5,ADVANCE,Inductive Loop,SHORTED_LOOP,1760713200000,1760720252287,1760967642494,2025/10/17 15:00:00.000,2025/10/17 16:57:32.287,2025/10/20 13:40:42.494,MAX_RECALL,WO001423,CONTROLLER_DIAGNOSTIC
DF001346,INT0154,2,1,ADVANCE,Inductive Loop,OPEN_LOOP,1760752800000,1760761910414,1760961954066,2025/10/18 02:00:00.000,2025/10/18 04:31:50.414,2025/10/20 12:05:54.066,MAX_RECALL,WO001346,PUBLIC_REPORT
DF001205,INT0126,14,7,ADVANCE,Inductive Loop,WATCHDOG_FAILURE,1760752800000,1760758172292,1761042242142,2025/10/18 02:00:00.000,2025/10/18 03:29:32.292,2025/10/21 10:24:02.142,MAX_RECALL,WO001205,CONTROLLER_DIAGNOSTIC
DF000394,INT0060,7,4,STOP_BAR,Inductive Loop,EXCESSIVE_INDUCTANCE_CHANGE,1760756400000,1760770421646,1761153143130,2025/10/18 03:00:00.000,2025/10/18 06:53:41.646,2025/10/22 17:12:23.130,MAX_RECALL,WO000394,CONTROLLER_DIAGNOSTIC
DF000711,INT0049,1,1,STOP_BAR,Inductive Loop,OPEN_LOOP,1760756400000,1760758245168,1760887508011,2025/10/18 03:00:00.000,2025/10/18 03:30:45.168,2025/10/19 15:25:08.011,MAX_RECALL,WO000711,CONTROLLER_DIAGNOSTIC
DF000039,INT0089,4,2,ADVANCE,Inductive Loop,OPEN_LOOP,1760899459995,1760903543370,1761207135206,2025/10/19 18:44:19.995,2025/10/19 19:52:23.370,2025/10/23 08:12:15.206,MAX_RECALL,WO000039,CONTROLLER_DIAGNOSTIC
DF000838,INT0065,12,6,ADVANCE,Inductive Loop,OPEN_LOOP,1760907600000,1760920761222,1761091153247,2025/10/19 21:00:00.000,2025/10/20 00:39:21.222,2025/10/21 23:59:13.247,MAX_RECALL,WO000838,CONTROLLER_DIAGNOSTIC
DF001017,INT0041,7,4,STOP_BAR,Inductive Loop,OPEN_LOOP,1760961600000,1760971684013,1760997439556,2025/10/20 12:00:00.000,2025/10/20 14:48:04.013,2025/10/20 21:57:19.556,MAX_RECALL,WO001017,CONTROLLER_DIAGNOSTIC
DF001009,INT0165,13,7,STOP_BAR,Inductive Loop,EXCESSIVE_INDUCTANCE_CHANGE,1761069600000,1761071115735,1761245328882,2025/10/21 18:00:00.000,2025/10/21 18:25:15.735,2025/10/23 18:48:48.882,MAX_RECALL,WO001009,CONTROLLER_DIAGNOSTIC
DF000967,INT0097,14,7,ADVANCE,Inductive Loop,SHORTED_LOOP,1761166800000,1761170062565,1761175483228,2025/10/22 21:00:00.000,2025/10/22 21:54:22.565,2025/10/22 23:24:43.228,MAX_RECALL,WO000967,CONTROLLER_DIAGNOSTIC
DF000558,INT0021,14,7,ADVANCE,Inductive Loop,SHORTED_LOOP,1761177600000,1761185498430,1761503935214,2025/10/23 00:00:00.000,2025/10/23 02:11:38.430,2025/10/26 18:38:55.214,MAX_RECALL,WO000558,CONTROLLER_DIAGNOSTIC
DF000593,INT0033,1,1,STOP_BAR,Inductive Loop,SHORTED_LOOP,1761195600000,1761207242723,1761340361911,2025/10/23 05:00:00.000,2025/10/23 08:14:02.723,2025/10/24 21:12:41.911,MAX_RECALL,WO000593,CONTROLLER_DIAGNOSTIC
DF000057,INT0107,4,2,ADVANCE,Inductive Loop,SHORTED_LOOP,1761358860427,1761362528917,1761873969760,2025/10/25 02:21:00.427,2025/10/25 03:22:08.917,2025/10/31 01:26:09.760,MAX_RECALL,WO000057,CONTROLLER_DIAGNOSTIC
DF000007,INT0039,8,4,ADVANCE,Inductive Loop,SHORTED_LOOP,1761451008350,1761453926458,1762027254984,2025/10/26 03:56:48.350,2025/10/26 04:45:26.458,2025/11/01 20:00:54.984,MAX_RECALL,WO000007,CONTROLLER_DIAGNOSTIC
DF001187,INT0012,4,2,ADVANCE,Inductive Loop,OPEN_LOOP,1761454800000,1761458236469,1761579755959,2025/10/26 05:00:00.000,2025/10/26 05:57:16.469,2025/10/27 15:42:35.959,MAX_RECALL,WO001187,FIELD_CREW
DF000179,INT0081,13,7,STOP_BAR,Inductive Loop,WATCHDOG_FAILURE,1761465600000,1761473300589,1761578116234,2025/10/26 08:00:00.000,2025/10/26 10:08:20.589,2025/10/27 15:15:16.234,MAX_RECALL,WO000179,FIELD_CREW
DF000513,INT0126,8,4,ADVANCE,Inductive Loop,EXCESSIVE_INDUCTANCE_CHANGE,1761555600000,1761558095184,1761730392676,2025/10/27 09:00:00.000,2025/10/27 09:41:35.184,2025/10/29 09:33:12.676,MAX_RECALL,WO000513,CONTROLLER_DIAGNOSTIC
DF001123,INT0150,13,7,STOP_BAR,Inductive Loop,WATCHDOG_FAILURE,1761562800000,1761576474936,1761806057483,2025/10/27 11:00:00.000,2025/10/27 14:47:54.936,2025/10/30 06:34:17.483,MAX_RECALL,WO001123,CONTROLLER_DIAGNOSTIC
DF000701,INT0096,6,3,ADVANCE,Inductive Loop,EXCESSIVE_INDUCTANCE_CHANGE,1761616800000,1761622091689,1762018379540,2025/10/28 02:00:00.000,2025/10/28 03:28:11.689,2025/11/01 17:32:59.540,MAX_RECALL,WO000701,FIELD_CREW
DF000108,INT0137,12,6,ADVANCE,Inductive Loop,WATCHDOG_FAILURE,1761670800000,1761678373047,1761936329679,2025/10/28 17:00:00.000,2025/10/28 19:06:13.047,2025/10/31 18:45:29.679,MAX_RECALL,WO000108,FIELD_CREW
DF000428,INT0019,4,2,ADVANCE,Inductive Loop,SHORTED_LOOP,1761757200000,1761768375643,1761942647427,2025/10/29 17:00:00.000,2025/10/29 20:06:15.643,2025/10/31 20:30:47.427,MAX_RECALL,WO000428,CONTROLLER_DIAGNOSTIC
DF000529,INT0049,11,6,STOP_BAR,Inductive Loop,SHORTED_LOOP,1761760800000,1761770915402,1762084833351,2025/10/29 18:00:00.000,2025/10/29 20:48:35.402,2025/11/02 12:00:33.351,MAX_RECALL,WO000529,CONTROLLER_DIAGNOSTIC
DF000788,INT0049,9,5,STOP_BAR,Inductive Loop,OPEN_LOOP,1761930000000,1761940686078,1762305762376,2025/10/31 17:00:00.000,2025/10/31 19:58:06.078,2025/11/05 01:22:42.376,MAX_RECALL,WO000788,CONTROLLER_DIAGNOSTIC
DF001330,INT0082,13,7,STOP_BAR,Inductive Loop,OPEN_LOOP,1761966000000,1761974927164,1762186908290,2025/11/01 03:00:00.000,2025/11/01 05:28:47.164,2025/11/03 16:21:48.290,MAX_RECALL,WO001330,CONTROLLER_DIAGNOSTIC
DF000957,INT0162,6,3,ADVANCE,Inductive Loop,WATCHDOG_FAILURE,1762142400000,1762144374344,1762185522967,2025/11/03 04:00:00.000,2025/11/03 04:32:54.344,2025/11/03 15:58:42.967,MAX_RECALL,WO000957,CONTROLLER_DIAGNOSTIC
DF001383,INT0140,9,5,STOP_BAR,Inductive Loop,WATCHDOG_FAILURE,1762203600000,1762207491295,1762344824647,2025/11/03 21:00:00.000,2025/11/03 22:04:51.295,2025/11/05 12:13:44.647,MAX_RECALL,WO001383,FIELD_CREW
DF001025,INT0104,3,2,STOP_BAR,Inductive Loop,EXCESSIVE_INDUCTANCE_CHANGE,1762228800000,1762229242833,1762468724922,2025/11/04 04:00:00.000,2025/11/04 04:07:22.833,2025/11/06 22:38:44.922,MAX_RECALL,WO001025,PUBLIC_REPORT
DF000180,INT0047,3,2,STOP_BAR,Inductive Loop,OPEN_LOOP,1762261200000,1762274211338,1762542315024,2025/11/04 13:00:00.000,2025/11/04 16:36:51.338,2025/11/07 19:05:15.024,MAX_RECALL,WO000180,CONTROLLER_DIAGNOSTIC
DF000554,INT0077,3,2,STOP_BAR,Inductive Loop,OPEN_LOOP,1762326000000,1762333940846,1762654828740,2025/11/05 07:00:00.000,2025/11/05 09:12:20.846,2025/11/09 02:20:28.740,MAX_RECALL,WO000554,FIELD_CREW
DF001356,INT0101,13,7,STOP_BAR,Inductive Loop,OPEN_LOOP,1762372800000,1762379663395,1762734140832,2025/11/05 20:00:00.000,2025/11/05 21:54:23.395,2025/11/10 00:22:20.832,MAX_RECALL,WO001356,PUBLIC_REPORT
DF000728,INT0141,9,5,STOP_BAR,Inductive Loop,WATCHDOG_FAILURE,1762383600000,1762391373852,1762710823725,2025/11/05 23:00:00.000,2025/11/06 01:09:33.852,2025/11/09 17:53:43.725,MAX_RECALL,WO000728,CONTROLLER_DIAGNOSTIC
DF000158,INT0038,16,8,ADVANCE,Inductive Loop,EXCESSIVE_INDUCTANCE_CHANGE,1762401600000,1762413138152,1762533331185,2025/11/06 04:00:00.000,2025/11/06 07:12:18.152,2025/11/07 16:35:31.185,MAX_RECALL,WO000158,CONTROLLER_DIAGNOSTIC
DF001229,INT0142,15,8,STOP_BAR,Inductive Loop,WATCHDOG_FAILURE,1762405200000,1762413198742,1762421369877,2025/11/06 05:00:00.000,2025/11/06 07:13:18.742,2025/11/06 09:29:29.877,MAX_RECALL,WO001229,CONTROLLER_DIAGNOSTIC
DF000964,INT0148,14,7,ADVANCE,Inductive Loop,WATCHDOG_FAILURE,1762437600000,1762449984150,1762545614302,2025/11/06 14:00:00.000,2025/11/06 17:26:24.150,2025/11/07 20:00:14.302,MAX_RECALL,WO000964,CONTROLLER_DIAGNOSTIC
DF000243,INT0037,3,2,STOP_BAR,Inductive Loop,SHORTED_LOOP,1762495200000,1762500233895,1762847553385,2025/11/07 06:00:00.000,2025/11/07 07:23:53.895,2025/11/11 07:52:33.385,MAX_RECALL,WO000243,FIELD_CREW
DF000670,INT0014,15,8,STOP_BAR,Inductive Loop,WATCHDOG_FAILURE,1762682400000,1762691883442,1762742524882,2025/11/09 10:00:00.000,2025/11/09 12:38:03.442,2025/11/10 02:42:04.882,MAX_RECALL,WO000670,CONTROLLER_DIAGNOSTIC
DF001323,INT0113,3,2,STOP_BAR,Inductive Loop,WATCHDOG_FAILURE,1762750800000,1762764388098,1763170376903,2025/11/10 05:00:00.000,2025/11/10 08:46:28.098,2025/11/15 01:32:56.903,MAX_RECALL,WO001323,FIELD_CREW
DF000678,INT0088,4,2,ADVANCE,Inductive Loop,EXCESSIVE_INDUCTANCE_CHANGE,1762790400000,1762803559733,1762943569703,2025/11/10 16:00:00.000,2025/11/10 19:39:19.733,2025/11/12 10:32:49.703,MAX_RECALL,WO000678,CONTROLLER_DIAGNOSTIC
DF001262,INT0016,15,8,STOP_BAR,Inductive Loop,EXCESSIVE_INDUCTANCE_CHANGE,1762801200000,1762812338621,1762971769775,2025/11/10 19:00:00.000,2025/11/10 22:05:38.621,2025/11/12 18:22:49.775,MAX_RECALL,WO001262,CONTROLLER_DIAGNOSTIC
DF001430,INT0015,15,8,STOP_BAR,Inductive Loop,EXCESSIVE_INDUCTANCE_CHANGE,1762833600000,1762834462835,1762872404254,2025/11/11 04:00:00.000,2025/11/11 04:14:22.835,2025/11/11 14:46:44.254,MAX_RECALL,WO001430,PUBLIC_REPORT
DF000140,INT0125,7,4,STOP_BAR,Inductive Loop,EXCESSIVE_INDUCTANCE_CHANGE,1762837200000,1762843001115,1763034643903,2025/11/11 05:00:00.000,2025/11/11 06:36:41.115,2025/11/13 11:50:43.903,MAX_RECALL,WO000140,CONTROLLER_DIAGNOSTIC
DF000983,INT0123,4,2,ADVANCE,Inductive Loop,EXCESSIVE_INDUCTANCE_CHANGE,1762840800000,1762845053863,1763241908399,2025/11/11 06:00:00.000,2025/11/11 07:10:53.863,2025/11/15 21:25:08.399,MAX_RECALL,WO000983,CONTROLLER_DIAGNOSTIC
DF001250,INT0124,15,8,STOP_BAR,Inductive Loop,OPEN_LOOP,1762848000000,1762860449821,1763041668540,2025/11/11 08:00:00.000,2025/11/11 11:27:29.821,2025/11/13 13:47:48.540,MAX_RECALL,WO001250,CONTROLLER_DIAGNOSTIC
DF000182,INT0161,1,1,STOP_BAR,Inductive Loop,WATCHDOG_FAILURE,1762876800000,1762885537330,1763013658016,2025/11/11 16:00:00.000,2025/11/11 18:25:37.330,2025/11/13 06:00:58.016,MAX_RECALL,WO000182,CONTROLLER_DIAGNOSTIC
DF001453,INT0062,14,7,ADVANCE,Inductive Loop,SHORTED_LOOP,1762992000000,1762999008319,1763098853060,2025/11/13 00:00:00.000,2025/11/13 01:56:48.319,2025/11/14 05:40:53.060,MAX_RECALL,WO001453,CONTROLLER_DIAGNOSTIC
DF000656,INT0157,15,8,STOP_BAR,Inductive Loop,OPEN_LOOP,1763013600000,1763027116674,1763366071700,2025/11/13 06:00:00.000,2025/11/13 09:45:16.674,2025/11/17 07:54:31.700,MAX_RECALL,WO000656,CONTROLLER_DIAGNOSTIC
DF001324,INT0023,8,4,ADVANCE,Inductive Loop,OPEN_LOOP,1763013600000,1763026038154,1763132293883,2025/11/13 06:00:00.000,2025/11/13 09:27:18.154,2025/11/14 14:58:13.883,MAX_RECALL,WO001324,CONTROLLER_DIAGNOSTIC
DF000126,INT0148,7,4,STOP_BAR,Inductive Loop,WATCHDOG_FAILURE,1763053200000,1763056112009,1763395226298,2025/11/13 17:00:00.000,2025/11/13 17:48:32.009,2025/11/17 16:00:26.298,MAX_RECALL,WO000126,CONTROLLER_DIAGNOSTIC
DF000151,INT0025,4,2,ADVANCE,Inductive Loop,OPEN_LOOP,1763064000000,1763074757225,1763461637530,2025/11/13 20:00:00.000,2025/11/13 22:59:17.225,2025/11/18 10:27:17.530,MAX_RECALL,WO000151,PUBLIC_REPORT
DF001168,INT0061,12,6,ADVANCE,Inductive Loop,OPEN_LOOP,1763064000000,1763066952393,1763363135417,2025/11/13 20:00:00.000,2025/11/13 20:49:12.393,2025/11/17 07:05:35.417,MAX_RECALL,WO001168,PUBLIC_REPORT
DF001128,INT0015,15,8,STOP_BAR,Inductive Loop,EXCESSIVE_INDUCTANCE_CHANGE,1763071200000,1763083290379,1763361304768,2025/11/13 22:00:00.000,2025/11/14 01:21:30.379,2025/11/17 06:35:04.768,MAX_RECALL,WO001128,CONTROLLER_DIAGNOSTIC
DF000003,INT0110,16,8,ADVANCE,Inductive Loop,EXCESSIVE_INDUCTANCE_CHANGE,1763088387242,1763090520466,1763740745465,2025/11/14 02:46:27.242,2025/11/14 03:22:00.466,2025/11/21 15:59:05.465,MAX_RECALL,WO000003,CONTROLLER_DIAGNOSTIC
DF000675,INT0087,14,7,ADVANCE,Inductive Loop,OPEN_LOOP,1763107200000,1763116583427,1763411580648,2025/11/14 08:00:00.000,2025/11/14 10:36:23.427,2025/11/17 20:33:00.648,MAX_RECALL,WO000675,CONTROLLER_DIAGNOSTIC
DF001139,INT0063,13,7,STOP_BAR,Inductive Loop,WATCHDOG_FAILURE,1763150400000,1763152356631,1763580188915,2025/11/14 20:00:00.000,2025/11/14 20:32:36.631,2025/11/19 19:23:08.915,MAX_RECALL,WO001139,CONTROLLER_DIAGNOSTIC
DF000692,INT0122,13,7,STOP_BAR,Inductive Loop,EXCESSIVE_INDUCTANCE_CHANGE,1763305200000,1763315586751,1763672432064,2025/11/16 15:00:00.000,2025/11/16 17:53:06.751,2025/11/20 21:00:32.064,MAX_RECALL,WO000692,CONTROLLER_DIAGNOSTIC
DF000743,INT0017,13,7,STOP_BAR,Inductive Loop,SHORTED_LOOP,1763305200000,1763317419709,1763324098029,2025/11/16 15:00:00.000,2025/11/16 18:23:39.709,2025/11/16 20:14:58.029,MAX_RECALL,WO000743,CONTROLLER_DIAGNOSTIC
DF001438,INT0115,3,2,STOP_BAR,Inductive Loop,SHORTED_LOOP,1763316000000,1763325609228,1763504444076,2025/11/16 18:00:00.000,2025/11/16 20:40:09.228,2025/11/18 22:20:44.076,MAX_RECALL,WO001438,PUBLIC_REPORT
DF001408,INT0143,13,7,STOP_BAR,Inductive Loop,OPEN_LOOP,1763355600000,1763361713414,1763410633409,2025/11/17 05:00:00.000,2025/11/17 06:41:53.414,2025/11/17 20:17:13.409,MAX_RECALL,WO001408,FIELD_CREW
DF001127,INT0145,16,8,ADVANCE,Inductive Loop,WATCHDOG_FAILURE,1763402400000,1763405049348,1763468508839,2025/11/17 18:00:00.000,2025/11/17 18:44:09.348,2025/11/18 12:21:48.839,MAX_RECALL,WO001127,FIELD_CREW
DF001050,INT0026,3,2,STOP_BAR,Inductive Loop,WATCHDOG_FAILURE,1763449200000,1763453001452,1763849226486,2025/11/18 07:00:00.000,2025/11/18 08:03:21.452,2025/11/22 22:07:06.486,MAX_RECALL,WO001050,FIELD_CREW
DF000658,INT0139,6,3,ADVANCE,Inductive Loop,EXCESSIVE_INDUCTANCE_CHANGE,1763478000000,1763489590888,1763546135393,2025/11/18 15:00:00.000,2025/11/18 18:13:10.888,2025/11/19 09:55:35.393,MAX_RECALL,WO000658,CONTROLLER_DIAGNOSTIC
DF001104,INT0127,1,1,STOP_BAR,Inductive Loop,EXCESSIVE_INDUCTANCE_CHANGE,1763481600000,1763484854121,1763603144265,2025/11/18 16:00:00.000,2025/11/18 16:54:14.121,2025/11/20 01:45:44.265,MAX_RECALL,WO001104,CONTROLLER_DIAGNOSTIC
DF001391,INT0015,1,1,STOP_BAR,Inductive Loop,EXCESSIVE_INDUCTANCE_CHANGE,1763488800000,1763496012282,1763638630071,2025/11/18 18:00:00.000,2025/11/18 20:00:12.282,2025/11/20 11:37:10.071,MAX_RECALL,WO001391,CONTROLLER_DIAGNOSTIC
DF000706,INT0087,10,5,ADVANCE,Inductive Loop,EXCESSIVE_INDUCTANCE_CHANGE,1763517600000,1763520290592,1763780896470,2025/11/19 02:00:00.000,2025/11/19 02:44:50.592,2025/11/22 03:08:16.470,MAX_RECALL,WO000706,CONTROLLER_DIAGNOSTIC
DF000992,INT0026,16,8,ADVANCE,Inductive Loop,OPEN_LOOP,1763654400000,1763660904657,1763693932138,2025/11/20 16:00:00.000,2025/11/20 17:48:24.657,2025/11/21 02:58:52.138,MAX_RECALL,WO000992,CONTROLLER_DIAGNOSTIC
DF001091,INT0009,10,5,ADVANCE,Inductive Loop,SHORTED_LOOP,1763694000000,1763707540190,1764091402586,2025/11/21 03:00:00.000,2025/11/21 06:45:40.190,2025/11/25 17:23:22.586,MAX_RECALL,WO001091,FIELD_CREW
DF000278,INT0010,3,2,STOP_BAR,Inductive Loop,OPEN_LOOP,1763726400000,1763734203594,1764120692205,2025/11/21 12:00:00.000,2025/11/21 14:10:03.594,2025/11/26 01:31:32.205,MAX_RECALL,WO000278,FIELD_CREW
DF001060,INT0157,11,6,STOP_BAR,Inductive Loop,SHORTED_LOOP,1763751600000,1763758102951,1764065756076,2025/11/21 19:00:00.000,2025/11/21 20:48:22.951,2025/11/25 10:15:56.076,MAX_RECALL,WO001060,CONTROLLER_DIAGNOSTIC
DF000056,INT0094,4,2,ADVANCE,Inductive Loop,OPEN_LOOP,1763755523409,1763760767136,1764380954448,2025/11/21 20:05:23.409,2025/11/21 21:32:47.136,2025/11/29 01:49:14.448,MAX_RECALL,WO000056,CONTROLLER_DIAGNOSTIC
DF000974,INT0071,15,8,STOP_BAR,Inductive Loop,WATCHDOG_FAILURE,1763866800000,1763878141451,1763922247036,2025/11/23 03:00:00.000,2025/11/23 06:09:01.451,2025/11/23 18:24:07.036,MAX_RECALL,WO000974,CONTROLLER_DIAGNOSTIC
DF001107,INT0049,8,4,ADVANCE,Inductive Loop,SHORTED_LOOP,1763899200000,1763911145706,1763937294634,2025/11/23 12:00:00.000,2025/11/23 15:19:05.706,2025/11/23 22:34:54.634,MAX_RECALL,WO001107,CONTROLLER_DIAGNOSTIC
DF000215,INT0160,3,2,STOP_BAR,Inductive Loop,WATCHDOG_FAILURE,1763913600000,1763917394379,1764165520125,2025/11/23 16:00:00.000,2025/11/23 17:03:14.379,2025/11/26 13:58:40.125,MAX_RECALL,WO000215,CONTROLLER_DIAGNOSTIC
DF000806,INT0163,13,7,STOP_BAR,Inductive Loop,EXCESSIVE_INDUCTANCE_CHANGE,1763974800000,1763981556064,1764312605179,2025/11/24 09:00:00.000,2025/11/24 10:52:36.064,2025/11/28 06:50:05.179,MAX_RECALL,WO000806,CONTROLLER_DIAGNOSTIC
DF000650,INT0015,8,4,ADVANCE,Inductive Loop,SHORTED_LOOP,1764032400000,1764037174964,1764439174379,2025/11/25 01:00:00.000,2025/11/25 02:19:34.964,2025/11/29 17:59:34.379,MAX_RECALL,WO000650,CONTROLLER_DIAGNOSTIC
DF001286,INT0131,10,5,ADVANCE,Inductive Loop,WATCHDOG_FAILURE,1764068400000,1764078849784,1764333256056,2025/11/25 11:00:00.000,2025/11/25 13:54:09.784,2025/11/28 12:34:16.056,MAX_RECALL,WO001286,CONTROLLER_DIAGNOSTIC
DF001445,INT0009,15,8,STOP_BAR,Inductive Loop,WATCHDOG_FAILURE,1764093600000,1764100251259,1764169492474,2025/11/25 18:00:00.000,2025/11/25 19:50:51.259,2025/11/26 15:04:52.474,MAX_RECALL,WO001445,FIELD_CREW
DF000795,INT0047,9,5,STOP_BAR,Inductive Loop,SHORTED_LOOP,1764115200000,1764116278284,1764138006330,2025/11/26 00:00:00.000,2025/11/26 00:17:58.284,2025/11/26 06:20:06.330,MAX_RECALL,WO000795,FIELD_CREW
DF000306,INT0082,4,2,ADVANCE,Inductive Loop,SHORTED_LOOP,1764140400000,1764149598549,1764244938630,2025/11/26 07:00:00.000,2025/11/26 09:33:18.549,2025/11/27 12:02:18.630,MAX_RECALL,WO000306,PUBLIC_REPORT
DF001201,INT0096,6,3,ADVANCE,Inductive Loop,WATCHDOG_FAILURE,1764176400000,1764180386808,1764571880961,2025/11/26 17:00:00.000,2025/11/26 18:06:26.808,2025/12/01 06:51:20.961,MAX_RECALL,WO001201,CONTROLLER_DIAGNOSTIC
DF000695,INT0170,1,1,STOP_BAR,Inductive Loop,EXCESSIVE_INDUCTANCE_CHANGE,1764230400000,1764233889027,1764313780119,2025/11/27 08:00:00.000,2025/11/27 08:58:09.027,2025/11/28 07:09:40.119,MAX_RECALL,WO000695,FIELD_CREW
DF000201,INT0053,15,8,STOP_BAR,Inductive Loop,WATCHDOG_FAILURE,1764302400000,1764304457896,1764468168616,2025/11/28 04:00:00.000,2025/11/28 04:34:17.896,2025/11/30 02:02:48.616,MAX_RECALL,WO000201,CONTROLLER_DIAGNOSTIC
DF000092,INT0136,4,2,ADVANCE,Inductive Loop,EXCESSIVE_INDUCTANCE_CHANGE,1764331200000,1764335274846,1764696208528,2025/11/28 12:00:00.000,2025/11/28 13:07:54.846,2025/12/02 17:23:28.528,MAX_RECALL,WO000092,PUBLIC_REPORT
DF001046,INT0132,1,1,STOP_BAR,Inductive Loop,OPEN_LOOP,1764334800000,1764343405492,1764720470104,2025/11/28 13:00:00.000,2025/11/28 15:23:25.492,2025/12/03 00:07:50.104,MAX_RECALL,WO001046,CONTROLLER_DIAGNOSTIC
DF000199,INT0159,2,1,ADVANCE,Inductive Loop,SHORTED_LOOP,1764410400000,1764419204269,1764616386996,2025/11/29 10:00:00.000,2025/11/29 12:26:44.269,2025/12/01 19:13:06.996,MAX_RECALL,WO000199,CONTROLLER_DIAGNOSTIC
DF001206,INT0168,13,7,STOP_BAR,Inductive Loop,SHORTED_LOOP,1764410400000,1764416999310,1764519987792,2025/11/29 10:00:00.000,2025/11/29 11:49:59.310,2025/11/30 16:26:27.792,MAX_RECALL,WO001206,CONTROLLER_DIAGNOSTIC
DF001228,INT0129,15,8,STOP_BAR,Inductive Loop,WATCHDOG_FAILURE,1764486000000,1764497192140,1764846267303,2025/11/30 07:00:00.000,2025/11/30 10:06:32.140,2025/12/04 11:04:27.303,MAX_RECALL,WO001228,CONTROLLER_DIAGNOSTIC
DF000263,INT0157,4,2,ADVANCE,Inductive Loop,SHORTED_LOOP,1764504000000,1764511888119,1764831538611,2025/11/30 12:00:00.000,2025/11/30 14:11:28.119,2025/12/04 06:58:58.611,MAX_RECALL,WO000263,CONTROLLER_DIAGNOSTIC
DF000854,INT0030,6,3,ADVANCE,Inductive Loop,SHORTED_LOOP,1764507600000,1764515004580,1764874237106,2025/11/30 13:00:00.000,2025/11/30 15:03:24.580,2025/12/04 18:50:37.106,MAX_RECALL,WO000854,CONTROLLER_DIAGNOSTIC
DF001398,INT0015,10,5,ADVANCE,Inductive Loop,OPEN_LOOP,1764529200000,1764539252415,1764561273273,2025/11/30 19:00:00.000,2025/11/30 21:47:32.415,2025/12/01 03:54:33.273,MAX_RECALL,WO001398,CONTROLLER_DIAGNOSTIC
DF001355,INT0168,15,8,STOP_BAR,Inductive Loop,SHORTED_LOOP,1764619200000,1764633567069,1764899344126,2025/12/01 20:00:00.000,2025/12/01 23:59:27.069,2025/12/05 01:49:04.126,MAX_RECALL,WO001355,CONTROLLER_DIAGNOSTIC
DF000878,INT0001,3,2,STOP_BAR,Inductive Loop,SHORTED_LOOP,1764626400000,1764627964039,1764888406451,2025/12/01 22:00:00.000,2025/12/01 22:26:04.039,2025/12/04 22:46:46.451,MAX_RECALL,WO000878,PUBLIC_REPORT
DF000499,INT0035,5,3,STOP_BAR,Inductive Loop,OPEN_LOOP,1764633600000,1764642401258,1765052572840,2025/12/02 00:00:00.000,2025/12/02 02:26:41.258,2025/12/06 20:22:52.840,MAX_RECALL,WO000499,CONTROLLER_DIAGNOSTIC
DF000958,INT0071,3,2,STOP_BAR,Inductive Loop,WATCHDOG_FAILURE,1764640800000,1764641269182,1764946688066,2025/12/02 02:00:00.000,2025/12/02 02:07:49.182,2025/12/05 14:58:08.066,MAX_RECALL,WO000958,FIELD_CREW
DF000606,INT0145,1,1,STOP_BAR,Inductive Loop,OPEN_LOOP,1764651600000,1764664419600,1764785057826,2025/12/02 05:00:00.000,2025/12/02 08:33:39.600,2025/12/03 18:04:17.826,MAX_RECALL,WO000606,FIELD_CREW
DF001173,INT0052,5,3,STOP_BAR,Inductive Loop,EXCESSIVE_INDUCTANCE_CHANGE,1764694800000,1764703414049,1764921632963,2025/12/02 17:00:00.000,2025/12/02 19:23:34.049,2025/12/05 08:00:32.963,MAX_RECALL,WO001173,CONTROLLER_DIAGNOSTIC
DF000694,INT0154,3,2,STOP_BAR,Inductive Loop,OPEN_LOOP,1764698400000,1764705710848,1764913924114,2025/12/02 18:00:00.000,2025/12/02 20:01:50.848,2025/12/05 05:52:04.114,MAX_RECALL,WO000694,CONTROLLER_DIAGNOSTIC
DF000888,INT0150,5,3,STOP_BAR,Inductive Loop,OPEN_LOOP,1764702000000,1764709157557,1764875940897,2025/12/02 19:00:00.000,2025/12/02 20:59:17.557,2025/12/04 19:19:00.897,MAX_RECALL,WO000888,PUBLIC_REPORT
DF000420,INT0105,7,4,STOP_BAR,Inductive Loop,EXCESSIVE_INDUCTANCE_CHANGE,1764788400000,1764790983604,1765107676756,2025/12/03 19:00:00.000,2025/12/03 19:43:03.604,2025/12/07 11:41:16.756,MAX_RECALL,WO000420,CONTROLLER_DIAGNOSTIC
DF000591,INT0121,4,2,ADVANCE,Inductive Loop,OPEN_LOOP,1764885600000,1764894078581,1765279737675,2025/12/04 22:00:00.000,2025/12/05 00:21:18.581,2025/12/09 11:28:57.675,MAX_RECALL,WO000591,FIELD_CREW
DF000867,INT0052,9,5,STOP_BAR,Inductive Loop,OPEN_LOOP,1764954000000,1764955264279,1765263557255,2025/12/05 17:00:00.000,2025/12/05 17:21:04.279,2025/12/09 06:59:17.255,MAX_RECALL,WO000867,PUBLIC_REPORT
DF000043,INT0093,4,2,ADVANCE,Inductive Loop,OPEN_LOOP,1764964102922,1764968183470,1765947639629,2025/12/05 19:48:22.922,2025/12/05 20:56:23.470,2025/12/17 05:00:39.629,MAX_RECALL,WO000043,CONTROLLER_DIAGNOSTIC
DF000885,INT0073,2,1,ADVANCE,Inductive Loop,SHORTED_LOOP,1765029600000,1765040040787,1765360108657,2025/12/06 14:00:00.000,2025/12/06 16:54:00.787,2025/12/10 09:48:28.657,MAX_RECALL,WO000885,CONTROLLER_DIAGNOSTIC
DF000776,INT0042,8,4,ADVANCE,Inductive Loop,SHORTED_LOOP,1765134000000,1765140071130,1765515337622,2025/12/07 19:00:00.000,2025/12/07 20:41:11.130,2025/12/12 04:55:37.622,MAX_RECALL,WO000776,PUBLIC_REPORT
DF001032,INT0105,5,3,STOP_BAR,Inductive Loop,EXCESSIVE_INDUCTANCE_CHANGE,1765206000000,1765212349977,1765515360127,2025/12/08 15:00:00.000,2025/12/08 16:45:49.977,2025/12/12 04:56:00.127,MAX_RECALL,WO001032,CONTROLLER_DIAGNOSTIC
DF000590,INT0058,16,8,ADVANCE,Inductive Loop,SHORTED_LOOP,1765281600000,1765294276964,1765386777410,2025/12/09 12:00:00.000,2025/12/09 15:31:16.964,2025/12/10 17:12:57.410,MAX_RECALL,WO000590,FIELD_CREW
DF000869,INT0087,3,2,STOP_BAR,Inductive Loop,WATCHDOG_FAILURE,1765335600000,1765335877852,1765650369191,2025/12/10 03:00:00.000,2025/12/10 03:04:37.852,2025/12/13 18:26:09.191,MAX_RECALL,WO000869,CONTROLLER_DIAGNOSTIC
DF001254,INT0005,2,1,ADVANCE,Inductive Loop,SHORTED_LOOP,1765425600000,1765428585983,1765647040935,2025/12/11 04:00:00.000,2025/12/11 04:49:45.983,2025/12/13 17:30:40.935,MAX_RECALL,WO001254,CONTROLLER_DIAGNOSTIC
DF000509,INT0130,4,2,ADVANCE,Inductive Loop,OPEN_LOOP,1765432800000,1765447101387,1765873344801,2025/12/11 06:00:00.000,2025/12/11 09:58:21.387,2025/12/16 08:22:24.801,MAX_RECALL,WO000509,FIELD_CREW
DF000759,INT0051,13,7,STOP_BAR,Inductive Loop,EXCESSIVE_INDUCTANCE_CHANGE,1765526400000,1765530993319,1765606164593,2025/12/12 08:00:00.000,2025/12/12 09:16:33.319,2025/12/13 06:09:24.593,MAX_RECALL,WO000759,CONTROLLER_DIAGNOSTIC
DF000741,INT0063,11,6,STOP_BAR,Inductive Loop,WATCHDOG_FAILURE,1765555200000,1765568742715,1765738077632,2025/12/12 16:00:00.000,2025/12/12 19:45:42.715,2025/12/14 18:47:57.632,MAX_RECALL,WO000741,CONTROLLER_DIAGNOSTIC
DF000779,INT0132,8,4,ADVANCE,Inductive Loop,WATCHDOG_FAILURE,1765569600000,1765582380544,1765799521039,2025/12/12 20:00:00.000,2025/12/12 23:33:00.544,2025/12/15 11:52:01.039,MAX_RECALL,WO000779,CONTROLLER_DIAGNOSTIC
DF000686,INT0131,7,4,STOP_BAR,Inductive Loop,EXCESSIVE_INDUCTANCE_CHANGE,1765612800000,1765622416717,1765729582460,2025/12/13 08:00:00.000,2025/12/13 10:40:16.717,2025/12/14 16:26:22.460,MAX_RECALL,WO000686,CONTROLLER_DIAGNOSTIC
DF000562,INT0020,10,5,ADVANCE,Inductive Loop,WATCHDOG_FAILURE,1765630800000,1765644265839,1765913312756,2025/12/13 13:00:00.000,2025/12/13 16:44:25.839,2025/12/16 19:28:32.756,MAX_RECALL,WO000562,CONTROLLER_DIAGNOSTIC
DF000430,INT0035,11,6,STOP_BAR,Inductive Loop,SHORTED_LOOP,1765641600000,1765655563375,1766062402592,2025/12/13 16:00:00.000,2025/12/13 19:52:43.375,2025/12/18 12:53:22.592,MAX_RECALL,WO000430,FIELD_CREW
DF001059,INT0080,14,7,ADVANCE,Inductive Loop,EXCESSIVE_INDUCTANCE_CHANGE,1765710000000,1765717376710,1765983491289,2025/12/14 11:00:00.000,2025/12/14 13:02:56.710,2025/12/17 14:58:11.289,MAX_RECALL,WO001059,CONTROLLER_DIAGNOSTIC
DF001208,INT0063,6,3,ADVANCE,Inductive Loop,WATCHDOG_FAILURE,1765728000000,1765740583044,1765828089041,2025/12/14 16:00:00.000,2025/12/14 19:29:43.044,2025/12/15 19:48:09.041,MAX_RECALL,WO001208,CONTROLLER_DIAGNOSTIC
DF000917,INT0105,7,4,STOP_BAR,Inductive Loop,OPEN_LOOP,1765800000000,1765811813526,1766132244203,2025/12/15 12:00:00.000,2025/12/15 15:16:53.526,2025/12/19 08:17:24.203,MAX_RECALL,WO000917,CONTROLLER_DIAGNOSTIC
DF001022,INT0091,7,4,STOP_BAR,Inductive Loop,OPEN_LOOP,1765814400000,1765828745966,1766191486819,2025/12/15 16:00:00.000,2025/12/15 19:59:05.966,2025/12/20 00:44:46.819,MAX_RECALL,WO001022,CONTROLLER_DIAGNOSTIC
DF000793,INT0047,2,1,ADVANCE,Inductive Loop,EXCESSIVE_INDUCTANCE_CHANGE,1765828800000,1765836288664,1766208049390,2025/12/15 20:00:00.000,2025/12/15 22:04:48.664,2025/12/20 05:20:49.390,MAX_RECALL,WO000793,CONTROLLER_DIAGNOSTIC
DF001389,INT0006,15,8,STOP_BAR,Inductive Loop,OPEN_LOOP,1765915200000,1765922461303,1766122130943,2025/12/16 20:00:00.000,2025/12/16 22:01:01.303,2025/12/19 05:28:50.943,MAX_RECALL,WO001389,CONTROLLER_DIAGNOSTIC
DF001444,INT0063,4,2,ADVANCE,Inductive Loop,EXCESSIVE_INDUCTANCE_CHANGE,1765936800000,1765945063075,1765992242633,2025/12/17 02:00:00.000,2025/12/17 04:17:43.075,2025/12/17 17:24:02.633,MAX_RECALL,WO001444,CONTROLLER_DIAGNOSTIC
DF000283,INT0042,7,4,STOP_BAR,Inductive Loop,WATCHDOG_FAILURE,1766016000000,1766018806291,1766243644955,2025/12/18 00:00:00.000,2025/12/18 00:46:46.291,2025/12/20 15:14:04.955,MAX_RECALL,WO000283,PUBLIC_REPORT
DF001285,INT0040,7,4,STOP_BAR,Inductive Loop,EXCESSIVE_INDUCTANCE_CHANGE,1766019600000,1766029892699,1766127184178,2025/12/18 01:00:00.000,2025/12/18 03:51:32.699,2025/12/19 06:53:04.178,MAX_RECALL,WO001285,PUBLIC_REPORT
DF000155,INT0124,13,7,STOP_BAR,Inductive Loop,EXCESSIVE_INDUCTANCE_CHANGE,1766149200000,1766161115839,1766508239911,2025/12/19 13:00:00.000,2025/12/19 16:18:35.839,2025/12/23 16:43:59.911,MAX_RECALL,WO000155,CONTROLLER_DIAGNOSTIC
DF000132,INT0069,15,8,STOP_BAR,Inductive Loop,OPEN_LOOP,1766196000000,1766199647653,1766499561649,2025/12/20 02:00:00.000,2025/12/20 03:00:47.653,2025/12/23 14:19:21.649,MAX_RECALL,WO000132,CONTROLLER_DIAGNOSTIC
DF001257,INT0150,9,5,STOP_BAR,Inductive Loop,EXCESSIVE_INDUCTANCE_CHANGE,1766214000000,1766216965848,1766340094829,2025/12/20 07:00:00.000,2025/12/20 07:49:25.848,2025/12/21 18:01:34.829,MAX_RECALL,WO001257,CONTROLLER_DIAGNOSTIC
DF000768,INT0034,9,5,STOP_BAR,Inductive Loop,OPEN_LOOP,1766242800000,1766247484871,1766395648570,2025/12/20 15:00:00.000,2025/12/20 16:18:04.871,2025/12/22 09:27:28.570,MAX_RECALL,WO000768,CONTROLLER_DIAGNOSTIC
DF000526,INT0006,14,7,ADVANCE,Inductive Loop,OPEN_LOOP,1766278800000,1766280374164,1766331691879,2025/12/21 01:00:00.000,2025/12/21 01:26:14.164,2025/12/21 15:41:31.879,MAX_RECALL,WO000526,CONTROLLER_DIAGNOSTIC
DF001073,INT0077,11,6,STOP_BAR,Inductive Loop,EXCESSIVE_INDUCTANCE_CHANGE,1766300400000,1766305716134,1766663158576,2025/12/21 07:00:00.000,2025/12/21 08:28:36.134,2025/12/25 11:45:58.576,MAX_RECALL,WO001073,CONTROLLER_DIAGNOSTIC
DF000530,INT0042,7,4,STOP_BAR,Inductive Loop,SHORTED_LOOP,1766350800000,1766357046114,1766379587291,2025/12/21 21:00:00.000,2025/12/21 22:44:06.114,2025/12/22 04:59:47.291,MAX_RECALL,WO000530,PUBLIC_REPORT
DF000682,INT0141,5,3,STOP_BAR,Inductive Loop,EXCESSIVE_INDUCTANCE_CHANGE,1766350800000,1766361711262,1766398834542,2025/12/21 21:00:00.000,2025/12/22 00:01:51.262,2025/12/22 10:20:34.542,MAX_RECALL,WO000682,CONTROLLER_DIAGNOSTIC
DF001256,INT0104,5,3,STOP_BAR,Inductive Loop,EXCESSIVE_INDUCTANCE_CHANGE,1766368800000,1766381650150,1766783423427,2025/12/22 02:00:00.000,2025/12/22 05:34:10.150,2025/12/26 21:10:23.427,MAX_RECALL,WO001256,CONTROLLER_DIAGNOSTIC
DF001282,INT0101,13,7,STOP_BAR,Inductive Loop,OPEN_LOOP,1766419200000,1766432562034,1766821588309,2025/12/22 16:00:00.000,2025/12/22 19:42:42.034,2025/12/27 07:46:28.309,MAX_RECALL,WO001282,PUBLIC_REPORT
DF001375,INT0128,10,5,ADVANCE,Inductive Loop,OPEN_LOOP,1766419200000,1766421239939,1766464541475,2025/12/22 16:00:00.000,2025/12/22 16:33:59.939,2025/12/23 04:35:41.475,MAX_RECALL,WO001375,FIELD_CREW
DF000058,INT0053,8,4,ADVANCE,Inductive Loop,EXCESSIVE_INDUCTANCE_CHANGE,1766436758619,1766437094559,1766861037076,2025/12/22 20:52:38.619,2025/12/22 20:58:14.559,2025/12/27 18:43:57.076,MAX_RECALL,WO000058,CONTROLLER_DIAGNOSTIC
DF000631,INT0035,2,1,ADVANCE,Inductive Loop,EXCESSIVE_INDUCTANCE_CHANGE,1766527200000,1766530589165,1766948899243,2025/12/23 22:00:00.000,2025/12/23 22:56:29.165,2025/12/28 19:08:19.243,MAX_RECALL,WO000631,CONTROLLER_DIAGNOSTIC
DF001099,INT0018,5,3,STOP_BAR,Inductive Loop,OPEN_LOOP,1766541600000,1766546855442,1766977237876,2025/12/24 02:00:00.000,2025/12/24 03:27:35.442,2025/12/29 03:00:37.876,MAX_RECALL,WO001099,FIELD_CREW
DF000411,INT0012,11,6,STOP_BAR,Inductive Loop,EXCESSIVE_INDUCTANCE_CHANGE,1766563200000,1766576243385,1766720468668,2025/12/24 08:00:00.000,2025/12/24 11:37:23.385,2025/12/26 03:41:08.668,MAX_RECALL,WO000411,CONTROLLER_DIAGNOSTIC
DF000443,INT0112,1,1,STOP_BAR,Inductive Loop,EXCESSIVE_INDUCTANCE_CHANGE,1766620800000,1766627099466,1766828211628,2025/12/25 00:00:00.000,2025/12/25 01:44:59.466,2025/12/27 09:36:51.628,MAX_RECALL,WO000443,CONTROLLER_DIAGNOSTIC
DF000101,INT0027,14,7,ADVANCE,Inductive Loop,EXCESSIVE_INDUCTANCE_CHANGE,1766664000000,1766667063755,1766904992259,2025/12/25 12:00:00.000,2025/12/25 12:51:03.755,2025/12/28 06:56:32.259,MAX_RECALL,WO000101,CONTROLLER_DIAGNOSTIC
DF000667,INT0010,16,8,ADVANCE,Inductive Loop,EXCESSIVE_INDUCTANCE_CHANGE,1766750400000,1766762862142,1767051362729,2025/12/26 12:00:00.000,2025/12/26 15:27:42.142,2025/12/29 23:36:02.729,MAX_RECALL,WO000667,CONTROLLER_DIAGNOSTIC
DF000620,INT0084,12,6,ADVANCE,Inductive Loop,OPEN_LOOP,1766779200000,1766780590313,1766999831377,2025/12/26 20:00:00.000,2025/12/26 20:23:10.313,2025/12/29 09:17:11.377,MAX_RECALL,WO000620,CONTROLLER_DIAGNOSTIC
DF000947,INT0146,1,1,STOP_BAR,Inductive Loop,SHORTED_LOOP,1766790000000,1766790446322,1766976445322,2025/12/26 23:00:00.000,2025/12/26 23:07:26.322,2025/12/29 02:47:25.322,MAX_RECALL,WO000947,CONTROLLER_DIAGNOSTIC
DF000166,INT0168,6,3,ADVANCE,Inductive Loop,EXCESSIVE_INDUCTANCE_CHANGE,1766804400000,1766808672546,1767033435886,2025/12/27 03:00:00.000,2025/12/27 04:11:12.546,2025/12/29 18:37:15.886,MAX_RECALL,WO000166,CONTROLLER_DIAGNOSTIC
DF001304,INT0042,3,2,STOP_BAR,Inductive Loop,WATCHDOG_FAILURE,1766851200000,1766864691312,1767274245339,2025/12/27 16:00:00.000,2025/12/27 19:44:51.312,2026/01/01 13:30:45.339,MAX_RECALL,WO001304,CONTROLLER_DIAGNOSTIC
DF000257,INT0116,14,7,ADVANCE,Inductive Loop,OPEN_LOOP,1766883600000,1766887078855,1766915827567,2025/12/28 01:00:00.000,2025/12/28 01:57:58.855,2025/12/28 09:57:07.567,MAX_RECALL,WO000257,CONTROLLER_DIAGNOSTIC
DF000346,INT0015,2,1,ADVANCE,Inductive Loop,EXCESSIVE_INDUCTANCE_CHANGE,1766887200000,1766890576800,1766984741225,2025/12/28 02:00:00.000,2025/12/28 02:56:16.800,2025/12/29 05:05:41.225,MAX_RECALL,WO000346,CONTROLLER_DIAGNOSTIC
DF001092,INT0022,11,6,STOP_BAR,Inductive Loop,SHORTED_LOOP,1766919600000,1766933431759,1766941118151,2025/12/28 11:00:00.000,2025/12/28 14:50:31.759,2025/12/28 16:58:38.151,MAX_RECALL,WO001092,CONTROLLER_DIAGNOSTIC
DF001195,INT0083,6,3,ADVANCE,Inductive Loop,OPEN_LOOP,1766926800000,1766938399704,1767169875188,2025/12/28 13:00:00.000,2025/12/28 16:13:19.704,2025/12/31 08:31:15.188,MAX_RECALL,WO001195,CONTROLLER_DIAGNOSTIC
DF000307,INT0123,15,8,STOP_BAR,Inductive Loop,EXCESSIVE_INDUCTANCE_CHANGE,1766948400000,1766961695698,1767010051714,2025/12/28 19:00:00.000,2025/12/28 22:41:35.698,2025/12/29 12:07:31.714,MAX_RECALL,WO000307,CONTROLLER_DIAGNOSTIC
DF000176,INT0022,1,1,STOP_BAR,Inductive Loop,OPEN_LOOP,1767009600000,1767014228166,1767311610404,2025/12/29 12:00:00.000,2025/12/29 13:17:08.166,2026/01/01 23:53:30.404,MAX_RECALL,WO000176,CONTROLLER_DIAGNOSTIC
DF000350,INT0050,3,2,STOP_BAR,Inductive Loop,OPEN_LOOP,1767074400000,1767075475214,1767372944251,2025/12/30 06:00:00.000,2025/12/30 06:17:55.214,2026/01/02 16:55:44.251,MAX_RECALL,WO000350,CONTROLLER_DIAGNOSTIC
DF000539,INT0115,2,1,ADVANCE,Inductive Loop,EXCESSIVE_INDUCTANCE_CHANGE,1767106800000,1767119671013,1767213618118,2025/12/30 15:00:00.000,2025/12/30 18:34:31.013,2025/12/31 20:40:18.118,MAX_RECALL,WO000539,FIELD_CREW
