intersection_id,nema_phase,movement,approach,lane_group_kind,ring,barrier,num_lanes,lane_width_ft,storage_length_ft,grade_pct,grade_direction,intersection_width_ft,posted_speed_mph,speed_85th_mph,heavy_vehicle_pct,yellow_s,red_clearance_s
INT0001,1,WBL,WB,left,1,A,1,10.5000,389.0000,2.0000,uphill,83.0000,40.0000,43.4000,1.6000,3.7000,2.2000
INT0001,2,EBT,EB,through_right,1,A,2,10.5000,1138.0000,2.0000,downhill,83.0000,40.0000,43.2000,7.2000,4.4000,1.7000
INT0001,3,NBL,NB,left,1,B,1,12.0000,352.0000,2.0000,downhill,100.0000,25.0000,31.2000,6.3000,3.6000,3.9000
INT0001,4,SBT,SB,through_right,1,B,2,12.0000,895.0000,2.0000,uphill,100.0000,25.0000,33.8000,10.6000,3.5000,2.5000
INT0001,5,EBL,EB,left,2,A,1,11.0000,356.0000,2.0000,downhill,83.0000,40.0000,47.1000,9.9000,4.2000,1.9000
INT0001,6,WBT,WB,through_right,2,A,2,11.0000,1038.0000,2.0000,uphill,83.0000,40.0000,45.5000,9.5000,4.2000,1.6000
INT0001,7,SBL,SB,left,2,B,1,10.5000,404.0000,2.0000,uphill,100.0000,25.0000,26.2000,4.0000,3.7000,4.1000
INT0001,8,NBT,NB,through_right,2,B,2,12.0000,644.0000,2.0000,downhill,100.0000,25.0000,28.2000,3.4000,3.5000,3.0000
INT0002,1,WBL,WB,left,1,A,1,11.0000,205.0000,3.0000,uphill,63.0000,35.0000,40.3000,1.8000,3.6000,1.9000
INT0002,2,EBT,EB,through_right,1,A,1,11.5000,948.0000,3.0000,downhill,63.0000,35.0000,39.6000,5.5000,4.3000,1.5000
INT0002,3,NBL,NB,left,1,B,1,12.0000,275.0000,4.0000,downhill,78.0000,40.0000,45.2000,10.8000,4.1000,1.9000
INT0002,4,SBT,SB,through_right,1,B,1,11.5000,779.0000,4.0000,uphill,78.0000,40.0000,47.5000,11.0000,4.1000,1.5000
INT0002,5,EBL,EB,left,2,A,1,10.5000,216.0000,3.0000,downhill,63.0000,35.0000,35.0000,5.0000,3.5000,2.3000
INT0002,6,WBT,WB,through_right,2,A,1,10.5000,1032.0000,3.0000,uphill,63.0000,35.0000,36.7000,7.0000,3.7000,1.6000
INT0002,7,SBL,SB,left,2,B,2,11.0000,145.0000,4.0000,uphill,78.0000,40.0000,42.3000,8.8000,3.6000,2.1000
INT0002,8,NBT,NB,through_right,2,B,1,12.0000,796.0000,4.0000,downhill,78.0000,40.0000,43.7000,9.4000,4.7000,1.6000
INT0003,1,WBL,WB,left,1,A,2,10.0000,313.0000,5.0000,uphill,85.0000,45.0000,51.3000,6.1000,3.3000,2.1000
INT0003,2,EBT,EB,through_right,1,A,2,11.5000,733.0000,5.0000,downhill,85.0000,45.0000,52.6000,8.4000,5.0000,1.6000
INT0003,3,NBL,NB,left,1,B,1,11.5000,286.0000,3.0000,downhill,84.0000,35.0000,39.2000,4.8000,3.1000,2.9000
INT0003,4,SBT,SB,through_right,1,B,2,10.0000,469.0000,3.0000,uphill,84.0000,35.0000,40.2000,3.1000,3.4000,2.1000
INT0003,5,EBL,EB,left,2,A,1,11.5000,250.0000,5.0000,downhill,85.0000,45.0000,52.5000,8.9000,4.1000,2.1000
INT0003,6,WBT,WB,through_right,2,A,2,11.5000,1173.0000,5.0000,uphill,85.0000,45.0000,45.0000,3.4000,3.9000,1.6000
INT0003,7,SBL,SB,left,2,B,1,11.0000,349.0000,3.0000,uphill,84.0000,35.0000,39.5000,2.6000,3.0000,2.9000
INT0003,8,NBT,NB,through_right,2,B,2,11.0000,1321.0000,3.0000,downhill,84.0000,35.0000,39.6000,9.8000,3.9000,2.1000
INT0004,1,WBL,WB,left,1,A,1,11.0000,363.0000,0.0000,level,53.0000,40.0000,45.9000,5.8000,3.0000,1.0000
INT0004,2,EBT,EB,through_right,1,A,3,10.5000,830.0000,0.0000,level,53.0000,40.0000,46.8000,7.5000,3.5000,1.0000
INT0004,3,NBL,NB,left,1,B,2,10.0000,394.0000,3.0000,uphill,111.0000,40.0000,44.0000,3.4000,3.0000,1.0000
INT0004,4,SBT,SB,through_right,1,B,1,11.5000,1382.0000,3.0000,downhill,111.0000,40.0000,45.9000,5.7000,3.5000,1.0000
INT0004,5,EBL,EB,left,2,A,1,12.0000,339.0000,0.0000,level,53.0000,40.0000,44.2000,8.8000,3.0000,1.0000
INT0004,6,WBT,WB,through_right,2,A,3,11.0000,578.0000,0.0000,level,53.0000,40.0000,44.5000,3.5000,3.5000,1.0000
INT0004,7,SBL,SB,left,2,B,2,12.0000,328.0000,3.0000,downhill,111.0000,40.0000,45.0000,8.4000,3.0000,1.0000
INT0004,8,NBT,NB,through_right,2,B,1,11.0000,787.0000,3.0000,uphill,111.0000,40.0000,44.6000,7.0000,3.5000,1.0000
INT0005,1,WBL,WB,left,1,A,2,11.5000,367.0000,6.0000,uphill,49.0000,45.0000,49.8000,11.4000,4.0000,1.2000
INT0005,2,EBT,EB,through_right,1,A,2,11.5000,1133.0000,6.0000,downhill,49.0000,45.0000,50.2000,6.7000,5.6000,1.0000
INT0005,3,NBL,NB,left,1,B,2,12.0000,306.0000,0.0000,level,86.0000,25.0000,31.4000,9.4000,3.7000,3.4000
INT0005,4,SBT,SB,through_right,1,B,1,10.0000,452.0000,0.0000,level,86.0000,25.0000,32.5000,3.6000,3.7000,2.3000
INT0005,5,EBL,EB,left,2,A,1,11.0000,140.0000,6.0000,downhill,49.0000,45.0000,51.8000,8.5000,4.8000,1.2000
INT0005,6,WBT,WB,through_right,2,A,2,11.5000,1192.0000,6.0000,uphill,49.0000,45.0000,50.5000,9.9000,4.1000,1.0000
INT0005,7,SBL,SB,left,2,B,1,12.0000,249.0000,0.0000,level,86.0000,25.0000,30.0000,3.0000,3.6000,3.7000
INT0005,8,NBT,NB,through_right,2,B,1,12.0000,1372.0000,0.0000,level,86.0000,25.0000,28.8000,6.1000,3.5000,2.6000
INT0006,1,WBL,WB,left,1,A,1,10.5000,313.0000,3.0000,downhill,84.0000,40.0000,45.9000,4.6000,3.5000,2.4000
INT0006,2,EBT,EB,through_right,1,A,2,11.5000,1177.0000,3.0000,uphill,84.0000,40.0000,47.1000,7.5000,3.7000,1.8000
INT0006,3,NBL,NB,left,1,B,1,12.0000,200.0000,0.0000,level,99.0000,40.0000,44.7000,3.1000,3.3000,2.8000
INT0006,4,SBT,SB,through_right,1,B,2,12.0000,1160.0000,0.0000,level,99.0000,40.0000,43.7000,7.3000,4.0000,2.1000
INT0006,5,EBL,EB,left,2,A,1,11.0000,415.0000,3.0000,uphill,84.0000,40.0000,43.6000,9.4000,3.1000,2.4000
INT0006,6,WBT,WB,through_right,2,A,2,11.5000,623.0000,3.0000,downhill,84.0000,40.0000,43.9000,6.6000,4.3000,1.8000
INT0006,7,SBL,SB,left,2,B,2,11.0000,149.0000,0.0000,level,99.0000,40.0000,43.2000,9.7000,3.3000,2.8000
INT0006,8,NBT,NB,through_right,2,B,2,12.0000,799.0000,0.0000,level,99.0000,40.0000,46.3000,5.2000,4.0000,2.1000
INT0007,1,WBL,WB,left,1,A,1,11.5000,347.0000,3.0000,uphill,82.0000,45.0000,50.7000,7.1000,3.9000,1.8000
INT0007,2,EBT,EB,through_right,1,A,2,12.0000,1179.0000,3.0000,downhill,82.0000,45.0000,49.8000,11.0000,5.1000,1.4000
INT0007,3,NBL,NB,left,1,B,1,11.5000,332.0000,0.0000,level,92.0000,40.0000,47.6000,7.6000,3.8000,2.1000
INT0007,4,SBT,SB,through_right,1,B,2,10.5000,951.0000,0.0000,level,92.0000,40.0000,46.8000,3.3000,4.5000,1.7000
INT0007,5,EBL,EB,left,2,A,1,11.5000,258.0000,3.0000,downhill,82.0000,45.0000,45.2000,11.0000,3.9000,2.0000
INT0007,6,WBT,WB,through_right,2,A,2,11.5000,1208.0000,3.0000,uphill,82.0000,45.0000,50.4000,2.5000,4.6000,1.4000
INT0007,7,SBL,SB,left,2,B,1,11.5000,164.0000,0.0000,level,92.0000,40.0000,45.8000,1.9000,3.7000,2.2000
INT0007,8,NBT,NB,through_right,2,B,2,12.0000,1127.0000,0.0000,level,92.0000,40.0000,44.8000,2.7000,4.5000,1.8000
INT0008,1,WBL,WB,left,1,A,1,12.0000,387.0000,3.0000,uphill,51.0000,55.0000,58.4000,10.5000,4.1000,1.1000
INT0008,2,EBT,EB,through_right,1,A,3,10.0000,854.0000,3.0000,downhill,51.0000,55.0000,60.7000,7.6000,5.6000,1.0000
INT0008,3,NBL,NB,left,1,B,2,11.0000,392.0000,3.0000,downhill,119.0000,30.0000,33.3000,4.6000,3.6000,4.8000
INT0008,4,SBT,SB,through_right,1,B,1,12.0000,1351.0000,3.0000,uphill,119.0000,30.0000,34.0000,10.1000,3.6000,3.2000
INT0008,5,EBL,EB,left,2,A,1,11.0000,307.0000,3.0000,downhill,51.0000,55.0000,62.9000,6.2000,4.7000,1.1000
INT0008,6,WBT,WB,through_right,2,A,3,11.5000,1239.0000,3.0000,uphill,51.0000,55.0000,60.0000,7.7000,4.7000,1.0000
INT0008,7,SBL,SB,left,2,B,1,11.5000,212.0000,3.0000,uphill,119.0000,30.0000,34.0000,7.7000,3.5000,4.8000
INT0008,8,NBT,NB,through_right,2,B,1,11.0000,1353.0000,3.0000,downhill,119.0000,30.0000,35.2000,4.0000,3.7000,3.2000
INT0009,1,WBL,WB,left,1,A,1,11.0000,229.0000,2.0000,uphill,58.0000,50.0000,51.9000,10.5000,4.1000,1.2000
INT0009,2,EBT,EB,through_right,1,A,2,12.0000,1392.0000,2.0000,downhill,58.0000,50.0000,55.0000,10.6000,5.4000,1.0000
INT0009,3,NBL,NB,left,1,B,1,11.0000,388.0000,0.0000,level,91.0000,40.0000,43.5000,10.6000,3.7000,2.2000
INT0009,4,SBT,SB,through_right,1,B,1,11.0000,618.0000,0.0000,level,91.0000,40.0000,49.1000,4.9000,4.3000,1.7000
INT0009,5,EBL,EB,left,2,A,1,10.5000,293.0000,2.0000,downhill,58.0000,50.0000,53.7000,7.7000,4.6000,1.2000
INT0009,6,WBT,WB,through_right,2,A,2,10.5000,1216.0000,2.0000,uphill,58.0000,50.0000,53.6000,3.9000,5.0000,1.0000
INT0009,7,SBL,SB,left,2,B,1,11.5000,222.0000,0.0000,level,91.0000,40.0000,45.6000,11.7000,3.6000,2.2000
INT0009,8,NBT,NB,through_right,2,B,1,11.5000,1265.0000,0.0000,level,91.0000,40.0000,46.2000,1.8000,4.4000,1.7000
INT0010,1,WBL,WB,left,1,A,1,11.0000,339.0000,0.0000,level,83.0000,50.0000,52.0000,3.0000,3.0000,1.0000
INT0010,2,EBT,EB,through_right,1,A,2,12.0000,700.0000,0.0000,level,83.0000,50.0000,54.4000,7.4000,3.5000,1.0000
INT0010,3,NBL,NB,left,1,B,1,11.5000,343.0000,3.0000,uphill,103.0000,35.0000,40.3000,8.9000,3.0000,1.0000
INT0010,4,SBT,SB,through_right,1,B,2,11.0000,1155.0000,3.0000,downhill,103.0000,35.0000,39.2000,11.7000,3.5000,1.0000
INT0010,5,EBL,EB,left,2,A,1,12.0000,309.0000,0.0000,level,83.0000,50.0000,57.9000,7.0000,3.0000,1.0000
INT0010,6,WBT,WB,through_right,2,A,2,12.0000,612.0000,0.0000,level,83.0000,50.0000,58.0000,8.7000,3.5000,1.0000
INT0010,7,SBL,SB,left,2,B,1,11.0000,194.0000,3.0000,downhill,103.0000,35.0000,40.9000,10.4000,3.0000,1.0000
INT0010,8,NBT,NB,through_right,2,B,2,11.0000,623.0000,3.0000,uphill,103.0000,35.0000,37.8000,10.0000,3.5000,1.0000
INT0011,1,WBL,WB,left,1,A,1,12.0000,394.0000,5.0000,uphill,76.0000,45.0000,50.6000,7.1000,3.0000,1.0000
INT0011,2,EBT,EB,through_right,1,A,2,11.0000,1056.0000,5.0000,downhill,76.0000,45.0000,48.7000,5.9000,3.5000,1.0000
INT0011,3,NBL,NB,left,1,B,2,10.5000,303.0000,0.0000,level,98.0000,35.0000,37.3000,2.5000,3.0000,1.0000
INT0011,4,SBT,SB,through_right,1,B,2,10.0000,636.0000,0.0000,level,98.0000,35.0000,40.6000,4.4000,3.5000,1.0000
INT0011,5,EBL,EB,left,2,A,1,10.5000,158.0000,5.0000,downhill,76.0000,45.0000,51.8000,5.0000,3.0000,1.0000
INT0011,6,WBT,WB,through_right,2,A,2,11.5000,901.0000,5.0000,uphill,76.0000,45.0000,50.9000,11.8000,3.5000,1.0000
INT0011,7,SBL,SB,left,2,B,1,12.0000,256.0000,0.0000,level,98.0000,35.0000,42.3000,9.0000,3.0000,1.0000
INT0011,8,NBT,NB,through_right,2,B,2,12.0000,548.0000,0.0000,level,98.0000,35.0000,38.2000,7.4000,3.5000,1.0000
INT0012,1,WBL,WB,left,1,A,2,11.0000,272.0000,0.0000,level,83.0000,40.0000,45.0000,11.0000,3.6000,2.4000
INT0012,2,EBT,EB,through_right,1,A,3,10.0000,1055.0000,0.0000,level,83.0000,40.0000,48.1000,9.1000,4.2000,1.8000
INT0012,3,NBL,NB,left,1,B,1,10.5000,392.0000,4.0000,downhill,118.0000,35.0000,39.0000,9.9000,3.5000,3.8000
INT0012,4,SBT,SB,through_right,1,B,2,12.0000,978.0000,4.0000,uphill,118.0000,35.0000,39.7000,5.7000,3.5000,2.7000
INT0012,5,EBL,EB,left,2,A,2,10.5000,215.0000,0.0000,level,83.0000,40.0000,47.4000,9.5000,3.7000,2.4000
INT0012,6,WBT,WB,through_right,2,A,3,10.5000,721.0000,0.0000,level,83.0000,40.0000,43.4000,1.8000,4.0000,1.8000
INT0012,7,SBL,SB,left,2,B,2,11.0000,405.0000,4.0000,uphill,118.0000,35.0000,41.6000,11.0000,3.6000,3.8000
INT0012,8,NBT,NB,through_right,2,B,2,10.0000,915.0000,4.0000,downhill,118.0000,35.0000,40.0000,7.4000,4.0000,2.7000
INT0013,1,WBL,WB,left,1,A,1,11.5000,165.0000,5.0000,uphill,48.0000,55.0000,64.2000,7.3000,4.5000,1.0000
INT0013,2,EBT,EB,through_right,1,A,2,10.5000,815.0000,5.0000,downhill,48.0000,55.0000,60.7000,6.3000,6.0000,1.0000
INT0013,3,NBL,NB,left,1,B,1,11.0000,164.0000,4.0000,downhill,85.0000,25.0000,31.5000,3.9000,3.5000,3.4000
INT0013,4,SBT,SB,through_right,1,B,1,11.5000,1098.0000,4.0000,uphill,85.0000,25.0000,32.3000,5.7000,3.5000,2.3000
INT0013,5,EBL,EB,left,2,A,1,12.0000,136.0000,5.0000,downhill,48.0000,55.0000,59.7000,8.0000,5.6000,1.0000
INT0013,6,WBT,WB,through_right,2,A,2,11.0000,1079.0000,5.0000,uphill,48.0000,55.0000,60.2000,5.0000,5.0000,1.0000
INT0013,7,SBL,SB,left,2,B,1,11.0000,316.0000,4.0000,uphill,85.0000,25.0000,35.6000,3.5000,3.7000,2.8000
INT0013,8,NBT,NB,through_right,2,B,1,11.5000,1335.0000,4.0000,downhill,85.0000,25.0000,25.4000,10.8000,3.7000,2.9000
INT0014,1,WBL,WB,left,1,A,1,11.0000,239.0000,4.0000,uphill,51.0000,35.0000,37.5000,11.5000,3.2000,2.0000
INT0014,2,EBT,EB,through_right,1,A,3,12.0000,1123.0000,4.0000,downhill,51.0000,35.0000,43.8000,10.7000,4.0000,1.5000
INT0014,3,NBL,NB,left,1,B,1,12.0000,389.0000,0.0000,level,114.0000,25.0000,28.9000,10.8000,3.1000,4.6000
INT0014,4,SBT,SB,through_right,1,B,1,12.0000,892.0000,0.0000,level,114.0000,25.0000,31.6000,6.5000,3.0000,3.7000
INT0014,5,EBL,EB,left,2,A,2,12.0000,364.0000,4.0000,downhill,51.0000,35.0000,40.2000,2.7000,3.1000,2.0000
INT0014,6,WBT,WB,through_right,2,A,3,12.0000,600.0000,4.0000,uphill,51.0000,35.0000,38.5000,4.2000,3.5000,1.5000
INT0014,7,SBL,SB,left,2,B,1,12.0000,406.0000,0.0000,level,114.0000,25.0000,32.4000,10.7000,3.1000,4.6000
INT0014,8,NBT,NB,through_right,2,B,1,10.5000,924.0000,0.0000,level,114.0000,25.0000,25.0000,2.3000,3.0000,3.7000
INT0015,1,WBL,WB,left,1,A,1,11.5000,381.0000,5.0000,downhill,50.0000,35.0000,41.4000,5.0000,3.9000,1.6000
INT0015,2,EBT,EB,through_right,1,A,1,11.0000,625.0000,5.0000,uphill,50.0000,35.0000,41.7000,9.7000,3.8000,1.2000
INT0015,3,NBL,NB,left,1,B,1,10.5000,151.0000,2.0000,uphill,78.0000,25.0000,27.9000,3.2000,3.5000,3.4000
INT0015,4,SBT,SB,through_right,1,B,1,11.0000,593.0000,2.0000,downhill,78.0000,25.0000,29.5000,8.1000,3.7000,2.3000
INT0015,5,EBL,EB,left,2,A,1,10.5000,415.0000,5.0000,uphill,50.0000,35.0000,40.4000,5.6000,3.5000,1.6000
INT0015,6,WBT,WB,through_right,2,A,1,12.0000,737.0000,5.0000,downhill,50.0000,35.0000,37.8000,6.7000,4.4000,1.3000
INT0015,7,SBL,SB,left,2,B,1,11.5000,207.0000,2.0000,downhill,78.0000,25.0000,31.0000,6.8000,3.7000,3.2000
INT0015,8,NBT,NB,through_right,2,B,1,10.5000,1217.0000,2.0000,uphill,78.0000,25.0000,31.5000,6.5000,3.5000,2.2000
INT0016,1,WBL,WB,left,1,A,1,11.0000,354.0000,6.0000,downhill,80.0000,45.0000,51.3000,1.8000,4.2000,2.0000
INT0016,2,EBT,EB,through_right,1,A,3,11.5000,614.0000,6.0000,uphill,80.0000,45.0000,45.6000,1.9000,3.8000,1.6000
INT0016,3,NBL,NB,left,1,B,2,11.5000,337.0000,3.0000,downhill,124.0000,40.0000,45.1000,7.5000,3.5000,3.3000
INT0016,4,SBT,SB,through_right,1,B,2,10.5000,472.0000,3.0000,uphill,124.0000,40.0000,45.4000,6.4000,3.7000,2.5000
INT0016,5,EBL,EB,left,2,A,1,11.5000,320.0000,6.0000,uphill,80.0000,45.0000,55.9000,2.1000,3.2000,2.0000
INT0016,6,WBT,WB,through_right,2,A,3,12.0000,825.0000,6.0000,downhill,80.0000,45.0000,49.1000,7.4000,5.1000,1.6000
INT0016,7,SBL,SB,left,2,B,1,12.0000,392.0000,3.0000,uphill,124.0000,40.0000,49.0000,10.2000,3.1000,3.3000
INT0016,8,NBT,NB,through_right,2,B,2,10.5000,1261.0000,3.0000,downhill,124.0000,40.0000,43.9000,3.3000,4.3000,2.5000
INT0017,1,WBL,WB,left,1,A,1,11.5000,352.0000,3.0000,uphill,48.0000,55.0000,61.7000,8.2000,3.0000,1.0000
INT0017,2,EBT,EB,through_right,1,A,2,11.0000,1167.0000,3.0000,downhill,48.0000,55.0000,58.5000,7.8000,3.5000,1.0000
INT0017,3,NBL,NB,left,1,B,1,11.5000,344.0000,3.0000,downhill,89.0000,35.0000,38.5000,1.5000,3.0000,1.0000
INT0017,4,SBT,SB,through_right,1,B,1,11.0000,1066.0000,3.0000,uphill,89.0000,35.0000,40.1000,5.2000,3.5000,1.0000
INT0017,5,EBL,EB,left,2,A,2,11.0000,370.0000,3.0000,downhill,48.0000,55.0000,58.0000,5.7000,3.0000,1.0000
INT0017,6,WBT,WB,through_right,2,A,2,10.5000,1240.0000,3.0000,uphill,48.0000,55.0000,64.5000,2.3000,3.5000,1.0000
INT0017,7,SBL,SB,left,2,B,2,11.0000,338.0000,3.0000,uphill,89.0000,35.0000,43.3000,6.0000,3.0000,1.0000
INT0017,8,NBT,NB,through_right,2,B,1,11.5000,630.0000,3.0000,downhill,89.0000,35.0000,42.8000,2.2000,3.5000,1.0000
INT0018,1,WBL,WB,left,1,A,2,12.0000,224.0000,2.0000,uphill,60.0000,55.0000,55.0000,9.8000,3.0000,1.0000
INT0018,2,EBT,EB,through_right,1,A,2,12.0000,907.0000,2.0000,downhill,60.0000,55.0000,60.2000,3.8000,3.5000,1.0000
INT0018,3,NBL,NB,left,1,B,2,12.0000,334.0000,0.0000,level,95.0000,25.0000,26.3000,6.9000,3.0000,1.0000
INT0018,4,SBT,SB,through_right,1,B,1,10.5000,1284.0000,0.0000,level,95.0000,25.0000,33.3000,3.4000,3.5000,1.0000
INT0018,5,EBL,EB,left,2,A,1,12.0000,316.0000,2.0000,downhill,60.0000,55.0000,58.9000,2.1000,3.0000,1.0000
INT0018,6,WBT,WB,through_right,2,A,2,11.0000,905.0000,2.0000,uphill,60.0000,55.0000,57.6000,8.6000,3.5000,1.0000
INT0018,7,SBL,SB,left,2,B,1,10.0000,348.0000,0.0000,level,95.0000,25.0000,31.1000,7.2000,3.0000,1.0000
INT0018,8,NBT,NB,through_right,2,B,1,11.5000,1323.0000,0.0000,level,95.0000,25.0000,27.2000,5.6000,3.5000,1.0000
INT0019,1,WBL,WB,left,1,A,1,11.5000,324.0000,3.0000,uphill,84.0000,35.0000,39.5000,7.7000,3.0000,1.0000
INT0019,2,EBT,EB,through_right,1,A,2,10.0000,1375.0000,3.0000,downhill,84.0000,35.0000,38.8000,4.6000,3.5000,1.0000
INT0019,3,NBL,NB,left,1,B,2,11.0000,123.0000,3.0000,uphill,106.0000,30.0000,32.8000,6.2000,3.0000,1.0000
INT0019,4,SBT,SB,through_right,1,B,2,11.5000,985.0000,3.0000,downhill,106.0000,30.0000,33.3000,11.9000,3.5000,1.0000
INT0019,5,EBL,EB,left,2,A,1,12.0000,415.0000,3.0000,downhill,84.0000,35.0000,45.5000,7.9000,3.0000,1.0000
INT0019,6,WBT,WB,through_right,2,A,2,11.5000,712.0000,3.0000,uphill,84.0000,35.0000,40.0000,9.6000,3.5000,1.0000
INT0019,7,SBL,SB,left,2,B,1,10.0000,335.0000,3.0000,downhill,106.0000,30.0000,33.6000,2.8000,3.0000,1.0000
INT0019,8,NBT,NB,through_right,2,B,2,11.0000,614.0000,3.0000,uphill,106.0000,30.0000,35.9000,1.6000,3.5000,1.0000
INT0020,1,WBL,WB,left,1,A,1,11.0000,414.0000,6.0000,downhill,55.0000,45.0000,47.2000,2.5000,4.4000,1.4000
INT0020,2,EBT,EB,through_right,1,A,1,11.5000,732.0000,6.0000,uphill,55.0000,45.0000,47.9000,3.2000,4.0000,1.1000
INT0020,3,NBL,NB,left,1,B,1,12.0000,405.0000,0.0000,level,66.0000,25.0000,30.1000,7.3000,3.5000,3.0000
INT0020,4,SBT,SB,through_right,1,B,1,11.0000,787.0000,0.0000,level,66.0000,25.0000,29.4000,8.9000,3.6000,2.0000
INT0020,5,EBL,EB,left,2,A,2,12.0000,378.0000,6.0000,uphill,55.0000,45.0000,49.9000,5.9000,4.2000,1.3000
INT0020,6,WBT,WB,through_right,2,A,1,11.0000,925.0000,6.0000,downhill,55.0000,45.0000,46.8000,8.2000,5.4000,1.1000
INT0020,7,SBL,SB,left,2,B,1,11.5000,381.0000,0.0000,level,66.0000,25.0000,30.5000,4.9000,3.5000,2.9000
INT0020,8,NBT,NB,through_right,2,B,1,11.5000,1078.0000,0.0000,level,66.0000,25.0000,28.5000,10.7000,3.6000,2.1000
INT0021,1,WBL,WB,left,1,A,2,12.0000,308.0000,2.0000,uphill,61.0000,50.0000,56.1000,3.0000,3.8000,1.4000
INT0021,2,EBT,EB,through_right,1,A,2,11.0000,461.0000,2.0000,downhill,61.0000,50.0000,55.0000,11.2000,5.0000,1.2000
INT0021,3,NBL,NB,left,1,B,1,12.0000,366.0000,4.0000,uphill,106.0000,30.0000,37.0000,7.8000,3.0000,4.3000
INT0021,4,SBT,SB,through_right,1,B,1,11.0000,639.0000,4.0000,downhill,106.0000,30.0000,39.6000,7.8000,3.6000,2.9000
INT0021,5,EBL,EB,left,2,A,2,12.0000,289.0000,2.0000,downhill,61.0000,50.0000,56.6000,9.2000,4.2000,1.4000
INT0021,6,WBT,WB,through_right,2,A,2,12.0000,801.0000,2.0000,uphill,61.0000,50.0000,54.6000,10.3000,4.5000,1.2000
INT0021,7,SBL,SB,left,2,B,2,11.0000,343.0000,4.0000,downhill,106.0000,30.0000,35.7000,11.1000,3.0000,4.3000
INT0021,8,NBT,NB,through_right,2,B,1,11.5000,978.0000,4.0000,uphill,106.0000,30.0000,35.2000,10.5000,3.0000,2.9000
INT0022,1,WBL,WB,left,1,A,2,12.0000,198.0000,3.0000,uphill,82.0000,55.0000,62.0000,7.1000,4.4000,1.4000
INT0022,2,EBT,EB,through_right,1,A,3,11.5000,825.0000,3.0000,downhill,82.0000,55.0000,57.9000,3.7000,5.9000,1.2000
INT0022,3,NBL,NB,left,1,B,2,12.0000,247.0000,0.0000,level,125.0000,30.0000,34.1000,5.2000,3.2000,4.0000
INT0022,4,SBT,SB,through_right,1,B,2,11.0000,1210.0000,0.0000,level,125.0000,30.0000,32.5000,4.0000,3.7000,2.9000
INT0022,5,EBL,EB,left,2,A,1,11.0000,407.0000,3.0000,downhill,82.0000,55.0000,58.7000,2.4000,5.1000,1.4000
INT0022,6,WBT,WB,through_right,2,A,3,11.0000,941.0000,3.0000,uphill,82.0000,55.0000,58.0000,9.3000,5.3000,1.2000
INT0022,7,SBL,SB,left,2,B,1,11.5000,365.0000,0.0000,level,125.0000,30.0000,33.6000,9.1000,3.0000,4.0000
INT0022,8,NBT,NB,through_right,2,B,2,10.5000,550.0000,0.0000,level,125.0000,30.0000,32.8000,6.5000,3.6000,2.9000
INT0023,1,WBL,WB,left,1,A,2,10.5000,246.0000,3.0000,downhill,55.0000,35.0000,36.9000,4.6000,3.1000,2.1000
INT0023,2,EBT,EB,through_right,1,A,3,12.0000,516.0000,3.0000,uphill,55.0000,35.0000,37.9000,9.9000,3.4000,1.5000
INT0023,3,NBL,NB,left,1,B,2,11.0000,182.0000,0.0000,level,111.0000,30.0000,30.0000,6.5000,3.0000,4.5000
INT0023,4,SBT,SB,through_right,1,B,1,11.0000,1224.0000,0.0000,level,111.0000,30.0000,33.2000,3.1000,3.3000,3.0000
INT0023,5,EBL,EB,left,2,A,2,12.0000,209.0000,3.0000,uphill,55.0000,35.0000,40.0000,9.3000,3.0000,2.1000
INT0023,6,WBT,WB,through_right,2,A,3,10.5000,771.0000,3.0000,downhill,55.0000,35.0000,37.8000,10.2000,3.9000,1.5000
INT0023,7,SBL,SB,left,2,B,2,10.0000,309.0000,0.0000,level,111.0000,30.0000,34.7000,5.9000,3.0000,4.5000
INT0023,8,NBT,NB,through_right,2,B,1,11.0000,1178.0000,0.0000,level,111.0000,30.0000,35.1000,4.6000,3.3000,3.0000
INT0024,1,WBL,WB,left,1,A,1,12.0000,304.0000,0.0000,level,76.0000,40.0000,40.7000,2.7000,3.7000,2.2000
INT0024,2,EBT,EB,through_right,1,A,3,12.0000,1358.0000,0.0000,level,76.0000,40.0000,48.2000,6.9000,4.8000,1.4000
INT0024,3,NBL,NB,left,1,B,1,10.0000,387.0000,0.0000,level,108.0000,30.0000,39.1000,4.6000,3.6000,3.0000
INT0024,4,SBT,SB,through_right,1,B,2,11.0000,740.0000,0.0000,level,108.0000,30.0000,32.0000,2.5000,3.5000,2.8000
INT0024,5,EBL,EB,left,2,A,1,12.0000,141.0000,0.0000,level,76.0000,40.0000,49.7000,7.3000,4.1000,1.7000
INT0024,6,WBT,WB,through_right,2,A,3,11.0000,527.0000,0.0000,level,76.0000,40.0000,45.9000,4.5000,4.6000,1.5000
INT0024,7,SBL,SB,left,2,B,2,11.5000,290.0000,0.0000,level,108.0000,30.0000,34.7000,5.3000,3.5000,3.6000
INT0024,8,NBT,NB,through_right,2,B,2,10.5000,780.0000,0.0000,level,108.0000,30.0000,34.8000,8.4000,3.7000,2.6000
INT0025,1,WBL,WB,left,1,A,1,11.0000,158.0000,4.0000,uphill,59.0000,45.0000,47.0000,8.1000,3.5000,1.5000
INT0025,2,EBT,EB,through_right,1,A,3,12.0000,611.0000,4.0000,downhill,59.0000,45.0000,45.7000,5.4000,4.9000,1.2000
INT0025,3,NBL,NB,left,1,B,2,10.0000,377.0000,2.0000,downhill,115.0000,25.0000,28.7000,10.0000,3.5000,4.7000
INT0025,4,SBT,SB,through_right,1,B,1,12.0000,1064.0000,2.0000,uphill,115.0000,25.0000,28.4000,8.9000,3.6000,3.3000
INT0025,5,EBL,EB,left,2,A,1,11.0000,223.0000,4.0000,downhill,59.0000,45.0000,50.6000,3.3000,4.6000,1.4000
INT0025,6,WBT,WB,through_right,2,A,3,11.5000,1098.0000,4.0000,uphill,59.0000,45.0000,50.2000,1.8000,4.4000,1.2000
INT0025,7,SBL,SB,left,2,B,1,11.0000,173.0000,2.0000,uphill,115.0000,25.0000,29.8000,6.0000,3.7000,4.7000
INT0025,8,NBT,NB,through_right,2,B,1,11.5000,1010.0000,2.0000,downhill,115.0000,25.0000,28.6000,9.0000,3.5000,3.3000
INT0026,1,WBL,WB,left,1,A,2,12.0000,348.0000,1.0000,uphill,62.0000,40.0000,48.1000,4.4000,3.9000,1.5000
INT0026,2,EBT,EB,through_right,1,A,3,11.5000,1088.0000,1.0000,downhill,62.0000,40.0000,43.7000,11.4000,4.4000,1.3000
INT0026,3,NBL,NB,left,1,B,1,10.5000,300.0000,0.0000,level,126.0000,30.0000,33.8000,5.9000,3.6000,4.2000
INT0026,4,SBT,SB,through_right,1,B,1,12.0000,883.0000,0.0000,level,126.0000,30.0000,38.0000,8.0000,4.0000,2.7000
INT0026,5,EBL,EB,left,2,A,1,12.0000,356.0000,1.0000,downhill,62.0000,40.0000,44.2000,2.2000,3.7000,1.7000
INT0026,6,WBT,WB,through_right,2,A,3,12.0000,922.0000,1.0000,uphill,62.0000,40.0000,42.8000,9.9000,4.1000,1.4000
INT0026,7,SBL,SB,left,2,B,1,12.0000,335.0000,0.0000,level,126.0000,30.0000,33.8000,6.7000,3.5000,4.2000
INT0026,8,NBT,NB,through_right,2,B,1,11.0000,1325.0000,0.0000,level,126.0000,30.0000,34.3000,9.5000,3.6000,3.0000
INT0027,1,WBL,WB,left,1,A,1,12.0000,121.0000,0.0000,level,49.0000,40.0000,43.6000,4.3000,3.7000,1.4000
INT0027,2,EBT,EB,through_right,1,A,1,11.0000,952.0000,0.0000,level,49.0000,40.0000,44.7000,8.3000,4.4000,1.1000
INT0027,3,NBL,NB,left,1,B,1,11.0000,218.0000,0.0000,level,64.0000,35.0000,42.9000,1.9000,3.2000,2.0000
INT0027,4,SBT,SB,through_right,1,B,1,10.0000,1041.0000,0.0000,level,64.0000,35.0000,42.0000,11.4000,4.0000,1.5000
INT0027,5,EBL,EB,left,2,A,1,11.0000,335.0000,0.0000,level,49.0000,40.0000,46.2000,11.4000,3.6000,1.4000
INT0027,6,WBT,WB,through_right,2,A,1,11.0000,1321.0000,0.0000,level,49.0000,40.0000,47.1000,5.5000,4.5000,1.1000
INT0027,7,SBL,SB,left,2,B,1,12.0000,155.0000,0.0000,level,64.0000,35.0000,41.7000,6.4000,3.3000,2.0000
INT0027,8,NBT,NB,through_right,2,B,1,11.0000,763.0000,0.0000,level,64.0000,35.0000,41.9000,3.3000,4.0000,1.5000
INT0028,1,WBL,WB,left,1,A,2,11.5000,267.0000,5.0000,uphill,61.0000,35.0000,41.2000,2.1000,3.0000,2.3000
INT0028,2,EBT,EB,through_right,1,A,3,11.0000,1146.0000,5.0000,downhill,61.0000,35.0000,36.4000,5.7000,4.1000,1.6000
INT0028,3,NBL,NB,left,1,B,1,11.5000,302.0000,3.0000,uphill,115.0000,25.0000,31.3000,11.5000,3.0000,4.7000
INT0028,4,SBT,SB,through_right,1,B,1,11.5000,481.0000,3.0000,downhill,115.0000,25.0000,29.2000,1.9000,3.1000,3.7000
INT0028,5,EBL,EB,left,2,A,1,11.5000,282.0000,5.0000,downhill,61.0000,35.0000,42.1000,4.0000,3.2000,2.3000
INT0028,6,WBT,WB,through_right,2,A,3,11.0000,818.0000,5.0000,uphill,61.0000,35.0000,39.1000,11.5000,3.3000,1.6000
INT0028,7,SBL,SB,left,2,B,2,12.0000,262.0000,3.0000,downhill,115.0000,25.0000,31.7000,6.6000,3.0000,4.7000
INT0028,8,NBT,NB,through_right,2,B,1,11.0000,569.0000,3.0000,uphill,115.0000,25.0000,26.8000,5.8000,3.0000,3.7000
INT0029,1,WBL,WB,left,1,A,2,11.0000,139.0000,3.0000,downhill,48.0000,45.0000,52.2000,11.8000,4.0000,1.4000
INT0029,2,EBT,EB,through_right,1,A,1,10.5000,1208.0000,3.0000,uphill,48.0000,45.0000,51.4000,6.6000,4.1000,1.1000
INT0029,3,NBL,NB,left,1,B,2,11.5000,169.0000,0.0000,level,63.0000,30.0000,39.7000,6.1000,3.6000,2.9000
INT0029,4,SBT,SB,through_right,1,B,1,12.0000,1036.0000,0.0000,level,63.0000,30.0000,35.7000,9.6000,3.5000,1.9000
INT0029,5,EBL,EB,left,2,A,2,12.0000,244.0000,3.0000,uphill,48.0000,45.0000,51.5000,10.7000,3.7000,1.4000
INT0029,6,WBT,WB,through_right,2,A,1,12.0000,715.0000,3.0000,downhill,48.0000,45.0000,46.5000,7.7000,4.7000,1.1000
INT0029,7,SBL,SB,left,2,B,1,11.0000,165.0000,0.0000,level,63.0000,30.0000,35.0000,10.3000,3.7000,2.9000
INT0029,8,NBT,NB,through_right,2,B,1,11.5000,531.0000,0.0000,level,63.0000,30.0000,34.4000,11.0000,3.6000,1.9000
INT0030,1,WBL,WB,left,1,A,1,12.0000,346.0000,3.0000,uphill,60.0000,35.0000,40.5000,6.9000,3.0000,1.0000
INT0030,2,EBT,EB,through_right,1,A,2,11.0000,496.0000,3.0000,downhill,60.0000,35.0000,38.3000,5.1000,3.5000,1.0000
INT0030,3,NBL,NB,left,1,B,1,11.5000,205.0000,0.0000,level,97.0000,35.0000,44.2000,10.3000,3.0000,1.0000
INT0030,4,SBT,SB,through_right,1,B,1,11.0000,555.0000,0.0000,level,97.0000,35.0000,40.0000,1.6000,3.5000,1.0000
INT0030,5,EBL,EB,left,2,A,1,12.0000,266.0000,3.0000,downhill,60.0000,35.0000,42.7000,8.0000,3.0000,1.0000
INT0030,6,WBT,WB,through_right,2,A,2,10.0000,673.0000,3.0000,uphill,60.0000,35.0000,37.8000,7.7000,3.5000,1.0000
INT0030,7,SBL,SB,left,2,B,1,10.0000,393.0000,0.0000,level,97.0000,35.0000,40.8000,2.0000,3.0000,1.0000
INT0030,8,NBT,NB,through_right,2,B,1,11.5000,1318.0000,0.0000,level,97.0000,35.0000,43.5000,4.1000,3.5000,1.0000
INT0031,1,WBL,WB,left,1,A,1,11.5000,410.0000,0.0000,level,54.0000,45.0000,49.1000,7.2000,3.0000,1.0000
INT0031,2,EBT,EB,through_right,1,A,2,12.0000,1091.0000,0.0000,level,54.0000,45.0000,49.9000,8.6000,3.5000,1.0000
INT0031,3,NBL,NB,left,1,B,1,10.0000,301.0000,1.0000,downhill,105.0000,40.0000,45.4000,9.3000,3.0000,1.0000
INT0031,4,SBT,SB,through_right,1,B,1,11.0000,711.0000,1.0000,uphill,105.0000,40.0000,43.7000,4.5000,3.5000,1.0000
INT0031,5,EBL,EB,left,2,A,1,11.0000,131.0000,0.0000,level,54.0000,45.0000,50.2000,8.2000,3.0000,1.0000
INT0031,6,WBT,WB,through_right,2,A,2,11.0000,1374.0000,0.0000,level,54.0000,45.0000,51.6000,9.2000,3.5000,1.0000
INT0031,7,SBL,SB,left,2,B,1,12.0000,170.0000,1.0000,uphill,105.0000,40.0000,44.9000,11.6000,3.0000,1.0000
INT0031,8,NBT,NB,through_right,2,B,1,10.0000,925.0000,1.0000,downhill,105.0000,40.0000,45.2000,11.4000,3.5000,1.0000
INT0032,1,WBL,WB,left,1,A,1,11.0000,174.0000,1.0000,uphill,86.0000,35.0000,36.9000,10.5000,3.0000,2.9000
INT0032,2,EBT,EB,through_right,1,A,3,11.0000,843.0000,1.0000,downhill,86.0000,35.0000,39.2000,4.1000,3.7000,2.1000
INT0032,3,NBL,NB,left,1,B,1,12.0000,197.0000,0.0000,level,110.0000,30.0000,39.8000,11.0000,3.0000,4.5000
INT0032,4,SBT,SB,through_right,1,B,2,11.0000,532.0000,0.0000,level,110.0000,30.0000,34.6000,10.5000,3.3000,3.0000
INT0032,5,EBL,EB,left,2,A,1,11.0000,270.0000,1.0000,downhill,86.0000,35.0000,38.6000,11.9000,3.0000,2.9000
INT0032,6,WBT,WB,through_right,2,A,3,11.0000,1369.0000,1.0000,uphill,86.0000,35.0000,36.6000,2.6000,3.5000,2.1000
INT0032,7,SBL,SB,left,2,B,1,12.0000,395.0000,0.0000,level,110.0000,30.0000,33.7000,5.4000,3.0000,4.5000
INT0032,8,NBT,NB,through_right,2,B,2,11.5000,1386.0000,0.0000,level,110.0000,30.0000,35.5000,5.1000,3.3000,3.0000
INT0033,1,WBL,WB,left,1,A,1,11.0000,156.0000,0.0000,level,54.0000,55.0000,59.6000,5.4000,4.8000,1.2000
INT0033,2,EBT,EB,through_right,1,A,1,11.0000,665.0000,0.0000,level,54.0000,55.0000,60.4000,7.8000,5.6000,1.2000
INT0033,3,NBL,NB,left,1,B,1,11.5000,378.0000,2.0000,uphill,65.0000,35.0000,37.0000,4.4000,3.7000,2.2000
INT0033,4,SBT,SB,through_right,1,B,1,10.5000,1361.0000,2.0000,downhill,65.0000,35.0000,40.2000,4.6000,4.2000,1.5000
INT0033,5,EBL,EB,left,2,A,1,12.0000,354.0000,0.0000,level,54.0000,55.0000,57.4000,3.2000,4.7000,1.2000
INT0033,6,WBT,WB,through_right,2,A,1,11.0000,477.0000,0.0000,level,54.0000,55.0000,59.3000,8.0000,5.4000,1.2000
INT0033,7,SBL,SB,left,2,B,1,12.0000,276.0000,2.0000,downhill,65.0000,35.0000,35.0000,3.7000,3.6000,2.4000
INT0033,8,NBT,NB,through_right,2,B,1,11.0000,951.0000,2.0000,uphill,65.0000,35.0000,42.5000,8.0000,4.2000,1.4000
INT0034,1,WBL,WB,left,1,A,1,11.0000,279.0000,3.0000,downhill,48.0000,45.0000,48.6000,6.6000,3.9000,1.4000
INT0034,2,EBT,EB,through_right,1,A,2,10.0000,1282.0000,3.0000,uphill,48.0000,45.0000,48.1000,6.8000,4.3000,1.1000
INT0034,3,NBL,NB,left,1,B,2,11.0000,277.0000,2.0000,uphill,89.0000,35.0000,40.1000,7.4000,3.7000,3.0000
INT0034,4,SBT,SB,through_right,1,B,1,11.5000,1131.0000,2.0000,downhill,89.0000,35.0000,41.6000,11.9000,3.8000,2.2000
INT0034,5,EBL,EB,left,2,A,1,12.0000,320.0000,3.0000,uphill,48.0000,45.0000,49.7000,11.4000,3.7000,1.4000
INT0034,6,WBT,WB,through_right,2,A,2,12.0000,1240.0000,3.0000,downhill,48.0000,45.0000,50.9000,6.7000,4.8000,1.1000
INT0034,7,SBL,SB,left,2,B,1,11.5000,364.0000,2.0000,downhill,89.0000,35.0000,40.3000,6.0000,3.6000,3.0000
INT0034,8,NBT,NB,through_right,2,B,1,11.5000,602.0000,2.0000,uphill,89.0000,35.0000,37.9000,6.9000,3.5000,2.2000
INT0035,1,WBL,WB,left,1,A,1,11.5000,401.0000,2.0000,downhill,63.0000,45.0000,50.8000,4.5000,3.0000,1.0000
INT0035,2,EBT,EB,through_right,1,A,2,11.0000,1222.0000,2.0000,uphill,63.0000,45.0000,48.9000,8.7000,3.5000,1.0000
INT0035,3,NBL,NB,left,1,B,2,11.0000,372.0000,1.0000,uphill,99.0000,30.0000,36.2000,1.7000,3.0000,1.0000
INT0035,4,SBT,SB,through_right,1,B,1,12.0000,1270.0000,1.0000,downhill,99.0000,30.0000,36.9000,8.2000,3.5000,1.0000
INT0035,5,EBL,EB,left,2,A,2,12.0000,202.0000,2.0000,uphill,63.0000,45.0000,50.2000,9.2000,3.0000,1.0000
INT0035,6,WBT,WB,through_right,2,A,2,11.0000,680.0000,2.0000,downhill,63.0000,45.0000,48.5000,5.8000,3.5000,1.0000
INT0035,7,SBL,SB,left,2,B,1,11.0000,165.0000,1.0000,downhill,99.0000,30.0000,37.5000,9.2000,3.0000,1.0000
INT0035,8,NBT,NB,through_right,2,B,1,11.0000,626.0000,1.0000,uphill,99.0000,30.0000,36.4000,3.0000,3.5000,1.0000
INT0036,1,WBL,WB,left,1,A,2,12.0000,307.0000,3.0000,downhill,59.0000,50.0000,56.2000,3.7000,4.9000,1.2000
INT0036,2,EBT,EB,through_right,1,A,2,12.0000,892.0000,3.0000,uphill,59.0000,50.0000,59.2000,5.2000,5.0000,1.2000
INT0036,3,NBL,NB,left,1,B,1,11.0000,332.0000,1.0000,uphill,92.0000,25.0000,28.4000,7.7000,3.7000,3.9000
INT0036,4,SBT,SB,through_right,1,B,1,11.0000,614.0000,1.0000,downhill,92.0000,25.0000,30.2000,8.3000,3.7000,2.6000
INT0036,5,EBL,EB,left,2,A,2,12.0000,145.0000,3.0000,uphill,59.0000,50.0000,57.9000,9.1000,4.7000,1.2000
INT0036,6,WBT,WB,through_right,2,A,2,11.0000,564.0000,3.0000,downhill,59.0000,50.0000,55.6000,9.2000,5.8000,1.2000
INT0036,7,SBL,SB,left,2,B,1,12.0000,321.0000,1.0000,downhill,92.0000,25.0000,29.6000,6.8000,3.5000,3.9000
INT0036,8,NBT,NB,through_right,2,B,1,11.5000,777.0000,1.0000,uphill,92.0000,25.0000,28.1000,10.4000,3.7000,2.8000
INT0037,1,WBL,WB,left,1,A,1,11.0000,260.0000,0.0000,level,86.0000,40.0000,48.6000,1.6000,3.6000,2.1000
INT0037,2,EBT,EB,through_right,1,A,3,11.0000,762.0000,0.0000,level,86.0000,40.0000,43.5000,4.2000,4.3000,1.7000
INT0037,3,NBL,NB,left,1,B,1,12.0000,255.0000,0.0000,level,126.0000,35.0000,38.7000,6.8000,3.4000,3.4000
INT0037,4,SBT,SB,through_right,1,B,2,12.0000,753.0000,0.0000,level,126.0000,35.0000,41.9000,4.7000,4.2000,2.5000
INT0037,5,EBL,EB,left,2,A,1,11.0000,402.0000,0.0000,level,86.0000,40.0000,44.8000,4.2000,3.8000,2.1000
INT0037,6,WBT,WB,through_right,2,A,3,11.0000,751.0000,0.0000,level,86.0000,40.0000,50.1000,7.1000,4.3000,1.7000
INT0037,7,SBL,SB,left,2,B,1,12.0000,370.0000,0.0000,level,126.0000,35.0000,40.9000,8.2000,3.2000,3.4000
INT0037,8,NBT,NB,through_right,2,B,2,10.5000,686.0000,0.0000,level,126.0000,35.0000,40.4000,10.7000,4.0000,2.5000
INT0038,1,WBL,WB,left,1,A,1,10.5000,349.0000,1.0000,downhill,73.0000,50.0000,55.0000,8.0000,4.7000,1.5000
INT0038,2,EBT,EB,through_right,1,A,3,12.0000,1374.0000,1.0000,uphill,73.0000,50.0000,53.2000,8.3000,4.9000,1.2000
INT0038,3,NBL,NB,left,1,B,2,10.0000,327.0000,3.0000,uphill,126.0000,30.0000,33.7000,6.7000,3.5000,4.2000
INT0038,4,SBT,SB,through_right,1,B,2,10.0000,788.0000,3.0000,downhill,126.0000,30.0000,34.2000,10.9000,3.8000,3.0000
INT0038,5,EBL,EB,left,2,A,1,11.0000,318.0000,1.0000,uphill,73.0000,50.0000,55.6000,9.5000,4.3000,1.4000
INT0038,6,WBT,WB,through_right,2,A,3,11.0000,619.0000,1.0000,downhill,73.0000,50.0000,56.2000,10.6000,5.5000,1.2000
INT0038,7,SBL,SB,left,2,B,2,10.0000,332.0000,3.0000,downhill,126.0000,30.0000,32.0000,7.0000,3.5000,4.6000
INT0038,8,NBT,NB,through_right,2,B,2,11.0000,668.0000,3.0000,uphill,126.0000,30.0000,35.0000,10.0000,3.7000,2.9000
INT0039,1,WBL,WB,left,1,A,1,12.0000,285.0000,0.0000,level,76.0000,35.0000,38.9000,5.8000,3.0000,2.7000
INT0039,2,EBT,EB,through_right,1,A,1,12.0000,581.0000,0.0000,level,76.0000,35.0000,39.3000,8.4000,3.6000,1.9000
INT0039,3,NBL,NB,left,1,B,1,11.5000,138.0000,3.0000,uphill,82.0000,35.0000,42.3000,2.5000,3.0000,2.8000
INT0039,4,SBT,SB,through_right,1,B,2,11.0000,1092.0000,3.0000,downhill,82.0000,35.0000,39.1000,10.3000,3.9000,2.0000
INT0039,5,EBL,EB,left,2,A,1,10.5000,267.0000,0.0000,level,76.0000,35.0000,41.7000,11.0000,3.0000,2.7000
INT0039,6,WBT,WB,through_right,2,A,1,10.0000,505.0000,0.0000,level,76.0000,35.0000,41.5000,5.4000,3.6000,1.9000
INT0039,7,SBL,SB,left,2,B,1,11.0000,154.0000,3.0000,downhill,82.0000,35.0000,40.1000,9.6000,3.1000,2.8000
INT0039,8,NBT,NB,through_right,2,B,2,10.5000,707.0000,3.0000,uphill,82.0000,35.0000,35.0000,4.0000,3.4000,2.0000
INT0040,1,WBL,WB,left,1,A,1,12.0000,260.0000,0.0000,level,52.0000,45.0000,48.8000,2.7000,3.8000,1.5000
INT0040,2,EBT,EB,through_right,1,A,2,11.0000,719.0000,0.0000,level,52.0000,45.0000,50.2000,2.1000,4.3000,1.5000
INT0040,3,NBL,NB,left,1,B,1,11.0000,343.0000,0.0000,level,104.0000,40.0000,40.4000,7.6000,3.2000,2.9000
INT0040,4,SBT,SB,through_right,1,B,1,12.0000,517.0000,0.0000,level,104.0000,40.0000,42.4000,9.0000,4.2000,2.2000
INT0040,5,EBL,EB,left,2,A,2,11.5000,323.0000,0.0000,level,52.0000,45.0000,50.1000,7.7000,3.6000,1.5000
INT0040,6,WBT,WB,through_right,2,A,2,11.0000,1081.0000,0.0000,level,52.0000,45.0000,51.1000,3.6000,4.3000,1.5000
INT0040,7,SBL,SB,left,2,B,1,11.0000,315.0000,0.0000,level,104.0000,40.0000,42.6000,5.1000,3.2000,2.9000
INT0040,8,NBT,NB,through_right,2,B,1,12.0000,538.0000,0.0000,level,104.0000,40.0000,40.0000,11.7000,4.1000,2.2000
INT0041,1,WBL,WB,left,1,A,1,12.0000,199.0000,0.0000,level,75.0000,50.0000,53.2000,4.3000,4.2000,1.5000
INT0041,2,EBT,EB,through_right,1,A,3,12.0000,779.0000,0.0000,level,75.0000,50.0000,57.4000,6.5000,5.3000,1.2000
INT0041,3,NBL,NB,left,1,B,2,11.0000,129.0000,3.0000,uphill,127.0000,35.0000,42.2000,11.3000,3.5000,3.2000
INT0041,4,SBT,SB,through_right,1,B,2,11.5000,526.0000,3.0000,downhill,127.0000,35.0000,39.5000,9.8000,4.4000,2.6000
INT0041,5,EBL,EB,left,2,A,1,11.0000,168.0000,0.0000,level,75.0000,50.0000,58.9000,8.0000,4.6000,1.4000
INT0041,6,WBT,WB,through_right,2,A,3,11.0000,848.0000,0.0000,level,75.0000,50.0000,57.5000,4.7000,5.4000,1.2000
INT0041,7,SBL,SB,left,2,B,1,12.0000,216.0000,3.0000,downhill,127.0000,35.0000,42.9000,11.6000,3.9000,3.1000
INT0041,8,NBT,NB,through_right,2,B,2,10.0000,1046.0000,3.0000,uphill,127.0000,35.0000,41.9000,6.3000,3.9000,2.4000
INT0042,1,WBL,WB,left,1,A,2,12.0000,264.0000,5.0000,uphill,63.0000,35.0000,38.2000,3.7000,3.0000,1.0000
INT0042,2,EBT,EB,through_right,1,A,1,11.0000,1020.0000,5.0000,downhill,63.0000,35.0000,39.4000,2.8000,3.5000,1.0000
INT0042,3,NBL,NB,left,1,B,1,11.5000,383.0000,2.0000,downhill,66.0000,25.0000,30.1000,9.8000,3.0000,1.0000
INT0042,4,SBT,SB,through_right,1,B,1,11.5000,1135.0000,2.0000,uphill,66.0000,25.0000,30.4000,10.5000,3.5000,1.0000
INT0042,5,EBL,EB,left,2,A,1,10.0000,389.0000,5.0000,downhill,63.0000,35.0000,39.8000,6.5000,3.0000,1.0000
INT0042,6,WBT,WB,through_right,2,A,1,12.0000,1008.0000,5.0000,uphill,63.0000,35.0000,42.0000,6.4000,3.5000,1.0000
INT0042,7,SBL,SB,left,2,B,1,11.0000,217.0000,2.0000,uphill,66.0000,25.0000,26.6000,11.5000,3.0000,1.0000
INT0042,8,NBT,NB,through_right,2,B,1,12.0000,546.0000,2.0000,downhill,66.0000,25.0000,31.1000,9.0000,3.5000,1.0000
INT0043,1,WBL,WB,left,1,A,1,12.0000,184.0000,1.0000,downhill,55.0000,40.0000,45.2000,6.1000,3.7000,1.5000
INT0043,2,EBT,EB,through_right,1,A,2,12.0000,651.0000,1.0000,uphill,55.0000,40.0000,47.8000,6.1000,4.4000,1.1000
INT0043,3,NBL,NB,left,1,B,1,11.0000,232.0000,0.0000,level,95.0000,25.0000,30.1000,1.5000,3.7000,4.0000
INT0043,4,SBT,SB,through_right,1,B,1,12.0000,461.0000,0.0000,level,95.0000,25.0000,33.0000,10.2000,3.7000,2.4000
INT0043,5,EBL,EB,left,2,A,1,10.0000,365.0000,1.0000,uphill,55.0000,40.0000,46.4000,5.3000,3.8000,1.5000
INT0043,6,WBT,WB,through_right,2,A,2,10.0000,732.0000,1.0000,downhill,55.0000,40.0000,50.5000,10.2000,5.1000,1.1000
INT0043,7,SBL,SB,left,2,B,2,11.5000,126.0000,0.0000,level,95.0000,25.0000,32.4000,6.9000,3.5000,3.5000
INT0043,8,NBT,NB,through_right,2,B,1,12.0000,818.0000,0.0000,level,95.0000,25.0000,27.9000,6.3000,3.7000,2.9000
INT0044,1,WBL,WB,left,1,A,1,11.0000,200.0000,0.0000,level,60.0000,50.0000,54.5000,3.5000,4.2000,1.5000
INT0044,2,EBT,EB,through_right,1,A,1,11.0000,767.0000,0.0000,level,60.0000,50.0000,52.7000,4.0000,4.7000,1.5000
INT0044,3,NBL,NB,left,1,B,1,11.0000,177.0000,0.0000,level,60.0000,40.0000,45.2000,1.5000,3.2000,1.9000
INT0044,4,SBT,SB,through_right,1,B,1,12.0000,850.0000,0.0000,level,60.0000,40.0000,46.4000,9.1000,4.1000,1.5000
INT0044,5,EBL,EB,left,2,A,1,12.0000,184.0000,0.0000,level,60.0000,50.0000,54.7000,6.5000,4.0000,1.5000
INT0044,6,WBT,WB,through_right,2,A,1,11.5000,915.0000,0.0000,level,60.0000,50.0000,57.8000,5.0000,4.9000,1.5000
INT0044,7,SBL,SB,left,2,B,2,11.0000,217.0000,0.0000,level,60.0000,40.0000,40.3000,10.0000,3.3000,1.9000
INT0044,8,NBT,NB,through_right,2,B,1,11.0000,990.0000,0.0000,level,60.0000,40.0000,41.7000,4.4000,4.0000,1.5000
INT0045,1,WBL,WB,left,1,A,2,11.5000,189.0000,2.0000,uphill,49.0000,45.0000,48.4000,8.1000,3.7000,1.3000
INT0045,2,EBT,EB,through_right,1,A,2,11.5000,569.0000,2.0000,downhill,49.0000,45.0000,47.5000,10.3000,4.8000,1.2000
INT0045,3,NBL,NB,left,1,B,2,11.0000,135.0000,0.0000,level,104.0000,25.0000,30.1000,9.6000,3.6000,4.3000
INT0045,4,SBT,SB,through_right,1,B,1,12.0000,1096.0000,0.0000,level,104.0000,25.0000,33.2000,6.6000,3.7000,2.6000
INT0045,5,EBL,EB,left,2,A,1,12.0000,171.0000,2.0000,downhill,49.0000,45.0000,53.7000,11.8000,4.6000,1.2000
INT0045,6,WBT,WB,through_right,2,A,2,12.0000,1373.0000,2.0000,uphill,49.0000,45.0000,52.2000,7.0000,4.6000,1.2000
INT0045,7,SBL,SB,left,2,B,1,11.0000,306.0000,0.0000,level,104.0000,25.0000,29.3000,3.7000,3.5000,4.3000
INT0045,8,NBT,NB,through_right,2,B,1,11.5000,1209.0000,0.0000,level,104.0000,25.0000,30.7000,9.0000,3.6000,2.8000
INT0046,1,WBL,WB,left,1,A,1,11.5000,335.0000,0.0000,level,81.0000,45.0000,49.6000,3.0000,4.1000,1.8000
INT0046,2,EBT,EB,through_right,1,A,2,10.5000,474.0000,0.0000,level,81.0000,45.0000,50.8000,7.1000,4.8000,1.4000
INT0046,3,NBL,NB,left,1,B,2,12.0000,255.0000,4.0000,downhill,105.0000,35.0000,42.5000,11.9000,4.0000,2.7000
INT0046,4,SBT,SB,through_right,1,B,2,12.0000,803.0000,4.0000,uphill,105.0000,35.0000,35.6000,11.0000,3.7000,2.4000
INT0046,5,EBL,EB,left,2,A,1,12.0000,418.0000,0.0000,level,81.0000,45.0000,47.3000,1.9000,3.9000,1.9000
INT0046,6,WBT,WB,through_right,2,A,2,11.0000,738.0000,0.0000,level,81.0000,45.0000,49.6000,3.1000,4.7000,1.4000
INT0046,7,SBL,SB,left,2,B,1,11.0000,251.0000,4.0000,uphill,105.0000,35.0000,38.5000,4.7000,3.5000,3.0000
INT0046,8,NBT,NB,through_right,2,B,2,11.0000,769.0000,4.0000,downhill,105.0000,35.0000,43.2000,4.4000,4.8000,2.0000
INT0047,1,WBL,WB,left,1,A,1,10.0000,220.0000,2.0000,uphill,63.0000,45.0000,48.8000,2.0000,3.5000,1.7000
INT0047,2,EBT,EB,through_right,1,A,2,11.0000,515.0000,2.0000,downhill,63.0000,45.0000,51.6000,12.0000,4.6000,1.3000
INT0047,3,NBL,NB,left,1,B,2,10.0000,266.0000,2.0000,downhill,103.0000,35.0000,41.0000,8.4000,3.0000,3.4000
INT0047,4,SBT,SB,through_right,1,B,1,12.0000,1391.0000,2.0000,uphill,103.0000,35.0000,39.0000,4.7000,3.5000,2.4000
INT0047,5,EBL,EB,left,2,A,1,12.0000,265.0000,2.0000,downhill,63.0000,45.0000,49.1000,5.6000,3.8000,1.7000
INT0047,6,WBT,WB,through_right,2,A,2,10.5000,572.0000,2.0000,uphill,63.0000,45.0000,51.5000,9.3000,4.2000,1.3000
INT0047,7,SBL,SB,left,2,B,1,10.0000,231.0000,2.0000,uphill,103.0000,35.0000,38.1000,9.4000,3.0000,3.4000
INT0047,8,NBT,NB,through_right,2,B,1,11.5000,1238.0000,2.0000,downhill,103.0000,35.0000,41.6000,2.4000,3.8000,2.4000
INT0048,1,WBL,WB,left,1,A,2,10.5000,207.0000,6.0000,uphill,49.0000,45.0000,49.1000,7.7000,3.0000,1.0000
INT0048,2,EBT,EB,through_right,1,A,2,11.0000,911.0000,6.0000,downhill,49.0000,45.0000,49.2000,3.2000,3.5000,1.0000
INT0048,3,NBL,NB,left,1,B,1,12.0000,195.0000,0.0000,level,95.0000,25.0000,31.0000,3.7000,3.0000,1.0000
INT0048,4,SBT,SB,through_right,1,B,1,10.5000,476.0000,0.0000,level,95.0000,25.0000,28.3000,9.0000,3.5000,1.0000
INT0048,5,EBL,EB,left,2,A,1,12.0000,254.0000,6.0000,downhill,49.0000,45.0000,51.3000,3.0000,3.0000,1.0000
INT0048,6,WBT,WB,through_right,2,A,2,10.5000,1312.0000,6.0000,uphill,49.0000,45.0000,49.7000,5.5000,3.5000,1.0000
INT0048,7,SBL,SB,left,2,B,1,11.5000,156.0000,0.0000,level,95.0000,25.0000,32.4000,7.1000,3.0000,1.0000
INT0048,8,NBT,NB,through_right,2,B,1,12.0000,769.0000,0.0000,level,95.0000,25.0000,34.1000,7.1000,3.5000,1.0000
INT0049,1,WBL,WB,left,1,A,1,10.0000,182.0000,6.0000,downhill,63.0000,40.0000,44.8000,4.2000,3.0000,1.0000
INT0049,2,EBT,EB,through_right,1,A,2,11.0000,792.0000,6.0000,uphill,63.0000,40.0000,45.2000,11.7000,3.5000,1.0000
INT0049,3,NBL,NB,left,1,B,1,10.5000,326.0000,2.0000,downhill,104.0000,30.0000,31.8000,2.8000,3.0000,1.0000
INT0049,4,SBT,SB,through_right,1,B,1,12.0000,1013.0000,2.0000,uphill,104.0000,30.0000,37.9000,5.4000,3.5000,1.0000
INT0049,5,EBL,EB,left,2,A,1,12.0000,243.0000,6.0000,uphill,63.0000,40.0000,45.6000,7.3000,3.0000,1.0000
INT0049,6,WBT,WB,through_right,2,A,2,11.0000,658.0000,6.0000,downhill,63.0000,40.0000,45.3000,4.7000,3.5000,1.0000
INT0049,7,SBL,SB,left,2,B,1,11.5000,297.0000,2.0000,uphill,104.0000,30.0000,33.6000,6.9000,3.0000,1.0000
INT0049,8,NBT,NB,through_right,2,B,1,12.0000,841.0000,2.0000,downhill,104.0000,30.0000,33.4000,6.8000,3.5000,1.0000
INT0050,1,WBL,WB,left,1,A,1,10.0000,306.0000,4.0000,uphill,77.0000,40.0000,47.8000,10.3000,3.0000,2.3000
INT0050,2,EBT,EB,through_right,1,A,2,11.0000,1060.0000,4.0000,downhill,77.0000,40.0000,47.4000,2.4000,4.4000,1.7000
INT0050,3,NBL,NB,left,1,B,1,11.0000,292.0000,0.0000,level,106.0000,25.0000,29.5000,2.9000,3.0000,4.3000
INT0050,4,SBT,SB,through_right,1,B,2,11.5000,965.0000,0.0000,level,106.0000,25.0000,29.7000,9.1000,3.0000,3.5000
INT0050,5,EBL,EB,left,2,A,1,10.5000,338.0000,4.0000,downhill,77.0000,40.0000,46.8000,5.9000,3.6000,2.3000
INT0050,6,WBT,WB,through_right,2,A,2,10.5000,756.0000,4.0000,uphill,77.0000,40.0000,45.9000,6.8000,3.6000,1.7000
INT0050,7,SBL,SB,left,2,B,1,11.5000,187.0000,0.0000,level,106.0000,25.0000,28.7000,5.0000,3.0000,4.3000
INT0050,8,NBT,NB,through_right,2,B,2,11.0000,1349.0000,0.0000,level,106.0000,25.0000,29.1000,8.2000,3.0000,3.5000
INT0051,1,WBL,WB,left,1,A,1,11.0000,321.0000,5.0000,uphill,56.0000,55.0000,61.4000,11.7000,3.9000,1.2000
INT0051,2,EBT,EB,through_right,1,A,2,11.5000,1236.0000,5.0000,downhill,56.0000,55.0000,57.5000,11.0000,5.9000,1.0000
INT0051,3,NBL,NB,left,1,B,1,11.0000,120.0000,0.0000,level,98.0000,25.0000,30.9000,4.1000,3.5000,4.1000
INT0051,4,SBT,SB,through_right,1,B,1,12.0000,931.0000,0.0000,level,98.0000,25.0000,29.9000,11.5000,3.5000,3.3000
INT0051,5,EBL,EB,left,2,A,1,12.0000,245.0000,5.0000,downhill,56.0000,55.0000,62.0000,2.3000,5.1000,1.2000
INT0051,6,WBT,WB,through_right,2,A,2,11.5000,1270.0000,5.0000,uphill,56.0000,55.0000,62.3000,9.5000,4.5000,1.0000
INT0051,7,SBL,SB,left,2,B,1,11.5000,173.0000,0.0000,level,98.0000,25.0000,32.5000,7.7000,3.5000,4.1000
INT0051,8,NBT,NB,through_right,2,B,1,12.0000,1130.0000,0.0000,level,98.0000,25.0000,30.0000,1.7000,3.7000,3.3000
INT0052,1,WBL,WB,left,1,A,1,11.0000,334.0000,0.0000,level,83.0000,45.0000,48.5000,4.1000,3.9000,1.9000
INT0052,2,EBT,EB,through_right,1,A,2,11.0000,606.0000,0.0000,level,83.0000,45.0000,48.4000,11.5000,4.6000,1.5000
INT0052,3,NBL,NB,left,1,B,1,12.0000,267.0000,0.0000,level,105.0000,35.0000,39.3000,7.2000,3.6000,3.0000
INT0052,4,SBT,SB,through_right,1,B,2,10.0000,724.0000,0.0000,level,105.0000,35.0000,40.5000,8.8000,4.1000,2.2000
INT0052,5,EBL,EB,left,2,A,2,11.0000,190.0000,0.0000,level,83.0000,45.0000,49.6000,2.7000,3.9000,1.8000
INT0052,6,WBT,WB,through_right,2,A,2,11.0000,1346.0000,0.0000,level,83.0000,45.0000,51.2000,10.1000,4.8000,1.4000
INT0052,7,SBL,SB,left,2,B,1,10.0000,382.0000,0.0000,level,105.0000,35.0000,39.1000,4.8000,3.5000,3.0000
INT0052,8,NBT,NB,through_right,2,B,2,11.0000,1025.0000,0.0000,level,105.0000,35.0000,44.4000,11.6000,4.3000,2.0000
INT0053,1,WBL,WB,left,1,A,1,10.5000,285.0000,3.0000,downhill,58.0000,40.0000,44.2000,7.3000,3.7000,1.8000
INT0053,2,EBT,EB,through_right,1,A,1,12.0000,895.0000,3.0000,uphill,58.0000,40.0000,41.7000,4.1000,3.7000,1.4000
INT0053,3,NBL,NB,left,1,B,1,10.5000,263.0000,4.0000,uphill,81.0000,25.0000,31.1000,8.5000,3.5000,3.5000
INT0053,4,SBT,SB,through_right,1,B,1,10.5000,762.0000,4.0000,downhill,81.0000,25.0000,26.1000,3.4000,3.5000,2.8000
INT0053,5,EBL,EB,left,2,A,1,11.0000,308.0000,3.0000,uphill,58.0000,40.0000,45.8000,6.7000,3.5000,1.8000
INT0053,6,WBT,WB,through_right,2,A,1,12.0000,1228.0000,3.0000,downhill,58.0000,40.0000,45.4000,6.2000,4.3000,1.4000
INT0053,7,SBL,SB,left,2,B,1,10.5000,276.0000,4.0000,downhill,81.0000,25.0000,29.8000,5.4000,3.5000,3.5000
INT0053,8,NBT,NB,through_right,2,B,1,10.0000,870.0000,4.0000,uphill,81.0000,25.0000,28.6000,9.0000,3.5000,2.8000
INT0054,1,WBL,WB,left,1,A,1,12.0000,249.0000,5.0000,uphill,78.0000,40.0000,47.0000,10.5000,3.0000,1.0000
INT0054,2,EBT,EB,through_right,1,A,3,11.5000,1202.0000,5.0000,downhill,78.0000,40.0000,46.2000,9.7000,3.5000,1.0000
INT0054,3,NBL,NB,left,1,B,1,11.0000,211.0000,2.0000,downhill,120.0000,25.0000,27.2000,10.3000,3.0000,1.0000
INT0054,4,SBT,SB,through_right,1,B,2,12.0000,1287.0000,2.0000,uphill,120.0000,25.0000,27.0000,8.9000,3.5000,1.0000
INT0054,5,EBL,EB,left,2,A,1,10.5000,157.0000,5.0000,downhill,78.0000,40.0000,45.2000,8.3000,3.0000,1.0000
INT0054,6,WBT,WB,through_right,2,A,3,11.5000,1140.0000,5.0000,uphill,78.0000,40.0000,45.8000,8.7000,3.5000,1.0000
INT0054,7,SBL,SB,left,2,B,1,10.5000,183.0000,2.0000,uphill,120.0000,25.0000,31.0000,10.6000,3.0000,1.0000
INT0054,8,NBT,NB,through_right,2,B,2,10.0000,480.0000,2.0000,downhill,120.0000,25.0000,29.6000,5.1000,3.5000,1.0000
INT0055,1,WBL,WB,left,1,A,1,12.0000,283.0000,0.0000,level,60.0000,50.0000,54.9000,7.9000,4.0000,1.5000
INT0055,2,EBT,EB,through_right,1,A,1,11.0000,944.0000,0.0000,level,60.0000,50.0000,54.8000,8.7000,4.8000,1.5000
INT0055,3,NBL,NB,left,1,B,2,11.5000,364.0000,2.0000,downhill,72.0000,40.0000,46.3000,5.9000,3.4000,2.1000
INT0055,4,SBT,SB,through_right,1,B,1,12.0000,914.0000,2.0000,uphill,72.0000,40.0000,47.4000,2.7000,4.0000,1.6000
INT0055,5,EBL,EB,left,2,A,2,11.0000,200.0000,0.0000,level,60.0000,50.0000,55.0000,7.3000,4.0000,1.5000
INT0055,6,WBT,WB,through_right,2,A,1,11.5000,1255.0000,0.0000,level,60.0000,50.0000,57.6000,9.6000,4.8000,1.5000
INT0055,7,SBL,SB,left,2,B,1,11.0000,263.0000,2.0000,uphill,72.0000,40.0000,43.2000,6.2000,3.1000,2.1000
INT0055,8,NBT,NB,through_right,2,B,1,11.0000,709.0000,2.0000,downhill,72.0000,40.0000,47.5000,1.8000,4.2000,1.6000
INT0056,1,WBL,WB,left,1,A,1,10.5000,295.0000,4.0000,downhill,48.0000,50.0000,54.8000,11.8000,4.4000,1.2000
INT0056,2,EBT,EB,through_right,1,A,1,11.0000,816.0000,4.0000,uphill,48.0000,50.0000,54.6000,6.9000,4.3000,1.0000
INT0056,3,NBL,NB,left,1,B,1,12.0000,282.0000,2.0000,downhill,77.0000,35.0000,38.1000,8.9000,3.0000,2.7000
INT0056,4,SBT,SB,through_right,1,B,1,11.0000,1013.0000,2.0000,uphill,77.0000,35.0000,39.6000,7.5000,3.5000,1.9000
INT0056,5,EBL,EB,left,2,A,1,11.5000,401.0000,4.0000,uphill,48.0000,50.0000,55.5000,6.6000,3.6000,1.2000
INT0056,6,WBT,WB,through_right,2,A,1,12.0000,894.0000,4.0000,downhill,48.0000,50.0000,57.9000,7.9000,5.3000,1.0000
INT0056,7,SBL,SB,left,2,B,2,12.0000,177.0000,2.0000,uphill,77.0000,35.0000,43.3000,7.8000,3.0000,2.7000
INT0056,8,NBT,NB,through_right,2,B,1,11.5000,864.0000,2.0000,downhill,77.0000,35.0000,40.7000,11.8000,3.8000,1.9000
INT0057,1,WBL,WB,left,1,A,2,10.5000,247.0000,3.0000,uphill,50.0000,35.0000,36.5000,9.5000,3.1000,1.6000
INT0057,2,EBT,EB,through_right,1,A,1,12.0000,557.0000,3.0000,downhill,50.0000,35.0000,38.5000,5.9000,4.5000,1.2000
INT0057,3,NBL,NB,left,1,B,1,12.0000,299.0000,1.0000,uphill,73.0000,30.0000,33.7000,8.6000,3.0000,2.6000
INT0057,4,SBT,SB,through_right,1,B,1,11.5000,1231.0000,1.0000,downhill,73.0000,30.0000,34.6000,8.6000,3.9000,1.9000
INT0057,5,EBL,EB,left,2,A,2,11.5000,332.0000,3.0000,downhill,50.0000,35.0000,40.0000,3.8000,3.7000,1.6000
INT0057,6,WBT,WB,through_right,2,A,1,10.5000,1317.0000,3.0000,uphill,50.0000,35.0000,38.7000,11.6000,3.7000,1.2000
INT0057,7,SBL,SB,left,2,B,1,12.0000,225.0000,1.0000,downhill,73.0000,30.0000,35.0000,3.0000,3.1000,2.6000
INT0057,8,NBT,NB,through_right,2,B,1,12.0000,512.0000,1.0000,uphill,73.0000,30.0000,37.5000,2.4000,3.6000,1.9000
INT0058,1,WBL,WB,left,1,A,1,11.0000,125.0000,1.0000,uphill,62.0000,45.0000,49.8000,4.7000,4.0000,1.5000
INT0058,2,EBT,EB,through_right,1,A,1,12.0000,932.0000,1.0000,downhill,62.0000,45.0000,51.8000,11.0000,5.1000,1.1000
INT0058,3,NBL,NB,left,1,B,1,10.5000,170.0000,4.0000,downhill,61.0000,30.0000,34.3000,3.0000,3.7000,2.3000
INT0058,4,SBT,SB,through_right,1,B,1,12.0000,1089.0000,4.0000,uphill,61.0000,30.0000,31.6000,5.9000,3.6000,1.8000
INT0058,5,EBL,EB,left,2,A,1,12.0000,288.0000,1.0000,downhill,62.0000,45.0000,46.3000,10.0000,4.0000,1.6000
INT0058,6,WBT,WB,through_right,2,A,1,11.5000,1036.0000,1.0000,uphill,62.0000,45.0000,51.7000,2.1000,4.8000,1.1000
INT0058,7,SBL,SB,left,2,B,2,12.0000,334.0000,4.0000,uphill,61.0000,30.0000,36.0000,7.7000,3.5000,2.2000
INT0058,8,NBT,NB,through_right,2,B,1,12.0000,1265.0000,4.0000,downhill,61.0000,30.0000,36.0000,2.5000,4.2000,1.6000
INT0059,1,WBL,WB,left,1,A,2,12.0000,350.0000,0.0000,level,61.0000,55.0000,59.1000,11.9000,4.6000,1.2000
INT0059,2,EBT,EB,through_right,1,A,2,11.5000,969.0000,0.0000,level,61.0000,55.0000,60.3000,11.6000,5.5000,1.0000
INT0059,3,NBL,NB,left,1,B,1,12.0000,245.0000,4.0000,downhill,97.0000,30.0000,40.1000,10.9000,3.8000,2.7000
INT0059,4,SBT,SB,through_right,1,B,1,12.0000,1352.0000,4.0000,uphill,97.0000,30.0000,35.4000,6.0000,3.6000,2.3000
INT0059,5,EBL,EB,left,2,A,1,10.0000,233.0000,0.0000,level,61.0000,55.0000,60.6000,11.0000,4.9000,1.1000
INT0059,6,WBT,WB,through_right,2,A,2,11.0000,751.0000,0.0000,level,61.0000,55.0000,63.3000,6.9000,5.9000,1.0000
INT0059,7,SBL,SB,left,2,B,1,12.0000,151.0000,4.0000,uphill,97.0000,30.0000,38.0000,2.1000,3.5000,2.9000
INT0059,8,NBT,NB,through_right,2,B,1,10.5000,1170.0000,4.0000,downhill,97.0000,30.0000,35.7000,5.8000,4.3000,2.3000
INT0060,1,WBL,WB,left,1,A,1,11.5000,160.0000,0.0000,level,76.0000,50.0000,56.7000,8.9000,4.5000,1.5000
INT0060,2,EBT,EB,through_right,1,A,2,12.0000,641.0000,0.0000,level,76.0000,50.0000,56.1000,8.6000,5.2000,1.2000
INT0060,3,NBL,NB,left,1,B,1,12.0000,325.0000,3.0000,downhill,92.0000,40.0000,49.8000,7.8000,4.3000,2.0000
INT0060,4,SBT,SB,through_right,1,B,2,11.0000,541.0000,3.0000,uphill,92.0000,40.0000,44.4000,1.6000,4.1000,1.8000
INT0060,5,EBL,EB,left,2,A,1,11.5000,360.0000,0.0000,level,76.0000,50.0000,55.6000,2.9000,4.7000,1.5000
INT0060,6,WBT,WB,through_right,2,A,2,12.0000,993.0000,0.0000,level,76.0000,50.0000,54.6000,9.8000,5.1000,1.2000
INT0060,7,SBL,SB,left,2,B,2,12.0000,325.0000,3.0000,uphill,92.0000,40.0000,44.8000,6.8000,3.5000,2.2000
INT0060,8,NBT,NB,through_right,2,B,2,10.5000,515.0000,3.0000,downhill,92.0000,40.0000,40.1000,3.7000,4.5000,2.0000
INT0061,1,WBL,WB,left,1,A,1,11.0000,232.0000,1.0000,downhill,52.0000,50.0000,54.9000,5.9000,4.1000,1.3000
INT0061,2,EBT,EB,through_right,1,A,2,11.0000,496.0000,1.0000,uphill,52.0000,50.0000,55.4000,3.1000,4.6000,1.0000
INT0061,3,NBL,NB,left,1,B,1,10.5000,316.0000,0.0000,level,95.0000,30.0000,35.5000,9.5000,3.6000,4.0000
INT0061,4,SBT,SB,through_right,1,B,1,12.0000,1016.0000,0.0000,level,95.0000,30.0000,35.3000,8.9000,3.7000,2.7000
INT0061,5,EBL,EB,left,2,A,2,11.0000,322.0000,1.0000,uphill,52.0000,50.0000,53.4000,3.7000,4.1000,1.3000
INT0061,6,WBT,WB,through_right,2,A,2,12.0000,804.0000,1.0000,downhill,52.0000,50.0000,53.6000,5.1000,4.9000,1.0000
INT0061,7,SBL,SB,left,2,B,1,12.0000,261.0000,0.0000,level,95.0000,30.0000,37.5000,7.5000,3.7000,4.0000
INT0061,8,NBT,NB,through_right,2,B,1,12.0000,623.0000,0.0000,level,95.0000,30.0000,32.7000,9.2000,3.5000,2.7000
INT0062,1,WBL,WB,left,1,A,1,10.5000,278.0000,4.0000,uphill,76.0000,50.0000,58.3000,4.1000,4.4000,1.4000
INT0062,2,EBT,EB,through_right,1,A,2,10.0000,541.0000,4.0000,downhill,76.0000,50.0000,51.9000,11.3000,5.5000,1.3000
INT0062,3,NBL,NB,left,1,B,1,12.0000,177.0000,4.0000,downhill,97.0000,30.0000,37.2000,10.8000,3.5000,3.0000
INT0062,4,SBT,SB,through_right,1,B,2,10.5000,1395.0000,4.0000,uphill,97.0000,30.0000,32.0000,5.3000,3.7000,2.5000
INT0062,5,EBL,EB,left,2,A,1,11.0000,158.0000,4.0000,downhill,76.0000,50.0000,56.5000,8.0000,5.0000,1.5000
INT0062,6,WBT,WB,through_right,2,A,2,10.0000,597.0000,4.0000,uphill,76.0000,50.0000,55.2000,3.4000,4.6000,1.2000
INT0062,7,SBL,SB,left,2,B,2,11.5000,367.0000,4.0000,uphill,97.0000,30.0000,37.3000,4.4000,3.6000,3.0000
INT0062,8,NBT,NB,through_right,2,B,2,11.5000,474.0000,4.0000,downhill,97.0000,30.0000,35.9000,7.6000,4.1000,2.3000
INT0063,1,WBL,WB,left,1,A,1,12.0000,155.0000,4.0000,downhill,53.0000,45.0000,51.4000,7.6000,3.0000,1.0000
INT0063,2,EBT,EB,through_right,1,A,3,11.5000,1099.0000,4.0000,uphill,53.0000,45.0000,48.9000,10.0000,3.5000,1.0000
INT0063,3,NBL,NB,left,1,B,2,12.0000,375.0000,0.0000,level,116.0000,40.0000,43.1000,9.4000,3.0000,1.0000
INT0063,4,SBT,SB,through_right,1,B,1,11.0000,473.0000,0.0000,level,116.0000,40.0000,49.3000,6.2000,3.5000,1.0000
INT0063,5,EBL,EB,left,2,A,2,11.5000,369.0000,4.0000,uphill,53.0000,45.0000,49.6000,5.6000,3.0000,1.0000
INT0063,6,WBT,WB,through_right,2,A,3,10.0000,748.0000,4.0000,downhill,53.0000,45.0000,50.7000,2.6000,3.5000,1.0000
INT0063,7,SBL,SB,left,2,B,1,10.5000,364.0000,0.0000,level,116.0000,40.0000,42.9000,2.4000,3.0000,1.0000
INT0063,8,NBT,NB,through_right,2,B,1,11.5000,541.0000,0.0000,level,116.0000,40.0000,44.1000,11.1000,3.5000,1.0000
INT0064,1,WBL,WB,left,1,A,1,10.0000,180.0000,6.0000,uphill,84.0000,45.0000,49.3000,4.8000,3.5000,2.1000
INT0064,2,EBT,EB,through_right,1,A,3,12.0000,857.0000,6.0000,downhill,84.0000,45.0000,52.6000,8.3000,5.2000,1.6000
INT0064,3,NBL,NB,left,1,B,2,10.0000,215.0000,3.0000,uphill,125.0000,35.0000,41.6000,8.5000,3.5000,4.0000
INT0064,4,SBT,SB,through_right,1,B,2,11.0000,886.0000,3.0000,downhill,125.0000,35.0000,36.6000,6.7000,4.0000,2.9000
INT0064,5,EBL,EB,left,2,A,2,11.0000,235.0000,6.0000,downhill,84.0000,45.0000,49.1000,2.3000,4.2000,2.1000
INT0064,6,WBT,WB,through_right,2,A,3,12.0000,472.0000,6.0000,uphill,84.0000,45.0000,51.1000,7.4000,3.8000,1.6000
INT0064,7,SBL,SB,left,2,B,2,11.0000,169.0000,3.0000,downhill,125.0000,35.0000,40.0000,1.5000,3.7000,4.0000
INT0064,8,NBT,NB,through_right,2,B,2,11.5000,1390.0000,3.0000,uphill,125.0000,35.0000,43.4000,4.7000,3.5000,2.9000
INT0065,1,WBL,WB,left,1,A,2,11.0000,334.0000,2.0000,downhill,72.0000,40.0000,42.0000,11.7000,3.5000,2.1000
INT0065,2,EBT,EB,through_right,1,A,2,11.0000,1074.0000,2.0000,uphill,72.0000,40.0000,43.5000,4.6000,3.8000,1.6000
INT0065,3,NBL,NB,left,1,B,1,11.0000,185.0000,3.0000,downhill,102.0000,25.0000,29.6000,2.0000,3.5000,4.2000
INT0065,4,SBT,SB,through_right,1,B,2,11.0000,1215.0000,3.0000,uphill,102.0000,25.0000,30.7000,8.5000,3.7000,3.4000
INT0065,5,EBL,EB,left,2,A,1,11.0000,383.0000,2.0000,uphill,72.0000,40.0000,42.0000,7.7000,3.5000,2.1000
INT0065,6,WBT,WB,through_right,2,A,2,10.5000,1356.0000,2.0000,downhill,72.0000,40.0000,47.4000,8.5000,4.3000,1.6000
INT0065,7,SBL,SB,left,2,B,1,11.0000,350.0000,3.0000,uphill,102.0000,25.0000,31.5000,4.6000,3.5000,4.2000
INT0065,8,NBT,NB,through_right,2,B,2,10.5000,758.0000,3.0000,downhill,102.0000,25.0000,31.2000,6.5000,3.7000,3.4000
INT0066,1,WBL,WB,left,1,A,1,12.0000,404.0000,3.0000,uphill,63.0000,45.0000,52.9000,6.8000,3.7000,1.7000
INT0066,2,EBT,EB,through_right,1,A,2,12.0000,636.0000,3.0000,downhill,63.0000,45.0000,49.2000,3.6000,4.8000,1.3000
INT0066,3,NBL,NB,left,1,B,1,11.0000,265.0000,0.0000,level,99.0000,40.0000,47.2000,7.7000,3.5000,2.8000
INT0066,4,SBT,SB,through_right,1,B,1,12.0000,1176.0000,0.0000,level,99.0000,40.0000,46.5000,9.9000,4.1000,2.1000
INT0066,5,EBL,EB,left,2,A,1,12.0000,365.0000,3.0000,downhill,63.0000,45.0000,48.8000,10.6000,3.9000,1.7000
INT0066,6,WBT,WB,through_right,2,A,2,10.5000,1373.0000,3.0000,uphill,63.0000,45.0000,50.4000,11.2000,4.1000,1.3000
INT0066,7,SBL,SB,left,2,B,1,12.0000,252.0000,0.0000,level,99.0000,40.0000,46.3000,3.5000,3.7000,2.8000
INT0066,8,NBT,NB,through_right,2,B,1,12.0000,1377.0000,0.0000,level,99.0000,40.0000,45.3000,9.9000,4.0000,2.1000
INT0067,1,WBL,WB,left,1,A,1,11.0000,350.0000,0.0000,level,78.0000,45.0000,47.9000,1.7000,3.6000,2.0000
INT0067,2,EBT,EB,through_right,1,A,3,11.0000,1020.0000,0.0000,level,78.0000,45.0000,50.1000,4.9000,4.3000,1.5000
INT0067,3,NBL,NB,left,1,B,1,12.0000,356.0000,0.0000,level,120.0000,35.0000,39.1000,3.3000,3.5000,3.9000
INT0067,4,SBT,SB,through_right,1,B,2,11.0000,1373.0000,0.0000,level,120.0000,35.0000,40.3000,3.3000,3.6000,2.8000
INT0067,5,EBL,EB,left,2,A,1,10.0000,186.0000,0.0000,level,78.0000,45.0000,51.9000,5.0000,3.6000,2.0000
INT0067,6,WBT,WB,through_right,2,A,3,12.0000,772.0000,0.0000,level,78.0000,45.0000,52.4000,7.0000,4.3000,1.5000
INT0067,7,SBL,SB,left,2,B,2,10.5000,328.0000,0.0000,level,120.0000,35.0000,42.0000,6.7000,3.6000,3.9000
INT0067,8,NBT,NB,through_right,2,B,2,12.0000,930.0000,0.0000,level,120.0000,35.0000,40.4000,10.0000,3.6000,2.8000
INT0068,1,WBL,WB,left,1,A,2,12.0000,147.0000,1.0000,downhill,53.0000,55.0000,56.5000,3.3000,4.8000,1.2000
INT0068,2,EBT,EB,through_right,1,A,2,11.0000,458.0000,1.0000,uphill,53.0000,55.0000,60.5000,6.5000,5.3000,1.2000
INT0068,3,NBL,NB,left,1,B,1,12.0000,193.0000,0.0000,level,97.0000,30.0000,33.0000,10.5000,3.5000,3.5000
INT0068,4,SBT,SB,through_right,1,B,1,12.0000,1201.0000,0.0000,level,97.0000,30.0000,35.3000,4.1000,3.6000,2.3000
INT0068,5,EBL,EB,left,2,A,1,12.0000,332.0000,1.0000,uphill,53.0000,55.0000,61.9000,8.0000,4.8000,1.2000
INT0068,6,WBT,WB,through_right,2,A,2,10.0000,1014.0000,1.0000,downhill,53.0000,55.0000,60.2000,4.6000,5.8000,1.2000
INT0068,7,SBL,SB,left,2,B,1,11.0000,221.0000,0.0000,level,97.0000,30.0000,33.1000,11.9000,3.7000,3.5000
INT0068,8,NBT,NB,through_right,2,B,1,10.5000,728.0000,0.0000,level,97.0000,30.0000,35.3000,2.3000,3.6000,2.3000
INT0069,1,WBL,WB,left,1,A,1,10.5000,410.0000,1.0000,downhill,61.0000,50.0000,53.3000,2.2000,4.3000,1.4000
INT0069,2,EBT,EB,through_right,1,A,3,11.0000,921.0000,1.0000,uphill,61.0000,50.0000,54.6000,9.2000,4.6000,1.2000
INT0069,3,NBL,NB,left,1,B,1,11.0000,343.0000,0.0000,level,114.0000,25.0000,31.4000,10.6000,3.5000,4.6000
INT0069,4,SBT,SB,through_right,1,B,1,11.0000,997.0000,0.0000,level,114.0000,25.0000,29.3000,4.2000,3.6000,3.7000
INT0069,5,EBL,EB,left,2,A,1,11.5000,178.0000,1.0000,uphill,61.0000,50.0000,54.4000,8.9000,4.1000,1.4000
INT0069,6,WBT,WB,through_right,2,A,3,12.0000,1062.0000,1.0000,downhill,61.0000,50.0000,56.4000,2.5000,4.8000,1.2000
INT0069,7,SBL,SB,left,2,B,2,11.0000,317.0000,0.0000,level,114.0000,25.0000,30.1000,12.0000,3.5000,4.6000
INT0069,8,NBT,NB,through_right,2,B,1,12.0000,762.0000,0.0000,level,114.0000,25.0000,31.1000,11.6000,3.5000,3.7000
INT0070,1,WBL,WB,left,1,A,1,10.5000,222.0000,2.0000,uphill,58.0000,50.0000,57.8000,6.2000,4.5000,1.2000
INT0070,2,EBT,EB,through_right,1,A,2,12.0000,1343.0000,2.0000,downhill,58.0000,50.0000,51.2000,6.1000,5.3000,1.1000
INT0070,3,NBL,NB,left,1,B,2,11.0000,278.0000,3.0000,uphill,107.0000,25.0000,28.4000,2.9000,3.5000,4.4000
INT0070,4,SBT,SB,through_right,1,B,1,12.0000,977.0000,3.0000,downhill,107.0000,25.0000,30.7000,5.1000,3.5000,2.9000
INT0070,5,EBL,EB,left,2,A,1,10.5000,273.0000,2.0000,downhill,58.0000,50.0000,50.0000,4.1000,4.4000,1.4000
INT0070,6,WBT,WB,through_right,2,A,2,12.0000,568.0000,2.0000,uphill,58.0000,50.0000,54.2000,4.7000,4.9000,1.0000
INT0070,7,SBL,SB,left,2,B,1,11.5000,386.0000,3.0000,downhill,107.0000,25.0000,28.3000,11.0000,3.5000,4.4000
INT0070,8,NBT,NB,through_right,2,B,1,12.0000,784.0000,3.0000,uphill,107.0000,25.0000,27.6000,2.5000,3.7000,3.2000
INT0071,1,WBL,WB,left,1,A,1,11.0000,268.0000,1.0000,downhill,58.0000,35.0000,43.6000,5.2000,3.7000,2.2000
INT0071,2,EBT,EB,through_right,1,A,2,12.0000,525.0000,1.0000,uphill,58.0000,35.0000,40.2000,8.7000,3.6000,1.6000
INT0071,3,NBL,NB,left,1,B,1,10.0000,367.0000,1.0000,uphill,86.0000,30.0000,31.8000,7.7000,3.7000,3.7000
INT0071,4,SBT,SB,through_right,1,B,1,11.0000,1290.0000,1.0000,downhill,86.0000,30.0000,34.9000,2.0000,3.5000,2.5000
INT0071,5,EBL,EB,left,2,A,2,12.0000,237.0000,1.0000,uphill,58.0000,35.0000,41.1000,3.9000,3.6000,2.2000
INT0071,6,WBT,WB,through_right,2,A,2,12.0000,1187.0000,1.0000,downhill,58.0000,35.0000,40.3000,5.3000,3.8000,1.6000
INT0071,7,SBL,SB,left,2,B,1,11.5000,394.0000,1.0000,downhill,86.0000,30.0000,37.8000,9.1000,3.6000,3.7000
INT0071,8,NBT,NB,through_right,2,B,1,12.0000,693.0000,1.0000,uphill,86.0000,30.0000,35.4000,11.0000,3.5000,2.5000
INT0072,1,WBL,WB,left,1,A,1,11.0000,336.0000,6.0000,uphill,51.0000,50.0000,55.6000,11.0000,3.5000,1.3000
INT0072,2,EBT,EB,through_right,1,A,2,11.0000,749.0000,6.0000,downhill,51.0000,50.0000,53.6000,7.1000,5.6000,1.0000
INT0072,3,NBL,NB,left,1,B,1,12.0000,339.0000,2.0000,uphill,96.0000,40.0000,44.7000,9.3000,3.1000,2.7000
INT0072,4,SBT,SB,through_right,1,B,1,12.0000,909.0000,2.0000,downhill,96.0000,40.0000,44.7000,9.6000,4.2000,2.0000
INT0072,5,EBL,EB,left,2,A,1,12.0000,390.0000,6.0000,downhill,51.0000,50.0000,55.0000,11.5000,4.7000,1.3000
INT0072,6,WBT,WB,through_right,2,A,2,12.0000,851.0000,6.0000,uphill,51.0000,50.0000,56.4000,3.3000,4.1000,1.0000
INT0072,7,SBL,SB,left,2,B,1,12.0000,370.0000,2.0000,downhill,96.0000,40.0000,47.4000,4.4000,3.4000,2.7000
INT0072,8,NBT,NB,through_right,2,B,1,10.5000,573.0000,2.0000,uphill,96.0000,40.0000,41.9000,11.2000,3.8000,2.0000
INT0073,1,WBL,WB,left,1,A,2,11.0000,239.0000,4.0000,uphill,74.0000,40.0000,46.9000,11.2000,3.6000,1.8000
INT0073,2,EBT,EB,through_right,1,A,3,11.5000,1312.0000,4.0000,downhill,74.0000,40.0000,44.0000,4.1000,4.7000,1.5000
INT0073,3,NBL,NB,left,1,B,1,11.0000,407.0000,3.0000,downhill,123.0000,30.0000,38.3000,8.3000,3.6000,3.5000
INT0073,4,SBT,SB,through_right,1,B,2,11.5000,676.0000,3.0000,uphill,123.0000,30.0000,33.9000,1.9000,3.5000,2.9000
INT0073,5,EBL,EB,left,2,A,1,11.5000,359.0000,4.0000,downhill,74.0000,40.0000,48.1000,3.8000,4.5000,1.7000
INT0073,6,WBT,WB,through_right,2,A,3,11.0000,1200.0000,4.0000,uphill,74.0000,40.0000,44.7000,8.5000,3.9000,1.5000
INT0073,7,SBL,SB,left,2,B,1,11.5000,215.0000,3.0000,uphill,123.0000,30.0000,35.1000,8.1000,3.6000,3.9000
INT0073,8,NBT,NB,through_right,2,B,2,11.0000,1197.0000,3.0000,downhill,123.0000,30.0000,35.1000,8.3000,4.0000,2.8000
INT0074,1,WBL,WB,left,1,A,2,11.0000,316.0000,4.0000,uphill,79.0000,50.0000,56.8000,7.5000,4.0000,1.5000
INT0074,2,EBT,EB,through_right,1,A,3,12.0000,487.0000,4.0000,downhill,79.0000,50.0000,57.7000,11.8000,5.9000,1.3000
INT0074,3,NBL,NB,left,1,B,1,12.0000,208.0000,3.0000,downhill,116.0000,30.0000,34.8000,11.4000,3.1000,3.8000
INT0074,4,SBT,SB,through_right,1,B,2,11.0000,640.0000,3.0000,uphill,116.0000,30.0000,34.6000,6.2000,3.6000,2.7000
INT0074,5,EBL,EB,left,2,A,1,11.0000,191.0000,4.0000,downhill,79.0000,50.0000,53.8000,7.5000,5.0000,1.5000
INT0074,6,WBT,WB,through_right,2,A,3,11.5000,927.0000,4.0000,uphill,79.0000,50.0000,58.1000,11.4000,4.7000,1.3000
INT0074,7,SBL,SB,left,2,B,1,11.5000,298.0000,3.0000,uphill,116.0000,30.0000,37.8000,3.1000,3.1000,3.8000
INT0074,8,NBT,NB,through_right,2,B,2,12.0000,876.0000,3.0000,downhill,116.0000,30.0000,36.6000,9.7000,4.0000,2.7000
INT0075,1,WBL,WB,left,1,A,1,12.0000,162.0000,3.0000,uphill,74.0000,45.0000,50.1000,2.8000,3.7000,1.7000
INT0075,2,EBT,EB,through_right,1,A,2,11.0000,803.0000,3.0000,downhill,74.0000,45.0000,45.4000,3.5000,5.1000,1.3000
INT0075,3,NBL,NB,left,1,B,1,11.0000,322.0000,0.0000,level,85.0000,30.0000,30.0000,3.2000,3.1000,2.9000
INT0075,4,SBT,SB,through_right,1,B,2,10.5000,1158.0000,0.0000,level,85.0000,30.0000,32.1000,9.3000,3.8000,2.1000
INT0075,5,EBL,EB,left,2,A,1,11.0000,345.0000,3.0000,downhill,74.0000,45.0000,50.4000,6.9000,4.3000,1.7000
INT0075,6,WBT,WB,through_right,2,A,2,12.0000,720.0000,3.0000,uphill,74.0000,45.0000,46.2000,5.9000,4.4000,1.3000
INT0075,7,SBL,SB,left,2,B,1,12.0000,307.0000,0.0000,level,85.0000,30.0000,35.5000,2.5000,3.1000,2.9000
INT0075,8,NBT,NB,through_right,2,B,2,10.5000,717.0000,0.0000,level,85.0000,30.0000,36.2000,10.0000,3.6000,2.1000
INT0076,1,WBL,WB,left,1,A,1,10.5000,194.0000,5.0000,uphill,61.0000,40.0000,48.4000,2.3000,3.0000,1.9000
INT0076,2,EBT,EB,through_right,1,A,3,10.0000,783.0000,5.0000,downhill,61.0000,40.0000,47.2000,11.2000,4.5000,1.4000
INT0076,3,NBL,NB,left,1,B,1,12.0000,321.0000,0.0000,level,129.0000,35.0000,41.5000,7.0000,3.0000,4.1000
INT0076,4,SBT,SB,through_right,1,B,1,11.5000,593.0000,0.0000,level,129.0000,35.0000,39.4000,7.7000,3.6000,3.0000
INT0076,5,EBL,EB,left,2,A,2,12.0000,146.0000,5.0000,downhill,61.0000,40.0000,44.6000,8.7000,3.7000,1.9000
INT0076,6,WBT,WB,through_right,2,A,3,11.5000,932.0000,5.0000,uphill,61.0000,40.0000,45.6000,10.6000,3.6000,1.4000
INT0076,7,SBL,SB,left,2,B,2,12.0000,378.0000,0.0000,level,129.0000,35.0000,40.3000,9.2000,3.0000,4.1000
INT0076,8,NBT,NB,through_right,2,B,1,11.5000,1224.0000,0.0000,level,129.0000,35.0000,39.1000,2.2000,3.6000,3.0000
INT0077,1,WBL,WB,left,1,A,1,10.5000,123.0000,6.0000,uphill,73.0000,35.0000,42.4000,4.1000,3.0000,1.0000
INT0077,2,EBT,EB,through_right,1,A,1,11.5000,1196.0000,6.0000,downhill,73.0000,35.0000,39.4000,4.3000,3.5000,1.0000
INT0077,3,NBL,NB,left,1,B,2,11.0000,366.0000,0.0000,level,64.0000,25.0000,25.0000,10.2000,3.0000,1.0000
INT0077,4,SBT,SB,through_right,1,B,2,11.0000,573.0000,0.0000,level,64.0000,25.0000,30.4000,7.0000,3.5000,1.0000
INT0077,5,EBL,EB,left,2,A,1,11.5000,133.0000,6.0000,downhill,73.0000,35.0000,40.3000,3.8000,3.0000,1.0000
INT0077,6,WBT,WB,through_right,2,A,1,11.5000,1099.0000,6.0000,uphill,73.0000,35.0000,40.2000,6.7000,3.5000,1.0000
INT0077,7,SBL,SB,left,2,B,1,10.0000,210.0000,0.0000,level,64.0000,25.0000,30.5000,3.3000,3.0000,1.0000
INT0077,8,NBT,NB,through_right,2,B,2,11.0000,545.0000,0.0000,level,64.0000,25.0000,31.7000,9.8000,3.5000,1.0000
INT0078,1,WBL,WB,left,1,A,2,11.0000,391.0000,3.0000,downhill,56.0000,45.0000,48.1000,2.0000,3.0000,1.0000
INT0078,2,EBT,EB,through_right,1,A,1,10.5000,1083.0000,3.0000,uphill,56.0000,45.0000,47.5000,4.9000,3.5000,1.0000
INT0078,3,NBL,NB,left,1,B,2,11.5000,182.0000,4.0000,downhill,66.0000,35.0000,40.9000,2.6000,3.0000,1.0000
INT0078,4,SBT,SB,through_right,1,B,1,12.0000,1326.0000,4.0000,uphill,66.0000,35.0000,38.5000,7.5000,3.5000,1.0000
INT0078,5,EBL,EB,left,2,A,2,10.5000,308.0000,3.0000,uphill,56.0000,45.0000,49.7000,9.4000,3.0000,1.0000
INT0078,6,WBT,WB,through_right,2,A,1,11.0000,760.0000,3.0000,downhill,56.0000,45.0000,45.8000,11.6000,3.5000,1.0000
INT0078,7,SBL,SB,left,2,B,1,11.0000,270.0000,4.0000,uphill,66.0000,35.0000,40.2000,8.3000,3.0000,1.0000
INT0078,8,NBT,NB,through_right,2,B,1,11.0000,1366.0000,4.0000,downhill,66.0000,35.0000,37.3000,8.6000,3.5000,1.0000
INT0079,1,WBL,WB,left,1,A,1,12.0000,401.0000,5.0000,downhill,53.0000,35.0000,40.7000,7.0000,3.2000,2.0000
INT0079,2,EBT,EB,through_right,1,A,2,12.0000,1086.0000,5.0000,uphill,53.0000,35.0000,37.4000,7.3000,3.3000,1.5000
INT0079,3,NBL,NB,left,1,B,1,11.0000,323.0000,3.0000,downhill,84.0000,25.0000,30.1000,3.4000,3.0000,3.6000
INT0079,4,SBT,SB,through_right,1,B,1,11.5000,881.0000,3.0000,uphill,84.0000,25.0000,29.9000,9.6000,3.0000,2.9000
INT0079,5,EBL,EB,left,2,A,1,11.5000,127.0000,5.0000,uphill,53.0000,35.0000,39.0000,10.6000,3.0000,2.0000
INT0079,6,WBT,WB,through_right,2,A,2,12.0000,477.0000,5.0000,downhill,53.0000,35.0000,41.0000,8.6000,4.1000,1.5000
INT0079,7,SBL,SB,left,2,B,1,10.5000,319.0000,3.0000,uphill,84.0000,25.0000,30.6000,6.9000,3.0000,3.6000
INT0079,8,NBT,NB,through_right,2,B,1,11.5000,567.0000,3.0000,downhill,84.0000,25.0000,30.6000,2.6000,3.1000,2.9000
INT0080,1,WBL,WB,left,1,A,1,10.5000,389.0000,3.0000,uphill,57.0000,45.0000,46.8000,10.1000,3.4000,1.5000
INT0080,2,EBT,EB,through_right,1,A,2,12.0000,1110.0000,3.0000,downhill,57.0000,45.0000,48.9000,11.4000,4.7000,1.2000
INT0080,3,NBL,NB,left,1,B,1,11.5000,365.0000,2.0000,uphill,96.0000,35.0000,38.6000,7.5000,3.0000,3.2000
INT0080,4,SBT,SB,through_right,1,B,1,11.5000,1060.0000,2.0000,downhill,96.0000,35.0000,36.1000,2.9000,3.8000,2.3000
INT0080,5,EBL,EB,left,2,A,1,10.0000,243.0000,3.0000,downhill,57.0000,45.0000,46.4000,4.5000,3.9000,1.5000
INT0080,6,WBT,WB,through_right,2,A,2,12.0000,1041.0000,3.0000,uphill,57.0000,45.0000,51.4000,2.4000,4.1000,1.2000
INT0080,7,SBL,SB,left,2,B,1,12.0000,192.0000,2.0000,downhill,96.0000,35.0000,39.5000,2.5000,3.0000,3.2000
INT0080,8,NBT,NB,through_right,2,B,1,11.0000,999.0000,2.0000,uphill,96.0000,35.0000,43.5000,1.6000,3.5000,2.3000
INT0081,1,WBL,WB,left,1,A,1,11.0000,390.0000,5.0000,downhill,57.0000,55.0000,60.4000,9.2000,5.7000,1.1000
INT0081,2,EBT,EB,through_right,1,A,2,12.0000,720.0000,5.0000,uphill,57.0000,55.0000,59.8000,11.7000,4.8000,1.0000
INT0081,3,NBL,NB,left,1,B,1,11.0000,237.0000,1.0000,downhill,93.0000,40.0000,44.3000,2.3000,3.6000,2.3000
INT0081,4,SBT,SB,through_right,1,B,1,12.0000,617.0000,1.0000,uphill,93.0000,40.0000,46.4000,4.2000,4.5000,1.7000
INT0081,5,EBL,EB,left,2,A,1,12.0000,364.0000,5.0000,uphill,57.0000,55.0000,61.0000,9.1000,4.5000,1.1000
INT0081,6,WBT,WB,through_right,2,A,2,12.0000,640.0000,5.0000,downhill,57.0000,55.0000,61.9000,10.7000,6.0000,1.0000
INT0081,7,SBL,SB,left,2,B,2,11.5000,273.0000,1.0000,uphill,93.0000,40.0000,46.2000,4.1000,3.7000,2.2000
INT0081,8,NBT,NB,through_right,2,B,1,11.0000,1183.0000,1.0000,downhill,93.0000,40.0000,45.5000,9.7000,4.7000,1.7000
INT0082,1,WBL,WB,left,1,A,1,11.0000,303.0000,5.0000,downhill,79.0000,50.0000,56.4000,5.9000,5.3000,1.5000
INT0082,2,EBT,EB,through_right,1,A,1,12.0000,618.0000,5.0000,uphill,79.0000,50.0000,54.9000,3.9000,4.5000,1.3000
INT0082,3,NBL,NB,left,1,B,1,10.5000,166.0000,0.0000,level,77.0000,35.0000,41.7000,3.4000,3.5000,2.1000
INT0082,4,SBT,SB,through_right,1,B,2,11.5000,1186.0000,0.0000,level,77.0000,35.0000,37.7000,11.1000,4.0000,1.8000
INT0082,5,EBL,EB,left,2,A,1,11.5000,270.0000,5.0000,uphill,79.0000,50.0000,52.8000,7.0000,4.7000,1.6000
INT0082,6,WBT,WB,through_right,2,A,1,10.0000,826.0000,5.0000,downhill,79.0000,50.0000,58.3000,8.2000,6.0000,1.2000
INT0082,7,SBL,SB,left,2,B,1,11.5000,230.0000,0.0000,level,77.0000,35.0000,41.8000,6.1000,3.5000,2.1000
INT0082,8,NBT,NB,through_right,2,B,2,10.0000,709.0000,0.0000,level,77.0000,35.0000,42.5000,8.2000,4.4000,1.6000
INT0083,1,WBL,WB,left,1,A,1,12.0000,206.0000,1.0000,downhill,85.0000,50.0000,58.6000,5.0000,4.9000,1.5000
INT0083,2,EBT,EB,through_right,1,A,2,10.0000,1091.0000,1.0000,uphill,85.0000,50.0000,55.6000,8.1000,5.0000,1.3000
INT0083,3,NBL,NB,left,1,B,1,11.0000,120.0000,0.0000,level,91.0000,30.0000,34.5000,10.6000,3.6000,3.1000
INT0083,4,SBT,SB,through_right,1,B,2,11.5000,1002.0000,0.0000,level,91.0000,30.0000,33.9000,9.7000,3.5000,2.3000
INT0083,5,EBL,EB,left,2,A,2,11.0000,268.0000,1.0000,uphill,85.0000,50.0000,55.8000,4.2000,4.3000,1.6000
INT0083,6,WBT,WB,through_right,2,A,2,11.0000,691.0000,1.0000,downhill,85.0000,50.0000,57.6000,3.8000,5.5000,1.3000
INT0083,7,SBL,SB,left,2,B,1,11.0000,188.0000,0.0000,level,91.0000,30.0000,35.3000,3.7000,3.7000,3.0000
INT0083,8,NBT,NB,through_right,2,B,2,11.5000,1238.0000,0.0000,level,91.0000,30.0000,35.5000,7.5000,3.8000,2.2000
INT0084,1,WBL,WB,left,1,A,2,10.5000,191.0000,4.0000,downhill,73.0000,35.0000,42.6000,11.1000,3.0000,1.0000
INT0084,2,EBT,EB,through_right,1,A,1,11.5000,945.0000,4.0000,uphill,73.0000,35.0000,40.3000,3.8000,3.5000,1.0000
INT0084,3,NBL,NB,left,1,B,1,11.0000,278.0000,2.0000,downhill,62.0000,30.0000,37.1000,3.5000,3.0000,1.0000
INT0084,4,SBT,SB,through_right,1,B,2,12.0000,1374.0000,2.0000,uphill,62.0000,30.0000,39.6000,2.8000,3.5000,1.0000
INT0084,5,EBL,EB,left,2,A,1,11.5000,236.0000,4.0000,uphill,73.0000,35.0000,42.2000,8.7000,3.0000,1.0000
INT0084,6,WBT,WB,through_right,2,A,1,12.0000,1342.0000,4.0000,downhill,73.0000,35.0000,40.3000,11.9000,3.5000,1.0000
INT0084,7,SBL,SB,left,2,B,1,12.0000,135.0000,2.0000,uphill,62.0000,30.0000,36.9000,3.2000,3.0000,1.0000
INT0084,8,NBT,NB,through_right,2,B,2,10.5000,733.0000,2.0000,downhill,62.0000,30.0000,38.4000,6.3000,3.5000,1.0000
INT0085,1,WBL,WB,left,1,A,1,10.5000,400.0000,0.0000,level,72.0000,55.0000,62.6000,2.9000,4.4000,1.4000
INT0085,2,EBT,EB,through_right,1,A,2,11.5000,898.0000,0.0000,level,72.0000,55.0000,59.6000,1.6000,5.1000,1.2000
INT0085,3,NBL,NB,left,1,B,1,11.0000,328.0000,2.0000,downhill,101.0000,30.0000,36.9000,2.9000,3.0000,4.2000
INT0085,4,SBT,SB,through_right,1,B,2,11.5000,542.0000,2.0000,uphill,101.0000,30.0000,36.3000,10.5000,3.1000,2.8000
INT0085,5,EBL,EB,left,2,A,1,11.0000,153.0000,0.0000,level,72.0000,55.0000,61.3000,1.7000,4.4000,1.4000
INT0085,6,WBT,WB,through_right,2,A,2,12.0000,887.0000,0.0000,level,72.0000,55.0000,64.1000,6.3000,5.1000,1.2000
INT0085,7,SBL,SB,left,2,B,2,11.0000,243.0000,2.0000,uphill,101.0000,30.0000,34.4000,8.9000,3.0000,4.2000
INT0085,8,NBT,NB,through_right,2,B,2,10.0000,1371.0000,2.0000,downhill,101.0000,30.0000,33.3000,4.5000,3.4000,2.8000
INT0086,1,WBL,WB,left,1,A,1,11.0000,323.0000,0.0000,level,57.0000,45.0000,51.0000,1.7000,4.2000,1.4000
INT0086,2,EBT,EB,through_right,1,A,2,11.0000,1270.0000,0.0000,level,57.0000,45.0000,49.4000,2.0000,4.7000,1.1000
INT0086,3,NBL,NB,left,1,B,2,11.0000,256.0000,3.0000,uphill,102.0000,35.0000,40.1000,11.1000,3.2000,2.8000
INT0086,4,SBT,SB,through_right,1,B,1,12.0000,1067.0000,3.0000,downhill,102.0000,35.0000,42.4000,2.1000,4.3000,2.1000
INT0086,5,EBL,EB,left,2,A,2,11.5000,231.0000,0.0000,level,57.0000,45.0000,48.8000,11.0000,4.0000,1.4000
INT0086,6,WBT,WB,through_right,2,A,2,11.5000,1217.0000,0.0000,level,57.0000,45.0000,50.1000,2.5000,4.7000,1.1000
INT0086,7,SBL,SB,left,2,B,1,11.0000,268.0000,3.0000,downhill,102.0000,35.0000,37.9000,10.9000,3.6000,2.8000
INT0086,8,NBT,NB,through_right,2,B,1,11.5000,1243.0000,3.0000,uphill,102.0000,35.0000,42.0000,5.0000,3.7000,2.1000
INT0087,1,WBL,WB,left,1,A,1,11.5000,153.0000,1.0000,uphill,56.0000,55.0000,62.0000,7.9000,4.9000,1.0000
INT0087,2,EBT,EB,through_right,1,A,2,11.0000,466.0000,1.0000,downhill,56.0000,55.0000,63.2000,11.2000,6.0000,1.0000
INT0087,3,NBL,NB,left,1,B,1,12.0000,177.0000,3.0000,uphill,84.0000,35.0000,41.9000,9.5000,3.7000,2.3000
INT0087,4,SBT,SB,through_right,1,B,1,11.0000,827.0000,3.0000,downhill,84.0000,35.0000,40.2000,2.4000,4.4000,1.8000
INT0087,5,EBL,EB,left,2,A,1,11.0000,143.0000,1.0000,downhill,56.0000,55.0000,60.3000,10.6000,4.9000,1.1000
INT0087,6,WBT,WB,through_right,2,A,2,11.5000,994.0000,1.0000,uphill,56.0000,55.0000,57.7000,10.1000,5.1000,1.0000
INT0087,7,SBL,SB,left,2,B,1,12.0000,122.0000,3.0000,downhill,84.0000,35.0000,42.1000,11.3000,3.7000,2.3000
INT0087,8,NBT,NB,through_right,2,B,1,10.0000,1282.0000,3.0000,uphill,84.0000,35.0000,36.8000,6.1000,3.6000,2.0000
INT0088,1,WBL,WB,left,1,A,1,11.0000,159.0000,2.0000,downhill,63.0000,45.0000,47.9000,4.5000,4.3000,1.5000
INT0088,2,EBT,EB,through_right,1,A,2,11.0000,1348.0000,2.0000,uphill,63.0000,45.0000,49.3000,2.8000,4.6000,1.2000
INT0088,3,NBL,NB,left,1,B,1,12.0000,171.0000,4.0000,uphill,101.0000,30.0000,33.1000,6.3000,3.2000,3.3000
INT0088,4,SBT,SB,through_right,1,B,1,12.0000,962.0000,4.0000,downhill,101.0000,30.0000,37.2000,10.3000,4.2000,2.4000
INT0088,5,EBL,EB,left,2,A,1,10.0000,283.0000,2.0000,uphill,63.0000,45.0000,47.8000,11.3000,3.8000,1.5000
INT0088,6,WBT,WB,through_right,2,A,2,11.0000,804.0000,2.0000,downhill,63.0000,45.0000,48.7000,8.3000,5.1000,1.2000
INT0088,7,SBL,SB,left,2,B,1,10.5000,297.0000,4.0000,downhill,101.0000,30.0000,35.2000,10.7000,3.1000,3.3000
INT0088,8,NBT,NB,through_right,2,B,1,11.0000,581.0000,4.0000,uphill,101.0000,30.0000,32.2000,8.1000,3.3000,2.4000
INT0089,1,WBL,WB,left,1,A,2,10.0000,358.0000,0.0000,level,50.0000,35.0000,40.2000,3.8000,3.6000,2.0000
INT0089,2,EBT,EB,through_right,1,A,2,11.0000,525.0000,0.0000,level,50.0000,35.0000,39.5000,8.8000,3.7000,1.4000
INT0089,3,NBL,NB,left,1,B,1,12.0000,222.0000,2.0000,downhill,84.0000,30.0000,35.3000,3.2000,3.5000,3.6000
INT0089,4,SBT,SB,through_right,1,B,1,11.5000,820.0000,2.0000,uphill,84.0000,30.0000,37.0000,11.6000,3.5000,2.4000
INT0089,5,EBL,EB,left,2,A,2,11.5000,126.0000,0.0000,level,50.0000,35.0000,38.4000,7.3000,3.6000,2.0000
INT0089,6,WBT,WB,through_right,2,A,2,10.5000,918.0000,0.0000,level,50.0000,35.0000,40.7000,7.9000,3.7000,1.4000
INT0089,7,SBL,SB,left,2,B,1,12.0000,401.0000,2.0000,uphill,84.0000,30.0000,32.6000,7.8000,3.7000,3.6000
INT0089,8,NBT,NB,through_right,2,B,1,12.0000,875.0000,2.0000,downhill,84.0000,30.0000,36.4000,7.7000,3.5000,2.4000
INT0090,1,WBL,WB,left,1,A,2,10.5000,269.0000,0.0000,level,82.0000,50.0000,57.7000,6.9000,4.5000,1.5000
INT0090,2,EBT,EB,through_right,1,A,2,10.5000,1341.0000,0.0000,level,82.0000,50.0000,52.5000,5.6000,4.9000,1.4000
INT0090,3,NBL,NB,left,1,B,1,11.0000,388.0000,3.0000,uphill,92.0000,35.0000,43.3000,3.6000,3.7000,2.3000
INT0090,4,SBT,SB,through_right,1,B,2,10.0000,1087.0000,3.0000,downhill,92.0000,35.0000,39.3000,9.5000,4.3000,2.0000
INT0090,5,EBL,EB,left,2,A,1,10.0000,317.0000,0.0000,level,82.0000,50.0000,54.1000,4.5000,4.6000,1.6000
INT0090,6,WBT,WB,through_right,2,A,2,11.0000,1281.0000,0.0000,level,82.0000,50.0000,57.0000,3.9000,5.3000,1.3000
INT0090,7,SBL,SB,left,2,B,1,12.0000,166.0000,3.0000,downhill,92.0000,35.0000,38.7000,9.8000,3.7000,2.7000
INT0090,8,NBT,NB,through_right,2,B,2,10.5000,1259.0000,3.0000,uphill,92.0000,35.0000,38.2000,5.8000,3.7000,2.0000
INT0091,1,WBL,WB,left,1,A,1,12.0000,335.0000,3.0000,downhill,48.0000,45.0000,49.7000,3.6000,4.3000,1.2000
INT0091,2,EBT,EB,through_right,1,A,1,11.0000,465.0000,3.0000,uphill,48.0000,45.0000,49.8000,8.0000,4.5000,1.0000
INT0091,3,NBL,NB,left,1,B,1,11.0000,240.0000,0.0000,level,83.0000,40.0000,42.4000,5.0000,3.8000,2.1000
INT0091,4,SBT,SB,through_right,1,B,1,11.5000,552.0000,0.0000,level,83.0000,40.0000,46.2000,4.0000,4.5000,1.6000
INT0091,5,EBL,EB,left,2,A,1,11.0000,281.0000,3.0000,uphill,48.0000,45.0000,47.3000,9.6000,3.8000,1.2000
INT0091,6,WBT,WB,through_right,2,A,1,11.5000,870.0000,3.0000,downhill,48.0000,45.0000,49.0000,3.7000,5.3000,1.0000
INT0091,7,SBL,SB,left,2,B,2,10.5000,149.0000,0.0000,level,83.0000,40.0000,44.2000,7.3000,3.7000,2.1000
INT0091,8,NBT,NB,through_right,2,B,1,12.0000,1233.0000,0.0000,level,83.0000,40.0000,45.4000,2.0000,4.4000,1.6000
INT0092,1,WBL,WB,left,1,A,1,11.5000,184.0000,0.0000,level,56.0000,45.0000,46.1000,6.3000,3.0000,1.0000
INT0092,2,EBT,EB,through_right,1,A,1,10.0000,744.0000,0.0000,level,56.0000,45.0000,48.9000,10.2000,3.5000,1.0000
INT0092,3,NBL,NB,left,1,B,1,10.5000,159.0000,4.0000,uphill,77.0000,30.0000,32.7000,7.7000,3.0000,1.0000
INT0092,4,SBT,SB,through_right,1,B,1,11.0000,796.0000,4.0000,downhill,77.0000,30.0000,34.3000,10.8000,3.5000,1.0000
INT0092,5,EBL,EB,left,2,A,2,11.0000,183.0000,0.0000,level,56.0000,45.0000,45.0000,2.6000,3.0000,1.0000
INT0092,6,WBT,WB,through_right,2,A,1,11.5000,579.0000,0.0000,level,56.0000,45.0000,46.9000,10.9000,3.5000,1.0000
INT0092,7,SBL,SB,left,2,B,1,12.0000,372.0000,4.0000,downhill,77.0000,30.0000,33.6000,10.9000,3.0000,1.0000
INT0092,8,NBT,NB,through_right,2,B,1,11.0000,504.0000,4.0000,uphill,77.0000,30.0000,33.8000,10.2000,3.5000,1.0000
INT0093,1,WBL,WB,left,1,A,1,11.0000,139.0000,6.0000,downhill,58.0000,40.0000,46.1000,8.3000,4.3000,1.5000
INT0093,2,EBT,EB,through_right,1,A,1,12.0000,1100.0000,6.0000,uphill,58.0000,40.0000,48.5000,3.8000,4.2000,1.1000
INT0093,3,NBL,NB,left,1,B,1,12.0000,191.0000,0.0000,level,70.0000,30.0000,35.8000,1.9000,3.5000,2.4000
INT0093,4,SBT,SB,through_right,1,B,1,11.0000,582.0000,0.0000,level,70.0000,30.0000,36.3000,11.2000,3.7000,1.7000
INT0093,5,EBL,EB,left,2,A,2,11.0000,235.0000,6.0000,uphill,58.0000,40.0000,44.8000,1.9000,3.5000,1.6000
INT0093,6,WBT,WB,through_right,2,A,1,11.0000,1262.0000,6.0000,downhill,58.0000,40.0000,47.6000,6.1000,5.4000,1.2000
INT0093,7,SBL,SB,left,2,B,2,12.0000,413.0000,0.0000,level,70.0000,30.0000,32.3000,10.0000,3.5000,2.8000
INT0093,8,NBT,NB,through_right,2,B,1,11.5000,813.0000,0.0000,level,70.0000,30.0000,37.9000,6.0000,3.9000,1.7000
INT0094,1,WBL,WB,left,1,A,2,11.5000,255.0000,5.0000,downhill,61.0000,45.0000,48.3000,8.8000,4.6000,1.5000
INT0094,2,EBT,EB,through_right,1,A,2,10.5000,1167.0000,5.0000,uphill,61.0000,45.0000,48.8000,1.9000,4.1000,1.2000
INT0094,3,NBL,NB,left,1,B,1,11.5000,384.0000,0.0000,level,97.0000,40.0000,43.1000,2.2000,3.6000,2.5000
INT0094,4,SBT,SB,through_right,1,B,1,11.0000,465.0000,0.0000,level,97.0000,40.0000,45.4000,11.4000,4.4000,1.8000
INT0094,5,EBL,EB,left,2,A,1,10.0000,225.0000,5.0000,uphill,61.0000,45.0000,51.4000,5.6000,3.7000,1.4000
INT0094,6,WBT,WB,through_right,2,A,2,12.0000,1089.0000,5.0000,downhill,61.0000,45.0000,50.2000,6.2000,5.6000,1.1000
INT0094,7,SBL,SB,left,2,B,1,12.0000,380.0000,0.0000,level,97.0000,40.0000,45.2000,11.0000,3.8000,2.3000
INT0094,8,NBT,NB,through_right,2,B,1,12.0000,1163.0000,0.0000,level,97.0000,40.0000,43.1000,7.4000,4.3000,1.9000
INT0095,1,WBL,WB,left,1,A,1,11.5000,128.0000,0.0000,level,48.0000,55.0000,59.8000,5.7000,3.0000,1.0000
INT0095,2,EBT,EB,through_right,1,A,3,12.0000,1335.0000,0.0000,level,48.0000,55.0000,59.0000,11.4000,3.5000,1.0000
INT0095,3,NBL,NB,left,1,B,1,10.5000,335.0000,3.0000,uphill,129.0000,25.0000,27.4000,5.5000,3.0000,1.0000
INT0095,4,SBT,SB,through_right,1,B,1,11.0000,831.0000,3.0000,downhill,129.0000,25.0000,33.3000,7.3000,3.5000,1.0000
INT0095,5,EBL,EB,left,2,A,2,12.0000,145.0000,0.0000,level,48.0000,55.0000,58.5000,9.4000,3.0000,1.0000
INT0095,6,WBT,WB,through_right,2,A,3,11.5000,1303.0000,0.0000,level,48.0000,55.0000,62.3000,5.8000,3.5000,1.0000
INT0095,7,SBL,SB,left,2,B,1,11.0000,140.0000,3.0000,downhill,129.0000,25.0000,28.1000,9.2000,3.0000,1.0000
INT0095,8,NBT,NB,through_right,2,B,1,11.0000,882.0000,3.0000,uphill,129.0000,25.0000,31.8000,4.9000,3.5000,1.0000
INT0096,1,WBL,WB,left,1,A,1,12.0000,229.0000,2.0000,downhill,63.0000,40.0000,46.8000,3.2000,3.4000,1.9000
INT0096,2,EBT,EB,through_right,1,A,2,11.0000,699.0000,2.0000,uphill,63.0000,40.0000,43.8000,4.3000,4.0000,1.5000
INT0096,3,NBL,NB,left,1,B,2,11.0000,198.0000,1.0000,downhill,97.0000,30.0000,32.3000,2.1000,3.0000,4.0000
INT0096,4,SBT,SB,through_right,1,B,1,11.0000,500.0000,1.0000,uphill,97.0000,30.0000,37.4000,11.6000,3.3000,2.7000
INT0096,5,EBL,EB,left,2,A,1,12.0000,326.0000,2.0000,uphill,63.0000,40.0000,44.7000,7.9000,3.1000,1.9000
INT0096,6,WBT,WB,through_right,2,A,2,11.0000,587.0000,2.0000,downhill,63.0000,40.0000,44.1000,10.3000,4.3000,1.5000
INT0096,7,SBL,SB,left,2,B,2,11.5000,307.0000,1.0000,uphill,97.0000,30.0000,35.1000,5.9000,3.0000,4.0000
INT0096,8,NBT,NB,through_right,2,B,1,12.0000,916.0000,1.0000,downhill,97.0000,30.0000,32.5000,8.2000,3.4000,2.7000
INT0097,1,WBL,WB,left,1,A,1,10.0000,145.0000,0.0000,level,51.0000,35.0000,42.0000,11.3000,3.0000,2.0000
INT0097,2,EBT,EB,through_right,1,A,2,11.0000,1265.0000,0.0000,level,51.0000,35.0000,40.4000,7.1000,3.6000,1.4000
INT0097,3,NBL,NB,left,1,B,2,12.0000,383.0000,0.0000,level,106.0000,30.0000,35.4000,8.9000,3.0000,4.3000
INT0097,4,SBT,SB,through_right,1,B,1,11.5000,1141.0000,0.0000,level,106.0000,30.0000,34.9000,1.7000,3.3000,2.9000
INT0097,5,EBL,EB,left,2,A,2,11.0000,144.0000,0.0000,level,51.0000,35.0000,42.5000,5.4000,3.0000,2.0000
INT0097,6,WBT,WB,through_right,2,A,2,11.0000,476.0000,0.0000,level,51.0000,35.0000,38.0000,6.3000,3.6000,1.4000
INT0097,7,SBL,SB,left,2,B,2,12.0000,408.0000,0.0000,level,106.0000,30.0000,33.4000,5.7000,3.0000,4.3000
INT0097,8,NBT,NB,through_right,2,B,1,11.0000,497.0000,0.0000,level,106.0000,30.0000,32.7000,12.0000,3.3000,2.9000
INT0098,1,WBL,WB,left,1,A,1,10.5000,279.0000,0.0000,level,80.0000,50.0000,58.8000,10.1000,4.2000,1.8000
INT0098,2,EBT,EB,through_right,1,A,2,10.5000,1041.0000,0.0000,level,80.0000,50.0000,53.8000,5.5000,4.9000,1.4000
INT0098,3,NBL,NB,left,1,B,2,10.5000,334.0000,3.0000,downhill,104.0000,40.0000,46.2000,11.6000,3.5000,2.9000
INT0098,4,SBT,SB,through_right,1,B,2,12.0000,1377.0000,3.0000,uphill,104.0000,40.0000,43.2000,1.5000,3.8000,2.2000
INT0098,5,EBL,EB,left,2,A,1,11.5000,157.0000,0.0000,level,80.0000,50.0000,53.3000,7.5000,4.2000,1.8000
INT0098,6,WBT,WB,through_right,2,A,2,10.5000,836.0000,0.0000,level,80.0000,50.0000,57.2000,9.9000,4.7000,1.4000
INT0098,7,SBL,SB,left,2,B,2,10.5000,160.0000,3.0000,uphill,104.0000,40.0000,45.7000,4.8000,3.5000,2.9000
INT0098,8,NBT,NB,through_right,2,B,2,12.0000,1243.0000,3.0000,downhill,104.0000,40.0000,42.9000,5.7000,4.3000,2.2000
INT0099,1,WBL,WB,left,1,A,1,12.0000,170.0000,3.0000,downhill,57.0000,45.0000,49.4000,2.3000,4.3000,1.4000
INT0099,2,EBT,EB,through_right,1,A,3,11.0000,1265.0000,3.0000,uphill,57.0000,45.0000,47.8000,4.8000,4.4000,1.1000
INT0099,3,NBL,NB,left,1,B,1,11.5000,405.0000,3.0000,downhill,119.0000,35.0000,41.8000,6.9000,3.7000,3.2000
INT0099,4,SBT,SB,through_right,1,B,1,12.0000,1392.0000,3.0000,uphill,119.0000,35.0000,44.8000,6.2000,3.7000,2.4000
INT0099,5,EBL,EB,left,2,A,1,10.0000,259.0000,3.0000,uphill,57.0000,45.0000,50.4000,7.4000,3.9000,1.4000
INT0099,6,WBT,WB,through_right,2,A,3,12.0000,1155.0000,3.0000,downhill,57.0000,45.0000,49.9000,2.8000,5.3000,1.1000
INT0099,7,SBL,SB,left,2,B,1,11.5000,384.0000,3.0000,uphill,119.0000,35.0000,43.0000,5.2000,3.1000,3.2000
INT0099,8,NBT,NB,through_right,2,B,1,11.0000,628.0000,3.0000,downhill,119.0000,35.0000,40.1000,3.3000,4.4000,2.4000
INT0100,1,WBL,WB,left,1,A,1,11.0000,203.0000,0.0000,level,63.0000,35.0000,35.0000,10.6000,3.6000,2.3000
INT0100,2,EBT,EB,through_right,1,A,2,12.0000,677.0000,0.0000,level,63.0000,35.0000,39.6000,3.6000,3.8000,1.7000
INT0100,3,NBL,NB,left,1,B,1,11.0000,284.0000,4.0000,downhill,97.0000,30.0000,35.4000,9.7000,3.6000,4.0000
INT0100,4,SBT,SB,through_right,1,B,1,10.5000,1228.0000,4.0000,uphill,97.0000,30.0000,34.6000,9.4000,3.5000,2.7000
INT0100,5,EBL,EB,left,2,A,1,11.5000,271.0000,0.0000,level,63.0000,35.0000,35.0000,9.7000,3.5000,2.3000
INT0100,6,WBT,WB,through_right,2,A,2,11.0000,1325.0000,0.0000,level,63.0000,35.0000,39.3000,6.4000,3.6000,1.7000
INT0100,7,SBL,SB,left,2,B,2,10.5000,301.0000,4.0000,uphill,97.0000,30.0000,34.1000,4.7000,3.5000,4.0000
INT0100,8,NBT,NB,through_right,2,B,1,12.0000,1128.0000,4.0000,downhill,97.0000,30.0000,36.1000,10.0000,3.6000,2.7000
INT0101,1,WBL,WB,left,1,A,2,11.0000,342.0000,0.0000,level,55.0000,35.0000,39.7000,10.8000,3.7000,1.8000
INT0101,2,EBT,EB,through_right,1,A,2,11.0000,1205.0000,0.0000,level,55.0000,35.0000,39.1000,10.8000,4.0000,1.4000
INT0101,3,NBL,NB,left,1,B,2,11.5000,277.0000,3.0000,downhill,97.0000,35.0000,37.7000,5.5000,3.7000,2.9000
INT0101,4,SBT,SB,through_right,1,B,1,11.0000,492.0000,3.0000,uphill,97.0000,35.0000,41.5000,9.8000,3.9000,2.0000
INT0101,5,EBL,EB,left,2,A,2,10.5000,335.0000,0.0000,level,55.0000,35.0000,41.3000,3.8000,3.5000,1.7000
INT0101,6,WBT,WB,through_right,2,A,2,12.0000,1042.0000,0.0000,level,55.0000,35.0000,40.1000,4.4000,4.0000,1.3000
INT0101,7,SBL,SB,left,2,B,2,12.0000,213.0000,3.0000,uphill,97.0000,35.0000,42.9000,5.0000,3.7000,2.5000
INT0101,8,NBT,NB,through_right,2,B,1,12.0000,630.0000,3.0000,downhill,97.0000,35.0000,38.9000,1.8000,4.2000,2.1000
INT0102,1,WBL,WB,left,1,A,1,12.0000,251.0000,4.0000,uphill,82.0000,55.0000,60.7000,2.1000,3.0000,1.0000
INT0102,2,EBT,EB,through_right,1,A,2,11.0000,566.0000,4.0000,downhill,82.0000,55.0000,60.0000,10.9000,3.5000,1.0000
INT0102,3,NBL,NB,left,1,B,1,11.0000,282.0000,0.0000,level,90.0000,40.0000,46.8000,2.5000,3.0000,1.0000
INT0102,4,SBT,SB,through_right,1,B,2,11.0000,596.0000,0.0000,level,90.0000,40.0000,45.9000,9.9000,3.5000,1.0000
INT0102,5,EBL,EB,left,2,A,1,12.0000,334.0000,4.0000,downhill,82.0000,55.0000,58.8000,7.9000,3.0000,1.0000
INT0102,6,WBT,WB,through_right,2,A,2,11.5000,502.0000,4.0000,uphill,82.0000,55.0000,60.8000,1.7000,3.5000,1.0000
INT0102,7,SBL,SB,left,2,B,1,11.0000,277.0000,0.0000,level,90.0000,40.0000,45.5000,9.8000,3.0000,1.0000
INT0102,8,NBT,NB,through_right,2,B,2,11.0000,876.0000,0.0000,level,90.0000,40.0000,44.6000,10.6000,3.5000,1.0000
INT0103,1,WBL,WB,left,1,A,1,11.0000,249.0000,0.0000,level,56.0000,45.0000,48.0000,3.8000,3.8000,1.4000
INT0103,2,EBT,EB,through_right,1,A,3,11.0000,1115.0000,0.0000,level,56.0000,45.0000,47.2000,3.5000,4.6000,1.2000
INT0103,3,NBL,NB,left,1,B,2,11.5000,138.0000,0.0000,level,125.0000,25.0000,34.3000,6.8000,3.7000,4.1000
INT0103,4,SBT,SB,through_right,1,B,1,11.0000,1034.0000,0.0000,level,125.0000,25.0000,30.4000,6.7000,3.7000,3.3000
INT0103,5,EBL,EB,left,2,A,1,12.0000,321.0000,0.0000,level,56.0000,45.0000,49.4000,10.3000,4.0000,1.4000
INT0103,6,WBT,WB,through_right,2,A,3,11.0000,933.0000,0.0000,level,56.0000,45.0000,47.8000,8.6000,4.7000,1.2000
INT0103,7,SBL,SB,left,2,B,1,10.0000,122.0000,0.0000,level,125.0000,25.0000,29.5000,6.7000,3.5000,5.0000
INT0103,8,NBT,NB,through_right,2,B,1,11.0000,528.0000,0.0000,level,125.0000,25.0000,32.8000,3.8000,3.6000,3.1000
INT0104,1,WBL,WB,left,1,A,1,11.0000,231.0000,0.0000,level,49.0000,50.0000,54.3000,4.2000,4.0000,1.2000
INT0104,2,EBT,EB,through_right,1,A,2,12.0000,820.0000,0.0000,level,49.0000,50.0000,52.4000,5.4000,4.7000,1.0000
INT0104,3,NBL,NB,left,1,B,1,10.5000,163.0000,4.0000,downhill,105.0000,35.0000,40.6000,12.0000,3.2000,3.5000
INT0104,4,SBT,SB,through_right,1,B,1,12.0000,1276.0000,4.0000,uphill,105.0000,35.0000,41.4000,5.0000,3.3000,2.5000
INT0104,5,EBL,EB,left,2,A,1,11.5000,376.0000,0.0000,level,49.0000,50.0000,55.4000,2.1000,4.0000,1.2000
INT0104,6,WBT,WB,through_right,2,A,2,11.5000,885.0000,0.0000,level,49.0000,50.0000,57.2000,7.3000,4.7000,1.0000
INT0104,7,SBL,SB,left,2,B,1,12.0000,399.0000,4.0000,uphill,105.0000,35.0000,42.2000,2.0000,3.0000,3.5000
INT0104,8,NBT,NB,through_right,2,B,1,11.0000,733.0000,4.0000,downhill,105.0000,35.0000,39.5000,9.2000,4.0000,2.5000
INT0105,1,WBL,WB,left,1,A,1,11.0000,217.0000,2.0000,uphill,75.0000,50.0000,54.3000,7.1000,3.0000,1.0000
INT0105,2,EBT,EB,through_right,1,A,2,10.5000,467.0000,2.0000,downhill,75.0000,50.0000,56.7000,9.9000,3.5000,1.0000
INT0105,3,NBL,NB,left,1,B,1,12.0000,338.0000,0.0000,level,95.0000,35.0000,41.5000,11.9000,3.0000,1.0000
INT0105,4,SBT,SB,through_right,1,B,2,11.0000,500.0000,0.0000,level,95.0000,35.0000,40.4000,11.0000,3.5000,1.0000
INT0105,5,EBL,EB,left,2,A,1,11.0000,165.0000,2.0000,downhill,75.0000,50.0000,54.6000,2.2000,3.0000,1.0000
INT0105,6,WBT,WB,through_right,2,A,2,11.0000,924.0000,2.0000,uphill,75.0000,50.0000,52.9000,10.0000,3.5000,1.0000
INT0105,7,SBL,SB,left,2,B,1,11.0000,400.0000,0.0000,level,95.0000,35.0000,42.2000,8.0000,3.0000,1.0000
INT0105,8,NBT,NB,through_right,2,B,2,11.0000,466.0000,0.0000,level,95.0000,35.0000,41.4000,3.8000,3.5000,1.0000
INT0106,1,WBL,WB,left,1,A,1,11.5000,272.0000,2.0000,downhill,78.0000,35.0000,41.0000,4.2000,3.0000,1.0000
INT0106,2,EBT,EB,through_right,1,A,3,12.0000,634.0000,2.0000,uphill,78.0000,35.0000,43.7000,5.6000,3.5000,1.0000
INT0106,3,NBL,NB,left,1,B,1,11.0000,286.0000,0.0000,level,121.0000,30.0000,34.3000,9.2000,3.0000,1.0000
INT0106,4,SBT,SB,through_right,1,B,2,11.0000,1111.0000,0.0000,level,121.0000,30.0000,34.4000,5.8000,3.5000,1.0000
INT0106,5,EBL,EB,left,2,A,1,11.0000,330.0000,2.0000,uphill,78.0000,35.0000,40.3000,10.7000,3.0000,1.0000
INT0106,6,WBT,WB,through_right,2,A,3,12.0000,940.0000,2.0000,downhill,78.0000,35.0000,42.6000,7.6000,3.5000,1.0000
INT0106,7,SBL,SB,left,2,B,1,10.5000,252.0000,0.0000,level,121.0000,30.0000,36.0000,2.6000,3.0000,1.0000
INT0106,8,NBT,NB,through_right,2,B,2,10.0000,719.0000,0.0000,level,121.0000,30.0000,35.1000,11.2000,3.5000,1.0000
INT0107,1,WBL,WB,left,1,A,1,10.5000,387.0000,3.0000,uphill,48.0000,40.0000,47.2000,10.4000,3.7000,1.3000
INT0107,2,EBT,EB,through_right,1,A,3,12.0000,746.0000,3.0000,downhill,48.0000,40.0000,41.3000,8.4000,4.4000,1.2000
INT0107,3,NBL,NB,left,1,B,1,11.0000,384.0000,1.0000,uphill,117.0000,25.0000,27.2000,7.7000,3.5000,4.7000
INT0107,4,SBT,SB,through_right,1,B,1,11.0000,1018.0000,1.0000,downhill,117.0000,25.0000,28.4000,5.7000,3.6000,3.3000
INT0107,5,EBL,EB,left,2,A,1,11.0000,286.0000,3.0000,downhill,48.0000,40.0000,47.7000,9.2000,4.1000,1.3000
INT0107,6,WBT,WB,through_right,2,A,3,11.0000,749.0000,3.0000,uphill,48.0000,40.0000,45.7000,11.6000,4.3000,1.1000
INT0107,7,SBL,SB,left,2,B,1,12.0000,251.0000,1.0000,downhill,117.0000,25.0000,30.8000,9.9000,3.5000,4.5000
INT0107,8,NBT,NB,through_right,2,B,1,12.0000,628.0000,1.0000,uphill,117.0000,25.0000,35.5000,3.2000,3.6000,2.7000
INT0108,1,WBL,WB,left,1,A,1,11.5000,396.0000,1.0000,uphill,59.0000,55.0000,60.3000,7.0000,4.6000,1.2000
INT0108,2,EBT,EB,through_right,1,A,3,12.0000,540.0000,1.0000,downhill,59.0000,55.0000,60.6000,9.5000,5.7000,1.2000
INT0108,3,NBL,NB,left,1,B,1,11.5000,330.0000,4.0000,downhill,110.0000,30.0000,34.0000,2.2000,3.7000,3.7000
INT0108,4,SBT,SB,through_right,1,B,1,11.0000,1130.0000,4.0000,uphill,110.0000,30.0000,37.8000,7.6000,3.7000,2.4000
INT0108,5,EBL,EB,left,2,A,1,11.0000,175.0000,1.0000,downhill,59.0000,55.0000,60.0000,10.1000,4.8000,1.2000
INT0108,6,WBT,WB,through_right,2,A,3,12.0000,1228.0000,1.0000,uphill,59.0000,55.0000,59.5000,11.6000,5.3000,1.2000
INT0108,7,SBL,SB,left,2,B,2,11.0000,217.0000,4.0000,uphill,110.0000,30.0000,31.2000,3.7000,3.5000,4.2000
INT0108,8,NBT,NB,through_right,2,B,1,12.0000,1269.0000,4.0000,downhill,110.0000,30.0000,33.3000,11.2000,3.8000,2.7000
INT0109,1,WBL,WB,left,1,A,2,12.0000,217.0000,1.0000,uphill,48.0000,35.0000,41.6000,10.0000,3.5000,1.5000
INT0109,2,EBT,EB,through_right,1,A,3,10.5000,474.0000,1.0000,downhill,48.0000,35.0000,40.2000,2.4000,4.3000,1.2000
INT0109,3,NBL,NB,left,1,B,1,10.5000,373.0000,1.0000,uphill,129.0000,25.0000,30.5000,11.7000,3.7000,5.0000
INT0109,4,SBT,SB,through_right,1,B,1,11.0000,1315.0000,1.0000,downhill,129.0000,25.0000,30.3000,2.3000,3.6000,3.4000
INT0109,5,EBL,EB,left,2,A,1,12.0000,195.0000,1.0000,downhill,48.0000,35.0000,39.8000,2.4000,3.6000,1.6000
INT0109,6,WBT,WB,through_right,2,A,3,11.0000,487.0000,1.0000,uphill,48.0000,35.0000,39.1000,5.8000,3.9000,1.2000
INT0109,7,SBL,SB,left,2,B,2,12.0000,159.0000,1.0000,downhill,129.0000,25.0000,29.1000,8.7000,3.6000,5.1000
INT0109,8,NBT,NB,through_right,2,B,1,11.0000,1095.0000,1.0000,uphill,129.0000,25.0000,27.8000,2.1000,3.6000,3.7000
INT0110,1,WBL,WB,left,1,A,2,11.5000,353.0000,0.0000,level,75.0000,45.0000,51.9000,8.2000,4.1000,1.6000
INT0110,2,EBT,EB,through_right,1,A,2,10.5000,619.0000,0.0000,level,75.0000,45.0000,50.3000,10.8000,4.7000,1.3000
INT0110,3,NBL,NB,left,1,B,1,11.0000,145.0000,0.0000,level,105.0000,25.0000,29.1000,5.6000,3.7000,4.3000
INT0110,4,SBT,SB,through_right,1,B,2,12.0000,555.0000,0.0000,level,105.0000,25.0000,31.0000,9.5000,3.5000,2.8000
INT0110,5,EBL,EB,left,2,A,2,11.5000,126.0000,0.0000,level,75.0000,45.0000,48.5000,11.5000,4.0000,1.7000
INT0110,6,WBT,WB,through_right,2,A,2,10.5000,1107.0000,0.0000,level,75.0000,45.0000,50.5000,7.8000,4.9000,1.3000
INT0110,7,SBL,SB,left,2,B,2,11.0000,324.0000,0.0000,level,105.0000,25.0000,28.4000,6.1000,3.6000,4.3000
INT0110,8,NBT,NB,through_right,2,B,2,12.0000,1270.0000,0.0000,level,105.0000,25.0000,30.4000,5.0000,3.6000,2.9000
INT0111,1,WBL,WB,left,1,A,2,11.0000,256.0000,0.0000,level,59.0000,50.0000,57.8000,5.8000,3.0000,1.0000
INT0111,2,EBT,EB,through_right,1,A,1,11.0000,1106.0000,0.0000,level,59.0000,50.0000,52.9000,10.8000,3.5000,1.0000
INT0111,3,NBL,NB,left,1,B,1,12.0000,135.0000,2.0000,uphill,67.0000,40.0000,47.3000,9.4000,3.0000,1.0000
INT0111,4,SBT,SB,through_right,1,B,1,10.5000,1023.0000,2.0000,downhill,67.0000,40.0000,44.0000,5.4000,3.5000,1.0000
INT0111,5,EBL,EB,left,2,A,1,10.0000,411.0000,0.0000,level,59.0000,50.0000,54.2000,2.0000,3.0000,1.0000
INT0111,6,WBT,WB,through_right,2,A,1,10.0000,880.0000,0.0000,level,59.0000,50.0000,54.7000,9.7000,3.5000,1.0000
INT0111,7,SBL,SB,left,2,B,2,11.0000,174.0000,2.0000,downhill,67.0000,40.0000,42.6000,2.2000,3.0000,1.0000
INT0111,8,NBT,NB,through_right,2,B,1,11.5000,1372.0000,2.0000,uphill,67.0000,40.0000,44.8000,8.7000,3.5000,1.0000
INT0112,1,WBL,WB,left,1,A,1,10.0000,239.0000,6.0000,uphill,57.0000,45.0000,46.9000,8.4000,3.5000,1.4000
INT0112,2,EBT,EB,through_right,1,A,2,12.0000,1018.0000,6.0000,downhill,57.0000,45.0000,51.2000,4.7000,5.6000,1.1000
INT0112,3,NBL,NB,left,1,B,1,10.5000,203.0000,4.0000,uphill,99.0000,30.0000,31.3000,3.8000,3.1000,3.3000
INT0112,4,SBT,SB,through_right,1,B,1,11.5000,653.0000,4.0000,downhill,99.0000,30.0000,34.9000,10.4000,4.0000,2.4000
INT0112,5,EBL,EB,left,2,A,1,10.5000,200.0000,6.0000,downhill,57.0000,45.0000,51.7000,1.8000,4.7000,1.4000
INT0112,6,WBT,WB,through_right,2,A,2,12.0000,1300.0000,6.0000,uphill,57.0000,45.0000,47.8000,11.5000,4.3000,1.1000
INT0112,7,SBL,SB,left,2,B,1,11.0000,266.0000,4.0000,downhill,99.0000,30.0000,35.1000,4.1000,3.2000,3.3000
INT0112,8,NBT,NB,through_right,2,B,1,11.5000,1098.0000,4.0000,uphill,99.0000,30.0000,32.6000,7.0000,3.3000,2.4000
INT0113,1,WBL,WB,left,1,A,1,10.0000,237.0000,5.0000,uphill,79.0000,35.0000,43.1000,7.3000,3.0000,1.0000
INT0113,2,EBT,EB,through_right,1,A,2,11.0000,847.0000,5.0000,downhill,79.0000,35.0000,41.0000,9.7000,3.5000,1.0000
INT0113,3,NBL,NB,left,1,B,1,10.5000,136.0000,0.0000,level,96.0000,35.0000,40.8000,3.3000,3.0000,1.0000
INT0113,4,SBT,SB,through_right,1,B,2,11.0000,704.0000,0.0000,level,96.0000,35.0000,39.1000,6.5000,3.5000,1.0000
INT0113,5,EBL,EB,left,2,A,1,10.5000,285.0000,5.0000,downhill,79.0000,35.0000,39.8000,7.8000,3.0000,1.0000
INT0113,6,WBT,WB,through_right,2,A,2,12.0000,649.0000,5.0000,uphill,79.0000,35.0000,39.8000,7.0000,3.5000,1.0000
INT0113,7,SBL,SB,left,2,B,1,11.0000,327.0000,0.0000,level,96.0000,35.0000,40.9000,10.5000,3.0000,1.0000
INT0113,8,NBT,NB,through_right,2,B,2,11.0000,785.0000,0.0000,level,96.0000,35.0000,35.0000,7.5000,3.5000,1.0000
INT0114,1,WBL,WB,left,1,A,1,11.5000,239.0000,1.0000,downhill,54.0000,50.0000,55.6000,11.1000,4.1000,1.3000
INT0114,2,EBT,EB,through_right,1,A,2,10.5000,1068.0000,1.0000,uphill,54.0000,50.0000,58.8000,3.4000,4.6000,1.1000
INT0114,3,NBL,NB,left,1,B,1,11.5000,232.0000,0.0000,level,101.0000,25.0000,28.8000,11.7000,3.0000,4.2000
INT0114,4,SBT,SB,through_right,1,B,1,11.5000,1204.0000,0.0000,level,101.0000,25.0000,33.9000,4.6000,3.0000,3.3000
INT0114,5,EBL,EB,left,2,A,1,11.0000,170.0000,1.0000,uphill,54.0000,50.0000,50.9000,4.2000,3.9000,1.3000
INT0114,6,WBT,WB,through_right,2,A,2,12.0000,843.0000,1.0000,downhill,54.0000,50.0000,54.5000,9.5000,4.8000,1.1000
INT0114,7,SBL,SB,left,2,B,1,12.0000,251.0000,0.0000,level,101.0000,25.0000,29.7000,2.3000,3.0000,4.2000
INT0114,8,NBT,NB,through_right,2,B,1,11.0000,1160.0000,0.0000,level,101.0000,25.0000,31.6000,10.2000,3.0000,3.3000
INT0115,1,WBL,WB,left,1,A,1,11.0000,264.0000,5.0000,downhill,80.0000,50.0000,55.2000,7.0000,3.0000,1.0000
INT0115,2,EBT,EB,through_right,1,A,2,11.0000,737.0000,5.0000,uphill,80.0000,50.0000,57.3000,9.7000,3.5000,1.0000
INT0115,3,NBL,NB,left,1,B,1,12.0000,173.0000,1.0000,uphill,92.0000,35.0000,41.2000,11.5000,3.0000,1.0000
INT0115,4,SBT,SB,through_right,1,B,2,12.0000,685.0000,1.0000,downhill,92.0000,35.0000,40.5000,9.4000,3.5000,1.0000
INT0115,5,EBL,EB,left,2,A,1,11.0000,122.0000,5.0000,uphill,80.0000,50.0000,54.4000,7.0000,3.0000,1.0000
INT0115,6,WBT,WB,through_right,2,A,2,10.0000,1249.0000,5.0000,downhill,80.0000,50.0000,55.4000,7.6000,3.5000,1.0000
INT0115,7,SBL,SB,left,2,B,2,10.5000,128.0000,1.0000,downhill,92.0000,35.0000,39.0000,2.0000,3.0000,1.0000
INT0115,8,NBT,NB,through_right,2,B,2,11.5000,732.0000,1.0000,uphill,92.0000,35.0000,40.0000,4.1000,3.5000,1.0000
INT0116,1,WBL,WB,left,1,A,1,11.5000,242.0000,4.0000,downhill,84.0000,45.0000,49.7000,7.9000,4.4000,1.8000
INT0116,2,EBT,EB,through_right,1,A,1,12.0000,1006.0000,4.0000,uphill,84.0000,45.0000,48.9000,11.0000,4.2000,1.5000
INT0116,3,NBL,NB,left,1,B,1,12.0000,192.0000,0.0000,level,72.0000,30.0000,30.0000,4.1000,3.5000,3.2000
INT0116,4,SBT,SB,through_right,1,B,2,12.0000,492.0000,0.0000,level,72.0000,30.0000,32.5000,5.0000,3.5000,2.0000
INT0116,5,EBL,EB,left,2,A,2,11.0000,171.0000,4.0000,uphill,84.0000,45.0000,55.1000,5.4000,4.0000,1.6000
INT0116,6,WBT,WB,through_right,2,A,1,10.0000,1298.0000,4.0000,downhill,84.0000,45.0000,49.8000,11.3000,5.2000,1.5000
INT0116,7,SBL,SB,left,2,B,1,11.5000,170.0000,0.0000,level,72.0000,30.0000,31.6000,2.8000,3.5000,3.0000
INT0116,8,NBT,NB,through_right,2,B,2,12.0000,920.0000,0.0000,level,72.0000,30.0000,36.2000,7.0000,3.7000,1.8000
INT0117,1,WBL,WB,left,1,A,1,11.5000,385.0000,1.0000,uphill,72.0000,50.0000,58.0000,7.9000,3.9000,1.6000
INT0117,2,EBT,EB,through_right,1,A,3,10.5000,694.0000,1.0000,downhill,72.0000,50.0000,51.6000,8.3000,4.8000,1.5000
INT0117,3,NBL,NB,left,1,B,1,12.0000,397.0000,0.0000,level,114.0000,35.0000,39.9000,8.2000,3.1000,3.7000
INT0117,4,SBT,SB,through_right,1,B,2,12.0000,1209.0000,0.0000,level,114.0000,35.0000,39.3000,6.7000,3.8000,2.7000
INT0117,5,EBL,EB,left,2,A,1,12.0000,134.0000,1.0000,downhill,72.0000,50.0000,57.1000,4.0000,4.2000,1.6000
INT0117,6,WBT,WB,through_right,2,A,3,11.0000,855.0000,1.0000,uphill,72.0000,50.0000,54.1000,9.2000,4.6000,1.5000
INT0117,7,SBL,SB,left,2,B,2,12.0000,312.0000,0.0000,level,114.0000,35.0000,39.8000,10.4000,3.2000,3.7000
INT0117,8,NBT,NB,through_right,2,B,2,11.5000,917.0000,0.0000,level,114.0000,35.0000,39.7000,10.2000,3.8000,2.7000
INT0118,1,WBL,WB,left,1,A,2,12.0000,186.0000,6.0000,uphill,79.0000,40.0000,42.9000,5.6000,3.0000,2.3000
INT0118,2,EBT,EB,through_right,1,A,3,12.0000,1376.0000,6.0000,downhill,79.0000,40.0000,45.0000,7.1000,4.7000,1.7000
INT0118,3,NBL,NB,left,1,B,1,11.5000,249.0000,2.0000,uphill,111.0000,40.0000,46.1000,8.7000,3.1000,3.0000
INT0118,4,SBT,SB,through_right,1,B,2,10.5000,631.0000,2.0000,downhill,111.0000,40.0000,44.6000,8.8000,4.2000,2.3000
INT0118,5,EBL,EB,left,2,A,1,12.0000,193.0000,6.0000,downhill,79.0000,40.0000,47.2000,3.2000,3.8000,2.3000
INT0118,6,WBT,WB,through_right,2,A,3,11.0000,1037.0000,6.0000,uphill,79.0000,40.0000,45.8000,7.1000,3.5000,1.7000
INT0118,7,SBL,SB,left,2,B,1,10.0000,313.0000,2.0000,downhill,111.0000,40.0000,44.7000,11.8000,3.4000,3.0000
INT0118,8,NBT,NB,through_right,2,B,2,12.0000,681.0000,2.0000,uphill,111.0000,40.0000,48.5000,4.5000,3.8000,2.3000
INT0119,1,WBL,WB,left,1,A,1,10.5000,373.0000,4.0000,downhill,61.0000,40.0000,41.3000,4.2000,3.0000,1.0000
INT0119,2,EBT,EB,through_right,1,A,3,12.0000,1266.0000,4.0000,uphill,61.0000,40.0000,46.2000,3.4000,3.5000,1.0000
INT0119,3,NBL,NB,left,1,B,1,11.0000,187.0000,3.0000,uphill,113.0000,30.0000,34.1000,9.8000,3.0000,1.0000
INT0119,4,SBT,SB,through_right,1,B,1,11.0000,778.0000,3.0000,downhill,113.0000,30.0000,37.3000,2.3000,3.5000,1.0000
INT0119,5,EBL,EB,left,2,A,1,12.0000,206.0000,4.0000,uphill,61.0000,40.0000,42.0000,5.8000,3.0000,1.0000
INT0119,6,WBT,WB,through_right,2,A,3,10.5000,1103.0000,4.0000,downhill,61.0000,40.0000,45.5000,9.8000,3.5000,1.0000
INT0119,7,SBL,SB,left,2,B,1,11.0000,313.0000,3.0000,downhill,113.0000,30.0000,33.9000,6.6000,3.0000,1.0000
INT0119,8,NBT,NB,through_right,2,B,1,11.0000,778.0000,3.0000,uphill,113.0000,30.0000,33.3000,3.0000,3.5000,1.0000
INT0120,1,WBL,WB,left,1,A,1,11.0000,175.0000,6.0000,downhill,62.0000,40.0000,43.5000,3.3000,4.1000,1.7000
INT0120,2,EBT,EB,through_right,1,A,2,12.0000,935.0000,6.0000,uphill,62.0000,40.0000,45.6000,6.1000,3.9000,1.3000
INT0120,3,NBL,NB,left,1,B,2,11.5000,352.0000,0.0000,level,100.0000,25.0000,31.8000,2.7000,3.7000,3.8000
INT0120,4,SBT,SB,through_right,1,B,1,11.0000,1005.0000,0.0000,level,100.0000,25.0000,29.3000,9.6000,3.6000,2.8000
INT0120,5,EBL,EB,left,2,A,1,12.0000,325.0000,6.0000,uphill,62.0000,40.0000,41.0000,6.3000,3.7000,1.9000
INT0120,6,WBT,WB,through_right,2,A,2,11.0000,1377.0000,6.0000,downhill,62.0000,40.0000,43.4000,9.5000,5.0000,1.3000
INT0120,7,SBL,SB,left,2,B,1,11.0000,232.0000,0.0000,level,100.0000,25.0000,30.8000,2.9000,3.5000,4.0000
INT0120,8,NBT,NB,through_right,2,B,1,11.5000,895.0000,0.0000,level,100.0000,25.0000,31.0000,11.7000,3.5000,2.7000
INT0121,1,WBL,WB,left,1,A,1,11.0000,180.0000,1.0000,downhill,53.0000,55.0000,58.0000,1.9000,4.5000,1.5000
INT0121,2,EBT,EB,through_right,1,A,2,11.0000,1181.0000,1.0000,uphill,53.0000,55.0000,62.8000,7.0000,5.0000,1.5000
INT0121,3,NBL,NB,left,1,B,1,11.0000,127.0000,0.0000,level,107.0000,25.0000,26.9000,11.4000,3.0000,4.4000
INT0121,4,SBT,SB,through_right,1,B,1,10.0000,1295.0000,0.0000,level,107.0000,25.0000,32.3000,10.7000,3.0000,3.5000
INT0121,5,EBL,EB,left,2,A,2,12.0000,371.0000,1.0000,uphill,53.0000,55.0000,60.2000,6.3000,4.3000,1.5000
INT0121,6,WBT,WB,through_right,2,A,2,10.0000,1098.0000,1.0000,downhill,53.0000,55.0000,58.7000,10.2000,5.3000,1.5000
INT0121,7,SBL,SB,left,2,B,1,12.0000,225.0000,0.0000,level,107.0000,25.0000,33.0000,8.4000,3.2000,4.4000
INT0121,8,NBT,NB,through_right,2,B,1,11.0000,1059.0000,0.0000,level,107.0000,25.0000,33.7000,4.8000,3.2000,3.5000
INT0122,1,WBL,WB,left,1,A,1,11.5000,181.0000,0.0000,level,78.0000,40.0000,47.7000,9.7000,3.3000,2.3000
INT0122,2,EBT,EB,through_right,1,A,3,12.0000,913.0000,0.0000,level,78.0000,40.0000,42.5000,9.2000,4.0000,1.7000
INT0122,3,NBL,NB,left,1,B,1,10.5000,157.0000,0.0000,level,126.0000,30.0000,34.7000,3.4000,3.0000,5.0000
INT0122,4,SBT,SB,through_right,1,B,2,12.0000,1104.0000,0.0000,level,126.0000,30.0000,31.1000,4.7000,3.3000,3.4000
INT0122,5,EBL,EB,left,2,A,2,11.0000,300.0000,0.0000,level,78.0000,40.0000,43.5000,3.8000,3.3000,2.3000
INT0122,6,WBT,WB,through_right,2,A,3,10.0000,612.0000,0.0000,level,78.0000,40.0000,47.5000,2.6000,4.0000,1.7000
INT0122,7,SBL,SB,left,2,B,1,11.0000,274.0000,0.0000,level,126.0000,30.0000,33.6000,5.8000,3.0000,5.0000
INT0122,8,NBT,NB,through_right,2,B,2,12.0000,1007.0000,0.0000,level,126.0000,30.0000,39.5000,7.7000,3.3000,3.4000
INT0123,1,WBL,WB,left,1,A,1,12.0000,385.0000,0.0000,level,84.0000,35.0000,39.8000,8.5000,3.0000,2.9000
INT0123,2,EBT,EB,through_right,1,A,1,10.5000,1317.0000,0.0000,level,84.0000,35.0000,41.1000,2.8000,3.6000,2.1000
INT0123,3,NBL,NB,left,1,B,2,11.5000,234.0000,1.0000,downhill,67.0000,35.0000,38.1000,1.7000,3.0000,2.4000
INT0123,4,SBT,SB,through_right,1,B,2,12.0000,803.0000,1.0000,uphill,67.0000,35.0000,43.9000,2.6000,3.5000,1.7000
INT0123,5,EBL,EB,left,2,A,1,10.5000,165.0000,0.0000,level,84.0000,35.0000,35.0000,7.3000,3.0000,2.9000
INT0123,6,WBT,WB,through_right,2,A,1,11.5000,610.0000,0.0000,level,84.0000,35.0000,40.8000,2.0000,3.6000,2.1000
INT0123,7,SBL,SB,left,2,B,1,11.0000,376.0000,1.0000,uphill,67.0000,35.0000,37.5000,3.5000,3.0000,2.4000
INT0123,8,NBT,NB,through_right,2,B,2,12.0000,1301.0000,1.0000,downhill,67.0000,35.0000,37.2000,2.5000,3.7000,1.7000
INT0124,1,WBL,WB,left,1,A,1,11.0000,307.0000,0.0000,level,84.0000,50.0000,56.2000,3.0000,4.0000,1.8000
INT0124,2,EBT,EB,through_right,1,A,2,11.0000,1325.0000,0.0000,level,84.0000,50.0000,59.0000,11.3000,4.7000,1.5000
INT0124,3,NBL,NB,left,1,B,1,12.0000,263.0000,2.0000,uphill,90.0000,40.0000,45.7000,9.2000,3.5000,2.5000
INT0124,4,SBT,SB,through_right,1,B,2,11.0000,715.0000,2.0000,downhill,90.0000,40.0000,47.4000,10.6000,4.2000,1.9000
INT0124,5,EBL,EB,left,2,A,1,12.0000,243.0000,0.0000,level,84.0000,50.0000,54.4000,8.7000,4.1000,1.8000
INT0124,6,WBT,WB,through_right,2,A,2,11.5000,516.0000,0.0000,level,84.0000,50.0000,53.6000,5.0000,4.8000,1.5000
INT0124,7,SBL,SB,left,2,B,1,11.5000,158.0000,2.0000,downhill,90.0000,40.0000,41.1000,8.7000,3.5000,2.5000
INT0124,8,NBT,NB,through_right,2,B,2,12.0000,537.0000,2.0000,uphill,90.0000,40.0000,44.6000,5.8000,4.0000,1.9000
INT0125,1,WBL,WB,left,1,A,2,12.0000,255.0000,4.0000,uphill,62.0000,40.0000,46.8000,8.8000,3.7000,1.6000
INT0125,2,EBT,EB,through_right,1,A,2,12.0000,1394.0000,4.0000,downhill,62.0000,40.0000,48.0000,3.3000,5.2000,1.2000
INT0125,3,NBL,NB,left,1,B,1,11.0000,139.0000,0.0000,level,91.0000,35.0000,40.1000,4.3000,3.5000,2.6000
INT0125,4,SBT,SB,through_right,1,B,1,10.5000,827.0000,0.0000,level,91.0000,35.0000,39.9000,11.2000,4.2000,1.9000
INT0125,5,EBL,EB,left,2,A,2,12.0000,246.0000,4.0000,downhill,62.0000,40.0000,45.1000,5.3000,4.2000,1.6000
INT0125,6,WBT,WB,through_right,2,A,2,12.0000,1140.0000,4.0000,uphill,62.0000,40.0000,44.4000,6.9000,3.9000,1.3000
INT0125,7,SBL,SB,left,2,B,2,10.0000,131.0000,0.0000,level,91.0000,35.0000,42.7000,3.4000,3.5000,2.4000
INT0125,8,NBT,NB,through_right,2,B,1,10.0000,1273.0000,0.0000,level,91.0000,35.0000,39.9000,6.2000,4.0000,1.9000
INT0126,1,WBL,WB,left,1,A,2,12.0000,147.0000,0.0000,level,53.0000,40.0000,43.3000,5.9000,3.7000,1.5000
INT0126,2,EBT,EB,through_right,1,A,3,11.0000,1173.0000,0.0000,level,53.0000,40.0000,45.1000,10.4000,4.4000,1.2000
INT0126,3,NBL,NB,left,1,B,1,11.5000,297.0000,0.0000,level,130.0000,35.0000,39.9000,8.3000,3.5000,3.5000
INT0126,4,SBT,SB,through_right,1,B,1,11.0000,521.0000,0.0000,level,130.0000,35.0000,41.8000,7.7000,4.1000,2.5000
INT0126,5,EBL,EB,left,2,A,2,11.5000,170.0000,0.0000,level,53.0000,40.0000,47.8000,8.9000,3.8000,1.4000
INT0126,6,WBT,WB,through_right,2,A,3,11.0000,696.0000,0.0000,level,53.0000,40.0000,44.8000,10.7000,4.4000,1.2000
INT0126,7,SBL,SB,left,2,B,1,11.0000,206.0000,0.0000,level,130.0000,35.0000,40.2000,5.1000,3.5000,3.4000
INT0126,8,NBT,NB,through_right,2,B,1,11.0000,1105.0000,0.0000,level,130.0000,35.0000,40.7000,5.4000,4.1000,2.6000
INT0127,1,WBL,WB,left,1,A,1,12.0000,274.0000,0.0000,level,62.0000,45.0000,49.4000,1.9000,3.6000,1.6000
INT0127,2,EBT,EB,through_right,1,A,3,10.5000,687.0000,0.0000,level,62.0000,45.0000,48.8000,7.1000,4.4000,1.3000
INT0127,3,NBL,NB,left,1,B,1,12.0000,162.0000,1.0000,uphill,115.0000,30.0000,35.5000,3.7000,3.5000,4.7000
INT0127,4,SBT,SB,through_right,1,B,1,10.5000,790.0000,1.0000,downhill,115.0000,30.0000,35.2000,5.0000,3.6000,3.1000
INT0127,5,EBL,EB,left,2,A,1,11.5000,380.0000,0.0000,level,62.0000,45.0000,49.9000,2.5000,3.8000,1.6000
INT0127,6,WBT,WB,through_right,2,A,3,12.0000,1032.0000,0.0000,level,62.0000,45.0000,49.1000,5.1000,4.5000,1.3000
INT0127,7,SBL,SB,left,2,B,2,11.5000,255.0000,1.0000,downhill,115.0000,30.0000,37.4000,6.8000,3.6000,4.7000
INT0127,8,NBT,NB,through_right,2,B,1,11.0000,1265.0000,1.0000,uphill,115.0000,30.0000,39.4000,3.4000,3.7000,3.1000
INT0128,1,WBL,WB,left,1,A,1,12.0000,338.0000,4.0000,downhill,51.0000,35.0000,40.7000,10.0000,3.7000,1.6000
INT0128,2,EBT,EB,through_right,1,A,2,11.0000,759.0000,4.0000,uphill,51.0000,35.0000,39.5000,9.8000,3.6000,1.3000
INT0128,3,NBL,NB,left,1,B,1,11.5000,367.0000,4.0000,uphill,93.0000,30.0000,32.0000,1.7000,3.5000,3.6000
INT0128,4,SBT,SB,through_right,1,B,1,11.0000,1299.0000,4.0000,downhill,93.0000,30.0000,34.2000,3.3000,3.9000,2.3000
INT0128,5,EBL,EB,left,2,A,1,10.5000,394.0000,4.0000,uphill,51.0000,35.0000,43.4000,4.2000,3.6000,1.5000
INT0128,6,WBT,WB,through_right,2,A,2,10.5000,1004.0000,4.0000,downhill,51.0000,35.0000,39.1000,11.4000,4.3000,1.3000
INT0128,7,SBL,SB,left,2,B,2,10.5000,220.0000,4.0000,downhill,93.0000,30.0000,39.9000,4.2000,3.7000,2.6000
INT0128,8,NBT,NB,through_right,2,B,1,11.0000,1249.0000,4.0000,uphill,93.0000,30.0000,33.7000,4.9000,3.5000,2.3000
INT0129,1,WBL,WB,left,1,A,1,11.0000,335.0000,3.0000,uphill,55.0000,50.0000,57.2000,7.0000,3.0000,1.0000
INT0129,2,EBT,EB,through_right,1,A,2,12.0000,903.0000,3.0000,downhill,55.0000,50.0000,53.5000,9.4000,3.5000,1.0000
INT0129,3,NBL,NB,left,1,B,1,12.0000,167.0000,4.0000,downhill,85.0000,30.0000,33.4000,10.9000,3.0000,1.0000
INT0129,4,SBT,SB,through_right,1,B,1,11.0000,451.0000,4.0000,uphill,85.0000,30.0000,30.0000,2.5000,3.5000,1.0000
INT0129,5,EBL,EB,left,2,A,1,10.0000,167.0000,3.0000,downhill,55.0000,50.0000,57.0000,11.1000,3.0000,1.0000
INT0129,6,WBT,WB,through_right,2,A,2,10.0000,859.0000,3.0000,uphill,55.0000,50.0000,51.9000,6.8000,3.5000,1.0000
INT0129,7,SBL,SB,left,2,B,1,12.0000,364.0000,4.0000,uphill,85.0000,30.0000,37.5000,9.3000,3.0000,1.0000
INT0129,8,NBT,NB,through_right,2,B,1,11.5000,807.0000,4.0000,downhill,85.0000,30.0000,36.4000,6.6000,3.5000,1.0000
INT0130,1,WBL,WB,left,1,A,1,11.0000,234.0000,0.0000,level,49.0000,40.0000,44.6000,10.2000,3.0000,1.0000
INT0130,2,EBT,EB,through_right,1,A,2,10.0000,1091.0000,0.0000,level,49.0000,40.0000,47.8000,4.5000,3.5000,1.0000
INT0130,3,NBL,NB,left,1,B,1,12.0000,378.0000,0.0000,level,90.0000,35.0000,39.9000,4.8000,3.0000,1.0000
INT0130,4,SBT,SB,through_right,1,B,1,11.5000,766.0000,0.0000,level,90.0000,35.0000,38.8000,6.1000,3.5000,1.0000
INT0130,5,EBL,EB,left,2,A,1,11.0000,387.0000,0.0000,level,49.0000,40.0000,48.0000,6.5000,3.0000,1.0000
INT0130,6,WBT,WB,through_right,2,A,2,11.0000,838.0000,0.0000,level,49.0000,40.0000,45.4000,5.2000,3.5000,1.0000
INT0130,7,SBL,SB,left,2,B,1,11.0000,197.0000,0.0000,level,90.0000,35.0000,41.8000,10.6000,3.0000,1.0000
INT0130,8,NBT,NB,through_right,2,B,1,12.0000,498.0000,0.0000,level,90.0000,35.0000,43.2000,9.3000,3.5000,1.0000
INT0131,1,WBL,WB,left,1,A,1,11.5000,404.0000,4.0000,uphill,49.0000,40.0000,48.1000,1.5000,3.3000,1.4000
INT0131,2,EBT,EB,through_right,1,A,3,11.5000,784.0000,4.0000,downhill,49.0000,40.0000,42.8000,10.1000,4.8000,1.1000
INT0131,3,NBL,NB,left,1,B,1,11.0000,360.0000,0.0000,level,115.0000,35.0000,39.5000,10.5000,3.4000,3.1000
INT0131,4,SBT,SB,through_right,1,B,1,11.5000,1392.0000,0.0000,level,115.0000,35.0000,39.3000,11.7000,4.0000,2.4000
INT0131,5,EBL,EB,left,2,A,1,10.5000,222.0000,4.0000,downhill,49.0000,40.0000,46.9000,4.6000,4.0000,1.4000
INT0131,6,WBT,WB,through_right,2,A,3,11.5000,451.0000,4.0000,uphill,49.0000,40.0000,45.5000,4.6000,4.0000,1.1000
INT0131,7,SBL,SB,left,2,B,1,10.5000,160.0000,0.0000,level,115.0000,35.0000,41.1000,2.1000,3.2000,3.1000
INT0131,8,NBT,NB,through_right,2,B,1,11.0000,916.0000,0.0000,level,115.0000,35.0000,38.8000,3.8000,4.0000,2.4000
INT0132,1,WBL,WB,left,1,A,2,11.0000,246.0000,0.0000,level,63.0000,50.0000,54.6000,2.8000,3.0000,1.0000
INT0132,2,EBT,EB,through_right,1,A,2,12.0000,527.0000,0.0000,level,63.0000,50.0000,51.3000,5.8000,3.5000,1.0000
INT0132,3,NBL,NB,left,1,B,1,10.5000,203.0000,3.0000,uphill,91.0000,35.0000,37.7000,3.4000,3.0000,1.0000
INT0132,4,SBT,SB,through_right,1,B,1,12.0000,1111.0000,3.0000,downhill,91.0000,35.0000,41.6000,9.3000,3.5000,1.0000
INT0132,5,EBL,EB,left,2,A,2,11.0000,301.0000,0.0000,level,63.0000,50.0000,55.5000,5.9000,3.0000,1.0000
INT0132,6,WBT,WB,through_right,2,A,2,11.0000,697.0000,0.0000,level,63.0000,50.0000,56.0000,6.5000,3.5000,1.0000
INT0132,7,SBL,SB,left,2,B,1,11.0000,188.0000,3.0000,downhill,91.0000,35.0000,36.6000,6.3000,3.0000,1.0000
INT0132,8,NBT,NB,through_right,2,B,1,12.0000,1155.0000,3.0000,uphill,91.0000,35.0000,42.8000,8.3000,3.5000,1.0000
INT0133,1,WBL,WB,left,1,A,1,11.0000,149.0000,6.0000,downhill,55.0000,55.0000,61.6000,2.0000,5.9000,1.0000
INT0133,2,EBT,EB,through_right,1,A,2,12.0000,497.0000,6.0000,uphill,55.0000,55.0000,61.4000,2.2000,4.8000,1.0000
INT0133,3,NBL,NB,left,1,B,1,12.0000,296.0000,2.0000,downhill,102.0000,25.0000,28.4000,2.2000,3.7000,4.2000
INT0133,4,SBT,SB,through_right,1,B,1,11.0000,927.0000,2.0000,uphill,102.0000,25.0000,32.9000,5.4000,3.5000,2.6000
INT0133,5,EBL,EB,left,2,A,1,12.0000,285.0000,6.0000,uphill,55.0000,55.0000,61.1000,6.7000,4.2000,1.1000
INT0133,6,WBT,WB,through_right,2,A,2,10.5000,1045.0000,6.0000,downhill,55.0000,55.0000,62.0000,2.2000,6.0000,1.0000
INT0133,7,SBL,SB,left,2,B,1,11.0000,241.0000,2.0000,uphill,102.0000,25.0000,31.8000,7.5000,3.7000,3.9000
INT0133,8,NBT,NB,through_right,2,B,1,11.0000,469.0000,2.0000,downhill,102.0000,25.0000,25.0000,8.7000,3.5000,3.4000
INT0134,1,WBL,WB,left,1,A,1,12.0000,284.0000,0.0000,level,58.0000,45.0000,48.6000,3.0000,3.6000,1.6000
INT0134,2,EBT,EB,through_right,1,A,2,10.5000,684.0000,0.0000,level,58.0000,45.0000,47.2000,3.6000,4.4000,1.2000
INT0134,3,NBL,NB,left,1,B,2,12.0000,362.0000,4.0000,uphill,97.0000,25.0000,28.6000,2.3000,3.0000,4.0000
INT0134,4,SBT,SB,through_right,1,B,1,12.0000,1217.0000,4.0000,downhill,97.0000,25.0000,25.3000,5.9000,3.2000,3.2000
INT0134,5,EBL,EB,left,2,A,1,11.5000,235.0000,0.0000,level,58.0000,45.0000,50.9000,5.1000,3.6000,1.6000
INT0134,6,WBT,WB,through_right,2,A,2,10.0000,961.0000,0.0000,level,58.0000,45.0000,50.3000,4.3000,4.4000,1.2000
INT0134,7,SBL,SB,left,2,B,1,10.0000,391.0000,4.0000,downhill,97.0000,25.0000,30.6000,3.6000,3.0000,4.0000
INT0134,8,NBT,NB,through_right,2,B,1,11.0000,641.0000,4.0000,uphill,97.0000,25.0000,31.9000,11.3000,3.0000,3.2000
INT0135,1,WBL,WB,left,1,A,1,12.0000,220.0000,2.0000,downhill,74.0000,40.0000,42.0000,5.1000,3.7000,2.1000
INT0135,2,EBT,EB,through_right,1,A,3,11.0000,698.0000,2.0000,uphill,74.0000,40.0000,44.0000,8.6000,4.1000,1.5000
INT0135,3,NBL,NB,left,1,B,1,12.0000,413.0000,0.0000,level,120.0000,35.0000,40.5000,1.6000,3.5000,3.2000
INT0135,4,SBT,SB,through_right,1,B,2,12.0000,890.0000,0.0000,level,120.0000,35.0000,38.9000,8.7000,4.1000,2.5000
INT0135,5,EBL,EB,left,2,A,2,11.0000,261.0000,2.0000,uphill,74.0000,40.0000,47.1000,2.1000,3.6000,1.8000
INT0135,6,WBT,WB,through_right,2,A,3,10.0000,955.0000,2.0000,downhill,74.0000,40.0000,46.1000,8.2000,4.7000,1.4000
INT0135,7,SBL,SB,left,2,B,1,10.0000,328.0000,0.0000,level,120.0000,35.0000,43.1000,2.1000,3.7000,2.9000
INT0135,8,NBT,NB,through_right,2,B,2,11.0000,807.0000,0.0000,level,120.0000,35.0000,40.1000,7.7000,4.0000,2.4000
INT0136,1,WBL,WB,left,1,A,1,12.0000,419.0000,1.0000,uphill,75.0000,35.0000,37.4000,10.5000,3.0000,2.6000
INT0136,2,EBT,EB,through_right,1,A,2,12.0000,1173.0000,1.0000,downhill,75.0000,35.0000,43.5000,9.3000,3.9000,1.9000
INT0136,3,NBL,NB,left,1,B,2,11.0000,347.0000,1.0000,downhill,101.0000,35.0000,38.8000,10.5000,3.2000,3.3000
INT0136,4,SBT,SB,through_right,1,B,2,12.0000,830.0000,1.0000,uphill,101.0000,35.0000,41.3000,4.3000,3.7000,2.4000
INT0136,5,EBL,EB,left,2,A,1,12.0000,169.0000,1.0000,downhill,75.0000,35.0000,42.9000,6.5000,3.2000,2.6000
INT0136,6,WBT,WB,through_right,2,A,2,12.0000,921.0000,1.0000,uphill,75.0000,35.0000,37.4000,5.3000,3.7000,1.9000
INT0136,7,SBL,SB,left,2,B,1,11.0000,220.0000,1.0000,uphill,101.0000,35.0000,37.7000,11.0000,3.1000,3.3000
INT0136,8,NBT,NB,through_right,2,B,2,11.5000,1257.0000,1.0000,downhill,101.0000,35.0000,43.2000,8.2000,3.7000,2.4000
INT0137,1,WBL,WB,left,1,A,1,11.0000,368.0000,4.0000,uphill,74.0000,55.0000,60.7000,10.0000,4.0000,1.5000
INT0137,2,EBT,EB,through_right,1,A,1,10.0000,897.0000,4.0000,downhill,74.0000,55.0000,57.8000,11.1000,5.7000,1.2000
INT0137,3,NBL,NB,left,1,B,1,10.5000,342.0000,4.0000,downhill,79.0000,30.0000,37.5000,1.6000,3.0000,3.4000
INT0137,4,SBT,SB,through_right,1,B,2,11.0000,906.0000,4.0000,uphill,79.0000,30.0000,35.0000,5.9000,3.0000,2.3000
INT0137,5,EBL,EB,left,2,A,1,10.0000,222.0000,4.0000,downhill,74.0000,55.0000,59.5000,4.8000,4.8000,1.5000
INT0137,6,WBT,WB,through_right,2,A,1,11.0000,972.0000,4.0000,uphill,74.0000,55.0000,58.9000,10.9000,4.6000,1.2000
INT0137,7,SBL,SB,left,2,B,1,11.0000,205.0000,4.0000,uphill,79.0000,30.0000,39.1000,3.5000,3.0000,3.4000
INT0137,8,NBT,NB,through_right,2,B,2,12.0000,783.0000,4.0000,downhill,79.0000,30.0000,33.8000,2.8000,3.6000,2.3000
INT0138,1,WBL,WB,left,1,A,1,12.0000,303.0000,5.0000,uphill,57.0000,45.0000,50.4000,3.1000,3.4000,1.5000
INT0138,2,EBT,EB,through_right,1,A,1,12.0000,985.0000,5.0000,downhill,57.0000,45.0000,50.5000,7.8000,5.2000,1.5000
INT0138,3,NBL,NB,left,1,B,2,11.0000,391.0000,2.0000,downhill,60.0000,25.0000,29.8000,10.6000,3.0000,2.8000
INT0138,4,SBT,SB,through_right,1,B,1,12.0000,841.0000,2.0000,uphill,60.0000,25.0000,31.1000,11.4000,3.2000,2.2000
INT0138,5,EBL,EB,left,2,A,1,12.0000,274.0000,5.0000,downhill,57.0000,45.0000,50.8000,11.2000,4.2000,1.5000
INT0138,6,WBT,WB,through_right,2,A,1,12.0000,603.0000,5.0000,uphill,57.0000,45.0000,50.1000,8.9000,4.1000,1.5000
INT0138,7,SBL,SB,left,2,B,1,10.5000,416.0000,2.0000,uphill,60.0000,25.0000,30.4000,7.9000,3.2000,2.8000
INT0138,8,NBT,NB,through_right,2,B,1,11.0000,936.0000,2.0000,downhill,60.0000,25.0000,30.9000,8.2000,3.0000,2.2000
INT0139,1,WBL,WB,left,1,A,1,11.0000,166.0000,0.0000,level,63.0000,50.0000,52.9000,8.9000,4.1000,1.5000
INT0139,2,EBT,EB,through_right,1,A,2,11.5000,921.0000,0.0000,level,63.0000,50.0000,55.1000,9.0000,4.7000,1.5000
INT0139,3,NBL,NB,left,1,B,1,11.0000,335.0000,0.0000,level,107.0000,30.0000,33.9000,4.1000,3.2000,4.4000
INT0139,4,SBT,SB,through_right,1,B,1,12.0000,827.0000,0.0000,level,107.0000,30.0000,32.7000,6.3000,3.2000,2.9000
INT0139,5,EBL,EB,left,2,A,2,10.5000,150.0000,0.0000,level,63.0000,50.0000,53.4000,10.4000,4.0000,1.5000
INT0139,6,WBT,WB,through_right,2,A,2,11.0000,1085.0000,0.0000,level,63.0000,50.0000,53.8000,2.2000,4.9000,1.5000
INT0139,7,SBL,SB,left,2,B,1,12.0000,200.0000,0.0000,level,107.0000,30.0000,35.5000,5.2000,3.0000,4.4000
INT0139,8,NBT,NB,through_right,2,B,1,11.0000,801.0000,0.0000,level,107.0000,30.0000,33.6000,3.5000,3.4000,2.9000
INT0140,1,WBL,WB,left,1,A,1,10.0000,250.0000,2.0000,downhill,72.0000,50.0000,56.0000,7.2000,4.2000,1.6000
INT0140,2,EBT,EB,through_right,1,A,2,10.5000,1369.0000,2.0000,uphill,72.0000,50.0000,52.1000,6.1000,4.5000,1.3000
INT0140,3,NBL,NB,left,1,B,1,12.0000,363.0000,4.0000,uphill,97.0000,35.0000,42.0000,7.0000,3.5000,3.2000
INT0140,4,SBT,SB,through_right,1,B,2,11.0000,1399.0000,4.0000,downhill,97.0000,35.0000,41.1000,7.6000,4.1000,2.3000
INT0140,5,EBL,EB,left,2,A,2,11.5000,128.0000,2.0000,uphill,72.0000,50.0000,54.2000,11.7000,3.8000,1.6000
INT0140,6,WBT,WB,through_right,2,A,2,12.0000,826.0000,2.0000,downhill,72.0000,50.0000,56.0000,10.3000,5.0000,1.3000
INT0140,7,SBL,SB,left,2,B,1,11.0000,410.0000,4.0000,downhill,97.0000,35.0000,38.1000,11.0000,3.7000,3.2000
INT0140,8,NBT,NB,through_right,2,B,2,11.5000,882.0000,4.0000,uphill,97.0000,35.0000,40.7000,9.3000,3.5000,2.3000
INT0141,1,WBL,WB,left,1,A,2,10.0000,383.0000,3.0000,downhill,56.0000,40.0000,43.1000,6.0000,3.0000,1.0000
INT0141,2,EBT,EB,through_right,1,A,3,10.0000,942.0000,3.0000,uphill,56.0000,40.0000,47.4000,4.9000,3.5000,1.0000
INT0141,3,NBL,NB,left,1,B,1,11.5000,285.0000,3.0000,uphill,124.0000,35.0000,40.9000,10.2000,3.0000,1.0000
INT0141,4,SBT,SB,through_right,1,B,1,11.0000,1173.0000,3.0000,downhill,124.0000,35.0000,38.3000,7.2000,3.5000,1.0000
INT0141,5,EBL,EB,left,2,A,1,11.5000,149.0000,3.0000,uphill,56.0000,40.0000,45.2000,9.2000,3.0000,1.0000
INT0141,6,WBT,WB,through_right,2,A,3,12.0000,1348.0000,3.0000,downhill,56.0000,40.0000,46.6000,8.5000,3.5000,1.0000
INT0141,7,SBL,SB,left,2,B,1,11.5000,404.0000,3.0000,downhill,124.0000,35.0000,40.7000,3.5000,3.0000,1.0000
INT0141,8,NBT,NB,through_right,2,B,1,12.0000,560.0000,3.0000,uphill,124.0000,35.0000,41.5000,6.0000,3.5000,1.0000
INT0142,1,WBL,WB,left,1,A,1,11.5000,317.0000,0.0000,level,53.0000,40.0000,45.0000,7.1000,3.2000,1.7000
INT0142,2,EBT,EB,through_right,1,A,2,11.0000,1130.0000,0.0000,level,53.0000,40.0000,44.7000,5.1000,4.0000,1.5000
INT0142,3,NBL,NB,left,1,B,1,10.0000,399.0000,4.0000,downhill,106.0000,35.0000,41.5000,4.1000,3.1000,3.5000
INT0142,4,SBT,SB,through_right,1,B,1,11.5000,1314.0000,4.0000,uphill,106.0000,35.0000,41.6000,8.0000,3.5000,2.5000
INT0142,5,EBL,EB,left,2,A,2,11.0000,384.0000,0.0000,level,53.0000,40.0000,46.0000,8.7000,3.2000,1.7000
INT0142,6,WBT,WB,through_right,2,A,2,11.0000,874.0000,0.0000,level,53.0000,40.0000,42.5000,2.6000,4.0000,1.5000
INT0142,7,SBL,SB,left,2,B,1,11.5000,207.0000,4.0000,uphill,106.0000,35.0000,38.7000,8.6000,3.0000,3.5000
INT0142,8,NBT,NB,through_right,2,B,1,10.5000,674.0000,4.0000,downhill,106.0000,35.0000,38.1000,9.6000,4.1000,2.5000
INT0143,1,WBL,WB,left,1,A,2,11.5000,276.0000,0.0000,level,53.0000,40.0000,46.4000,3.6000,3.0000,1.0000
INT0143,2,EBT,EB,through_right,1,A,2,11.0000,500.0000,0.0000,level,53.0000,40.0000,41.8000,4.4000,3.5000,1.0000
INT0143,3,NBL,NB,left,1,B,2,11.5000,140.0000,4.0000,uphill,98.0000,40.0000,44.9000,7.8000,3.0000,1.0000
INT0143,4,SBT,SB,through_right,1,B,1,12.0000,711.0000,4.0000,downhill,98.0000,40.0000,47.6000,5.5000,3.5000,1.0000
INT0143,5,EBL,EB,left,2,A,1,11.0000,160.0000,0.0000,level,53.0000,40.0000,46.4000,6.1000,3.0000,1.0000
INT0143,6,WBT,WB,through_right,2,A,2,10.5000,585.0000,0.0000,level,53.0000,40.0000,42.5000,3.2000,3.5000,1.0000
INT0143,7,SBL,SB,left,2,B,1,11.0000,291.0000,4.0000,downhill,98.0000,40.0000,44.6000,7.3000,3.0000,1.0000
INT0143,8,NBT,NB,through_right,2,B,1,12.0000,584.0000,4.0000,uphill,98.0000,40.0000,43.2000,7.4000,3.5000,1.0000
INT0144,1,WBL,WB,left,1,A,2,11.0000,289.0000,4.0000,downhill,56.0000,50.0000,55.5000,6.7000,4.4000,1.3000
INT0144,2,EBT,EB,through_right,1,A,2,10.5000,1010.0000,4.0000,uphill,56.0000,50.0000,56.0000,3.6000,4.3000,1.1000
INT0144,3,NBL,NB,left,1,B,1,11.0000,218.0000,4.0000,uphill,95.0000,25.0000,30.0000,4.3000,3.0000,4.0000
INT0144,4,SBT,SB,through_right,1,B,1,11.0000,1004.0000,4.0000,downhill,95.0000,25.0000,30.0000,3.2000,3.2000,3.2000
INT0144,5,EBL,EB,left,2,A,1,10.0000,362.0000,4.0000,uphill,56.0000,50.0000,54.0000,11.2000,3.6000,1.3000
INT0144,6,WBT,WB,through_right,2,A,2,11.5000,1286.0000,4.0000,downhill,56.0000,50.0000,51.6000,2.0000,5.3000,1.1000
INT0144,7,SBL,SB,left,2,B,1,11.0000,167.0000,4.0000,downhill,95.0000,25.0000,31.2000,9.1000,3.0000,4.0000
INT0144,8,NBT,NB,through_right,2,B,1,11.5000,649.0000,4.0000,uphill,95.0000,25.0000,32.2000,10.6000,3.0000,3.2000
INT0145,1,WBL,WB,left,1,A,1,12.0000,135.0000,1.0000,uphill,52.0000,55.0000,59.1000,3.1000,3.0000,1.0000
INT0145,2,EBT,EB,through_right,1,A,2,11.0000,1337.0000,1.0000,downhill,52.0000,55.0000,60.1000,6.6000,3.5000,1.0000
INT0145,3,NBL,NB,left,1,B,1,11.0000,210.0000,1.0000,uphill,100.0000,30.0000,33.4000,4.7000,3.0000,1.0000
INT0145,4,SBT,SB,through_right,1,B,1,12.0000,1338.0000,1.0000,downhill,100.0000,30.0000,38.8000,6.8000,3.5000,1.0000
INT0145,5,EBL,EB,left,2,A,2,11.0000,154.0000,1.0000,downhill,52.0000,55.0000,61.6000,6.4000,3.0000,1.0000
INT0145,6,WBT,WB,through_right,2,A,2,11.5000,1102.0000,1.0000,uphill,52.0000,55.0000,60.2000,8.7000,3.5000,1.0000
INT0145,7,SBL,SB,left,2,B,1,10.5000,230.0000,1.0000,downhill,100.0000,30.0000,33.1000,7.1000,3.0000,1.0000
INT0145,8,NBT,NB,through_right,2,B,1,11.0000,1216.0000,1.0000,uphill,100.0000,30.0000,34.8000,6.9000,3.5000,1.0000
INT0146,1,WBL,WB,left,1,A,2,12.0000,270.0000,0.0000,level,52.0000,50.0000,55.6000,7.0000,4.0000,1.3000
INT0146,2,EBT,EB,through_right,1,A,2,12.0000,1216.0000,0.0000,level,52.0000,50.0000,55.6000,9.6000,4.9000,1.0000
INT0146,3,NBL,NB,left,1,B,2,10.5000,412.0000,0.0000,level,91.0000,30.0000,34.6000,10.1000,3.5000,3.8000
INT0146,4,SBT,SB,through_right,1,B,1,11.5000,1198.0000,0.0000,level,91.0000,30.0000,34.3000,4.1000,3.7000,2.6000
INT0146,5,EBL,EB,left,2,A,2,11.0000,325.0000,0.0000,level,52.0000,50.0000,54.4000,9.0000,4.0000,1.3000
INT0146,6,WBT,WB,through_right,2,A,2,12.0000,515.0000,0.0000,level,52.0000,50.0000,53.9000,7.7000,4.7000,1.0000
INT0146,7,SBL,SB,left,2,B,1,12.0000,151.0000,0.0000,level,91.0000,30.0000,36.6000,6.4000,3.5000,3.8000
INT0146,8,NBT,NB,through_right,2,B,1,11.0000,738.0000,0.0000,level,91.0000,30.0000,35.7000,5.2000,3.5000,2.6000
INT0147,1,WBL,WB,left,1,A,2,11.0000,333.0000,6.0000,downhill,86.0000,50.0000,52.3000,7.5000,4.9000,1.9000
INT0147,2,EBT,EB,through_right,1,A,2,11.5000,950.0000,6.0000,uphill,86.0000,50.0000,53.7000,5.6000,4.1000,1.5000
INT0147,3,NBL,NB,left,1,B,1,10.0000,310.0000,2.0000,downhill,106.0000,35.0000,43.4000,3.5000,3.5000,3.5000
INT0147,4,SBT,SB,through_right,1,B,2,11.5000,472.0000,2.0000,uphill,106.0000,35.0000,41.8000,11.0000,3.5000,2.5000
INT0147,5,EBL,EB,left,2,A,1,11.5000,377.0000,6.0000,uphill,86.0000,50.0000,53.4000,8.0000,3.6000,1.9000
INT0147,6,WBT,WB,through_right,2,A,2,12.0000,1367.0000,6.0000,downhill,86.0000,50.0000,53.5000,8.9000,5.6000,1.5000
INT0147,7,SBL,SB,left,2,B,1,11.0000,185.0000,2.0000,uphill,106.0000,35.0000,39.2000,4.6000,3.5000,3.5000
INT0147,8,NBT,NB,through_right,2,B,2,11.0000,761.0000,2.0000,downhill,106.0000,35.0000,40.8000,5.5000,3.9000,2.5000
INT0148,1,WBL,WB,left,1,A,1,11.0000,199.0000,6.0000,downhill,60.0000,50.0000,55.6000,9.5000,4.9000,1.4000
INT0148,2,EBT,EB,through_right,1,A,2,11.0000,1130.0000,6.0000,uphill,60.0000,50.0000,54.3000,6.4000,4.2000,1.1000
INT0148,3,NBL,NB,left,1,B,1,11.0000,221.0000,2.0000,uphill,107.0000,30.0000,34.6000,6.4000,3.7000,4.4000
INT0148,4,SBT,SB,through_right,1,B,1,11.5000,538.0000,2.0000,downhill,107.0000,30.0000,40.3000,12.0000,3.5000,2.9000
INT0148,5,EBL,EB,left,2,A,1,12.0000,262.0000,6.0000,uphill,60.0000,50.0000,57.1000,6.3000,3.7000,1.4000
INT0148,6,WBT,WB,through_right,2,A,2,12.0000,1355.0000,6.0000,downhill,60.0000,50.0000,53.7000,7.3000,5.6000,1.1000
INT0148,7,SBL,SB,left,2,B,1,10.0000,282.0000,2.0000,downhill,107.0000,30.0000,32.3000,11.7000,3.5000,4.4000
INT0148,8,NBT,NB,through_right,2,B,1,12.0000,737.0000,2.0000,uphill,107.0000,30.0000,34.7000,8.5000,3.5000,2.9000
INT0149,1,WBL,WB,left,1,A,1,10.5000,279.0000,1.0000,downhill,82.0000,50.0000,54.2000,7.7000,4.5000,1.6000
INT0149,2,EBT,EB,through_right,1,A,2,12.0000,1202.0000,1.0000,uphill,82.0000,50.0000,56.8000,6.1000,5.1000,1.3000
INT0149,3,NBL,NB,left,1,B,1,11.5000,142.0000,0.0000,level,85.0000,35.0000,40.9000,2.6000,3.5000,2.4000
INT0149,4,SBT,SB,through_right,1,B,2,11.5000,619.0000,0.0000,level,85.0000,35.0000,39.5000,10.7000,3.9000,1.9000
INT0149,5,EBL,EB,left,2,A,2,11.5000,344.0000,1.0000,uphill,82.0000,50.0000,57.6000,5.1000,4.4000,1.5000
INT0149,6,WBT,WB,through_right,2,A,2,12.0000,1157.0000,1.0000,downhill,82.0000,50.0000,53.7000,6.4000,5.2000,1.3000
INT0149,7,SBL,SB,left,2,B,1,12.0000,189.0000,0.0000,level,85.0000,35.0000,43.2000,2.8000,3.6000,2.2000
INT0149,8,NBT,NB,through_right,2,B,2,10.0000,701.0000,0.0000,level,85.0000,35.0000,41.1000,5.5000,4.1000,1.8000
INT0150,1,WBL,WB,left,1,A,1,11.5000,284.0000,0.0000,level,86.0000,50.0000,56.6000,4.3000,4.5000,1.6000
INT0150,2,EBT,EB,through_right,1,A,2,10.5000,1266.0000,0.0000,level,86.0000,50.0000,53.7000,11.2000,5.0000,1.4000
INT0150,3,NBL,NB,left,1,B,1,11.0000,220.0000,0.0000,level,94.0000,35.0000,38.6000,8.2000,3.5000,2.8000
INT0150,4,SBT,SB,through_right,1,B,2,12.0000,1242.0000,0.0000,level,94.0000,35.0000,40.1000,2.3000,4.1000,2.0000
INT0150,5,EBL,EB,left,2,A,1,11.5000,236.0000,0.0000,level,86.0000,50.0000,56.3000,7.7000,4.4000,1.6000
INT0150,6,WBT,WB,through_right,2,A,2,11.0000,1093.0000,0.0000,level,86.0000,50.0000,51.4000,9.1000,4.9000,1.5000
INT0150,7,SBL,SB,left,2,B,1,11.5000,123.0000,0.0000,level,94.0000,35.0000,40.2000,3.2000,3.6000,2.6000
INT0150,8,NBT,NB,through_right,2,B,2,11.0000,1074.0000,0.0000,level,94.0000,35.0000,39.3000,4.6000,3.9000,2.0000
INT0151,1,WBL,WB,left,1,A,1,12.0000,156.0000,0.0000,level,79.0000,50.0000,53.5000,10.6000,4.5000,1.5000
INT0151,2,EBT,EB,through_right,1,A,2,11.0000,884.0000,0.0000,level,79.0000,50.0000,56.5000,10.0000,5.2000,1.3000
INT0151,3,NBL,NB,left,1,B,2,11.5000,247.0000,1.0000,uphill,92.0000,35.0000,42.5000,6.2000,3.2000,2.6000
INT0151,4,SBT,SB,through_right,1,B,2,10.0000,1086.0000,1.0000,downhill,92.0000,35.0000,38.3000,4.4000,4.3000,2.0000
INT0151,5,EBL,EB,left,2,A,1,11.5000,258.0000,0.0000,level,79.0000,50.0000,55.4000,2.2000,4.3000,1.5000
INT0151,6,WBT,WB,through_right,2,A,2,12.0000,674.0000,0.0000,level,79.0000,50.0000,55.6000,6.9000,5.1000,1.3000
INT0151,7,SBL,SB,left,2,B,1,11.0000,327.0000,1.0000,downhill,92.0000,35.0000,41.4000,8.7000,3.5000,2.6000
INT0151,8,NBT,NB,through_right,2,B,2,10.0000,778.0000,1.0000,uphill,92.0000,35.0000,39.7000,5.9000,3.9000,2.0000
INT0152,1,WBL,WB,left,1,A,1,11.5000,180.0000,4.0000,downhill,48.0000,50.0000,50.4000,9.4000,3.0000,1.0000
INT0152,2,EBT,EB,through_right,1,A,2,10.0000,944.0000,4.0000,uphill,48.0000,50.0000,51.4000,7.4000,3.5000,1.0000
INT0152,3,NBL,NB,left,1,B,1,10.0000,377.0000,3.0000,uphill,93.0000,40.0000,46.7000,11.0000,3.0000,1.0000
INT0152,4,SBT,SB,through_right,1,B,1,11.0000,1364.0000,3.0000,downhill,93.0000,40.0000,44.8000,2.2000,3.5000,1.0000
INT0152,5,EBL,EB,left,2,A,1,12.0000,254.0000,4.0000,uphill,48.0000,50.0000,58.7000,11.9000,3.0000,1.0000
INT0152,6,WBT,WB,through_right,2,A,2,11.5000,1129.0000,4.0000,downhill,48.0000,50.0000,53.7000,7.3000,3.5000,1.0000
INT0152,7,SBL,SB,left,2,B,2,12.0000,167.0000,3.0000,downhill,93.0000,40.0000,41.0000,10.4000,3.0000,1.0000
INT0152,8,NBT,NB,through_right,2,B,1,11.5000,1069.0000,3.0000,uphill,93.0000,40.0000,48.4000,10.4000,3.5000,1.0000
INT0153,1,WBL,WB,left,1,A,1,11.5000,224.0000,0.0000,level,87.0000,50.0000,56.6000,5.2000,3.0000,1.0000
INT0153,2,EBT,EB,through_right,1,A,1,11.5000,1109.0000,0.0000,level,87.0000,50.0000,55.0000,11.9000,3.5000,1.0000
INT0153,3,NBL,NB,left,1,B,2,11.0000,256.0000,0.0000,level,68.0000,40.0000,44.8000,6.5000,3.0000,1.0000
INT0153,4,SBT,SB,through_right,1,B,2,11.0000,1303.0000,0.0000,level,68.0000,40.0000,43.4000,11.8000,3.5000,1.0000
INT0153,5,EBL,EB,left,2,A,1,11.0000,302.0000,0.0000,level,87.0000,50.0000,52.8000,6.7000,3.0000,1.0000
INT0153,6,WBT,WB,through_right,2,A,1,11.0000,1121.0000,0.0000,level,87.0000,50.0000,53.3000,3.1000,3.5000,1.0000
INT0153,7,SBL,SB,left,2,B,1,11.5000,126.0000,0.0000,level,68.0000,40.0000,43.4000,2.2000,3.0000,1.0000
INT0153,8,NBT,NB,through_right,2,B,2,10.0000,1026.0000,0.0000,level,68.0000,40.0000,41.0000,7.1000,3.5000,1.0000
INT0154,1,WBL,WB,left,1,A,1,11.0000,194.0000,4.0000,uphill,56.0000,40.0000,44.3000,9.8000,3.5000,1.8000
INT0154,2,EBT,EB,through_right,1,A,3,11.5000,518.0000,4.0000,downhill,56.0000,40.0000,45.3000,6.1000,4.4000,1.3000
INT0154,3,NBL,NB,left,1,B,1,12.0000,399.0000,0.0000,level,114.0000,40.0000,44.9000,7.3000,3.5000,3.1000
INT0154,4,SBT,SB,through_right,1,B,1,11.5000,885.0000,0.0000,level,114.0000,40.0000,43.6000,4.9000,4.0000,2.3000
INT0154,5,EBL,EB,left,2,A,1,12.0000,206.0000,4.0000,downhill,56.0000,40.0000,43.1000,9.1000,3.6000,1.8000
INT0154,6,WBT,WB,through_right,2,A,3,11.0000,1362.0000,4.0000,uphill,56.0000,40.0000,43.7000,5.5000,3.8000,1.3000
INT0154,7,SBL,SB,left,2,B,1,12.0000,130.0000,0.0000,level,114.0000,40.0000,41.1000,11.6000,3.5000,3.1000
INT0154,8,NBT,NB,through_right,2,B,1,12.0000,1215.0000,0.0000,level,114.0000,40.0000,41.6000,9.1000,4.2000,2.3000
INT0155,1,WBL,WB,left,1,A,1,11.0000,324.0000,0.0000,level,59.0000,50.0000,56.3000,3.7000,4.1000,1.4000
INT0155,2,EBT,EB,through_right,1,A,3,11.0000,518.0000,0.0000,level,59.0000,50.0000,57.1000,8.3000,4.9000,1.1000
INT0155,3,NBL,NB,left,1,B,1,11.0000,143.0000,3.0000,downhill,114.0000,35.0000,43.1000,9.3000,3.5000,3.7000
INT0155,4,SBT,SB,through_right,1,B,1,11.5000,1224.0000,3.0000,uphill,114.0000,35.0000,38.1000,5.6000,3.6000,2.7000
INT0155,5,EBL,EB,left,2,A,1,11.5000,378.0000,0.0000,level,59.0000,50.0000,55.1000,7.8000,4.0000,1.4000
INT0155,6,WBT,WB,through_right,2,A,3,11.5000,1310.0000,0.0000,level,59.0000,50.0000,53.9000,10.8000,4.7000,1.1000
INT0155,7,SBL,SB,left,2,B,2,11.0000,316.0000,3.0000,uphill,114.0000,35.0000,41.0000,2.2000,3.5000,3.7000
INT0155,8,NBT,NB,through_right,2,B,1,10.0000,1029.0000,3.0000,downhill,114.0000,35.0000,40.0000,3.0000,3.9000,2.7000
INT0156,1,WBL,WB,left,1,A,1,11.5000,350.0000,4.0000,downhill,74.0000,55.0000,58.8000,9.5000,4.9000,1.5000
INT0156,2,EBT,EB,through_right,1,A,3,12.0000,665.0000,4.0000,uphill,74.0000,55.0000,58.4000,9.4000,4.6000,1.2000
INT0156,3,NBL,NB,left,1,B,1,11.5000,383.0000,3.0000,uphill,128.0000,25.0000,32.4000,9.2000,3.5000,5.1000
INT0156,4,SBT,SB,through_right,1,B,2,12.0000,839.0000,3.0000,downhill,128.0000,25.0000,30.0000,2.4000,3.5000,4.1000
INT0156,5,EBL,EB,left,2,A,1,12.0000,176.0000,4.0000,uphill,74.0000,55.0000,58.5000,6.0000,4.0000,1.5000
INT0156,6,WBT,WB,through_right,2,A,3,12.0000,616.0000,4.0000,downhill,74.0000,55.0000,57.3000,6.8000,5.7000,1.2000
INT0156,7,SBL,SB,left,2,B,1,11.0000,336.0000,3.0000,downhill,128.0000,25.0000,27.3000,5.9000,3.7000,5.1000
INT0156,8,NBT,NB,through_right,2,B,2,12.0000,1008.0000,3.0000,uphill,128.0000,25.0000,26.4000,1.9000,3.6000,4.1000
INT0157,1,WBL,WB,left,1,A,2,12.0000,196.0000,2.0000,downhill,85.0000,35.0000,37.4000,2.9000,3.0000,2.9000
INT0157,2,EBT,EB,through_right,1,A,2,10.5000,814.0000,2.0000,uphill,85.0000,35.0000,43.4000,10.1000,3.6000,2.1000
INT0157,3,NBL,NB,left,1,B,1,10.0000,292.0000,0.0000,level,86.0000,35.0000,40.6000,8.8000,3.0000,2.9000
INT0157,4,SBT,SB,through_right,1,B,2,12.0000,580.0000,0.0000,level,86.0000,35.0000,41.1000,7.0000,3.6000,2.1000
INT0157,5,EBL,EB,left,2,A,1,12.0000,143.0000,2.0000,uphill,85.0000,35.0000,38.5000,1.6000,3.2000,2.9000
INT0157,6,WBT,WB,through_right,2,A,2,12.0000,925.0000,2.0000,downhill,85.0000,35.0000,41.0000,5.5000,3.8000,2.1000
INT0157,7,SBL,SB,left,2,B,1,11.5000,248.0000,0.0000,level,86.0000,35.0000,44.2000,8.5000,3.0000,2.9000
INT0157,8,NBT,NB,through_right,2,B,2,12.0000,1120.0000,0.0000,level,86.0000,35.0000,38.8000,11.9000,3.7000,2.1000
INT0158,1,WBL,WB,left,1,A,1,12.0000,166.0000,1.0000,downhill,85.0000,35.0000,41.1000,10.5000,3.0000,1.0000
INT0158,2,EBT,EB,through_right,1,A,2,11.0000,1137.0000,1.0000,uphill,85.0000,35.0000,39.9000,10.4000,3.5000,1.0000
INT0158,3,NBL,NB,left,1,B,2,11.0000,157.0000,0.0000,level,97.0000,30.0000,31.2000,9.8000,3.0000,1.0000
INT0158,4,SBT,SB,through_right,1,B,2,11.5000,990.0000,0.0000,level,97.0000,30.0000,35.8000,11.6000,3.5000,1.0000
INT0158,5,EBL,EB,left,2,A,1,11.0000,129.0000,1.0000,uphill,85.0000,35.0000,36.2000,4.4000,3.0000,1.0000
INT0158,6,WBT,WB,through_right,2,A,2,11.0000,954.0000,1.0000,downhill,85.0000,35.0000,37.8000,4.3000,3.5000,1.0000
INT0158,7,SBL,SB,left,2,B,1,12.0000,322.0000,0.0000,level,97.0000,30.0000,34.7000,7.2000,3.0000,1.0000
INT0158,8,NBT,NB,through_right,2,B,2,12.0000,993.0000,0.0000,level,97.0000,30.0000,33.1000,9.5000,3.5000,1.0000
INT0159,1,WBL,WB,left,1,A,1,11.5000,248.0000,4.0000,uphill,73.0000,40.0000,43.6000,3.3000,3.7000,1.9000
INT0159,2,EBT,EB,through_right,1,A,2,11.0000,1133.0000,4.0000,downhill,73.0000,40.0000,44.9000,2.6000,4.8000,1.5000
INT0159,3,NBL,NB,left,1,B,1,11.0000,142.0000,2.0000,uphill,96.0000,40.0000,43.3000,10.6000,3.7000,2.4000
INT0159,4,SBT,SB,through_right,1,B,2,12.0000,534.0000,2.0000,downhill,96.0000,40.0000,45.2000,9.6000,4.6000,1.8000
INT0159,5,EBL,EB,left,2,A,2,12.0000,414.0000,4.0000,downhill,73.0000,40.0000,45.6000,11.2000,4.0000,1.8000
INT0159,6,WBT,WB,through_right,2,A,2,11.0000,644.0000,4.0000,uphill,73.0000,40.0000,43.5000,12.0000,3.9000,1.5000
INT0159,7,SBL,SB,left,2,B,2,12.0000,176.0000,2.0000,downhill,96.0000,40.0000,46.4000,8.1000,3.9000,2.2000
INT0159,8,NBT,NB,through_right,2,B,2,12.0000,1053.0000,2.0000,uphill,96.0000,40.0000,43.4000,10.0000,4.0000,1.9000
INT0160,1,WBL,WB,left,1,A,1,10.5000,335.0000,0.0000,level,84.0000,50.0000,55.6000,10.3000,4.3000,1.6000
INT0160,2,EBT,EB,through_right,1,A,3,10.5000,706.0000,0.0000,level,84.0000,50.0000,54.1000,11.6000,5.2000,1.3000
INT0160,3,NBL,NB,left,1,B,1,12.0000,205.0000,4.0000,downhill,113.0000,35.0000,40.0000,11.7000,3.6000,3.1000
INT0160,4,SBT,SB,through_right,1,B,2,12.0000,1369.0000,4.0000,uphill,113.0000,35.0000,40.5000,3.1000,3.6000,2.3000
INT0160,5,EBL,EB,left,2,A,2,12.0000,186.0000,0.0000,level,84.0000,50.0000,57.0000,9.6000,4.3000,1.6000
INT0160,6,WBT,WB,through_right,2,A,3,11.0000,472.0000,0.0000,level,84.0000,50.0000,54.8000,4.3000,5.1000,1.3000
INT0160,7,SBL,SB,left,2,B,1,11.5000,253.0000,4.0000,uphill,113.0000,35.0000,38.1000,3.3000,3.1000,3.1000
INT0160,8,NBT,NB,through_right,2,B,2,12.0000,1260.0000,4.0000,downhill,113.0000,35.0000,38.6000,5.0000,4.5000,2.3000
INT0161,1,WBL,WB,left,1,A,2,12.0000,123.0000,5.0000,uphill,74.0000,35.0000,38.5000,2.0000,3.0000,2.6000
INT0161,2,EBT,EB,through_right,1,A,1,11.0000,1067.0000,5.0000,downhill,74.0000,35.0000,42.3000,2.8000,4.1000,1.9000
INT0161,3,NBL,NB,left,1,B,1,11.5000,414.0000,2.0000,downhill,81.0000,40.0000,48.0000,8.8000,3.4000,2.3000
INT0161,4,SBT,SB,through_right,1,B,2,12.0000,942.0000,2.0000,uphill,81.0000,40.0000,42.9000,9.3000,3.8000,1.8000
INT0161,5,EBL,EB,left,2,A,2,12.0000,171.0000,5.0000,downhill,74.0000,35.0000,39.1000,2.0000,3.2000,2.6000
INT0161,6,WBT,WB,through_right,2,A,1,12.0000,1059.0000,5.0000,uphill,74.0000,35.0000,38.8000,9.9000,3.3000,1.9000
INT0161,7,SBL,SB,left,2,B,1,10.5000,162.0000,2.0000,uphill,81.0000,40.0000,44.7000,10.9000,3.1000,2.3000
INT0161,8,NBT,NB,through_right,2,B,2,11.0000,921.0000,2.0000,downhill,81.0000,40.0000,43.4000,3.0000,4.2000,1.8000
INT0162,1,WBL,WB,left,1,A,1,11.0000,345.0000,4.0000,downhill,82.0000,55.0000,56.1000,11.1000,4.9000,1.6000
INT0162,2,EBT,EB,through_right,1,A,2,11.0000,661.0000,4.0000,uphill,82.0000,55.0000,59.9000,4.3000,4.9000,1.2000
INT0162,3,NBL,NB,left,1,B,2,11.5000,266.0000,4.0000,downhill,91.0000,30.0000,36.0000,6.0000,3.5000,3.0000
INT0162,4,SBT,SB,through_right,1,B,2,11.0000,628.0000,4.0000,uphill,91.0000,30.0000,36.6000,4.2000,3.7000,2.1000
INT0162,5,EBL,EB,left,2,A,1,11.0000,382.0000,4.0000,uphill,82.0000,55.0000,61.2000,6.1000,4.6000,1.4000
INT0162,6,WBT,WB,through_right,2,A,2,11.0000,691.0000,4.0000,downhill,82.0000,55.0000,61.4000,11.4000,6.0000,1.2000
INT0162,7,SBL,SB,left,2,B,1,11.0000,172.0000,4.0000,uphill,91.0000,30.0000,31.8000,8.7000,3.5000,3.5000
INT0162,8,NBT,NB,through_right,2,B,2,10.0000,582.0000,4.0000,downhill,91.0000,30.0000,36.8000,2.7000,4.2000,2.1000
INT0163,1,WBL,WB,left,1,A,1,10.0000,134.0000,6.0000,uphill,83.0000,55.0000,60.4000,7.2000,3.0000,1.0000
INT0163,2,EBT,EB,through_right,1,A,3,10.5000,1032.0000,6.0000,downhill,83.0000,55.0000,59.8000,10.4000,3.5000,1.0000
INT0163,3,NBL,NB,left,1,B,1,11.5000,133.0000,3.0000,downhill,118.0000,35.0000,39.4000,10.0000,3.0000,1.0000
INT0163,4,SBT,SB,through_right,1,B,2,10.5000,607.0000,3.0000,uphill,118.0000,35.0000,36.8000,1.8000,3.5000,1.0000
INT0163,5,EBL,EB,left,2,A,1,10.5000,200.0000,6.0000,downhill,83.0000,55.0000,61.7000,11.0000,3.0000,1.0000
INT0163,6,WBT,WB,through_right,2,A,3,11.5000,1338.0000,6.0000,uphill,83.0000,55.0000,62.6000,6.7000,3.5000,1.0000
INT0163,7,SBL,SB,left,2,B,1,10.5000,349.0000,3.0000,uphill,118.0000,35.0000,37.4000,1.7000,3.0000,1.0000
INT0163,8,NBT,NB,through_right,2,B,2,11.5000,542.0000,3.0000,downhill,118.0000,35.0000,40.2000,7.2000,3.5000,1.0000
INT0164,1,WBL,WB,left,1,A,1,11.5000,170.0000,3.0000,downhill,59.0000,50.0000,52.7000,1.6000,3.0000,1.0000
INT0164,2,EBT,EB,through_right,1,A,2,11.5000,575.0000,3.0000,uphill,59.0000,50.0000,54.2000,6.4000,3.5000,1.0000
INT0164,3,NBL,NB,left,1,B,2,11.5000,382.0000,0.0000,level,92.0000,35.0000,41.0000,10.3000,3.0000,1.0000
INT0164,4,SBT,SB,through_right,1,B,1,11.0000,486.0000,0.0000,level,92.0000,35.0000,39.0000,7.6000,3.5000,1.0000
INT0164,5,EBL,EB,left,2,A,2,11.0000,388.0000,3.0000,uphill,59.0000,50.0000,54.4000,11.7000,3.0000,1.0000
INT0164,6,WBT,WB,through_right,2,A,2,12.0000,1390.0000,3.0000,downhill,59.0000,50.0000,55.9000,1.6000,3.5000,1.0000
INT0164,7,SBL,SB,left,2,B,1,12.0000,197.0000,0.0000,level,92.0000,35.0000,40.3000,11.3000,3.0000,1.0000
INT0164,8,NBT,NB,through_right,2,B,1,12.0000,569.0000,0.0000,level,92.0000,35.0000,42.6000,4.7000,3.5000,1.0000
INT0165,1,WBL,WB,left,1,A,1,11.5000,356.0000,4.0000,downhill,85.0000,55.0000,57.5000,5.6000,5.3000,1.5000
INT0165,2,EBT,EB,through_right,1,A,3,10.5000,1316.0000,4.0000,uphill,85.0000,55.0000,58.6000,8.0000,5.0000,1.2000
INT0165,3,NBL,NB,left,1,B,1,12.0000,414.0000,0.0000,level,121.0000,30.0000,35.3000,7.9000,3.0000,3.9000
INT0165,4,SBT,SB,through_right,1,B,2,12.0000,1092.0000,0.0000,level,121.0000,30.0000,32.4000,1.9000,3.8000,2.8000
INT0165,5,EBL,EB,left,2,A,2,12.0000,262.0000,4.0000,uphill,85.0000,55.0000,58.1000,9.8000,4.3000,1.5000
INT0165,6,WBT,WB,through_right,2,A,3,12.0000,1397.0000,4.0000,downhill,85.0000,55.0000,60.3000,3.2000,6.0000,1.2000
INT0165,7,SBL,SB,left,2,B,2,10.0000,180.0000,0.0000,level,121.0000,30.0000,38.3000,3.4000,3.2000,3.9000
INT0165,8,NBT,NB,through_right,2,B,2,11.5000,980.0000,0.0000,level,121.0000,30.0000,36.4000,11.1000,3.7000,2.8000
INT0166,1,WBL,WB,left,1,A,1,12.0000,373.0000,1.0000,uphill,72.0000,55.0000,57.2000,9.3000,4.7000,1.3000
INT0166,2,EBT,EB,through_right,1,A,1,10.5000,1089.0000,1.0000,downhill,72.0000,55.0000,59.4000,10.9000,5.6000,1.1000
INT0166,3,NBL,NB,left,1,B,1,11.0000,200.0000,0.0000,level,69.0000,30.0000,33.5000,5.3000,3.1000,2.5000
INT0166,4,SBT,SB,through_right,1,B,2,12.0000,852.0000,0.0000,level,69.0000,30.0000,35.0000,4.8000,3.6000,1.8000
INT0166,5,EBL,EB,left,2,A,2,10.5000,313.0000,1.0000,downhill,72.0000,55.0000,59.9000,1.8000,4.8000,1.3000
INT0166,6,WBT,WB,through_right,2,A,1,11.0000,1270.0000,1.0000,uphill,72.0000,55.0000,59.7000,5.1000,5.4000,1.1000
INT0166,7,SBL,SB,left,2,B,1,12.0000,356.0000,0.0000,level,69.0000,30.0000,34.7000,3.3000,3.2000,2.5000
INT0166,8,NBT,NB,through_right,2,B,2,11.5000,1362.0000,0.0000,level,69.0000,30.0000,35.1000,8.6000,3.8000,1.8000
INT0167,1,WBL,WB,left,1,A,2,12.0000,303.0000,4.0000,downhill,62.0000,45.0000,49.5000,5.9000,4.0000,1.6000
INT0167,2,EBT,EB,through_right,1,A,2,11.5000,652.0000,4.0000,uphill,62.0000,45.0000,50.6000,7.0000,4.0000,1.3000
INT0167,3,NBL,NB,left,1,B,1,11.0000,232.0000,1.0000,downhill,93.0000,35.0000,38.3000,8.3000,3.0000,3.1000
INT0167,4,SBT,SB,through_right,1,B,1,11.0000,1066.0000,1.0000,uphill,93.0000,35.0000,39.1000,4.3000,3.5000,2.3000
INT0167,5,EBL,EB,left,2,A,1,12.0000,372.0000,4.0000,uphill,62.0000,45.0000,52.0000,8.0000,3.3000,1.6000
INT0167,6,WBT,WB,through_right,2,A,2,10.0000,1330.0000,4.0000,downhill,62.0000,45.0000,47.6000,7.9000,4.8000,1.3000
INT0167,7,SBL,SB,left,2,B,1,11.0000,384.0000,1.0000,uphill,93.0000,35.0000,41.6000,4.7000,3.0000,3.1000
INT0167,8,NBT,NB,through_right,2,B,1,12.0000,975.0000,1.0000,downhill,93.0000,35.0000,40.5000,9.5000,3.7000,2.3000
INT0168,1,WBL,WB,left,1,A,2,11.5000,353.0000,3.0000,uphill,73.0000,35.0000,39.8000,8.9000,3.0000,2.6000
INT0168,2,EBT,EB,through_right,1,A,2,11.0000,1214.0000,3.0000,downhill,73.0000,35.0000,38.0000,1.8000,3.9000,1.9000
INT0168,3,NBL,NB,left,1,B,1,11.0000,364.0000,1.0000,downhill,104.0000,30.0000,36.1000,8.1000,3.0000,4.3000
INT0168,4,SBT,SB,through_right,1,B,2,10.0000,676.0000,1.0000,uphill,104.0000,30.0000,34.1000,5.0000,3.2000,2.9000
INT0168,5,EBL,EB,left,2,A,2,11.0000,412.0000,3.0000,downhill,73.0000,35.0000,40.6000,5.4000,3.1000,2.6000
INT0168,6,WBT,WB,through_right,2,A,2,11.5000,1033.0000,3.0000,uphill,73.0000,35.0000,36.4000,6.7000,3.4000,1.9000
INT0168,7,SBL,SB,left,2,B,1,11.0000,276.0000,1.0000,uphill,104.0000,30.0000,37.9000,11.2000,3.0000,4.3000
INT0168,8,NBT,NB,through_right,2,B,2,12.0000,772.0000,1.0000,downhill,104.0000,30.0000,34.5000,4.4000,3.3000,2.9000
INT0169,1,WBL,WB,left,1,A,1,11.0000,343.0000,1.0000,downhill,63.0000,40.0000,48.2000,9.6000,4.1000,1.5000
INT0169,2,EBT,EB,through_right,1,A,2,11.0000,924.0000,1.0000,uphill,63.0000,40.0000,46.2000,3.6000,4.3000,1.3000
INT0169,3,NBL,NB,left,1,B,1,12.0000,395.0000,4.0000,downhill,95.0000,30.0000,33.9000,10.3000,3.6000,3.3000
INT0169,4,SBT,SB,through_right,1,B,1,12.0000,889.0000,4.0000,uphill,95.0000,30.0000,40.3000,9.5000,3.8000,2.0000
INT0169,5,EBL,EB,left,2,A,1,12.0000,390.0000,1.0000,uphill,63.0000,40.0000,46.5000,8.3000,3.7000,1.6000
INT0169,6,WBT,WB,through_right,2,A,2,12.0000,1268.0000,1.0000,downhill,63.0000,40.0000,44.6000,2.1000,4.4000,1.3000
INT0169,7,SBL,SB,left,2,B,1,10.5000,314.0000,4.0000,uphill,95.0000,30.0000,35.6000,10.1000,3.5000,3.1000
INT0169,8,NBT,NB,through_right,2,B,1,12.0000,849.0000,4.0000,downhill,95.0000,30.0000,33.7000,8.4000,3.9000,2.4000
INT0170,1,WBL,WB,left,1,A,1,12.0000,270.0000,6.0000,uphill,86.0000,45.0000,49.5000,5.3000,3.0000,1.0000
INT0170,2,EBT,EB,through_right,1,A,3,11.5000,1293.0000,6.0000,downhill,86.0000,45.0000,48.6000,8.2000,3.5000,1.0000
INT0170,3,NBL,NB,left,1,B,2,12.0000,389.0000,0.0000,level,131.0000,25.0000,30.6000,8.2000,3.0000,1.0000
INT0170,4,SBT,SB,through_right,1,B,2,11.0000,1257.0000,0.0000,level,131.0000,25.0000,28.5000,6.3000,3.5000,1.0000
INT0170,5,EBL,EB,left,2,A,1,12.0000,383.0000,6.0000,downhill,86.0000,45.0000,47.9000,4.0000,3.0000,1.0000
INT0170,6,WBT,WB,through_right,2,A,3,12.0000,987.0000,6.0000,uphill,86.0000,45.0000,49.9000,2.1000,3.5000,1.0000
INT0170,7,SBL,SB,left,2,B,1,11.5000,142.0000,0.0000,level,131.0000,25.0000,32.9000,11.4000,3.0000,1.0000
INT0170,8,NBT,NB,through_right,2,B,2,12.0000,869.0000,0.0000,level,131.0000,25.0000,28.3000,9.2000,3.5000,1.0000
