intersection_id,analysis_period,timing_plan_id,nema_phase,cycle_length_s,offset_s,green_s,split_s,min_green_s,passage_time_s,yellow_s,red_clearance_s
INT0001,AM Peak,1,1,120.3000,0.0000,13.0000,18.9000,5.0000,3.5000,3.7000,2.2000
INT0001,AM Peak,1,2,120.3000,0.0000,45.0000,51.1000,15.0000,3.5000,4.4000,1.7000
INT0001,AM Peak,1,3,120.3000,0.0000,7.0000,14.5000,5.0000,2.0000,3.6000,3.9000
INT0001,AM Peak,1,4,120.3000,0.0000,29.8000,35.8000,8.0000,3.0000,3.5000,2.5000
INT0001,AM Peak,1,5,120.3000,0.0000,19.0000,25.1000,5.0000,3.0000,4.2000,1.9000
INT0001,AM Peak,1,6,120.3000,0.0000,39.1000,44.9000,15.0000,3.5000,4.2000,1.6000
INT0001,AM Peak,1,7,120.3000,0.0000,10.0000,17.8000,5.0000,2.5000,3.7000,4.1000
INT0001,AM Peak,1,8,120.3000,0.0000,26.0000,32.5000,8.0000,2.0000,3.5000,3.0000
INT0001,Midday,2,1,100.3000,0.0000,12.0000,17.9000,5.0000,3.0000,3.7000,2.2000
INT0001,Midday,2,2,100.3000,0.0000,35.0000,41.1000,15.0000,3.0000,4.4000,1.7000
INT0001,Midday,2,3,100.3000,0.0000,5.0000,12.5000,5.0000,2.0000,3.6000,3.9000
INT0001,Midday,2,4,100.3000,0.0000,22.8000,28.8000,8.0000,3.5000,3.5000,2.5000
INT0001,Midday,2,5,100.3000,0.0000,14.0000,20.1000,5.0000,2.5000,4.2000,1.9000
INT0001,Midday,2,6,100.3000,0.0000,33.1000,38.9000,15.0000,2.0000,4.2000,1.6000
INT0001,Midday,2,7,100.3000,0.0000,9.0000,16.8000,5.0000,2.5000,3.7000,4.1000
INT0001,Midday,2,8,100.3000,0.0000,18.0000,24.5000,8.0000,2.5000,3.5000,3.0000
INT0001,PM Peak,3,1,120.3000,0.0000,19.0000,24.9000,5.0000,2.5000,3.7000,2.2000
INT0001,PM Peak,3,2,120.3000,0.0000,42.0000,48.1000,15.0000,2.5000,4.4000,1.7000
INT0001,PM Peak,3,3,120.3000,0.0000,5.0000,12.5000,5.0000,3.0000,3.6000,3.9000
INT0001,PM Peak,3,4,120.3000,0.0000,28.8000,34.8000,8.0000,3.5000,3.5000,2.5000
INT0001,PM Peak,3,5,120.3000,0.0000,15.0000,21.1000,5.0000,3.0000,4.2000,1.9000
INT0001,PM Peak,3,6,120.3000,0.0000,46.1000,51.9000,15.0000,3.5000,4.2000,1.6000
INT0001,PM Peak,3,7,120.3000,0.0000,12.0000,19.8000,5.0000,3.5000,3.7000,4.1000
INT0001,PM Peak,3,8,120.3000,0.0000,21.0000,27.5000,8.0000,2.5000,3.5000,3.0000
INT0001,Weekend,4,1,89.3000,0.0000,11.0000,16.9000,5.0000,2.5000,3.7000,2.2000
INT0001,Weekend,4,2,89.3000,0.0000,29.0000,35.1000,15.0000,2.0000,4.4000,1.7000
INT0001,Weekend,4,3,89.3000,0.0000,5.0000,12.5000,5.0000,3.5000,3.6000,3.9000
INT0001,Weekend,4,4,89.3000,0.0000,18.8000,24.8000,8.0000,3.0000,3.5000,2.5000
INT0001,Weekend,4,5,89.3000,0.0000,12.0000,18.1000,5.0000,3.5000,4.2000,1.9000
INT0001,Weekend,4,6,89.3000,0.0000,28.1000,33.9000,15.0000,2.0000,4.2000,1.6000
INT0001,Weekend,4,7,89.3000,0.0000,8.0000,15.8000,5.0000,2.0000,3.7000,4.1000
INT0001,Weekend,4,8,89.3000,0.0000,15.0000,21.5000,8.0000,3.5000,3.5000,3.0000
INT0002,AM Peak,1,1,129.3000,0.0000,22.0000,27.5000,5.0000,3.0000,3.6000,1.9000
INT0002,AM Peak,1,2,129.3000,0.0000,43.0000,48.8000,15.0000,2.5000,4.3000,1.5000
INT0002,AM Peak,1,3,129.3000,0.0000,13.0000,19.0000,5.0000,3.5000,4.1000,1.9000
INT0002,AM Peak,1,4,129.3000,0.0000,28.4000,34.0000,8.0000,2.5000,4.1000,1.5000
INT0002,AM Peak,1,5,129.3000,0.0000,29.0000,34.8000,5.0000,3.5000,3.5000,2.3000
INT0002,AM Peak,1,6,129.3000,0.0000,36.2000,41.5000,15.0000,3.0000,3.7000,1.6000
INT0002,AM Peak,1,7,129.3000,0.0000,6.0000,11.7000,5.0000,3.5000,3.6000,2.1000
INT0002,AM Peak,1,8,129.3000,0.0000,35.0000,41.3000,8.0000,2.0000,4.7000,1.6000
INT0002,Midday,2,1,100.3000,0.0000,18.0000,23.5000,5.0000,3.5000,3.6000,1.9000
INT0002,Midday,2,2,100.3000,0.0000,29.0000,34.8000,15.0000,3.0000,4.3000,1.5000
INT0002,Midday,2,3,100.3000,0.0000,9.0000,15.0000,5.0000,2.5000,4.1000,1.9000
INT0002,Midday,2,4,100.3000,0.0000,21.4000,27.0000,8.0000,2.0000,4.1000,1.5000
INT0002,Midday,2,5,100.3000,0.0000,18.0000,23.8000,5.0000,2.0000,3.5000,2.3000
INT0002,Midday,2,6,100.3000,0.0000,29.2000,34.5000,15.0000,2.0000,3.7000,1.6000
INT0002,Midday,2,7,100.3000,0.0000,5.0000,10.7000,5.0000,3.5000,3.6000,2.1000
INT0002,Midday,2,8,100.3000,0.0000,25.0000,31.3000,8.0000,3.5000,4.7000,1.6000
INT0002,PM Peak,3,1,140.3000,0.0000,31.0000,36.5000,5.0000,2.0000,3.6000,1.9000
INT0002,PM Peak,3,2,140.3000,0.0000,40.0000,45.8000,15.0000,2.0000,4.3000,1.5000
INT0002,PM Peak,3,3,140.3000,0.0000,12.0000,18.0000,5.0000,2.5000,4.1000,1.9000
INT0002,PM Peak,3,4,140.3000,0.0000,34.4000,40.0000,8.0000,3.0000,4.1000,1.5000
INT0002,PM Peak,3,5,140.3000,0.0000,24.0000,29.8000,5.0000,3.5000,3.5000,2.3000
INT0002,PM Peak,3,6,140.3000,0.0000,47.2000,52.5000,15.0000,2.0000,3.7000,1.6000
INT0002,PM Peak,3,7,140.3000,0.0000,8.0000,13.7000,5.0000,3.5000,3.6000,2.1000
INT0002,PM Peak,3,8,140.3000,0.0000,38.0000,44.3000,8.0000,3.0000,4.7000,1.6000
INT0002,Weekend,4,1,100.3000,0.0000,18.0000,23.5000,5.0000,2.0000,3.6000,1.9000
INT0002,Weekend,4,2,100.3000,0.0000,29.0000,34.8000,15.0000,3.0000,4.3000,1.5000
INT0002,Weekend,4,3,100.3000,0.0000,9.0000,15.0000,5.0000,2.0000,4.1000,1.9000
INT0002,Weekend,4,4,100.3000,0.0000,21.4000,27.0000,8.0000,3.0000,4.1000,1.5000
INT0002,Weekend,4,5,100.3000,0.0000,18.0000,23.8000,5.0000,2.0000,3.5000,2.3000
INT0002,Weekend,4,6,100.3000,0.0000,29.2000,34.5000,15.0000,3.5000,3.7000,1.6000
INT0002,Weekend,4,7,100.3000,0.0000,5.0000,10.7000,5.0000,3.0000,3.6000,2.1000
INT0002,Weekend,4,8,100.3000,0.0000,25.0000,31.3000,8.0000,2.0000,4.7000,1.6000
INT0003,AM Peak,1,1,129.9000,0.0000,8.0000,13.4000,5.0000,2.0000,3.3000,2.1000
INT0003,AM Peak,1,2,129.9000,0.0000,51.0000,57.6000,15.0000,2.0000,5.0000,1.6000
INT0003,AM Peak,1,3,129.9000,0.0000,14.0000,20.0000,5.0000,2.5000,3.1000,2.9000
INT0003,AM Peak,1,4,129.9000,0.0000,33.4000,38.9000,8.0000,2.5000,3.4000,2.1000
INT0003,AM Peak,1,5,129.9000,0.0000,27.0000,33.2000,5.0000,3.5000,4.1000,2.1000
INT0003,AM Peak,1,6,129.9000,0.0000,32.3000,37.8000,15.0000,3.5000,3.9000,1.6000
INT0003,AM Peak,1,7,129.9000,0.0000,16.0000,21.9000,5.0000,3.0000,3.0000,2.9000
INT0003,AM Peak,1,8,129.9000,0.0000,31.0000,37.0000,8.0000,3.5000,3.9000,2.1000
INT0003,Midday,2,1,99.9000,0.0000,7.0000,12.4000,5.0000,3.0000,3.3000,2.1000
INT0003,Midday,2,2,99.9000,0.0000,35.0000,41.6000,15.0000,3.0000,5.0000,1.6000
INT0003,Midday,2,3,99.9000,0.0000,9.0000,15.0000,5.0000,3.0000,3.1000,2.9000
INT0003,Midday,2,4,99.9000,0.0000,25.4000,30.9000,8.0000,2.0000,3.4000,2.1000
INT0003,Midday,2,5,99.9000,0.0000,17.0000,23.2000,5.0000,3.0000,4.1000,2.1000
INT0003,Midday,2,6,99.9000,0.0000,25.3000,30.8000,15.0000,2.5000,3.9000,1.6000
INT0003,Midday,2,7,99.9000,0.0000,13.0000,18.9000,5.0000,2.5000,3.0000,2.9000
INT0003,Midday,2,8,99.9000,0.0000,21.0000,27.0000,8.0000,3.0000,3.9000,2.1000
INT0003,PM Peak,3,1,139.9000,0.0000,13.0000,18.4000,5.0000,2.0000,3.3000,2.1000
INT0003,PM Peak,3,2,139.9000,0.0000,51.0000,57.6000,15.0000,2.5000,5.0000,1.6000
INT0003,PM Peak,3,3,139.9000,0.0000,12.0000,18.0000,5.0000,2.0000,3.1000,2.9000
INT0003,PM Peak,3,4,139.9000,0.0000,40.4000,45.9000,8.0000,2.5000,3.4000,2.1000
INT0003,PM Peak,3,5,139.9000,0.0000,23.0000,29.2000,5.0000,3.5000,4.1000,2.1000
INT0003,PM Peak,3,6,139.9000,0.0000,41.3000,46.8000,15.0000,2.0000,3.9000,1.6000
INT0003,PM Peak,3,7,139.9000,0.0000,21.0000,26.9000,5.0000,2.5000,3.0000,2.9000
INT0003,PM Peak,3,8,139.9000,0.0000,31.0000,37.0000,8.0000,2.0000,3.9000,2.1000
INT0003,Weekend,4,1,89.9000,0.0000,6.0000,11.4000,5.0000,3.0000,3.3000,2.1000
INT0003,Weekend,4,2,89.9000,0.0000,30.0000,36.6000,15.0000,2.0000,5.0000,1.6000
INT0003,Weekend,4,3,89.9000,0.0000,8.0000,14.0000,5.0000,3.0000,3.1000,2.9000
INT0003,Weekend,4,4,89.9000,0.0000,22.4000,27.9000,8.0000,3.0000,3.4000,2.1000
INT0003,Weekend,4,5,89.9000,0.0000,15.0000,21.2000,5.0000,3.0000,4.1000,2.1000
INT0003,Weekend,4,6,89.9000,0.0000,21.3000,26.8000,15.0000,3.5000,3.9000,1.6000
INT0003,Weekend,4,7,89.9000,0.0000,11.0000,16.9000,5.0000,3.0000,3.0000,2.9000
INT0003,Weekend,4,8,89.9000,0.0000,19.0000,25.0000,8.0000,3.5000,3.9000,2.1000
INT0004,AM Peak,1,1,120.0000,79.0000,11.0000,15.0000,5.0000,3.0000,3.0000,1.0000
INT0004,AM Peak,1,2,120.0000,79.0000,49.0000,53.5000,15.0000,3.0000,3.5000,1.0000
INT0004,AM Peak,1,3,120.0000,79.0000,8.0000,12.0000,5.0000,3.5000,3.0000,1.0000
INT0004,AM Peak,1,4,120.0000,79.0000,35.0000,39.5000,8.0000,3.0000,3.5000,1.0000
INT0004,AM Peak,1,5,120.0000,79.0000,25.0000,29.0000,5.0000,2.0000,3.0000,1.0000
INT0004,AM Peak,1,6,120.0000,79.0000,35.0000,39.5000,15.0000,3.0000,3.5000,1.0000
INT0004,AM Peak,1,7,120.0000,79.0000,5.0000,9.0000,5.0000,3.5000,3.0000,1.0000
INT0004,AM Peak,1,8,120.0000,79.0000,38.0000,42.5000,8.0000,2.5000,3.5000,1.0000
INT0004,Midday,2,1,100.0000,18.0000,11.0000,15.0000,5.0000,2.0000,3.0000,1.0000
INT0004,Midday,2,2,100.0000,18.0000,39.0000,43.5000,15.0000,2.0000,3.5000,1.0000
INT0004,Midday,2,3,100.0000,18.0000,6.0000,10.0000,5.0000,2.5000,3.0000,1.0000
INT0004,Midday,2,4,100.0000,18.0000,27.0000,31.5000,8.0000,2.5000,3.5000,1.0000
INT0004,Midday,2,5,100.0000,18.0000,18.0000,22.0000,5.0000,2.5000,3.0000,1.0000
INT0004,Midday,2,6,100.0000,18.0000,32.0000,36.5000,15.0000,3.0000,3.5000,1.0000
INT0004,Midday,2,7,100.0000,18.0000,5.0000,9.0000,5.0000,3.5000,3.0000,1.0000
INT0004,Midday,2,8,100.0000,18.0000,28.0000,32.5000,8.0000,2.0000,3.5000,1.0000
INT0004,PM Peak,3,1,140.0000,69.0000,20.0000,24.0000,5.0000,2.0000,3.0000,1.0000
INT0004,PM Peak,3,2,140.0000,69.0000,57.0000,61.5000,15.0000,3.0000,3.5000,1.0000
INT0004,PM Peak,3,3,140.0000,69.0000,7.0000,11.0000,5.0000,3.5000,3.0000,1.0000
INT0004,PM Peak,3,4,140.0000,69.0000,39.0000,43.5000,8.0000,2.0000,3.5000,1.0000
INT0004,PM Peak,3,5,140.0000,69.0000,24.0000,28.0000,5.0000,2.5000,3.0000,1.0000
INT0004,PM Peak,3,6,140.0000,69.0000,53.0000,57.5000,15.0000,3.0000,3.5000,1.0000
INT0004,PM Peak,3,7,140.0000,69.0000,6.0000,10.0000,5.0000,2.5000,3.0000,1.0000
INT0004,PM Peak,3,8,140.0000,69.0000,40.0000,44.5000,8.0000,3.5000,3.5000,1.0000
INT0004,Weekend,4,1,90.0000,73.0000,10.0000,14.0000,5.0000,2.0000,3.0000,1.0000
INT0004,Weekend,4,2,90.0000,73.0000,34.0000,38.5000,15.0000,3.5000,3.5000,1.0000
INT0004,Weekend,4,3,90.0000,73.0000,5.0000,9.0000,5.0000,3.0000,3.0000,1.0000
INT0004,Weekend,4,4,90.0000,73.0000,24.0000,28.5000,8.0000,2.5000,3.5000,1.0000
INT0004,Weekend,4,5,90.0000,73.0000,16.0000,20.0000,5.0000,2.5000,3.0000,1.0000
INT0004,Weekend,4,6,90.0000,73.0000,28.0000,32.5000,15.0000,3.0000,3.5000,1.0000
INT0004,Weekend,4,7,90.0000,73.0000,5.0000,9.0000,5.0000,3.5000,3.0000,1.0000
INT0004,Weekend,4,8,90.0000,73.0000,24.0000,28.5000,8.0000,3.5000,3.5000,1.0000
INT0005,AM Peak,1,1,130.2000,34.0000,12.0000,17.2000,5.0000,3.0000,4.0000,1.2000
INT0005,AM Peak,1,2,130.2000,34.0000,53.0000,59.6000,15.0000,3.0000,5.6000,1.0000
INT0005,AM Peak,1,3,130.2000,34.0000,8.0000,15.1000,5.0000,3.5000,3.7000,3.4000
INT0005,AM Peak,1,4,130.2000,34.0000,32.3000,38.3000,8.0000,2.5000,3.7000,2.3000
INT0005,AM Peak,1,5,130.2000,34.0000,27.0000,33.0000,5.0000,3.5000,4.8000,1.2000
INT0005,AM Peak,1,6,130.2000,34.0000,38.7000,43.8000,15.0000,2.5000,4.1000,1.0000
INT0005,AM Peak,1,7,130.2000,34.0000,10.0000,17.3000,5.0000,2.0000,3.6000,3.7000
INT0005,AM Peak,1,8,130.2000,34.0000,30.0000,36.1000,8.0000,2.0000,3.5000,2.6000
INT0005,Midday,2,1,100.2000,96.0000,10.0000,15.2000,5.0000,3.0000,4.0000,1.2000
INT0005,Midday,2,2,100.2000,96.0000,34.0000,40.6000,15.0000,3.0000,5.6000,1.0000
INT0005,Midday,2,3,100.2000,96.0000,5.0000,12.1000,5.0000,2.0000,3.7000,3.4000
INT0005,Midday,2,4,100.2000,96.0000,26.3000,32.3000,8.0000,3.5000,3.7000,2.3000
INT0005,Midday,2,5,100.2000,96.0000,16.0000,22.0000,5.0000,2.5000,4.8000,1.2000
INT0005,Midday,2,6,100.2000,96.0000,28.7000,33.8000,15.0000,3.0000,4.1000,1.0000
INT0005,Midday,2,7,100.2000,96.0000,9.0000,16.3000,5.0000,2.5000,3.6000,3.7000
INT0005,Midday,2,8,100.2000,96.0000,22.0000,28.1000,8.0000,3.5000,3.5000,2.6000
INT0005,PM Peak,3,1,130.2000,100.0000,15.0000,20.2000,5.0000,2.5000,4.0000,1.2000
INT0005,PM Peak,3,2,130.2000,100.0000,45.0000,51.6000,15.0000,2.0000,5.6000,1.0000
INT0005,PM Peak,3,3,130.2000,100.0000,7.0000,14.1000,5.0000,2.5000,3.7000,3.4000
INT0005,PM Peak,3,4,130.2000,100.0000,38.3000,44.3000,8.0000,3.5000,3.7000,2.3000
INT0005,PM Peak,3,5,130.2000,100.0000,19.0000,25.0000,5.0000,3.0000,4.8000,1.2000
INT0005,PM Peak,3,6,130.2000,100.0000,41.7000,46.8000,15.0000,2.5000,4.1000,1.0000
INT0005,PM Peak,3,7,130.2000,100.0000,14.0000,21.3000,5.0000,3.0000,3.6000,3.7000
INT0005,PM Peak,3,8,130.2000,100.0000,31.0000,37.1000,8.0000,3.5000,3.5000,2.6000
INT0005,Weekend,4,1,110.2000,47.0000,11.0000,16.2000,5.0000,2.5000,4.0000,1.2000
INT0005,Weekend,4,2,110.2000,47.0000,39.0000,45.6000,15.0000,2.0000,5.6000,1.0000
INT0005,Weekend,4,3,110.2000,47.0000,6.0000,13.1000,5.0000,3.0000,3.7000,3.4000
INT0005,Weekend,4,4,110.2000,47.0000,29.3000,35.3000,8.0000,3.0000,3.7000,2.3000
INT0005,Weekend,4,5,110.2000,47.0000,19.0000,25.0000,5.0000,2.0000,4.8000,1.2000
INT0005,Weekend,4,6,110.2000,47.0000,31.7000,36.8000,15.0000,2.5000,4.1000,1.0000
INT0005,Weekend,4,7,110.2000,47.0000,10.0000,17.3000,5.0000,2.0000,3.6000,3.7000
INT0005,Weekend,4,8,110.2000,47.0000,25.0000,31.1000,8.0000,2.0000,3.5000,2.6000
INT0006,AM Peak,1,1,109.8000,106.0000,10.0000,15.9000,5.0000,2.5000,3.5000,2.4000
INT0006,AM Peak,1,2,109.8000,106.0000,47.2000,52.7000,15.0000,2.0000,3.7000,1.8000
INT0006,AM Peak,1,3,109.8000,106.0000,6.0000,12.1000,5.0000,2.0000,3.3000,2.8000
INT0006,AM Peak,1,4,109.8000,106.0000,23.0000,29.1000,8.0000,3.5000,4.0000,2.1000
INT0006,AM Peak,1,5,109.8000,106.0000,22.0000,27.5000,5.0000,2.0000,3.1000,2.4000
INT0006,AM Peak,1,6,109.8000,106.0000,35.0000,41.1000,15.0000,3.0000,4.3000,1.8000
INT0006,AM Peak,1,7,109.8000,106.0000,5.0000,11.1000,5.0000,3.5000,3.3000,2.8000
INT0006,AM Peak,1,8,109.8000,106.0000,24.0000,30.1000,8.0000,3.0000,4.0000,2.1000
INT0006,Midday,2,1,79.8000,24.0000,8.0000,13.9000,5.0000,3.5000,3.5000,2.4000
INT0006,Midday,2,2,79.8000,24.0000,30.2000,35.7000,15.0000,2.5000,3.7000,1.8000
INT0006,Midday,2,3,79.8000,24.0000,5.0000,11.1000,5.0000,2.5000,3.3000,2.8000
INT0006,Midday,2,4,79.8000,24.0000,13.0000,19.1000,8.0000,3.5000,4.0000,2.1000
INT0006,Midday,2,5,79.8000,24.0000,13.0000,18.5000,5.0000,3.5000,3.1000,2.4000
INT0006,Midday,2,6,79.8000,24.0000,25.0000,31.1000,15.0000,2.0000,4.3000,1.8000
INT0006,Midday,2,7,79.8000,24.0000,5.0000,11.1000,5.0000,2.5000,3.3000,2.8000
INT0006,Midday,2,8,79.8000,24.0000,13.0000,19.1000,8.0000,2.0000,4.0000,2.1000
INT0006,PM Peak,3,1,120.8000,85.0000,17.0000,22.9000,5.0000,3.5000,3.5000,2.4000
INT0006,PM Peak,3,2,120.8000,85.0000,51.2000,56.7000,15.0000,3.0000,3.7000,1.8000
INT0006,PM Peak,3,3,120.8000,85.0000,5.0000,11.1000,5.0000,2.5000,3.3000,2.8000
INT0006,PM Peak,3,4,120.8000,85.0000,24.0000,30.1000,8.0000,3.5000,4.0000,2.1000
INT0006,PM Peak,3,5,120.8000,85.0000,20.0000,25.5000,5.0000,3.5000,3.1000,2.4000
INT0006,PM Peak,3,6,120.8000,85.0000,48.0000,54.1000,15.0000,2.5000,4.3000,1.8000
INT0006,PM Peak,3,7,120.8000,85.0000,5.0000,11.1000,5.0000,2.5000,3.3000,2.8000
INT0006,PM Peak,3,8,120.8000,85.0000,24.0000,30.1000,8.0000,2.0000,4.0000,2.1000
INT0006,Weekend,4,1,99.8000,78.0000,11.0000,16.9000,5.0000,2.0000,3.5000,2.4000
INT0006,Weekend,4,2,99.8000,78.0000,40.2000,45.7000,15.0000,2.0000,3.7000,1.8000
INT0006,Weekend,4,3,99.8000,78.0000,5.0000,11.1000,5.0000,2.5000,3.3000,2.8000
INT0006,Weekend,4,4,99.8000,78.0000,20.0000,26.1000,8.0000,2.0000,4.0000,2.1000
INT0006,Weekend,4,5,99.8000,78.0000,17.0000,22.5000,5.0000,2.0000,3.1000,2.4000
INT0006,Weekend,4,6,99.8000,78.0000,34.0000,40.1000,15.0000,3.0000,4.3000,1.8000
INT0006,Weekend,4,7,99.8000,78.0000,5.0000,11.1000,5.0000,2.5000,3.3000,2.8000
INT0006,Weekend,4,8,99.8000,78.0000,20.0000,26.1000,8.0000,2.5000,4.0000,2.1000
INT0007,AM Peak,1,1,119.4000,11.0000,12.0000,17.7000,5.0000,2.0000,3.9000,1.8000
INT0007,AM Peak,1,2,119.4000,11.0000,51.0000,57.5000,15.0000,3.5000,5.1000,1.4000
INT0007,AM Peak,1,3,119.4000,11.0000,7.0000,12.9000,5.0000,2.0000,3.8000,2.1000
INT0007,AM Peak,1,4,119.4000,11.0000,25.1000,31.3000,8.0000,2.5000,4.5000,1.7000
INT0007,AM Peak,1,5,119.4000,11.0000,31.0000,36.9000,5.0000,3.5000,3.9000,2.0000
INT0007,AM Peak,1,6,119.4000,11.0000,32.3000,38.3000,15.0000,2.5000,4.6000,1.4000
INT0007,AM Peak,1,7,119.4000,11.0000,5.0000,10.9000,5.0000,2.0000,3.7000,2.2000
INT0007,AM Peak,1,8,119.4000,11.0000,27.0000,33.3000,8.0000,3.0000,4.5000,1.8000
INT0007,Midday,2,1,100.4000,38.0000,11.0000,16.7000,5.0000,2.5000,3.9000,1.8000
INT0007,Midday,2,2,100.4000,38.0000,39.0000,45.5000,15.0000,2.0000,5.1000,1.4000
INT0007,Midday,2,3,100.4000,38.0000,5.0000,10.9000,5.0000,3.0000,3.8000,2.1000
INT0007,Midday,2,4,100.4000,38.0000,21.1000,27.3000,8.0000,2.5000,4.5000,1.7000
INT0007,Midday,2,5,100.4000,38.0000,22.0000,27.9000,5.0000,3.5000,3.9000,2.0000
INT0007,Midday,2,6,100.4000,38.0000,28.3000,34.3000,15.0000,2.0000,4.6000,1.4000
INT0007,Midday,2,7,100.4000,38.0000,5.0000,10.9000,5.0000,2.5000,3.7000,2.2000
INT0007,Midday,2,8,100.4000,38.0000,21.0000,27.3000,8.0000,2.5000,4.5000,1.8000
INT0007,PM Peak,3,1,120.4000,116.0000,17.0000,22.7000,5.0000,2.5000,3.9000,1.8000
INT0007,PM Peak,3,2,120.4000,116.0000,45.0000,51.5000,15.0000,3.5000,5.1000,1.4000
INT0007,PM Peak,3,3,120.4000,116.0000,6.0000,11.9000,5.0000,3.5000,3.8000,2.1000
INT0007,PM Peak,3,4,120.4000,116.0000,28.1000,34.3000,8.0000,2.0000,4.5000,1.7000
INT0007,PM Peak,3,5,120.4000,116.0000,24.0000,29.9000,5.0000,3.5000,3.9000,2.0000
INT0007,PM Peak,3,6,120.4000,116.0000,38.3000,44.3000,15.0000,3.0000,4.6000,1.4000
INT0007,PM Peak,3,7,120.4000,116.0000,6.0000,11.9000,5.0000,2.5000,3.7000,2.2000
INT0007,PM Peak,3,8,120.4000,116.0000,28.0000,34.3000,8.0000,3.5000,4.5000,1.8000
INT0007,Weekend,4,1,109.4000,40.0000,13.0000,18.7000,5.0000,2.5000,3.9000,1.8000
INT0007,Weekend,4,2,109.4000,40.0000,43.0000,49.5000,15.0000,3.0000,5.1000,1.4000
INT0007,Weekend,4,3,109.4000,40.0000,5.0000,10.9000,5.0000,3.5000,3.8000,2.1000
INT0007,Weekend,4,4,109.4000,40.0000,24.1000,30.3000,8.0000,2.0000,4.5000,1.7000
INT0007,Weekend,4,5,109.4000,40.0000,25.0000,30.9000,5.0000,2.0000,3.9000,2.0000
INT0007,Weekend,4,6,109.4000,40.0000,31.3000,37.3000,15.0000,3.0000,4.6000,1.4000
INT0007,Weekend,4,7,109.4000,40.0000,5.0000,10.9000,5.0000,2.5000,3.7000,2.2000
INT0007,Weekend,4,8,109.4000,40.0000,24.0000,30.3000,8.0000,3.0000,4.5000,1.8000
INT0008,AM Peak,1,1,130.0000,54.0000,10.0000,15.2000,5.0000,3.5000,4.1000,1.1000
INT0008,AM Peak,1,2,130.0000,54.0000,56.0000,62.6000,15.0000,3.0000,5.6000,1.0000
INT0008,AM Peak,1,3,130.0000,54.0000,8.0000,16.4000,5.0000,3.0000,3.6000,4.8000
INT0008,AM Peak,1,4,130.0000,54.0000,29.0000,35.8000,8.0000,2.0000,3.6000,3.2000
INT0008,AM Peak,1,5,130.0000,54.0000,30.0000,35.8000,5.0000,2.0000,4.7000,1.1000
INT0008,AM Peak,1,6,130.0000,54.0000,36.3000,42.0000,15.0000,2.5000,4.7000,1.0000
INT0008,AM Peak,1,7,130.0000,54.0000,8.0000,16.3000,5.0000,2.5000,3.5000,4.8000
INT0008,AM Peak,1,8,130.0000,54.0000,29.0000,35.9000,8.0000,3.5000,3.7000,3.2000
INT0008,Midday,2,1,90.0000,62.0000,7.0000,12.2000,5.0000,2.0000,4.1000,1.1000
INT0008,Midday,2,2,90.0000,62.0000,33.0000,39.6000,15.0000,2.5000,5.6000,1.0000
INT0008,Midday,2,3,90.0000,62.0000,5.0000,13.4000,5.0000,3.5000,3.6000,4.8000
INT0008,Midday,2,4,90.0000,62.0000,18.0000,24.8000,8.0000,3.0000,3.6000,3.2000
INT0008,Midday,2,5,90.0000,62.0000,16.0000,21.8000,5.0000,2.0000,4.7000,1.1000
INT0008,Midday,2,6,90.0000,62.0000,24.3000,30.0000,15.0000,3.5000,4.7000,1.0000
INT0008,Midday,2,7,90.0000,62.0000,5.0000,13.3000,5.0000,3.0000,3.5000,4.8000
INT0008,Midday,2,8,90.0000,62.0000,18.0000,24.9000,8.0000,2.5000,3.7000,3.2000
INT0008,PM Peak,3,1,140.0000,95.0000,15.0000,20.2000,5.0000,3.5000,4.1000,1.1000
INT0008,PM Peak,3,2,140.0000,95.0000,58.0000,64.6000,15.0000,3.0000,5.6000,1.0000
INT0008,PM Peak,3,3,140.0000,95.0000,7.0000,15.4000,5.0000,2.0000,3.6000,4.8000
INT0008,PM Peak,3,4,140.0000,95.0000,33.0000,39.8000,8.0000,3.0000,3.6000,3.2000
INT0008,PM Peak,3,5,140.0000,95.0000,25.0000,30.8000,5.0000,2.5000,4.7000,1.1000
INT0008,PM Peak,3,6,140.0000,95.0000,48.3000,54.0000,15.0000,2.0000,4.7000,1.0000
INT0008,PM Peak,3,7,140.0000,95.0000,10.0000,18.3000,5.0000,3.0000,3.5000,4.8000
INT0008,PM Peak,3,8,140.0000,95.0000,30.0000,36.9000,8.0000,3.0000,3.7000,3.2000
INT0008,Weekend,4,1,110.0000,82.0000,9.0000,14.2000,5.0000,3.0000,4.1000,1.1000
INT0008,Weekend,4,2,110.0000,82.0000,44.0000,50.6000,15.0000,2.0000,5.6000,1.0000
INT0008,Weekend,4,3,110.0000,82.0000,6.0000,14.4000,5.0000,2.0000,3.6000,4.8000
INT0008,Weekend,4,4,110.0000,82.0000,24.0000,30.8000,8.0000,2.0000,3.6000,3.2000
INT0008,Weekend,4,5,110.0000,82.0000,21.0000,26.8000,5.0000,3.0000,4.7000,1.1000
INT0008,Weekend,4,6,110.0000,82.0000,32.3000,38.0000,15.0000,2.5000,4.7000,1.0000
INT0008,Weekend,4,7,110.0000,82.0000,7.0000,15.3000,5.0000,2.5000,3.5000,4.8000
INT0008,Weekend,4,8,110.0000,82.0000,23.0000,29.9000,8.0000,2.5000,3.7000,3.2000
INT0009,AM Peak,1,1,129.7000,0.0000,25.0000,30.3000,5.0000,2.0000,4.1000,1.2000
INT0009,AM Peak,1,2,129.7000,0.0000,44.1000,50.5000,15.0000,2.0000,5.4000,1.0000
INT0009,AM Peak,1,3,129.7000,0.0000,15.0000,20.9000,5.0000,3.5000,3.7000,2.2000
INT0009,AM Peak,1,4,129.7000,0.0000,22.0000,28.0000,8.0000,3.0000,4.3000,1.7000
INT0009,AM Peak,1,5,129.7000,0.0000,22.0000,27.8000,5.0000,3.5000,4.6000,1.2000
INT0009,AM Peak,1,6,129.7000,0.0000,47.0000,53.0000,15.0000,2.5000,5.0000,1.0000
INT0009,AM Peak,1,7,129.7000,0.0000,13.0000,18.8000,5.0000,3.0000,3.6000,2.2000
INT0009,AM Peak,1,8,129.7000,0.0000,24.0000,30.1000,8.0000,2.0000,4.4000,1.7000
INT0009,Midday,2,1,79.7000,0.0000,16.0000,21.3000,5.0000,3.5000,4.1000,1.2000
INT0009,Midday,2,2,79.7000,0.0000,21.1000,27.5000,15.0000,3.5000,5.4000,1.0000
INT0009,Midday,2,3,79.7000,0.0000,7.0000,12.9000,5.0000,3.0000,3.7000,2.2000
INT0009,Midday,2,4,79.7000,0.0000,12.0000,18.0000,8.0000,3.0000,4.3000,1.7000
INT0009,Midday,2,5,79.7000,0.0000,10.0000,15.8000,5.0000,2.5000,4.6000,1.2000
INT0009,Midday,2,6,79.7000,0.0000,27.0000,33.0000,15.0000,3.0000,5.0000,1.0000
INT0009,Midday,2,7,79.7000,0.0000,7.0000,12.8000,5.0000,3.5000,3.6000,2.2000
INT0009,Midday,2,8,79.7000,0.0000,12.0000,18.1000,8.0000,2.0000,4.4000,1.7000
INT0009,PM Peak,3,1,139.7000,0.0000,37.0000,42.3000,5.0000,3.5000,4.1000,1.2000
INT0009,PM Peak,3,2,139.7000,0.0000,41.1000,47.5000,15.0000,3.0000,5.4000,1.0000
INT0009,PM Peak,3,3,139.7000,0.0000,13.0000,18.9000,5.0000,2.0000,3.7000,2.2000
INT0009,PM Peak,3,4,139.7000,0.0000,25.0000,31.0000,8.0000,3.5000,4.3000,1.7000
INT0009,PM Peak,3,5,139.7000,0.0000,18.0000,23.8000,5.0000,2.0000,4.6000,1.2000
INT0009,PM Peak,3,6,139.7000,0.0000,60.0000,66.0000,15.0000,3.0000,5.0000,1.0000
INT0009,PM Peak,3,7,139.7000,0.0000,16.0000,21.8000,5.0000,2.0000,3.6000,2.2000
INT0009,PM Peak,3,8,139.7000,0.0000,22.0000,28.1000,8.0000,2.5000,4.4000,1.7000
INT0009,Weekend,4,1,109.7000,0.0000,24.0000,29.3000,5.0000,2.0000,4.1000,1.2000
INT0009,Weekend,4,2,109.7000,0.0000,33.1000,39.5000,15.0000,3.0000,5.4000,1.0000
INT0009,Weekend,4,3,109.7000,0.0000,11.0000,16.9000,5.0000,3.0000,3.7000,2.2000
INT0009,Weekend,4,4,109.7000,0.0000,18.0000,24.0000,8.0000,2.5000,4.3000,1.7000
INT0009,Weekend,4,5,109.7000,0.0000,16.0000,21.8000,5.0000,2.0000,4.6000,1.2000
INT0009,Weekend,4,6,109.7000,0.0000,41.0000,47.0000,15.0000,3.5000,5.0000,1.0000
INT0009,Weekend,4,7,109.7000,0.0000,11.0000,16.8000,5.0000,2.0000,3.6000,2.2000
INT0009,Weekend,4,8,109.7000,0.0000,18.0000,24.1000,8.0000,3.5000,4.4000,1.7000
INT0010,AM Peak,1,1,130.0000,119.0000,18.0000,22.0000,5.0000,3.5000,3.0000,1.0000
INT0010,AM Peak,1,2,130.0000,119.0000,51.0000,55.5000,15.0000,2.0000,3.5000,1.0000
INT0010,AM Peak,1,3,130.0000,119.0000,16.0000,20.0000,5.0000,2.5000,3.0000,1.0000
INT0010,AM Peak,1,4,130.0000,119.0000,28.0000,32.5000,8.0000,2.0000,3.5000,1.0000
INT0010,AM Peak,1,5,130.0000,119.0000,34.0000,38.0000,5.0000,3.0000,3.0000,1.0000
INT0010,AM Peak,1,6,130.0000,119.0000,35.0000,39.5000,15.0000,2.5000,3.5000,1.0000
INT0010,AM Peak,1,7,130.0000,119.0000,10.0000,14.0000,5.0000,3.5000,3.0000,1.0000
INT0010,AM Peak,1,8,130.0000,119.0000,34.0000,38.5000,8.0000,2.0000,3.5000,1.0000
INT0010,Midday,2,1,90.0000,29.0000,14.0000,18.0000,5.0000,2.0000,3.0000,1.0000
INT0010,Midday,2,2,90.0000,29.0000,30.0000,34.5000,15.0000,3.0000,3.5000,1.0000
INT0010,Midday,2,3,90.0000,29.0000,10.0000,14.0000,5.0000,3.0000,3.0000,1.0000
INT0010,Midday,2,4,90.0000,29.0000,19.0000,23.5000,8.0000,3.0000,3.5000,1.0000
INT0010,Midday,2,5,90.0000,29.0000,19.0000,23.0000,5.0000,2.0000,3.0000,1.0000
INT0010,Midday,2,6,90.0000,29.0000,25.0000,29.5000,15.0000,2.5000,3.5000,1.0000
INT0010,Midday,2,7,90.0000,29.0000,7.0000,11.0000,5.0000,2.0000,3.0000,1.0000
INT0010,Midday,2,8,90.0000,29.0000,22.0000,26.5000,8.0000,2.5000,3.5000,1.0000
INT0010,PM Peak,3,1,130.0000,39.0000,24.0000,28.0000,5.0000,2.0000,3.0000,1.0000
INT0010,PM Peak,3,2,130.0000,39.0000,45.0000,49.5000,15.0000,2.0000,3.5000,1.0000
INT0010,PM Peak,3,3,130.0000,39.0000,14.0000,18.0000,5.0000,2.5000,3.0000,1.0000
INT0010,PM Peak,3,4,130.0000,39.0000,30.0000,34.5000,8.0000,2.5000,3.5000,1.0000
INT0010,PM Peak,3,5,130.0000,39.0000,26.0000,30.0000,5.0000,3.5000,3.0000,1.0000
INT0010,PM Peak,3,6,130.0000,39.0000,43.0000,47.5000,15.0000,3.0000,3.5000,1.0000
INT0010,PM Peak,3,7,130.0000,39.0000,12.0000,16.0000,5.0000,3.5000,3.0000,1.0000
INT0010,PM Peak,3,8,130.0000,39.0000,32.0000,36.5000,8.0000,3.5000,3.5000,1.0000
INT0010,Weekend,4,1,110.0000,22.0000,17.0000,21.0000,5.0000,3.0000,3.0000,1.0000
INT0010,Weekend,4,2,110.0000,22.0000,39.0000,43.5000,15.0000,3.0000,3.5000,1.0000
INT0010,Weekend,4,3,110.0000,22.0000,12.0000,16.0000,5.0000,3.5000,3.0000,1.0000
INT0010,Weekend,4,4,110.0000,22.0000,25.0000,29.5000,8.0000,2.5000,3.5000,1.0000
INT0010,Weekend,4,5,110.0000,22.0000,24.0000,28.0000,5.0000,3.5000,3.0000,1.0000
INT0010,Weekend,4,6,110.0000,22.0000,32.0000,36.5000,15.0000,3.5000,3.5000,1.0000
INT0010,Weekend,4,7,110.0000,22.0000,9.0000,13.0000,5.0000,3.5000,3.0000,1.0000
INT0010,Weekend,4,8,110.0000,22.0000,28.0000,32.5000,8.0000,2.0000,3.5000,1.0000
INT0011,AM Peak,1,1,120.0000,34.0000,18.0000,22.0000,5.0000,2.5000,3.0000,1.0000
INT0011,AM Peak,1,2,120.0000,34.0000,51.0000,55.5000,15.0000,3.5000,3.5000,1.0000
INT0011,AM Peak,1,3,120.0000,34.0000,8.0000,12.0000,5.0000,3.0000,3.0000,1.0000
INT0011,AM Peak,1,4,120.0000,34.0000,26.0000,30.5000,8.0000,3.5000,3.5000,1.0000
INT0011,AM Peak,1,5,120.0000,34.0000,22.0000,26.0000,5.0000,3.0000,3.0000,1.0000
INT0011,AM Peak,1,6,120.0000,34.0000,47.0000,51.5000,15.0000,3.5000,3.5000,1.0000
INT0011,AM Peak,1,7,120.0000,34.0000,7.0000,11.0000,5.0000,2.0000,3.0000,1.0000
INT0011,AM Peak,1,8,120.0000,34.0000,27.0000,31.5000,8.0000,3.5000,3.5000,1.0000
INT0011,Midday,2,1,80.0000,24.0000,13.0000,17.0000,5.0000,2.5000,3.0000,1.0000
INT0011,Midday,2,2,80.0000,24.0000,29.0000,33.5000,15.0000,2.5000,3.5000,1.0000
INT0011,Midday,2,3,80.0000,24.0000,5.0000,9.0000,5.0000,2.5000,3.0000,1.0000
INT0011,Midday,2,4,80.0000,24.0000,16.0000,20.5000,8.0000,2.0000,3.5000,1.0000
INT0011,Midday,2,5,80.0000,24.0000,12.0000,16.0000,5.0000,2.5000,3.0000,1.0000
INT0011,Midday,2,6,80.0000,24.0000,30.0000,34.5000,15.0000,2.0000,3.5000,1.0000
INT0011,Midday,2,7,80.0000,24.0000,5.0000,9.0000,5.0000,2.5000,3.0000,1.0000
INT0011,Midday,2,8,80.0000,24.0000,16.0000,20.5000,8.0000,3.5000,3.5000,1.0000
INT0011,PM Peak,3,1,120.0000,51.0000,24.0000,28.0000,5.0000,3.5000,3.0000,1.0000
INT0011,PM Peak,3,2,120.0000,51.0000,46.0000,50.5000,15.0000,2.5000,3.5000,1.0000
INT0011,PM Peak,3,3,120.0000,51.0000,6.0000,10.0000,5.0000,3.5000,3.0000,1.0000
INT0011,PM Peak,3,4,120.0000,51.0000,27.0000,31.5000,8.0000,3.0000,3.5000,1.0000
INT0011,PM Peak,3,5,120.0000,51.0000,16.0000,20.0000,5.0000,2.5000,3.0000,1.0000
INT0011,PM Peak,3,6,120.0000,51.0000,54.0000,58.5000,15.0000,3.5000,3.5000,1.0000
INT0011,PM Peak,3,7,120.0000,51.0000,8.0000,12.0000,5.0000,2.0000,3.0000,1.0000
INT0011,PM Peak,3,8,120.0000,51.0000,25.0000,29.5000,8.0000,2.0000,3.5000,1.0000
INT0011,Weekend,4,1,100.0000,69.0000,17.0000,21.0000,5.0000,3.5000,3.0000,1.0000
INT0011,Weekend,4,2,100.0000,69.0000,39.0000,43.5000,15.0000,2.5000,3.5000,1.0000
INT0011,Weekend,4,3,100.0000,69.0000,6.0000,10.0000,5.0000,3.5000,3.0000,1.0000
INT0011,Weekend,4,4,100.0000,69.0000,21.0000,25.5000,8.0000,2.0000,3.5000,1.0000
INT0011,Weekend,4,5,100.0000,69.0000,15.0000,19.0000,5.0000,3.5000,3.0000,1.0000
INT0011,Weekend,4,6,100.0000,69.0000,41.0000,45.5000,15.0000,3.5000,3.5000,1.0000
INT0011,Weekend,4,7,100.0000,69.0000,6.0000,10.0000,5.0000,2.0000,3.0000,1.0000
INT0011,Weekend,4,8,100.0000,69.0000,21.0000,25.5000,8.0000,2.5000,3.5000,1.0000
INT0012,AM Peak,1,1,130.1000,0.0000,11.0000,17.0000,5.0000,2.0000,3.6000,2.4000
INT0012,AM Peak,1,2,130.1000,0.0000,56.0000,62.0000,15.0000,2.5000,4.2000,1.8000
INT0012,AM Peak,1,3,130.1000,0.0000,10.0000,17.3000,5.0000,3.5000,3.5000,3.8000
INT0012,AM Peak,1,4,130.1000,0.0000,27.6000,33.8000,8.0000,3.5000,3.5000,2.7000
INT0012,AM Peak,1,5,130.1000,0.0000,10.0000,16.1000,5.0000,3.0000,3.7000,2.4000
INT0012,AM Peak,1,6,130.1000,0.0000,57.1000,62.9000,15.0000,3.0000,4.0000,1.8000
INT0012,AM Peak,1,7,130.1000,0.0000,7.0000,14.4000,5.0000,3.5000,3.6000,3.8000
INT0012,AM Peak,1,8,130.1000,0.0000,30.0000,36.7000,8.0000,2.5000,4.0000,2.7000
INT0012,Midday,2,1,80.1000,0.0000,7.0000,13.0000,5.0000,3.5000,3.6000,2.4000
INT0012,Midday,2,2,80.1000,0.0000,27.0000,33.0000,15.0000,2.5000,4.2000,1.8000
INT0012,Midday,2,3,80.1000,0.0000,5.0000,12.3000,5.0000,3.0000,3.5000,3.8000
INT0012,Midday,2,4,80.1000,0.0000,15.6000,21.8000,8.0000,3.0000,3.5000,2.7000
INT0012,Midday,2,5,80.1000,0.0000,5.0000,11.1000,5.0000,3.0000,3.7000,2.4000
INT0012,Midday,2,6,80.1000,0.0000,29.1000,34.9000,15.0000,3.5000,4.0000,1.8000
INT0012,Midday,2,7,80.1000,0.0000,5.0000,12.4000,5.0000,2.0000,3.6000,3.8000
INT0012,Midday,2,8,80.1000,0.0000,15.0000,21.7000,8.0000,3.5000,4.0000,2.7000
INT0012,PM Peak,3,1,140.1000,0.0000,16.0000,22.0000,5.0000,3.0000,3.6000,2.4000
INT0012,PM Peak,3,2,140.1000,0.0000,52.0000,58.0000,15.0000,3.0000,4.2000,1.8000
INT0012,PM Peak,3,3,140.1000,0.0000,10.0000,17.3000,5.0000,3.0000,3.5000,3.8000
INT0012,PM Peak,3,4,140.1000,0.0000,36.6000,42.8000,8.0000,3.0000,3.5000,2.7000
INT0012,PM Peak,3,5,140.1000,0.0000,7.0000,13.1000,5.0000,2.5000,3.7000,2.4000
INT0012,PM Peak,3,6,140.1000,0.0000,61.1000,66.9000,15.0000,3.5000,4.0000,1.8000
INT0012,PM Peak,3,7,140.1000,0.0000,11.0000,18.4000,5.0000,2.5000,3.6000,3.8000
INT0012,PM Peak,3,8,140.1000,0.0000,35.0000,41.7000,8.0000,2.0000,4.0000,2.7000
INT0012,Weekend,4,1,100.1000,0.0000,9.0000,15.0000,5.0000,2.5000,3.6000,2.4000
INT0012,Weekend,4,2,100.1000,0.0000,37.0000,43.0000,15.0000,3.5000,4.2000,1.8000
INT0012,Weekend,4,3,100.1000,0.0000,7.0000,14.3000,5.0000,3.0000,3.5000,3.8000
INT0012,Weekend,4,4,100.1000,0.0000,21.6000,27.8000,8.0000,3.5000,3.5000,2.7000
INT0012,Weekend,4,5,100.1000,0.0000,6.0000,12.1000,5.0000,2.5000,3.7000,2.4000
INT0012,Weekend,4,6,100.1000,0.0000,40.1000,45.9000,15.0000,3.0000,4.0000,1.8000
INT0012,Weekend,4,7,100.1000,0.0000,6.0000,13.4000,5.0000,3.5000,3.6000,3.8000
INT0012,Weekend,4,8,100.1000,0.0000,22.0000,28.7000,8.0000,2.5000,4.0000,2.7000
INT0013,AM Peak,1,1,109.7000,22.0000,8.0000,13.5000,5.0000,3.0000,4.5000,1.0000
INT0013,AM Peak,1,2,109.7000,22.0000,43.1000,50.1000,15.0000,3.5000,6.0000,1.0000
INT0013,AM Peak,1,3,109.7000,22.0000,8.0000,14.9000,5.0000,2.5000,3.5000,3.4000
INT0013,AM Peak,1,4,109.7000,22.0000,25.4000,31.2000,8.0000,3.0000,3.5000,2.3000
INT0013,AM Peak,1,5,109.7000,22.0000,15.0000,21.6000,5.0000,2.0000,5.6000,1.0000
INT0013,AM Peak,1,6,109.7000,22.0000,36.0000,42.0000,15.0000,2.5000,5.0000,1.0000
INT0013,AM Peak,1,7,109.7000,22.0000,7.0000,13.5000,5.0000,2.0000,3.7000,2.8000
INT0013,AM Peak,1,8,109.7000,22.0000,26.0000,32.6000,8.0000,3.5000,3.7000,2.9000
INT0013,Midday,2,1,80.7000,45.0000,6.0000,11.5000,5.0000,2.5000,4.5000,1.0000
INT0013,Midday,2,2,80.7000,45.0000,27.1000,34.1000,15.0000,3.5000,6.0000,1.0000
INT0013,Midday,2,3,80.7000,45.0000,5.0000,11.9000,5.0000,2.5000,3.5000,3.4000
INT0013,Midday,2,4,80.7000,45.0000,17.4000,23.2000,8.0000,3.5000,3.5000,2.3000
INT0013,Midday,2,5,80.7000,45.0000,8.0000,14.6000,5.0000,2.0000,5.6000,1.0000
INT0013,Midday,2,6,80.7000,45.0000,25.0000,31.0000,15.0000,2.0000,5.0000,1.0000
INT0013,Midday,2,7,80.7000,45.0000,5.0000,11.5000,5.0000,2.5000,3.7000,2.8000
INT0013,Midday,2,8,80.7000,45.0000,17.0000,23.6000,8.0000,2.0000,3.7000,2.9000
INT0013,PM Peak,3,1,129.7000,41.0000,15.0000,20.5000,5.0000,2.5000,4.5000,1.0000
INT0013,PM Peak,3,2,129.7000,41.0000,48.1000,55.1000,15.0000,3.0000,6.0000,1.0000
INT0013,PM Peak,3,3,129.7000,41.0000,8.0000,14.9000,5.0000,3.0000,3.5000,3.4000
INT0013,PM Peak,3,4,129.7000,41.0000,33.4000,39.2000,8.0000,2.0000,3.5000,2.3000
INT0013,PM Peak,3,5,129.7000,41.0000,14.0000,20.6000,5.0000,3.5000,5.6000,1.0000
INT0013,PM Peak,3,6,129.7000,41.0000,49.0000,55.0000,15.0000,3.5000,5.0000,1.0000
INT0013,PM Peak,3,7,129.7000,41.0000,10.0000,16.5000,5.0000,3.5000,3.7000,2.8000
INT0013,PM Peak,3,8,129.7000,41.0000,31.0000,37.6000,8.0000,3.0000,3.7000,2.9000
INT0013,Weekend,4,1,100.7000,10.0000,9.0000,14.5000,5.0000,2.5000,4.5000,1.0000
INT0013,Weekend,4,2,100.7000,10.0000,36.1000,43.1000,15.0000,2.5000,6.0000,1.0000
INT0013,Weekend,4,3,100.7000,10.0000,7.0000,13.9000,5.0000,3.0000,3.5000,3.4000
INT0013,Weekend,4,4,100.7000,10.0000,23.4000,29.2000,8.0000,2.5000,3.5000,2.3000
INT0013,Weekend,4,5,100.7000,10.0000,12.0000,18.6000,5.0000,3.0000,5.6000,1.0000
INT0013,Weekend,4,6,100.7000,10.0000,33.0000,39.0000,15.0000,2.5000,5.0000,1.0000
INT0013,Weekend,4,7,100.7000,10.0000,6.0000,12.5000,5.0000,3.0000,3.7000,2.8000
INT0013,Weekend,4,8,100.7000,10.0000,24.0000,30.6000,8.0000,2.0000,3.7000,2.9000
INT0014,AM Peak,1,1,100.1000,0.0000,17.0000,22.2000,5.0000,0.0000,3.2000,2.0000
INT0014,AM Peak,1,2,100.1000,0.0000,31.0000,36.5000,15.0000,0.0000,4.0000,1.5000
INT0014,AM Peak,1,3,100.1000,0.0000,13.0000,20.7000,5.0000,0.0000,3.1000,4.6000
INT0014,AM Peak,1,4,100.1000,0.0000,14.0000,20.7000,8.0000,0.0000,3.0000,3.7000
INT0014,AM Peak,1,5,100.1000,0.0000,9.0000,14.1000,5.0000,0.0000,3.1000,2.0000
INT0014,AM Peak,1,6,100.1000,0.0000,39.6000,44.6000,15.0000,0.0000,3.5000,1.5000
INT0014,AM Peak,1,7,100.1000,0.0000,5.0000,12.7000,5.0000,0.0000,3.1000,4.6000
INT0014,AM Peak,1,8,100.1000,0.0000,22.0000,28.7000,8.0000,0.0000,3.0000,3.7000
INT0014,Midday,2,1,100.1000,0.0000,20.0000,25.2000,5.0000,0.0000,3.2000,2.0000
INT0014,Midday,2,2,100.1000,0.0000,28.0000,33.5000,15.0000,0.0000,4.0000,1.5000
INT0014,Midday,2,3,100.1000,0.0000,12.0000,19.7000,5.0000,0.0000,3.1000,4.6000
INT0014,Midday,2,4,100.1000,0.0000,15.0000,21.7000,8.0000,0.0000,3.0000,3.7000
INT0014,Midday,2,5,100.1000,0.0000,8.0000,13.1000,5.0000,0.0000,3.1000,2.0000
INT0014,Midday,2,6,100.1000,0.0000,40.6000,45.6000,15.0000,0.0000,3.5000,1.5000
INT0014,Midday,2,7,100.1000,0.0000,5.0000,12.7000,5.0000,0.0000,3.1000,4.6000
INT0014,Midday,2,8,100.1000,0.0000,22.0000,28.7000,8.0000,0.0000,3.0000,3.7000
INT0014,PM Peak,3,1,100.1000,0.0000,23.0000,28.2000,5.0000,0.0000,3.2000,2.0000
INT0014,PM Peak,3,2,100.1000,0.0000,26.0000,31.5000,15.0000,0.0000,4.0000,1.5000
INT0014,PM Peak,3,3,100.1000,0.0000,10.0000,17.7000,5.0000,0.0000,3.1000,4.6000
INT0014,PM Peak,3,4,100.1000,0.0000,16.0000,22.7000,8.0000,0.0000,3.0000,3.7000
INT0014,PM Peak,3,5,100.1000,0.0000,7.0000,12.1000,5.0000,0.0000,3.1000,2.0000
INT0014,PM Peak,3,6,100.1000,0.0000,42.6000,47.6000,15.0000,0.0000,3.5000,1.5000
INT0014,PM Peak,3,7,100.1000,0.0000,5.0000,12.7000,5.0000,0.0000,3.1000,4.6000
INT0014,PM Peak,3,8,100.1000,0.0000,21.0000,27.7000,8.0000,0.0000,3.0000,3.7000
INT0014,Weekend,4,1,100.1000,0.0000,20.0000,25.2000,5.0000,0.0000,3.2000,2.0000
INT0014,Weekend,4,2,100.1000,0.0000,28.0000,33.5000,15.0000,0.0000,4.0000,1.5000
INT0014,Weekend,4,3,100.1000,0.0000,12.0000,19.7000,5.0000,0.0000,3.1000,4.6000
INT0014,Weekend,4,4,100.1000,0.0000,15.0000,21.7000,8.0000,0.0000,3.0000,3.7000
INT0014,Weekend,4,5,100.1000,0.0000,8.0000,13.1000,5.0000,0.0000,3.1000,2.0000
INT0014,Weekend,4,6,100.1000,0.0000,40.6000,45.6000,15.0000,0.0000,3.5000,1.5000
INT0014,Weekend,4,7,100.1000,0.0000,5.0000,12.7000,5.0000,0.0000,3.1000,4.6000
INT0014,Weekend,4,8,100.1000,0.0000,22.0000,28.7000,8.0000,0.0000,3.0000,3.7000
INT0015,AM Peak,1,1,100.7000,0.0000,11.0000,16.5000,5.0000,0.0000,3.9000,1.6000
INT0015,AM Peak,1,2,100.7000,0.0000,33.3000,38.3000,15.0000,0.0000,3.8000,1.2000
INT0015,AM Peak,1,3,100.7000,0.0000,6.0000,12.9000,5.0000,0.0000,3.5000,3.4000
INT0015,AM Peak,1,4,100.7000,0.0000,27.0000,33.0000,8.0000,0.0000,3.7000,2.3000
INT0015,AM Peak,1,5,100.7000,0.0000,10.0000,15.1000,5.0000,0.0000,3.5000,1.6000
INT0015,AM Peak,1,6,100.7000,0.0000,34.0000,39.7000,15.0000,0.0000,4.4000,1.3000
INT0015,AM Peak,1,7,100.7000,0.0000,9.0000,15.9000,5.0000,0.0000,3.7000,3.2000
INT0015,AM Peak,1,8,100.7000,0.0000,24.3000,30.0000,8.0000,0.0000,3.5000,2.2000
INT0015,Midday,2,1,99.7000,0.0000,12.0000,17.5000,5.0000,0.0000,3.9000,1.6000
INT0015,Midday,2,2,99.7000,0.0000,30.3000,35.3000,15.0000,0.0000,3.8000,1.2000
INT0015,Midday,2,3,99.7000,0.0000,6.0000,12.9000,5.0000,0.0000,3.5000,3.4000
INT0015,Midday,2,4,99.7000,0.0000,28.0000,34.0000,8.0000,0.0000,3.7000,2.3000
INT0015,Midday,2,5,99.7000,0.0000,8.0000,13.1000,5.0000,0.0000,3.5000,1.6000
INT0015,Midday,2,6,99.7000,0.0000,34.0000,39.7000,15.0000,0.0000,4.4000,1.3000
INT0015,Midday,2,7,99.7000,0.0000,10.0000,16.9000,5.0000,0.0000,3.7000,3.2000
INT0015,Midday,2,8,99.7000,0.0000,24.3000,30.0000,8.0000,0.0000,3.5000,2.2000
INT0015,PM Peak,3,1,99.7000,0.0000,14.0000,19.5000,5.0000,0.0000,3.9000,1.6000
INT0015,PM Peak,3,2,99.7000,0.0000,29.3000,34.3000,15.0000,0.0000,3.8000,1.2000
INT0015,PM Peak,3,3,99.7000,0.0000,5.0000,11.9000,5.0000,0.0000,3.5000,3.4000
INT0015,PM Peak,3,4,99.7000,0.0000,28.0000,34.0000,8.0000,0.0000,3.7000,2.3000
INT0015,PM Peak,3,5,99.7000,0.0000,7.0000,12.1000,5.0000,0.0000,3.5000,1.6000
INT0015,PM Peak,3,6,99.7000,0.0000,36.0000,41.7000,15.0000,0.0000,4.4000,1.3000
INT0015,PM Peak,3,7,99.7000,0.0000,11.0000,17.9000,5.0000,0.0000,3.7000,3.2000
INT0015,PM Peak,3,8,99.7000,0.0000,22.3000,28.0000,8.0000,0.0000,3.5000,2.2000
INT0015,Weekend,4,1,99.7000,0.0000,12.0000,17.5000,5.0000,0.0000,3.9000,1.6000
INT0015,Weekend,4,2,99.7000,0.0000,30.3000,35.3000,15.0000,0.0000,3.8000,1.2000
INT0015,Weekend,4,3,99.7000,0.0000,6.0000,12.9000,5.0000,0.0000,3.5000,3.4000
INT0015,Weekend,4,4,99.7000,0.0000,28.0000,34.0000,8.0000,0.0000,3.7000,2.3000
INT0015,Weekend,4,5,99.7000,0.0000,8.0000,13.1000,5.0000,0.0000,3.5000,1.6000
INT0015,Weekend,4,6,99.7000,0.0000,34.0000,39.7000,15.0000,0.0000,4.4000,1.3000
INT0015,Weekend,4,7,99.7000,0.0000,10.0000,16.9000,5.0000,0.0000,3.7000,3.2000
INT0015,Weekend,4,8,99.7000,0.0000,24.3000,30.0000,8.0000,0.0000,3.5000,2.2000
INT0016,AM Peak,1,1,110.1000,45.0000,15.0000,21.2000,5.0000,3.5000,4.2000,2.0000
INT0016,AM Peak,1,2,110.1000,45.0000,34.3000,39.7000,15.0000,3.5000,3.8000,1.6000
INT0016,AM Peak,1,3,110.1000,45.0000,5.0000,11.8000,5.0000,2.5000,3.5000,3.3000
INT0016,AM Peak,1,4,110.1000,45.0000,31.2000,37.4000,8.0000,3.5000,3.7000,2.5000
INT0016,AM Peak,1,5,110.1000,45.0000,25.0000,30.2000,5.0000,3.0000,3.2000,2.0000
INT0016,AM Peak,1,6,110.1000,45.0000,24.0000,30.7000,15.0000,3.5000,5.1000,1.6000
INT0016,AM Peak,1,7,110.1000,45.0000,6.0000,12.4000,5.0000,2.0000,3.1000,3.3000
INT0016,AM Peak,1,8,110.1000,45.0000,30.0000,36.8000,8.0000,3.0000,4.3000,2.5000
INT0016,Midday,2,1,80.1000,31.0000,11.0000,17.2000,5.0000,3.0000,4.2000,2.0000
INT0016,Midday,2,2,80.1000,31.0000,21.3000,26.7000,15.0000,3.5000,3.8000,1.6000
INT0016,Midday,2,3,80.1000,31.0000,5.0000,11.8000,5.0000,2.5000,3.5000,3.3000
INT0016,Midday,2,4,80.1000,31.0000,18.2000,24.4000,8.0000,2.5000,3.7000,2.5000
INT0016,Midday,2,5,80.1000,31.0000,15.0000,20.2000,5.0000,2.0000,3.2000,2.0000
INT0016,Midday,2,6,80.1000,31.0000,17.0000,23.7000,15.0000,3.5000,5.1000,1.6000
INT0016,Midday,2,7,80.1000,31.0000,5.0000,11.4000,5.0000,2.5000,3.1000,3.3000
INT0016,Midday,2,8,80.1000,31.0000,18.0000,24.8000,8.0000,2.5000,4.3000,2.5000
INT0016,PM Peak,3,1,130.1000,108.0000,25.0000,31.2000,5.0000,3.0000,4.2000,2.0000
INT0016,PM Peak,3,2,130.1000,108.0000,38.3000,43.7000,15.0000,3.5000,3.8000,1.6000
INT0016,PM Peak,3,3,130.1000,108.0000,5.0000,11.8000,5.0000,2.5000,3.5000,3.3000
INT0016,PM Peak,3,4,130.1000,108.0000,37.2000,43.4000,8.0000,2.0000,3.7000,2.5000
INT0016,PM Peak,3,5,130.1000,108.0000,25.0000,30.2000,5.0000,2.0000,3.2000,2.0000
INT0016,PM Peak,3,6,130.1000,108.0000,38.0000,44.7000,15.0000,3.5000,5.1000,1.6000
INT0016,PM Peak,3,7,130.1000,108.0000,8.0000,14.4000,5.0000,3.0000,3.1000,3.3000
INT0016,PM Peak,3,8,130.1000,108.0000,34.0000,40.8000,8.0000,3.5000,4.3000,2.5000
INT0016,Weekend,4,1,90.1000,68.0000,13.0000,19.2000,5.0000,2.0000,4.2000,2.0000
INT0016,Weekend,4,2,90.1000,68.0000,25.3000,30.7000,15.0000,3.5000,3.8000,1.6000
INT0016,Weekend,4,3,90.1000,68.0000,5.0000,11.8000,5.0000,3.0000,3.5000,3.3000
INT0016,Weekend,4,4,90.1000,68.0000,22.2000,28.4000,8.0000,2.0000,3.7000,2.5000
INT0016,Weekend,4,5,90.1000,68.0000,17.0000,22.2000,5.0000,2.0000,3.2000,2.0000
INT0016,Weekend,4,6,90.1000,68.0000,21.0000,27.7000,15.0000,3.5000,5.1000,1.6000
INT0016,Weekend,4,7,90.1000,68.0000,5.0000,11.4000,5.0000,3.5000,3.1000,3.3000
INT0016,Weekend,4,8,90.1000,68.0000,22.0000,28.8000,8.0000,2.5000,4.3000,2.5000
INT0017,AM Peak,1,1,110.0000,0.0000,19.0000,23.0000,5.0000,3.0000,3.0000,1.0000
INT0017,AM Peak,1,2,110.0000,0.0000,49.0000,53.5000,15.0000,2.0000,3.5000,1.0000
INT0017,AM Peak,1,3,110.0000,0.0000,5.0000,9.0000,5.0000,2.0000,3.0000,1.0000
INT0017,AM Peak,1,4,110.0000,0.0000,20.0000,24.5000,8.0000,3.0000,3.5000,1.0000
INT0017,AM Peak,1,5,110.0000,0.0000,18.0000,22.0000,5.0000,3.5000,3.0000,1.0000
INT0017,AM Peak,1,6,110.0000,0.0000,50.0000,54.5000,15.0000,2.5000,3.5000,1.0000
INT0017,AM Peak,1,7,110.0000,0.0000,5.0000,9.0000,5.0000,3.0000,3.0000,1.0000
INT0017,AM Peak,1,8,110.0000,0.0000,20.0000,24.5000,8.0000,2.0000,3.5000,1.0000
INT0017,Midday,2,1,100.0000,0.0000,19.0000,23.0000,5.0000,2.5000,3.0000,1.0000
INT0017,Midday,2,2,100.0000,0.0000,40.0000,44.5000,15.0000,3.5000,3.5000,1.0000
INT0017,Midday,2,3,100.0000,0.0000,5.0000,9.0000,5.0000,2.0000,3.0000,1.0000
INT0017,Midday,2,4,100.0000,0.0000,19.0000,23.5000,8.0000,3.0000,3.5000,1.0000
INT0017,Midday,2,5,100.0000,0.0000,13.0000,17.0000,5.0000,2.5000,3.0000,1.0000
INT0017,Midday,2,6,100.0000,0.0000,46.0000,50.5000,15.0000,3.0000,3.5000,1.0000
INT0017,Midday,2,7,100.0000,0.0000,5.0000,9.0000,5.0000,2.0000,3.0000,1.0000
INT0017,Midday,2,8,100.0000,0.0000,19.0000,23.5000,8.0000,3.5000,3.5000,1.0000
INT0017,PM Peak,3,1,130.0000,0.0000,29.0000,33.0000,5.0000,3.0000,3.0000,1.0000
INT0017,PM Peak,3,2,130.0000,0.0000,49.0000,53.5000,15.0000,3.5000,3.5000,1.0000
INT0017,PM Peak,3,3,130.0000,0.0000,5.0000,9.0000,5.0000,2.5000,3.0000,1.0000
INT0017,PM Peak,3,4,130.0000,0.0000,30.0000,34.5000,8.0000,3.0000,3.5000,1.0000
INT0017,PM Peak,3,5,130.0000,0.0000,15.0000,19.0000,5.0000,2.0000,3.0000,1.0000
INT0017,PM Peak,3,6,130.0000,0.0000,63.0000,67.5000,15.0000,2.0000,3.5000,1.0000
INT0017,PM Peak,3,7,130.0000,0.0000,5.0000,9.0000,5.0000,2.0000,3.0000,1.0000
INT0017,PM Peak,3,8,130.0000,0.0000,30.0000,34.5000,8.0000,3.5000,3.5000,1.0000
INT0017,Weekend,4,1,110.0000,0.0000,22.0000,26.0000,5.0000,2.0000,3.0000,1.0000
INT0017,Weekend,4,2,110.0000,0.0000,44.0000,48.5000,15.0000,3.5000,3.5000,1.0000
INT0017,Weekend,4,3,110.0000,0.0000,5.0000,9.0000,5.0000,2.5000,3.0000,1.0000
INT0017,Weekend,4,4,110.0000,0.0000,22.0000,26.5000,8.0000,3.0000,3.5000,1.0000
INT0017,Weekend,4,5,110.0000,0.0000,15.0000,19.0000,5.0000,3.0000,3.0000,1.0000
INT0017,Weekend,4,6,110.0000,0.0000,51.0000,55.5000,15.0000,2.0000,3.5000,1.0000
INT0017,Weekend,4,7,110.0000,0.0000,5.0000,9.0000,5.0000,3.0000,3.0000,1.0000
INT0017,Weekend,4,8,110.0000,0.0000,22.0000,26.5000,8.0000,3.5000,3.5000,1.0000
INT0018,AM Peak,1,1,120.0000,0.0000,12.0000,16.0000,5.0000,2.5000,3.0000,1.0000
INT0018,AM Peak,1,2,120.0000,0.0000,50.0000,54.5000,15.0000,3.0000,3.5000,1.0000
INT0018,AM Peak,1,3,120.0000,0.0000,8.0000,12.0000,5.0000,3.0000,3.0000,1.0000
INT0018,AM Peak,1,4,120.0000,0.0000,33.0000,37.5000,8.0000,3.5000,3.5000,1.0000
INT0018,AM Peak,1,5,120.0000,0.0000,18.0000,22.0000,5.0000,3.5000,3.0000,1.0000
INT0018,AM Peak,1,6,120.0000,0.0000,44.0000,48.5000,15.0000,2.5000,3.5000,1.0000
INT0018,AM Peak,1,7,120.0000,0.0000,6.0000,10.0000,5.0000,3.0000,3.0000,1.0000
INT0018,AM Peak,1,8,120.0000,0.0000,35.0000,39.5000,8.0000,3.5000,3.5000,1.0000
INT0018,Midday,2,1,90.0000,0.0000,10.0000,14.0000,5.0000,2.5000,3.0000,1.0000
INT0018,Midday,2,2,90.0000,0.0000,34.0000,38.5000,15.0000,3.0000,3.5000,1.0000
INT0018,Midday,2,3,90.0000,0.0000,5.0000,9.0000,5.0000,2.5000,3.0000,1.0000
INT0018,Midday,2,4,90.0000,0.0000,24.0000,28.5000,8.0000,3.0000,3.5000,1.0000
INT0018,Midday,2,5,90.0000,0.0000,11.0000,15.0000,5.0000,2.5000,3.0000,1.0000
INT0018,Midday,2,6,90.0000,0.0000,33.0000,37.5000,15.0000,2.0000,3.5000,1.0000
INT0018,Midday,2,7,90.0000,0.0000,5.0000,9.0000,5.0000,3.5000,3.0000,1.0000
INT0018,Midday,2,8,90.0000,0.0000,24.0000,28.5000,8.0000,3.5000,3.5000,1.0000
INT0018,PM Peak,3,1,140.0000,0.0000,20.0000,24.0000,5.0000,2.5000,3.0000,1.0000
INT0018,PM Peak,3,2,140.0000,0.0000,53.0000,57.5000,15.0000,3.0000,3.5000,1.0000
INT0018,PM Peak,3,3,140.0000,0.0000,7.0000,11.0000,5.0000,3.5000,3.0000,1.0000
INT0018,PM Peak,3,4,140.0000,0.0000,43.0000,47.5000,8.0000,3.0000,3.5000,1.0000
INT0018,PM Peak,3,5,140.0000,0.0000,15.0000,19.0000,5.0000,3.0000,3.0000,1.0000
INT0018,PM Peak,3,6,140.0000,0.0000,58.0000,62.5000,15.0000,2.0000,3.5000,1.0000
INT0018,PM Peak,3,7,140.0000,0.0000,9.0000,13.0000,5.0000,3.0000,3.0000,1.0000
INT0018,PM Peak,3,8,140.0000,0.0000,41.0000,45.5000,8.0000,2.0000,3.5000,1.0000
INT0018,Weekend,4,1,110.0000,0.0000,13.0000,17.0000,5.0000,2.5000,3.0000,1.0000
INT0018,Weekend,4,2,110.0000,0.0000,42.0000,46.5000,15.0000,3.0000,3.5000,1.0000
INT0018,Weekend,4,3,110.0000,0.0000,7.0000,11.0000,5.0000,3.0000,3.0000,1.0000
INT0018,Weekend,4,4,110.0000,0.0000,31.0000,35.5000,8.0000,3.0000,3.5000,1.0000
INT0018,Weekend,4,5,110.0000,0.0000,14.0000,18.0000,5.0000,3.5000,3.0000,1.0000
INT0018,Weekend,4,6,110.0000,0.0000,41.0000,45.5000,15.0000,3.5000,3.5000,1.0000
INT0018,Weekend,4,7,110.0000,0.0000,6.0000,10.0000,5.0000,2.5000,3.0000,1.0000
INT0018,Weekend,4,8,110.0000,0.0000,32.0000,36.5000,8.0000,2.5000,3.5000,1.0000
INT0019,AM Peak,1,1,120.0000,58.0000,14.0000,18.0000,5.0000,3.0000,3.0000,1.0000
INT0019,AM Peak,1,2,120.0000,58.0000,47.0000,51.5000,15.0000,2.0000,3.5000,1.0000
INT0019,AM Peak,1,3,120.0000,58.0000,11.0000,15.0000,5.0000,2.5000,3.0000,1.0000
INT0019,AM Peak,1,4,120.0000,58.0000,31.0000,35.5000,8.0000,3.0000,3.5000,1.0000
INT0019,AM Peak,1,5,120.0000,58.0000,18.0000,22.0000,5.0000,2.0000,3.0000,1.0000
INT0019,AM Peak,1,6,120.0000,58.0000,43.0000,47.5000,15.0000,3.5000,3.5000,1.0000
INT0019,AM Peak,1,7,120.0000,58.0000,6.0000,10.0000,5.0000,2.0000,3.0000,1.0000
INT0019,AM Peak,1,8,120.0000,58.0000,36.0000,40.5000,8.0000,2.5000,3.5000,1.0000
INT0019,Midday,2,1,80.0000,30.0000,11.0000,15.0000,5.0000,2.5000,3.0000,1.0000
INT0019,Midday,2,2,80.0000,30.0000,28.0000,32.5000,15.0000,2.5000,3.5000,1.0000
INT0019,Midday,2,3,80.0000,30.0000,6.0000,10.0000,5.0000,2.5000,3.0000,1.0000
INT0019,Midday,2,4,80.0000,30.0000,18.0000,22.5000,8.0000,3.0000,3.5000,1.0000
INT0019,Midday,2,5,80.0000,30.0000,10.0000,14.0000,5.0000,2.0000,3.0000,1.0000
INT0019,Midday,2,6,80.0000,30.0000,29.0000,33.5000,15.0000,2.0000,3.5000,1.0000
INT0019,Midday,2,7,80.0000,30.0000,5.0000,9.0000,5.0000,3.5000,3.0000,1.0000
INT0019,Midday,2,8,80.0000,30.0000,19.0000,23.5000,8.0000,2.5000,3.5000,1.0000
INT0019,PM Peak,3,1,130.0000,19.0000,23.0000,27.0000,5.0000,3.5000,3.0000,1.0000
INT0019,PM Peak,3,2,130.0000,19.0000,50.0000,54.5000,15.0000,3.5000,3.5000,1.0000
INT0019,PM Peak,3,3,130.0000,19.0000,8.0000,12.0000,5.0000,2.5000,3.0000,1.0000
INT0019,PM Peak,3,4,130.0000,19.0000,32.0000,36.5000,8.0000,3.5000,3.5000,1.0000
INT0019,PM Peak,3,5,130.0000,19.0000,15.0000,19.0000,5.0000,2.5000,3.0000,1.0000
INT0019,PM Peak,3,6,130.0000,19.0000,58.0000,62.5000,15.0000,3.0000,3.5000,1.0000
INT0019,PM Peak,3,7,130.0000,19.0000,7.0000,11.0000,5.0000,2.5000,3.0000,1.0000
INT0019,PM Peak,3,8,130.0000,19.0000,33.0000,37.5000,8.0000,2.5000,3.5000,1.0000
INT0019,Weekend,4,1,100.0000,1.0000,14.0000,18.0000,5.0000,3.0000,3.0000,1.0000
INT0019,Weekend,4,2,100.0000,1.0000,37.0000,41.5000,15.0000,2.5000,3.5000,1.0000
INT0019,Weekend,4,3,100.0000,1.0000,7.0000,11.0000,5.0000,3.0000,3.0000,1.0000
INT0019,Weekend,4,4,100.0000,1.0000,25.0000,29.5000,8.0000,2.0000,3.5000,1.0000
INT0019,Weekend,4,5,100.0000,1.0000,13.0000,17.0000,5.0000,3.5000,3.0000,1.0000
INT0019,Weekend,4,6,100.0000,1.0000,38.0000,42.5000,15.0000,3.0000,3.5000,1.0000
INT0019,Weekend,4,7,100.0000,1.0000,5.0000,9.0000,5.0000,2.5000,3.0000,1.0000
INT0019,Weekend,4,8,100.0000,1.0000,27.0000,31.5000,8.0000,2.5000,3.5000,1.0000
INT0020,AM Peak,1,1,100.1000,0.0000,6.0000,11.8000,5.0000,0.0000,4.4000,1.4000
INT0020,AM Peak,1,2,100.1000,0.0000,39.1000,44.2000,15.0000,0.0000,4.0000,1.1000
INT0020,AM Peak,1,3,100.1000,0.0000,6.0000,12.5000,5.0000,0.0000,3.5000,3.0000
INT0020,AM Peak,1,4,100.1000,0.0000,26.0000,31.6000,8.0000,0.0000,3.6000,2.0000
INT0020,AM Peak,1,5,100.1000,0.0000,5.0000,10.5000,5.0000,0.0000,4.2000,1.3000
INT0020,AM Peak,1,6,100.1000,0.0000,39.0000,45.5000,15.0000,0.0000,5.4000,1.1000
INT0020,AM Peak,1,7,100.1000,0.0000,7.0000,13.4000,5.0000,0.0000,3.5000,2.9000
INT0020,AM Peak,1,8,100.1000,0.0000,25.0000,30.7000,8.0000,0.0000,3.6000,2.1000
INT0020,Midday,2,1,100.1000,0.0000,7.0000,12.8000,5.0000,0.0000,4.4000,1.4000
INT0020,Midday,2,2,100.1000,0.0000,38.1000,43.2000,15.0000,0.0000,4.0000,1.1000
INT0020,Midday,2,3,100.1000,0.0000,5.0000,11.5000,5.0000,0.0000,3.5000,3.0000
INT0020,Midday,2,4,100.1000,0.0000,27.0000,32.6000,8.0000,0.0000,3.6000,2.0000
INT0020,Midday,2,5,100.1000,0.0000,5.0000,10.5000,5.0000,0.0000,4.2000,1.3000
INT0020,Midday,2,6,100.1000,0.0000,39.0000,45.5000,15.0000,0.0000,5.4000,1.1000
INT0020,Midday,2,7,100.1000,0.0000,8.0000,14.4000,5.0000,0.0000,3.5000,2.9000
INT0020,Midday,2,8,100.1000,0.0000,24.0000,29.7000,8.0000,0.0000,3.6000,2.1000
INT0020,PM Peak,3,1,100.1000,0.0000,9.0000,14.8000,5.0000,0.0000,4.4000,1.4000
INT0020,PM Peak,3,2,100.1000,0.0000,36.1000,41.2000,15.0000,0.0000,4.0000,1.1000
INT0020,PM Peak,3,3,100.1000,0.0000,5.0000,11.5000,5.0000,0.0000,3.5000,3.0000
INT0020,PM Peak,3,4,100.1000,0.0000,27.0000,32.6000,8.0000,0.0000,3.6000,2.0000
INT0020,PM Peak,3,5,100.1000,0.0000,5.0000,10.5000,5.0000,0.0000,4.2000,1.3000
INT0020,PM Peak,3,6,100.1000,0.0000,39.0000,45.5000,15.0000,0.0000,5.4000,1.1000
INT0020,PM Peak,3,7,100.1000,0.0000,9.0000,15.4000,5.0000,0.0000,3.5000,2.9000
INT0020,PM Peak,3,8,100.1000,0.0000,23.0000,28.7000,8.0000,0.0000,3.6000,2.1000
INT0020,Weekend,4,1,100.1000,0.0000,7.0000,12.8000,5.0000,0.0000,4.4000,1.4000
INT0020,Weekend,4,2,100.1000,0.0000,38.1000,43.2000,15.0000,0.0000,4.0000,1.1000
INT0020,Weekend,4,3,100.1000,0.0000,5.0000,11.5000,5.0000,0.0000,3.5000,3.0000
INT0020,Weekend,4,4,100.1000,0.0000,27.0000,32.6000,8.0000,0.0000,3.6000,2.0000
INT0020,Weekend,4,5,100.1000,0.0000,5.0000,10.5000,5.0000,0.0000,4.2000,1.3000
INT0020,Weekend,4,6,100.1000,0.0000,39.0000,45.5000,15.0000,0.0000,5.4000,1.1000
INT0020,Weekend,4,7,100.1000,0.0000,8.0000,14.4000,5.0000,0.0000,3.5000,2.9000
INT0020,Weekend,4,8,100.1000,0.0000,24.0000,29.7000,8.0000,0.0000,3.6000,2.1000
INT0021,AM Peak,1,1,110.2000,92.0000,9.0000,14.2000,5.0000,3.0000,3.8000,1.4000
INT0021,AM Peak,1,2,110.2000,92.0000,44.0000,50.2000,15.0000,2.5000,5.0000,1.2000
INT0021,AM Peak,1,3,110.2000,92.0000,12.0000,19.3000,5.0000,2.5000,3.0000,4.3000
INT0021,AM Peak,1,4,110.2000,92.0000,20.0000,26.5000,8.0000,3.0000,3.6000,2.9000
INT0021,AM Peak,1,5,110.2000,92.0000,8.0000,13.6000,5.0000,3.0000,4.2000,1.4000
INT0021,AM Peak,1,6,110.2000,92.0000,45.1000,50.8000,15.0000,3.0000,4.5000,1.2000
INT0021,AM Peak,1,7,110.2000,92.0000,5.0000,12.3000,5.0000,2.0000,3.0000,4.3000
INT0021,AM Peak,1,8,110.2000,92.0000,27.6000,33.5000,8.0000,2.5000,3.0000,2.9000
INT0021,Midday,2,1,80.2000,77.0000,7.0000,12.2000,5.0000,2.5000,3.8000,1.4000
INT0021,Midday,2,2,80.2000,77.0000,26.0000,32.2000,15.0000,2.0000,5.0000,1.2000
INT0021,Midday,2,3,80.2000,77.0000,7.0000,14.3000,5.0000,3.5000,3.0000,4.3000
INT0021,Midday,2,4,80.2000,77.0000,15.0000,21.5000,8.0000,3.0000,3.6000,2.9000
INT0021,Midday,2,5,80.2000,77.0000,5.0000,10.6000,5.0000,2.5000,4.2000,1.4000
INT0021,Midday,2,6,80.2000,77.0000,28.1000,33.8000,15.0000,3.5000,4.5000,1.2000
INT0021,Midday,2,7,80.2000,77.0000,5.0000,12.3000,5.0000,2.5000,3.0000,4.3000
INT0021,Midday,2,8,80.2000,77.0000,17.6000,23.5000,8.0000,2.0000,3.0000,2.9000
INT0021,PM Peak,3,1,130.2000,37.0000,15.0000,20.2000,5.0000,3.5000,3.8000,1.4000
INT0021,PM Peak,3,2,130.2000,37.0000,49.0000,55.2000,15.0000,3.0000,5.0000,1.2000
INT0021,PM Peak,3,3,130.2000,37.0000,12.0000,19.3000,5.0000,2.0000,3.0000,4.3000
INT0021,PM Peak,3,4,130.2000,37.0000,29.0000,35.5000,8.0000,2.5000,3.6000,2.9000
INT0021,PM Peak,3,5,130.2000,37.0000,7.0000,12.6000,5.0000,2.5000,4.2000,1.4000
INT0021,PM Peak,3,6,130.2000,37.0000,57.1000,62.8000,15.0000,2.0000,4.5000,1.2000
INT0021,PM Peak,3,7,130.2000,37.0000,5.0000,12.3000,5.0000,2.5000,3.0000,4.3000
INT0021,PM Peak,3,8,130.2000,37.0000,36.6000,42.5000,8.0000,2.0000,3.0000,2.9000
INT0021,Weekend,4,1,100.2000,3.0000,9.0000,14.2000,5.0000,3.0000,3.8000,1.4000
INT0021,Weekend,4,2,100.2000,3.0000,36.0000,42.2000,15.0000,3.0000,5.0000,1.2000
INT0021,Weekend,4,3,100.2000,3.0000,10.0000,17.3000,5.0000,3.5000,3.0000,4.3000
INT0021,Weekend,4,4,100.2000,3.0000,20.0000,26.5000,8.0000,3.5000,3.6000,2.9000
INT0021,Weekend,4,5,100.2000,3.0000,6.0000,11.6000,5.0000,3.0000,4.2000,1.4000
INT0021,Weekend,4,6,100.2000,3.0000,39.1000,44.8000,15.0000,2.0000,4.5000,1.2000
INT0021,Weekend,4,7,100.2000,3.0000,5.0000,12.3000,5.0000,3.5000,3.0000,4.3000
INT0021,Weekend,4,8,100.2000,3.0000,25.6000,31.5000,8.0000,2.0000,3.0000,2.9000
INT0022,AM Peak,1,1,109.8000,0.0000,8.0000,13.8000,5.0000,3.0000,4.4000,1.4000
INT0022,AM Peak,1,2,109.8000,0.0000,44.1000,51.2000,15.0000,3.5000,5.9000,1.2000
INT0022,AM Peak,1,3,109.8000,0.0000,7.0000,14.2000,5.0000,2.5000,3.2000,4.0000
INT0022,AM Peak,1,4,109.8000,0.0000,24.0000,30.6000,8.0000,2.0000,3.7000,2.9000
INT0022,AM Peak,1,5,109.8000,0.0000,19.0000,25.5000,5.0000,3.0000,5.1000,1.4000
INT0022,AM Peak,1,6,109.8000,0.0000,33.0000,39.5000,15.0000,2.0000,5.3000,1.2000
INT0022,AM Peak,1,7,109.8000,0.0000,5.0000,12.0000,5.0000,3.5000,3.0000,4.0000
INT0022,AM Peak,1,8,109.8000,0.0000,26.3000,32.8000,8.0000,2.5000,3.6000,2.9000
INT0022,Midday,2,1,100.8000,0.0000,9.0000,14.8000,5.0000,2.0000,4.4000,1.4000
INT0022,Midday,2,2,100.8000,0.0000,39.1000,46.2000,15.0000,2.5000,5.9000,1.2000
INT0022,Midday,2,3,100.8000,0.0000,5.0000,12.2000,5.0000,2.5000,3.2000,4.0000
INT0022,Midday,2,4,100.8000,0.0000,21.0000,27.6000,8.0000,2.5000,3.7000,2.9000
INT0022,Midday,2,5,100.8000,0.0000,15.0000,21.5000,5.0000,2.0000,5.1000,1.4000
INT0022,Midday,2,6,100.8000,0.0000,33.0000,39.5000,15.0000,2.5000,5.3000,1.2000
INT0022,Midday,2,7,100.8000,0.0000,5.0000,12.0000,5.0000,3.0000,3.0000,4.0000
INT0022,Midday,2,8,100.8000,0.0000,21.3000,27.8000,8.0000,2.5000,3.6000,2.9000
INT0022,PM Peak,3,1,129.8000,0.0000,15.0000,20.8000,5.0000,3.0000,4.4000,1.4000
INT0022,PM Peak,3,2,129.8000,0.0000,54.1000,61.2000,15.0000,3.5000,5.9000,1.2000
INT0022,PM Peak,3,3,129.8000,0.0000,6.0000,13.2000,5.0000,3.5000,3.2000,4.0000
INT0022,PM Peak,3,4,129.8000,0.0000,28.0000,34.6000,8.0000,3.5000,3.7000,2.9000
INT0022,PM Peak,3,5,129.8000,0.0000,18.0000,24.5000,5.0000,3.0000,5.1000,1.4000
INT0022,PM Peak,3,6,129.8000,0.0000,51.0000,57.5000,15.0000,2.0000,5.3000,1.2000
INT0022,PM Peak,3,7,129.8000,0.0000,6.0000,13.0000,5.0000,2.5000,3.0000,4.0000
INT0022,PM Peak,3,8,129.8000,0.0000,28.3000,34.8000,8.0000,2.0000,3.6000,2.9000
INT0022,Weekend,4,1,109.8000,0.0000,10.0000,15.8000,5.0000,2.0000,4.4000,1.4000
INT0022,Weekend,4,2,109.8000,0.0000,44.1000,51.2000,15.0000,2.5000,5.9000,1.2000
INT0022,Weekend,4,3,109.8000,0.0000,6.0000,13.2000,5.0000,2.0000,3.2000,4.0000
INT0022,Weekend,4,4,109.8000,0.0000,23.0000,29.6000,8.0000,3.0000,3.7000,2.9000
INT0022,Weekend,4,5,109.8000,0.0000,17.0000,23.5000,5.0000,2.5000,5.1000,1.4000
INT0022,Weekend,4,6,109.8000,0.0000,37.0000,43.5000,15.0000,3.0000,5.3000,1.2000
INT0022,Weekend,4,7,109.8000,0.0000,5.0000,12.0000,5.0000,3.0000,3.0000,4.0000
INT0022,Weekend,4,8,109.8000,0.0000,24.3000,30.8000,8.0000,3.0000,3.6000,2.9000
INT0023,AM Peak,1,1,119.3000,0.0000,10.0000,15.2000,5.0000,3.5000,3.1000,2.1000
INT0023,AM Peak,1,2,119.3000,0.0000,52.4000,57.3000,15.0000,2.5000,3.4000,1.5000
INT0023,AM Peak,1,3,119.3000,0.0000,5.0000,12.5000,5.0000,3.5000,3.0000,4.5000
INT0023,AM Peak,1,4,119.3000,0.0000,28.0000,34.3000,8.0000,2.5000,3.3000,3.0000
INT0023,AM Peak,1,5,119.3000,0.0000,9.0000,14.1000,5.0000,2.5000,3.0000,2.1000
INT0023,AM Peak,1,6,119.3000,0.0000,53.0000,58.4000,15.0000,3.0000,3.9000,1.5000
INT0023,AM Peak,1,7,119.3000,0.0000,5.0000,12.5000,5.0000,2.5000,3.0000,4.5000
INT0023,AM Peak,1,8,119.3000,0.0000,28.0000,34.3000,8.0000,3.5000,3.3000,3.0000
INT0023,Midday,2,1,89.3000,0.0000,8.0000,13.2000,5.0000,2.0000,3.1000,2.1000
INT0023,Midday,2,2,89.3000,0.0000,32.4000,37.3000,15.0000,3.0000,3.4000,1.5000
INT0023,Midday,2,3,89.3000,0.0000,5.0000,12.5000,5.0000,3.5000,3.0000,4.5000
INT0023,Midday,2,4,89.3000,0.0000,20.0000,26.3000,8.0000,3.0000,3.3000,3.0000
INT0023,Midday,2,5,89.3000,0.0000,5.0000,10.1000,5.0000,2.5000,3.0000,2.1000
INT0023,Midday,2,6,89.3000,0.0000,35.0000,40.4000,15.0000,2.0000,3.9000,1.5000
INT0023,Midday,2,7,89.3000,0.0000,5.0000,12.5000,5.0000,3.5000,3.0000,4.5000
INT0023,Midday,2,8,89.3000,0.0000,20.0000,26.3000,8.0000,2.0000,3.3000,3.0000
INT0023,PM Peak,3,1,140.3000,0.0000,17.0000,22.2000,5.0000,2.5000,3.1000,2.1000
INT0023,PM Peak,3,2,140.3000,0.0000,56.4000,61.3000,15.0000,3.5000,3.4000,1.5000
INT0023,PM Peak,3,3,140.3000,0.0000,5.0000,12.5000,5.0000,3.0000,3.0000,4.5000
INT0023,PM Peak,3,4,140.3000,0.0000,38.0000,44.3000,8.0000,3.5000,3.3000,3.0000
INT0023,PM Peak,3,5,140.3000,0.0000,7.0000,12.1000,5.0000,3.5000,3.0000,2.1000
INT0023,PM Peak,3,6,140.3000,0.0000,66.0000,71.4000,15.0000,3.0000,3.9000,1.5000
INT0023,PM Peak,3,7,140.3000,0.0000,8.0000,15.5000,5.0000,2.0000,3.0000,4.5000
INT0023,PM Peak,3,8,140.3000,0.0000,35.0000,41.3000,8.0000,3.5000,3.3000,3.0000
INT0023,Weekend,4,1,89.3000,0.0000,8.0000,13.2000,5.0000,2.0000,3.1000,2.1000
INT0023,Weekend,4,2,89.3000,0.0000,32.4000,37.3000,15.0000,3.5000,3.4000,1.5000
INT0023,Weekend,4,3,89.3000,0.0000,5.0000,12.5000,5.0000,2.5000,3.0000,4.5000
INT0023,Weekend,4,4,89.3000,0.0000,20.0000,26.3000,8.0000,3.0000,3.3000,3.0000
INT0023,Weekend,4,5,89.3000,0.0000,5.0000,10.1000,5.0000,3.5000,3.0000,2.1000
INT0023,Weekend,4,6,89.3000,0.0000,35.0000,40.4000,15.0000,3.0000,3.9000,1.5000
INT0023,Weekend,4,7,89.3000,0.0000,5.0000,12.5000,5.0000,2.0000,3.0000,4.5000
INT0023,Weekend,4,8,89.3000,0.0000,20.0000,26.3000,8.0000,3.0000,3.3000,3.0000
INT0024,AM Peak,1,1,110.5000,33.0000,16.0000,21.9000,5.0000,2.0000,3.7000,2.2000
INT0024,AM Peak,1,2,110.5000,33.0000,44.0000,50.2000,15.0000,3.0000,4.8000,1.4000
INT0024,AM Peak,1,3,110.5000,33.0000,5.0000,11.6000,5.0000,3.5000,3.6000,3.0000
INT0024,AM Peak,1,4,110.5000,33.0000,20.5000,26.8000,8.0000,3.5000,3.5000,2.8000
INT0024,AM Peak,1,5,110.5000,33.0000,24.0000,29.8000,5.0000,3.0000,4.1000,1.7000
INT0024,AM Peak,1,6,110.5000,33.0000,36.2000,42.3000,15.0000,3.0000,4.6000,1.5000
INT0024,AM Peak,1,7,110.5000,33.0000,5.0000,12.1000,5.0000,2.0000,3.5000,3.6000
INT0024,AM Peak,1,8,110.5000,33.0000,20.0000,26.3000,8.0000,2.5000,3.7000,2.6000
INT0024,Midday,2,1,79.5000,34.0000,12.0000,17.9000,5.0000,3.5000,3.7000,2.2000
INT0024,Midday,2,2,79.5000,34.0000,26.0000,32.2000,15.0000,2.5000,4.8000,1.4000
INT0024,Midday,2,3,79.5000,34.0000,5.0000,11.6000,5.0000,2.5000,3.6000,3.0000
INT0024,Midday,2,4,79.5000,34.0000,11.5000,17.8000,8.0000,3.0000,3.5000,2.8000
INT0024,Midday,2,5,79.5000,34.0000,14.0000,19.8000,5.0000,2.5000,4.1000,1.7000
INT0024,Midday,2,6,79.5000,34.0000,24.2000,30.3000,15.0000,3.0000,4.6000,1.5000
INT0024,Midday,2,7,79.5000,34.0000,5.0000,12.1000,5.0000,2.5000,3.5000,3.6000
INT0024,Midday,2,8,79.5000,34.0000,11.0000,17.3000,8.0000,2.0000,3.7000,2.6000
INT0024,PM Peak,3,1,120.5000,67.0000,24.0000,29.9000,5.0000,2.5000,3.7000,2.2000
INT0024,PM Peak,3,2,120.5000,67.0000,42.0000,48.2000,15.0000,2.0000,4.8000,1.4000
INT0024,PM Peak,3,3,120.5000,67.0000,5.0000,11.6000,5.0000,3.0000,3.6000,3.0000
INT0024,PM Peak,3,4,120.5000,67.0000,24.5000,30.8000,8.0000,2.0000,3.5000,2.8000
INT0024,PM Peak,3,5,120.5000,67.0000,20.0000,25.8000,5.0000,3.5000,4.1000,1.7000
INT0024,PM Peak,3,6,120.5000,67.0000,46.2000,52.3000,15.0000,2.0000,4.6000,1.5000
INT0024,PM Peak,3,7,120.5000,67.0000,5.0000,12.1000,5.0000,2.5000,3.5000,3.6000
INT0024,PM Peak,3,8,120.5000,67.0000,24.0000,30.3000,8.0000,3.5000,3.7000,2.6000
INT0024,Weekend,4,1,99.5000,1.0000,16.0000,21.9000,5.0000,2.0000,3.7000,2.2000
INT0024,Weekend,4,2,99.5000,1.0000,36.0000,42.2000,15.0000,3.5000,4.8000,1.4000
INT0024,Weekend,4,3,99.5000,1.0000,5.0000,11.6000,5.0000,2.0000,3.6000,3.0000
INT0024,Weekend,4,4,99.5000,1.0000,17.5000,23.8000,8.0000,3.5000,3.5000,2.8000
INT0024,Weekend,4,5,99.5000,1.0000,19.0000,24.8000,5.0000,2.5000,4.1000,1.7000
INT0024,Weekend,4,6,99.5000,1.0000,33.2000,39.3000,15.0000,3.0000,4.6000,1.5000
INT0024,Weekend,4,7,99.5000,1.0000,5.0000,12.1000,5.0000,2.0000,3.5000,3.6000
INT0024,Weekend,4,8,99.5000,1.0000,17.0000,23.3000,8.0000,2.5000,3.7000,2.6000
INT0025,AM Peak,1,1,99.8000,0.0000,15.0000,20.0000,5.0000,0.0000,3.5000,1.5000
INT0025,AM Peak,1,2,99.8000,0.0000,26.5000,32.6000,15.0000,0.0000,4.9000,1.2000
INT0025,AM Peak,1,3,99.8000,0.0000,5.0000,13.2000,5.0000,0.0000,3.5000,4.7000
INT0025,AM Peak,1,4,99.8000,0.0000,27.1000,34.0000,8.0000,0.0000,3.6000,3.3000
INT0025,AM Peak,1,5,99.8000,0.0000,17.0000,23.0000,5.0000,0.0000,4.6000,1.4000
INT0025,AM Peak,1,6,99.8000,0.0000,24.0000,29.6000,15.0000,0.0000,4.4000,1.2000
INT0025,AM Peak,1,7,99.8000,0.0000,8.0000,16.4000,5.0000,0.0000,3.7000,4.7000
INT0025,AM Peak,1,8,99.8000,0.0000,24.0000,30.8000,8.0000,0.0000,3.5000,3.3000
INT0025,Midday,2,1,99.8000,0.0000,17.0000,22.0000,5.0000,0.0000,3.5000,1.5000
INT0025,Midday,2,2,99.8000,0.0000,24.5000,30.6000,15.0000,0.0000,4.9000,1.2000
INT0025,Midday,2,3,99.8000,0.0000,5.0000,13.2000,5.0000,0.0000,3.5000,4.7000
INT0025,Midday,2,4,99.8000,0.0000,27.1000,34.0000,8.0000,0.0000,3.6000,3.3000
INT0025,Midday,2,5,99.8000,0.0000,15.0000,21.0000,5.0000,0.0000,4.6000,1.4000
INT0025,Midday,2,6,99.8000,0.0000,26.0000,31.6000,15.0000,0.0000,4.4000,1.2000
INT0025,Midday,2,7,99.8000,0.0000,9.0000,17.4000,5.0000,0.0000,3.7000,4.7000
INT0025,Midday,2,8,99.8000,0.0000,23.0000,29.8000,8.0000,0.0000,3.5000,3.3000
INT0025,PM Peak,3,1,100.8000,0.0000,19.0000,24.0000,5.0000,0.0000,3.5000,1.5000
INT0025,PM Peak,3,2,100.8000,0.0000,23.5000,29.6000,15.0000,0.0000,4.9000,1.2000
INT0025,PM Peak,3,3,100.8000,0.0000,5.0000,13.2000,5.0000,0.0000,3.5000,4.7000
INT0025,PM Peak,3,4,100.8000,0.0000,27.1000,34.0000,8.0000,0.0000,3.6000,3.3000
INT0025,PM Peak,3,5,100.8000,0.0000,13.0000,19.0000,5.0000,0.0000,4.6000,1.4000
INT0025,PM Peak,3,6,100.8000,0.0000,29.0000,34.6000,15.0000,0.0000,4.4000,1.2000
INT0025,PM Peak,3,7,100.8000,0.0000,9.0000,17.4000,5.0000,0.0000,3.7000,4.7000
INT0025,PM Peak,3,8,100.8000,0.0000,23.0000,29.8000,8.0000,0.0000,3.5000,3.3000
INT0025,Weekend,4,1,99.8000,0.0000,17.0000,22.0000,5.0000,0.0000,3.5000,1.5000
INT0025,Weekend,4,2,99.8000,0.0000,24.5000,30.6000,15.0000,0.0000,4.9000,1.2000
INT0025,Weekend,4,3,99.8000,0.0000,5.0000,13.2000,5.0000,0.0000,3.5000,4.7000
INT0025,Weekend,4,4,99.8000,0.0000,27.1000,34.0000,8.0000,0.0000,3.6000,3.3000
INT0025,Weekend,4,5,99.8000,0.0000,15.0000,21.0000,5.0000,0.0000,4.6000,1.4000
INT0025,Weekend,4,6,99.8000,0.0000,26.0000,31.6000,15.0000,0.0000,4.4000,1.2000
INT0025,Weekend,4,7,99.8000,0.0000,9.0000,17.4000,5.0000,0.0000,3.7000,4.7000
INT0025,Weekend,4,8,99.8000,0.0000,23.0000,29.8000,8.0000,0.0000,3.5000,3.3000
INT0026,AM Peak,1,1,120.6000,100.0000,5.0000,10.4000,5.0000,3.5000,3.9000,1.5000
INT0026,AM Peak,1,2,120.6000,100.0000,58.0000,63.7000,15.0000,2.0000,4.4000,1.3000
INT0026,AM Peak,1,3,120.6000,100.0000,12.0000,19.8000,5.0000,3.5000,3.6000,4.2000
INT0026,AM Peak,1,4,120.6000,100.0000,20.0000,26.7000,8.0000,2.5000,4.0000,2.7000
INT0026,AM Peak,1,5,120.6000,100.0000,26.0000,31.4000,5.0000,3.0000,3.7000,1.7000
INT0026,AM Peak,1,6,120.6000,100.0000,37.2000,42.7000,15.0000,3.0000,4.1000,1.4000
INT0026,AM Peak,1,7,120.6000,100.0000,9.0000,16.7000,5.0000,3.5000,3.5000,4.2000
INT0026,AM Peak,1,8,120.6000,100.0000,23.2000,29.8000,8.0000,3.5000,3.6000,3.0000
INT0026,Midday,2,1,99.6000,91.0000,5.0000,10.4000,5.0000,2.0000,3.9000,1.5000
INT0026,Midday,2,2,99.6000,91.0000,45.0000,50.7000,15.0000,2.0000,4.4000,1.3000
INT0026,Midday,2,3,99.6000,91.0000,9.0000,16.8000,5.0000,2.5000,3.6000,4.2000
INT0026,Midday,2,4,99.6000,91.0000,15.0000,21.7000,8.0000,2.0000,4.0000,2.7000
INT0026,Midday,2,5,99.6000,91.0000,18.0000,23.4000,5.0000,2.0000,3.7000,1.7000
INT0026,Midday,2,6,99.6000,91.0000,32.2000,37.7000,15.0000,2.5000,4.1000,1.4000
INT0026,Midday,2,7,99.6000,91.0000,7.0000,14.7000,5.0000,2.5000,3.5000,4.2000
INT0026,Midday,2,8,99.6000,91.0000,17.2000,23.8000,8.0000,3.0000,3.6000,3.0000
INT0026,PM Peak,3,1,120.6000,6.0000,8.0000,13.4000,5.0000,2.5000,3.9000,1.5000
INT0026,PM Peak,3,2,120.6000,6.0000,56.0000,61.7000,15.0000,2.5000,4.4000,1.3000
INT0026,PM Peak,3,3,120.6000,6.0000,10.0000,17.8000,5.0000,2.0000,3.6000,4.2000
INT0026,PM Peak,3,4,120.6000,6.0000,21.0000,27.7000,8.0000,2.0000,4.0000,2.7000
INT0026,PM Peak,3,5,120.6000,6.0000,20.0000,25.4000,5.0000,2.5000,3.7000,1.7000
INT0026,PM Peak,3,6,120.6000,6.0000,44.2000,49.7000,15.0000,3.0000,4.1000,1.4000
INT0026,PM Peak,3,7,120.6000,6.0000,10.0000,17.7000,5.0000,3.5000,3.5000,4.2000
INT0026,PM Peak,3,8,120.6000,6.0000,21.2000,27.8000,8.0000,3.0000,3.6000,3.0000
INT0026,Weekend,4,1,110.6000,33.0000,6.0000,11.4000,5.0000,2.0000,3.9000,1.5000
INT0026,Weekend,4,2,110.6000,33.0000,51.0000,56.7000,15.0000,2.0000,4.4000,1.3000
INT0026,Weekend,4,3,110.6000,33.0000,10.0000,17.8000,5.0000,3.5000,3.6000,4.2000
INT0026,Weekend,4,4,110.6000,33.0000,18.0000,24.7000,8.0000,3.0000,4.0000,2.7000
INT0026,Weekend,4,5,110.6000,33.0000,20.0000,25.4000,5.0000,2.0000,3.7000,1.7000
INT0026,Weekend,4,6,110.6000,33.0000,37.2000,42.7000,15.0000,2.0000,4.1000,1.4000
INT0026,Weekend,4,7,110.6000,33.0000,8.0000,15.7000,5.0000,3.5000,3.5000,4.2000
INT0026,Weekend,4,8,110.6000,33.0000,20.2000,26.8000,8.0000,3.5000,3.6000,3.0000
INT0027,AM Peak,1,1,99.4000,0.0000,6.0000,11.1000,5.0000,0.0000,3.7000,1.4000
INT0027,AM Peak,1,2,99.4000,0.0000,35.0000,40.5000,15.0000,0.0000,4.4000,1.1000
INT0027,AM Peak,1,3,99.4000,0.0000,5.0000,10.2000,5.0000,0.0000,3.2000,2.0000
INT0027,AM Peak,1,4,99.4000,0.0000,32.1000,37.6000,8.0000,0.0000,4.0000,1.5000
INT0027,AM Peak,1,5,99.4000,0.0000,16.0000,21.0000,5.0000,0.0000,3.6000,1.4000
INT0027,AM Peak,1,6,99.4000,0.0000,25.0000,30.6000,15.0000,0.0000,4.5000,1.1000
INT0027,AM Peak,1,7,99.4000,0.0000,9.0000,14.3000,5.0000,0.0000,3.3000,2.0000
INT0027,AM Peak,1,8,99.4000,0.0000,28.0000,33.5000,8.0000,0.0000,4.0000,1.5000
INT0027,Midday,2,1,99.4000,0.0000,8.0000,13.1000,5.0000,0.0000,3.7000,1.4000
INT0027,Midday,2,2,99.4000,0.0000,34.0000,39.5000,15.0000,0.0000,4.4000,1.1000
INT0027,Midday,2,3,99.4000,0.0000,5.0000,10.2000,5.0000,0.0000,3.2000,2.0000
INT0027,Midday,2,4,99.4000,0.0000,31.1000,36.6000,8.0000,0.0000,4.0000,1.5000
INT0027,Midday,2,5,99.4000,0.0000,14.0000,19.0000,5.0000,0.0000,3.6000,1.4000
INT0027,Midday,2,6,99.4000,0.0000,28.0000,33.6000,15.0000,0.0000,4.5000,1.1000
INT0027,Midday,2,7,99.4000,0.0000,9.0000,14.3000,5.0000,0.0000,3.3000,2.0000
INT0027,Midday,2,8,99.4000,0.0000,27.0000,32.5000,8.0000,0.0000,4.0000,1.5000
INT0027,PM Peak,3,1,100.4000,0.0000,9.0000,14.1000,5.0000,0.0000,3.7000,1.4000
INT0027,PM Peak,3,2,100.4000,0.0000,35.0000,40.5000,15.0000,0.0000,4.4000,1.1000
INT0027,PM Peak,3,3,100.4000,0.0000,5.0000,10.2000,5.0000,0.0000,3.2000,2.0000
INT0027,PM Peak,3,4,100.4000,0.0000,30.1000,35.6000,8.0000,0.0000,4.0000,1.5000
INT0027,PM Peak,3,5,100.4000,0.0000,13.0000,18.0000,5.0000,0.0000,3.6000,1.4000
INT0027,PM Peak,3,6,100.4000,0.0000,31.0000,36.6000,15.0000,0.0000,4.5000,1.1000
INT0027,PM Peak,3,7,100.4000,0.0000,10.0000,15.3000,5.0000,0.0000,3.3000,2.0000
INT0027,PM Peak,3,8,100.4000,0.0000,25.0000,30.5000,8.0000,0.0000,4.0000,1.5000
INT0027,Weekend,4,1,99.4000,0.0000,8.0000,13.1000,5.0000,0.0000,3.7000,1.4000
INT0027,Weekend,4,2,99.4000,0.0000,34.0000,39.5000,15.0000,0.0000,4.4000,1.1000
INT0027,Weekend,4,3,99.4000,0.0000,5.0000,10.2000,5.0000,0.0000,3.2000,2.0000
INT0027,Weekend,4,4,99.4000,0.0000,31.1000,36.6000,8.0000,0.0000,4.0000,1.5000
INT0027,Weekend,4,5,99.4000,0.0000,14.0000,19.0000,5.0000,0.0000,3.6000,1.4000
INT0027,Weekend,4,6,99.4000,0.0000,28.0000,33.6000,15.0000,0.0000,4.5000,1.1000
INT0027,Weekend,4,7,99.4000,0.0000,9.0000,14.3000,5.0000,0.0000,3.3000,2.0000
INT0027,Weekend,4,8,99.4000,0.0000,27.0000,32.5000,8.0000,0.0000,4.0000,1.5000
INT0028,AM Peak,1,1,120.5000,23.0000,10.0000,15.3000,5.0000,2.0000,3.0000,2.3000
INT0028,AM Peak,1,2,120.5000,23.0000,55.0000,60.7000,15.0000,2.0000,4.1000,1.6000
INT0028,AM Peak,1,3,120.5000,23.0000,5.0000,12.7000,5.0000,3.0000,3.0000,4.7000
INT0028,AM Peak,1,4,120.5000,23.0000,25.0000,31.8000,8.0000,2.0000,3.1000,3.7000
INT0028,AM Peak,1,5,120.5000,23.0000,26.0000,31.5000,5.0000,2.0000,3.2000,2.3000
INT0028,AM Peak,1,6,120.5000,23.0000,39.6000,44.5000,15.0000,2.5000,3.3000,1.6000
INT0028,AM Peak,1,7,120.5000,23.0000,5.0000,12.7000,5.0000,3.5000,3.0000,4.7000
INT0028,AM Peak,1,8,120.5000,23.0000,25.1000,31.8000,8.0000,3.0000,3.0000,3.7000
INT0028,Midday,2,1,99.5000,64.0000,9.0000,14.3000,5.0000,3.0000,3.0000,2.3000
INT0028,Midday,2,2,99.5000,64.0000,41.0000,46.7000,15.0000,3.5000,4.1000,1.6000
INT0028,Midday,2,3,99.5000,64.0000,5.0000,12.7000,5.0000,2.5000,3.0000,4.7000
INT0028,Midday,2,4,99.5000,64.0000,19.0000,25.8000,8.0000,3.0000,3.1000,3.7000
INT0028,Midday,2,5,99.5000,64.0000,18.0000,23.5000,5.0000,2.0000,3.2000,2.3000
INT0028,Midday,2,6,99.5000,64.0000,32.6000,37.5000,15.0000,2.5000,3.3000,1.6000
INT0028,Midday,2,7,99.5000,64.0000,5.0000,12.7000,5.0000,2.0000,3.0000,4.7000
INT0028,Midday,2,8,99.5000,64.0000,19.1000,25.8000,8.0000,3.5000,3.0000,3.7000
INT0028,PM Peak,3,1,139.5000,19.0000,17.0000,22.3000,5.0000,3.0000,3.0000,2.3000
INT0028,PM Peak,3,2,139.5000,19.0000,60.0000,65.7000,15.0000,2.0000,4.1000,1.6000
INT0028,PM Peak,3,3,139.5000,19.0000,5.0000,12.7000,5.0000,3.5000,3.0000,4.7000
INT0028,PM Peak,3,4,139.5000,19.0000,32.0000,38.8000,8.0000,2.5000,3.1000,3.7000
INT0028,PM Peak,3,5,139.5000,19.0000,24.0000,29.5000,5.0000,3.5000,3.2000,2.3000
INT0028,PM Peak,3,6,139.5000,19.0000,53.6000,58.5000,15.0000,2.5000,3.3000,1.6000
INT0028,PM Peak,3,7,139.5000,19.0000,7.0000,14.7000,5.0000,2.0000,3.0000,4.7000
INT0028,PM Peak,3,8,139.5000,19.0000,30.1000,36.8000,8.0000,2.5000,3.0000,3.7000
INT0028,Weekend,4,1,110.5000,35.0000,11.0000,16.3000,5.0000,2.0000,3.0000,2.3000
INT0028,Weekend,4,2,110.5000,35.0000,46.0000,51.7000,15.0000,2.0000,4.1000,1.6000
INT0028,Weekend,4,3,110.5000,35.0000,5.0000,12.7000,5.0000,2.5000,3.0000,4.7000
INT0028,Weekend,4,4,110.5000,35.0000,23.0000,29.8000,8.0000,3.5000,3.1000,3.7000
INT0028,Weekend,4,5,110.5000,35.0000,20.0000,25.5000,5.0000,2.0000,3.2000,2.3000
INT0028,Weekend,4,6,110.5000,35.0000,37.6000,42.5000,15.0000,3.5000,3.3000,1.6000
INT0028,Weekend,4,7,110.5000,35.0000,5.0000,12.7000,5.0000,2.0000,3.0000,4.7000
INT0028,Weekend,4,8,110.5000,35.0000,23.1000,29.8000,8.0000,2.5000,3.0000,3.7000
INT0029,AM Peak,1,1,110.0000,0.0000,7.0000,12.4000,5.0000,2.0000,4.0000,1.4000
INT0029,AM Peak,1,2,110.0000,0.0000,44.3000,49.5000,15.0000,2.0000,4.1000,1.1000
INT0029,AM Peak,1,3,110.0000,0.0000,6.0000,12.5000,5.0000,3.0000,3.6000,2.9000
INT0029,AM Peak,1,4,110.0000,0.0000,30.2000,35.6000,8.0000,3.0000,3.5000,1.9000
INT0029,AM Peak,1,5,110.0000,0.0000,7.0000,12.1000,5.0000,3.5000,3.7000,1.4000
INT0029,AM Peak,1,6,110.0000,0.0000,44.0000,49.8000,15.0000,3.5000,4.7000,1.1000
INT0029,AM Peak,1,7,110.0000,0.0000,5.0000,11.6000,5.0000,3.0000,3.7000,2.9000
INT0029,AM Peak,1,8,110.0000,0.0000,31.0000,36.5000,8.0000,3.0000,3.6000,1.9000
INT0029,Midday,2,1,100.0000,0.0000,8.0000,13.4000,5.0000,2.0000,4.0000,1.4000
INT0029,Midday,2,2,100.0000,0.0000,37.3000,42.5000,15.0000,3.5000,4.1000,1.1000
INT0029,Midday,2,3,100.0000,0.0000,6.0000,12.5000,5.0000,2.5000,3.6000,2.9000
INT0029,Midday,2,4,100.0000,0.0000,26.2000,31.6000,8.0000,3.0000,3.5000,1.9000
INT0029,Midday,2,5,100.0000,0.0000,5.0000,10.1000,5.0000,3.5000,3.7000,1.4000
INT0029,Midday,2,6,100.0000,0.0000,40.0000,45.8000,15.0000,3.0000,4.7000,1.1000
INT0029,Midday,2,7,100.0000,0.0000,5.0000,11.6000,5.0000,3.5000,3.7000,2.9000
INT0029,Midday,2,8,100.0000,0.0000,27.0000,32.5000,8.0000,3.0000,3.6000,1.9000
INT0029,PM Peak,3,1,120.0000,0.0000,11.0000,16.4000,5.0000,2.0000,4.0000,1.4000
INT0029,PM Peak,3,2,120.0000,0.0000,45.3000,50.5000,15.0000,3.0000,4.1000,1.1000
INT0029,PM Peak,3,3,120.0000,0.0000,5.0000,11.5000,5.0000,3.0000,3.6000,2.9000
INT0029,PM Peak,3,4,120.0000,0.0000,36.2000,41.6000,8.0000,3.5000,3.5000,1.9000
INT0029,PM Peak,3,5,120.0000,0.0000,5.0000,10.1000,5.0000,3.5000,3.7000,1.4000
INT0029,PM Peak,3,6,120.0000,0.0000,51.0000,56.8000,15.0000,2.0000,4.7000,1.1000
INT0029,PM Peak,3,7,120.0000,0.0000,5.0000,11.6000,5.0000,2.5000,3.7000,2.9000
INT0029,PM Peak,3,8,120.0000,0.0000,36.0000,41.5000,8.0000,3.0000,3.6000,1.9000
INT0029,Weekend,4,1,90.0000,0.0000,7.0000,12.4000,5.0000,3.0000,4.0000,1.4000
INT0029,Weekend,4,2,90.0000,0.0000,32.3000,37.5000,15.0000,2.0000,4.1000,1.1000
INT0029,Weekend,4,3,90.0000,0.0000,5.0000,11.5000,5.0000,3.0000,3.6000,2.9000
INT0029,Weekend,4,4,90.0000,0.0000,23.2000,28.6000,8.0000,3.0000,3.5000,1.9000
INT0029,Weekend,4,5,90.0000,0.0000,5.0000,10.1000,5.0000,2.5000,3.7000,1.4000
INT0029,Weekend,4,6,90.0000,0.0000,34.0000,39.8000,15.0000,3.0000,4.7000,1.1000
INT0029,Weekend,4,7,90.0000,0.0000,5.0000,11.6000,5.0000,2.5000,3.7000,2.9000
INT0029,Weekend,4,8,90.0000,0.0000,23.0000,28.5000,8.0000,2.5000,3.6000,1.9000
INT0030,AM Peak,1,1,130.0000,129.0000,11.0000,15.0000,5.0000,2.5000,3.0000,1.0000
INT0030,AM Peak,1,2,130.0000,129.0000,58.0000,62.5000,15.0000,2.0000,3.5000,1.0000
INT0030,AM Peak,1,3,130.0000,129.0000,15.0000,19.0000,5.0000,3.5000,3.0000,1.0000
INT0030,AM Peak,1,4,130.0000,129.0000,29.0000,33.5000,8.0000,2.0000,3.5000,1.0000
INT0030,AM Peak,1,5,130.0000,129.0000,21.0000,25.0000,5.0000,3.5000,3.0000,1.0000
INT0030,AM Peak,1,6,130.0000,129.0000,48.0000,52.5000,15.0000,2.5000,3.5000,1.0000
INT0030,AM Peak,1,7,130.0000,129.0000,16.0000,20.0000,5.0000,3.5000,3.0000,1.0000
INT0030,AM Peak,1,8,130.0000,129.0000,28.0000,32.5000,8.0000,3.5000,3.5000,1.0000
INT0030,Midday,2,1,90.0000,59.0000,9.0000,13.0000,5.0000,2.0000,3.0000,1.0000
INT0030,Midday,2,2,90.0000,59.0000,37.0000,41.5000,15.0000,2.0000,3.5000,1.0000
INT0030,Midday,2,3,90.0000,59.0000,8.0000,12.0000,5.0000,3.0000,3.0000,1.0000
INT0030,Midday,2,4,90.0000,59.0000,19.0000,23.5000,8.0000,3.5000,3.5000,1.0000
INT0030,Midday,2,5,90.0000,59.0000,12.0000,16.0000,5.0000,2.0000,3.0000,1.0000
INT0030,Midday,2,6,90.0000,59.0000,34.0000,38.5000,15.0000,2.0000,3.5000,1.0000
INT0030,Midday,2,7,90.0000,59.0000,11.0000,15.0000,5.0000,2.5000,3.0000,1.0000
INT0030,Midday,2,8,90.0000,59.0000,16.0000,20.5000,8.0000,3.5000,3.5000,1.0000
INT0030,PM Peak,3,1,140.0000,91.0000,18.0000,22.0000,5.0000,3.5000,3.0000,1.0000
INT0030,PM Peak,3,2,140.0000,91.0000,61.0000,65.5000,15.0000,3.0000,3.5000,1.0000
INT0030,PM Peak,3,3,140.0000,91.0000,12.0000,16.0000,5.0000,2.5000,3.0000,1.0000
INT0030,PM Peak,3,4,140.0000,91.0000,32.0000,36.5000,8.0000,3.0000,3.5000,1.0000
INT0030,PM Peak,3,5,140.0000,91.0000,17.0000,21.0000,5.0000,3.0000,3.0000,1.0000
INT0030,PM Peak,3,6,140.0000,91.0000,62.0000,66.5000,15.0000,3.0000,3.5000,1.0000
INT0030,PM Peak,3,7,140.0000,91.0000,19.0000,23.0000,5.0000,3.0000,3.0000,1.0000
INT0030,PM Peak,3,8,140.0000,91.0000,25.0000,29.5000,8.0000,2.5000,3.5000,1.0000
INT0030,Weekend,4,1,100.0000,76.0000,10.0000,14.0000,5.0000,3.0000,3.0000,1.0000
INT0030,Weekend,4,2,100.0000,76.0000,42.0000,46.5000,15.0000,3.5000,3.5000,1.0000
INT0030,Weekend,4,3,100.0000,76.0000,10.0000,14.0000,5.0000,3.0000,3.0000,1.0000
INT0030,Weekend,4,4,100.0000,76.0000,21.0000,25.5000,8.0000,2.0000,3.5000,1.0000
INT0030,Weekend,4,5,100.0000,76.0000,14.0000,18.0000,5.0000,3.5000,3.0000,1.0000
INT0030,Weekend,4,6,100.0000,76.0000,38.0000,42.5000,15.0000,3.0000,3.5000,1.0000
INT0030,Weekend,4,7,100.0000,76.0000,12.0000,16.0000,5.0000,2.5000,3.0000,1.0000
INT0030,Weekend,4,8,100.0000,76.0000,19.0000,23.5000,8.0000,3.0000,3.5000,1.0000
INT0031,AM Peak,1,1,100.0000,0.0000,6.0000,10.0000,5.0000,0.0000,3.0000,1.0000
INT0031,AM Peak,1,2,100.0000,0.0000,42.0000,46.5000,15.0000,0.0000,3.5000,1.0000
INT0031,AM Peak,1,3,100.0000,0.0000,13.0000,17.0000,5.0000,0.0000,3.0000,1.0000
INT0031,AM Peak,1,4,100.0000,0.0000,22.0000,26.5000,8.0000,0.0000,3.5000,1.0000
INT0031,AM Peak,1,5,100.0000,0.0000,19.0000,23.0000,5.0000,0.0000,3.0000,1.0000
INT0031,AM Peak,1,6,100.0000,0.0000,29.0000,33.5000,15.0000,0.0000,3.5000,1.0000
INT0031,AM Peak,1,7,100.0000,0.0000,7.0000,11.0000,5.0000,0.0000,3.0000,1.0000
INT0031,AM Peak,1,8,100.0000,0.0000,28.0000,32.5000,8.0000,0.0000,3.5000,1.0000
INT0031,Midday,2,1,100.0000,0.0000,7.0000,11.0000,5.0000,0.0000,3.0000,1.0000
INT0031,Midday,2,2,100.0000,0.0000,43.0000,47.5000,15.0000,0.0000,3.5000,1.0000
INT0031,Midday,2,3,100.0000,0.0000,11.0000,15.0000,5.0000,0.0000,3.0000,1.0000
INT0031,Midday,2,4,100.0000,0.0000,22.0000,26.5000,8.0000,0.0000,3.5000,1.0000
INT0031,Midday,2,5,100.0000,0.0000,17.0000,21.0000,5.0000,0.0000,3.0000,1.0000
INT0031,Midday,2,6,100.0000,0.0000,33.0000,37.5000,15.0000,0.0000,3.5000,1.0000
INT0031,Midday,2,7,100.0000,0.0000,7.0000,11.0000,5.0000,0.0000,3.0000,1.0000
INT0031,Midday,2,8,100.0000,0.0000,26.0000,30.5000,8.0000,0.0000,3.5000,1.0000
INT0031,PM Peak,3,1,100.0000,0.0000,9.0000,13.0000,5.0000,0.0000,3.0000,1.0000
INT0031,PM Peak,3,2,100.0000,0.0000,43.0000,47.5000,15.0000,0.0000,3.5000,1.0000
INT0031,PM Peak,3,3,100.0000,0.0000,10.0000,14.0000,5.0000,0.0000,3.0000,1.0000
INT0031,PM Peak,3,4,100.0000,0.0000,21.0000,25.5000,8.0000,0.0000,3.5000,1.0000
INT0031,PM Peak,3,5,100.0000,0.0000,15.0000,19.0000,5.0000,0.0000,3.0000,1.0000
INT0031,PM Peak,3,6,100.0000,0.0000,37.0000,41.5000,15.0000,0.0000,3.5000,1.0000
INT0031,PM Peak,3,7,100.0000,0.0000,8.0000,12.0000,5.0000,0.0000,3.0000,1.0000
INT0031,PM Peak,3,8,100.0000,0.0000,23.0000,27.5000,8.0000,0.0000,3.5000,1.0000
INT0031,Weekend,4,1,100.0000,0.0000,7.0000,11.0000,5.0000,0.0000,3.0000,1.0000
INT0031,Weekend,4,2,100.0000,0.0000,43.0000,47.5000,15.0000,0.0000,3.5000,1.0000
INT0031,Weekend,4,3,100.0000,0.0000,11.0000,15.0000,5.0000,0.0000,3.0000,1.0000
INT0031,Weekend,4,4,100.0000,0.0000,22.0000,26.5000,8.0000,0.0000,3.5000,1.0000
INT0031,Weekend,4,5,100.0000,0.0000,17.0000,21.0000,5.0000,0.0000,3.0000,1.0000
INT0031,Weekend,4,6,100.0000,0.0000,33.0000,37.5000,15.0000,0.0000,3.5000,1.0000
INT0031,Weekend,4,7,100.0000,0.0000,7.0000,11.0000,5.0000,0.0000,3.0000,1.0000
INT0031,Weekend,4,8,100.0000,0.0000,26.0000,30.5000,8.0000,0.0000,3.5000,1.0000
INT0032,AM Peak,1,1,110.5000,0.0000,15.0000,20.9000,5.0000,3.5000,3.0000,2.9000
INT0032,AM Peak,1,2,110.5000,0.0000,44.0000,49.8000,15.0000,3.5000,3.7000,2.1000
INT0032,AM Peak,1,3,110.5000,0.0000,5.0000,12.5000,5.0000,2.0000,3.0000,4.5000
INT0032,AM Peak,1,4,110.5000,0.0000,21.0000,27.3000,8.0000,3.5000,3.3000,3.0000
INT0032,AM Peak,1,5,110.5000,0.0000,11.0000,16.9000,5.0000,3.5000,3.0000,2.9000
INT0032,AM Peak,1,6,110.5000,0.0000,48.2000,53.8000,15.0000,2.5000,3.5000,2.1000
INT0032,AM Peak,1,7,110.5000,0.0000,5.0000,12.5000,5.0000,2.0000,3.0000,4.5000
INT0032,AM Peak,1,8,110.5000,0.0000,21.0000,27.3000,8.0000,3.5000,3.3000,3.0000
INT0032,Midday,2,1,100.5000,0.0000,15.0000,20.9000,5.0000,2.0000,3.0000,2.9000
INT0032,Midday,2,2,100.5000,0.0000,37.0000,42.8000,15.0000,3.0000,3.7000,2.1000
INT0032,Midday,2,3,100.5000,0.0000,5.0000,12.5000,5.0000,3.0000,3.0000,4.5000
INT0032,Midday,2,4,100.5000,0.0000,18.0000,24.3000,8.0000,3.0000,3.3000,3.0000
INT0032,Midday,2,5,100.5000,0.0000,8.0000,13.9000,5.0000,2.0000,3.0000,2.9000
INT0032,Midday,2,6,100.5000,0.0000,44.2000,49.8000,15.0000,3.5000,3.5000,2.1000
INT0032,Midday,2,7,100.5000,0.0000,5.0000,12.5000,5.0000,3.5000,3.0000,4.5000
INT0032,Midday,2,8,100.5000,0.0000,18.0000,24.3000,8.0000,3.0000,3.3000,3.0000
INT0032,PM Peak,3,1,120.5000,0.0000,23.0000,28.9000,5.0000,3.5000,3.0000,2.9000
INT0032,PM Peak,3,2,120.5000,0.0000,45.0000,50.8000,15.0000,2.5000,3.7000,2.1000
INT0032,PM Peak,3,3,120.5000,0.0000,5.0000,12.5000,5.0000,2.5000,3.0000,4.5000
INT0032,PM Peak,3,4,120.5000,0.0000,22.0000,28.3000,8.0000,2.0000,3.3000,3.0000
INT0032,PM Peak,3,5,120.5000,0.0000,9.0000,14.9000,5.0000,2.5000,3.0000,2.9000
INT0032,PM Peak,3,6,120.5000,0.0000,59.2000,64.8000,15.0000,3.5000,3.5000,2.1000
INT0032,PM Peak,3,7,120.5000,0.0000,7.0000,14.5000,5.0000,3.0000,3.0000,4.5000
INT0032,PM Peak,3,8,120.5000,0.0000,20.0000,26.3000,8.0000,3.5000,3.3000,3.0000
INT0032,Weekend,4,1,90.5000,0.0000,13.0000,18.9000,5.0000,3.0000,3.0000,2.9000
INT0032,Weekend,4,2,90.5000,0.0000,32.0000,37.8000,15.0000,3.5000,3.7000,2.1000
INT0032,Weekend,4,3,90.5000,0.0000,5.0000,12.5000,5.0000,2.5000,3.0000,4.5000
INT0032,Weekend,4,4,90.5000,0.0000,15.0000,21.3000,8.0000,2.5000,3.3000,3.0000
INT0032,Weekend,4,5,90.5000,0.0000,7.0000,12.9000,5.0000,3.0000,3.0000,2.9000
INT0032,Weekend,4,6,90.5000,0.0000,38.2000,43.8000,15.0000,2.0000,3.5000,2.1000
INT0032,Weekend,4,7,90.5000,0.0000,5.0000,12.5000,5.0000,2.5000,3.0000,4.5000
INT0032,Weekend,4,8,90.5000,0.0000,15.0000,21.3000,8.0000,3.0000,3.3000,3.0000
INT0033,AM Peak,1,1,129.4000,0.0000,17.0000,23.0000,5.0000,3.5000,4.8000,1.2000
INT0033,AM Peak,1,2,129.4000,0.0000,54.0000,60.8000,15.0000,3.0000,5.6000,1.2000
INT0033,AM Peak,1,3,129.4000,0.0000,12.0000,17.9000,5.0000,3.0000,3.7000,2.2000
INT0033,AM Peak,1,4,129.4000,0.0000,22.0000,27.7000,8.0000,2.0000,4.2000,1.5000
INT0033,AM Peak,1,5,129.4000,0.0000,23.0000,28.9000,5.0000,2.0000,4.7000,1.2000
INT0033,AM Peak,1,6,129.4000,0.0000,48.3000,54.9000,15.0000,3.0000,5.4000,1.2000
INT0033,AM Peak,1,7,129.4000,0.0000,5.0000,11.0000,5.0000,3.0000,3.6000,2.4000
INT0033,AM Peak,1,8,129.4000,0.0000,29.0000,34.6000,8.0000,2.0000,4.2000,1.4000
INT0033,Midday,2,1,89.4000,0.0000,13.0000,19.0000,5.0000,2.0000,4.8000,1.2000
INT0033,Midday,2,2,89.4000,0.0000,31.0000,37.8000,15.0000,3.0000,5.6000,1.2000
INT0033,Midday,2,3,89.4000,0.0000,7.0000,12.9000,5.0000,2.0000,3.7000,2.2000
INT0033,Midday,2,4,89.4000,0.0000,14.0000,19.7000,8.0000,2.5000,4.2000,1.5000
INT0033,Midday,2,5,89.4000,0.0000,12.0000,17.9000,5.0000,2.0000,4.7000,1.2000
INT0033,Midday,2,6,89.4000,0.0000,32.3000,38.9000,15.0000,3.0000,5.4000,1.2000
INT0033,Midday,2,7,89.4000,0.0000,5.0000,11.0000,5.0000,3.5000,3.6000,2.4000
INT0033,Midday,2,8,89.4000,0.0000,16.0000,21.6000,8.0000,3.0000,4.2000,1.4000
INT0033,PM Peak,3,1,130.4000,0.0000,24.0000,30.0000,5.0000,2.0000,4.8000,1.2000
INT0033,PM Peak,3,2,130.4000,0.0000,48.0000,54.8000,15.0000,3.5000,5.6000,1.2000
INT0033,PM Peak,3,3,130.4000,0.0000,10.0000,15.9000,5.0000,2.0000,3.7000,2.2000
INT0033,PM Peak,3,4,130.4000,0.0000,24.0000,29.7000,8.0000,3.0000,4.2000,1.5000
INT0033,PM Peak,3,5,130.4000,0.0000,17.0000,22.9000,5.0000,2.0000,4.7000,1.2000
INT0033,PM Peak,3,6,130.4000,0.0000,55.3000,61.9000,15.0000,2.5000,5.4000,1.2000
INT0033,PM Peak,3,7,130.4000,0.0000,5.0000,11.0000,5.0000,3.0000,3.6000,2.4000
INT0033,PM Peak,3,8,130.4000,0.0000,29.0000,34.6000,8.0000,3.0000,4.2000,1.4000
INT0033,Weekend,4,1,110.4000,0.0000,16.0000,22.0000,5.0000,3.0000,4.8000,1.2000
INT0033,Weekend,4,2,110.4000,0.0000,42.0000,48.8000,15.0000,3.5000,5.6000,1.2000
INT0033,Weekend,4,3,110.4000,0.0000,9.0000,14.9000,5.0000,2.5000,3.7000,2.2000
INT0033,Weekend,4,4,110.4000,0.0000,19.0000,24.7000,8.0000,3.0000,4.2000,1.5000
INT0033,Weekend,4,5,110.4000,0.0000,16.0000,21.9000,5.0000,2.0000,4.7000,1.2000
INT0033,Weekend,4,6,110.4000,0.0000,42.3000,48.9000,15.0000,3.0000,5.4000,1.2000
INT0033,Weekend,4,7,110.4000,0.0000,5.0000,11.0000,5.0000,2.0000,3.6000,2.4000
INT0033,Weekend,4,8,110.4000,0.0000,23.0000,28.6000,8.0000,2.0000,4.2000,1.4000
INT0034,AM Peak,1,1,129.7000,18.0000,14.0000,19.3000,5.0000,3.5000,3.9000,1.4000
INT0034,AM Peak,1,2,129.7000,18.0000,43.3000,48.7000,15.0000,3.0000,4.3000,1.1000
INT0034,AM Peak,1,3,129.7000,18.0000,5.0000,11.7000,5.0000,3.0000,3.7000,3.0000
INT0034,AM Peak,1,4,129.7000,18.0000,44.0000,50.0000,8.0000,3.0000,3.8000,2.2000
INT0034,AM Peak,1,5,129.7000,18.0000,19.0000,24.1000,5.0000,2.0000,3.7000,1.4000
INT0034,AM Peak,1,6,129.7000,18.0000,38.0000,43.9000,15.0000,3.5000,4.8000,1.1000
INT0034,AM Peak,1,7,129.7000,18.0000,14.0000,20.6000,5.0000,2.0000,3.6000,3.0000
INT0034,AM Peak,1,8,129.7000,18.0000,35.4000,41.1000,8.0000,3.5000,3.5000,2.2000
INT0034,Midday,2,1,99.7000,14.0000,12.0000,17.3000,5.0000,3.0000,3.9000,1.4000
INT0034,Midday,2,2,99.7000,14.0000,30.3000,35.7000,15.0000,3.0000,4.3000,1.1000
INT0034,Midday,2,3,99.7000,14.0000,5.0000,11.7000,5.0000,3.5000,3.7000,3.0000
INT0034,Midday,2,4,99.7000,14.0000,29.0000,35.0000,8.0000,2.5000,3.8000,2.2000
INT0034,Midday,2,5,99.7000,14.0000,12.0000,17.1000,5.0000,3.0000,3.7000,1.4000
INT0034,Midday,2,6,99.7000,14.0000,30.0000,35.9000,15.0000,2.5000,4.8000,1.1000
INT0034,Midday,2,7,99.7000,14.0000,11.0000,17.6000,5.0000,2.0000,3.6000,3.0000
INT0034,Midday,2,8,99.7000,14.0000,23.4000,29.1000,8.0000,3.5000,3.5000,2.2000
INT0034,PM Peak,3,1,120.7000,6.0000,18.0000,23.3000,5.0000,2.0000,3.9000,1.4000
INT0034,PM Peak,3,2,120.7000,6.0000,37.3000,42.7000,15.0000,2.0000,4.3000,1.1000
INT0034,PM Peak,3,3,120.7000,6.0000,5.0000,11.7000,5.0000,2.5000,3.7000,3.0000
INT0034,PM Peak,3,4,120.7000,6.0000,37.0000,43.0000,8.0000,2.5000,3.8000,2.2000
INT0034,PM Peak,3,5,120.7000,6.0000,14.0000,19.1000,5.0000,2.5000,3.7000,1.4000
INT0034,PM Peak,3,6,120.7000,6.0000,41.0000,46.9000,15.0000,2.5000,4.8000,1.1000
INT0034,PM Peak,3,7,120.7000,6.0000,14.0000,20.6000,5.0000,3.0000,3.6000,3.0000
INT0034,PM Peak,3,8,120.7000,6.0000,28.4000,34.1000,8.0000,3.0000,3.5000,2.2000
INT0034,Weekend,4,1,99.7000,75.0000,12.0000,17.3000,5.0000,3.0000,3.9000,1.4000
INT0034,Weekend,4,2,99.7000,75.0000,30.3000,35.7000,15.0000,2.0000,4.3000,1.1000
INT0034,Weekend,4,3,99.7000,75.0000,5.0000,11.7000,5.0000,3.0000,3.7000,3.0000
INT0034,Weekend,4,4,99.7000,75.0000,29.0000,35.0000,8.0000,2.5000,3.8000,2.2000
INT0034,Weekend,4,5,99.7000,75.0000,12.0000,17.1000,5.0000,3.5000,3.7000,1.4000
INT0034,Weekend,4,6,99.7000,75.0000,30.0000,35.9000,15.0000,2.5000,4.8000,1.1000
INT0034,Weekend,4,7,99.7000,75.0000,11.0000,17.6000,5.0000,2.5000,3.6000,3.0000
INT0034,Weekend,4,8,99.7000,75.0000,23.4000,29.1000,8.0000,2.0000,3.5000,2.2000
INT0035,AM Peak,1,1,120.0000,0.0000,16.0000,20.0000,5.0000,3.5000,3.0000,1.0000
INT0035,AM Peak,1,2,120.0000,0.0000,45.0000,49.5000,15.0000,2.0000,3.5000,1.0000
INT0035,AM Peak,1,3,120.0000,0.0000,5.0000,9.0000,5.0000,2.5000,3.0000,1.0000
INT0035,AM Peak,1,4,120.0000,0.0000,37.0000,41.5000,8.0000,3.5000,3.5000,1.0000
INT0035,AM Peak,1,5,120.0000,0.0000,19.0000,23.0000,5.0000,2.0000,3.0000,1.0000
INT0035,AM Peak,1,6,120.0000,0.0000,42.0000,46.5000,15.0000,3.5000,3.5000,1.0000
INT0035,AM Peak,1,7,120.0000,0.0000,9.0000,13.0000,5.0000,3.0000,3.0000,1.0000
INT0035,AM Peak,1,8,120.0000,0.0000,33.0000,37.5000,8.0000,2.0000,3.5000,1.0000
INT0035,Midday,2,1,80.0000,0.0000,12.0000,16.0000,5.0000,2.5000,3.0000,1.0000
INT0035,Midday,2,2,80.0000,0.0000,25.0000,29.5000,15.0000,2.0000,3.5000,1.0000
INT0035,Midday,2,3,80.0000,0.0000,5.0000,9.0000,5.0000,3.5000,3.0000,1.0000
INT0035,Midday,2,4,80.0000,0.0000,21.0000,25.5000,8.0000,2.5000,3.5000,1.0000
INT0035,Midday,2,5,80.0000,0.0000,10.0000,14.0000,5.0000,3.0000,3.0000,1.0000
INT0035,Midday,2,6,80.0000,0.0000,27.0000,31.5000,15.0000,3.0000,3.5000,1.0000
INT0035,Midday,2,7,80.0000,0.0000,6.0000,10.0000,5.0000,3.5000,3.0000,1.0000
INT0035,Midday,2,8,80.0000,0.0000,20.0000,24.5000,8.0000,2.5000,3.5000,1.0000
INT0035,PM Peak,3,1,120.0000,0.0000,22.0000,26.0000,5.0000,2.0000,3.0000,1.0000
INT0035,PM Peak,3,2,120.0000,0.0000,39.0000,43.5000,15.0000,3.5000,3.5000,1.0000
INT0035,PM Peak,3,3,120.0000,0.0000,5.0000,9.0000,5.0000,2.0000,3.0000,1.0000
INT0035,PM Peak,3,4,120.0000,0.0000,37.0000,41.5000,8.0000,3.5000,3.5000,1.0000
INT0035,PM Peak,3,5,120.0000,0.0000,14.0000,18.0000,5.0000,3.5000,3.0000,1.0000
INT0035,PM Peak,3,6,120.0000,0.0000,47.0000,51.5000,15.0000,2.0000,3.5000,1.0000
INT0035,PM Peak,3,7,120.0000,0.0000,12.0000,16.0000,5.0000,2.5000,3.0000,1.0000
INT0035,PM Peak,3,8,120.0000,0.0000,30.0000,34.5000,8.0000,3.0000,3.5000,1.0000
INT0035,Weekend,4,1,110.0000,0.0000,17.0000,21.0000,5.0000,2.5000,3.0000,1.0000
INT0035,Weekend,4,2,110.0000,0.0000,38.0000,42.5000,15.0000,2.5000,3.5000,1.0000
INT0035,Weekend,4,3,110.0000,0.0000,6.0000,10.0000,5.0000,2.0000,3.0000,1.0000
INT0035,Weekend,4,4,110.0000,0.0000,32.0000,36.5000,8.0000,2.5000,3.5000,1.0000
INT0035,Weekend,4,5,110.0000,0.0000,15.0000,19.0000,5.0000,2.0000,3.0000,1.0000
INT0035,Weekend,4,6,110.0000,0.0000,40.0000,44.5000,15.0000,3.5000,3.5000,1.0000
INT0035,Weekend,4,7,110.0000,0.0000,10.0000,14.0000,5.0000,2.5000,3.0000,1.0000
INT0035,Weekend,4,8,110.0000,0.0000,28.0000,32.5000,8.0000,2.0000,3.5000,1.0000
INT0036,AM Peak,1,1,109.8000,77.0000,6.0000,12.1000,5.0000,3.5000,4.9000,1.2000
INT0036,AM Peak,1,2,109.8000,77.0000,38.6000,44.8000,15.0000,2.5000,5.0000,1.2000
INT0036,AM Peak,1,3,109.8000,77.0000,18.0000,25.6000,5.0000,3.5000,3.7000,3.9000
INT0036,AM Peak,1,4,109.8000,77.0000,21.0000,27.3000,8.0000,3.0000,3.7000,2.6000
INT0036,AM Peak,1,5,109.8000,77.0000,13.0000,18.9000,5.0000,3.0000,4.7000,1.2000
INT0036,AM Peak,1,6,109.8000,77.0000,31.0000,38.0000,15.0000,3.0000,5.8000,1.2000
INT0036,AM Peak,1,7,109.8000,77.0000,8.0000,15.4000,5.0000,2.0000,3.5000,3.9000
INT0036,AM Peak,1,8,109.8000,77.0000,31.0000,37.5000,8.0000,3.5000,3.7000,2.8000
INT0036,Midday,2,1,89.8000,43.0000,5.0000,11.1000,5.0000,3.0000,4.9000,1.2000
INT0036,Midday,2,2,89.8000,43.0000,28.6000,34.8000,15.0000,3.0000,5.0000,1.2000
INT0036,Midday,2,3,89.8000,43.0000,13.0000,20.6000,5.0000,2.5000,3.7000,3.9000
INT0036,Midday,2,4,89.8000,43.0000,17.0000,23.3000,8.0000,2.5000,3.7000,2.6000
INT0036,Midday,2,5,89.8000,43.0000,8.0000,13.9000,5.0000,2.5000,4.7000,1.2000
INT0036,Midday,2,6,89.8000,43.0000,25.0000,32.0000,15.0000,2.0000,5.8000,1.2000
INT0036,Midday,2,7,89.8000,43.0000,7.0000,14.4000,5.0000,3.0000,3.5000,3.9000
INT0036,Midday,2,8,89.8000,43.0000,23.0000,29.5000,8.0000,2.5000,3.7000,2.8000
INT0036,PM Peak,3,1,130.8000,63.0000,10.0000,16.1000,5.0000,3.5000,4.9000,1.2000
INT0036,PM Peak,3,2,130.8000,63.0000,45.6000,51.8000,15.0000,3.5000,5.0000,1.2000
INT0036,PM Peak,3,3,130.8000,63.0000,19.0000,26.6000,5.0000,3.5000,3.7000,3.9000
INT0036,PM Peak,3,4,130.8000,63.0000,30.0000,36.3000,8.0000,3.0000,3.7000,2.6000
INT0036,PM Peak,3,5,130.8000,63.0000,12.0000,17.9000,5.0000,2.0000,4.7000,1.2000
INT0036,PM Peak,3,6,130.8000,63.0000,43.0000,50.0000,15.0000,3.0000,5.8000,1.2000
INT0036,PM Peak,3,7,130.8000,63.0000,12.0000,19.4000,5.0000,3.0000,3.5000,3.9000
INT0036,PM Peak,3,8,130.8000,63.0000,37.0000,43.5000,8.0000,2.0000,3.7000,2.8000
INT0036,Weekend,4,1,109.8000,88.0000,7.0000,13.1000,5.0000,3.5000,4.9000,1.2000
INT0036,Weekend,4,2,109.8000,88.0000,36.6000,42.8000,15.0000,2.5000,5.0000,1.2000
INT0036,Weekend,4,3,109.8000,88.0000,17.0000,24.6000,5.0000,3.5000,3.7000,3.9000
INT0036,Weekend,4,4,109.8000,88.0000,23.0000,29.3000,8.0000,2.0000,3.7000,2.6000
INT0036,Weekend,4,5,109.8000,88.0000,11.0000,16.9000,5.0000,3.0000,4.7000,1.2000
INT0036,Weekend,4,6,109.8000,88.0000,32.0000,39.0000,15.0000,3.0000,5.8000,1.2000
INT0036,Weekend,4,7,109.8000,88.0000,9.0000,16.4000,5.0000,2.5000,3.5000,3.9000
INT0036,Weekend,4,8,109.8000,88.0000,31.0000,37.5000,8.0000,2.0000,3.7000,2.8000
INT0037,AM Peak,1,1,129.4000,0.0000,16.0000,21.7000,5.0000,2.5000,3.6000,2.1000
INT0037,AM Peak,1,2,129.4000,0.0000,49.2000,55.2000,15.0000,3.0000,4.3000,1.7000
INT0037,AM Peak,1,3,129.4000,0.0000,11.0000,17.8000,5.0000,2.0000,3.4000,3.4000
INT0037,AM Peak,1,4,129.4000,0.0000,28.0000,34.7000,8.0000,3.5000,4.2000,2.5000
INT0037,AM Peak,1,5,129.4000,0.0000,30.0000,35.9000,5.0000,2.5000,3.8000,2.1000
INT0037,AM Peak,1,6,129.4000,0.0000,35.0000,41.0000,15.0000,2.5000,4.3000,1.7000
INT0037,AM Peak,1,7,129.4000,0.0000,7.0000,13.6000,5.0000,3.5000,3.2000,3.4000
INT0037,AM Peak,1,8,129.4000,0.0000,32.4000,38.9000,8.0000,3.5000,4.0000,2.5000
INT0037,Midday,2,1,80.4000,0.0000,10.0000,15.7000,5.0000,3.0000,3.6000,2.1000
INT0037,Midday,2,2,80.4000,0.0000,24.2000,30.2000,15.0000,3.0000,4.3000,1.7000
INT0037,Midday,2,3,80.4000,0.0000,5.0000,11.8000,5.0000,2.0000,3.4000,3.4000
INT0037,Midday,2,4,80.4000,0.0000,16.0000,22.7000,8.0000,3.5000,4.2000,2.5000
INT0037,Midday,2,5,80.4000,0.0000,14.0000,19.9000,5.0000,2.5000,3.8000,2.1000
INT0037,Midday,2,6,80.4000,0.0000,20.0000,26.0000,15.0000,2.5000,4.3000,1.7000
INT0037,Midday,2,7,80.4000,0.0000,5.0000,11.6000,5.0000,3.5000,3.2000,3.4000
INT0037,Midday,2,8,80.4000,0.0000,16.4000,22.9000,8.0000,3.5000,4.0000,2.5000
INT0037,PM Peak,3,1,120.4000,0.0000,20.0000,25.7000,5.0000,3.5000,3.6000,2.1000
INT0037,PM Peak,3,2,120.4000,0.0000,39.2000,45.2000,15.0000,3.5000,4.3000,1.7000
INT0037,PM Peak,3,3,120.4000,0.0000,8.0000,14.8000,5.0000,2.5000,3.4000,3.4000
INT0037,PM Peak,3,4,120.4000,0.0000,28.0000,34.7000,8.0000,3.5000,4.2000,2.5000
INT0037,PM Peak,3,5,120.4000,0.0000,21.0000,26.9000,5.0000,2.5000,3.8000,2.1000
INT0037,PM Peak,3,6,120.4000,0.0000,38.0000,44.0000,15.0000,2.5000,4.3000,1.7000
INT0037,PM Peak,3,7,120.4000,0.0000,9.0000,15.6000,5.0000,2.5000,3.2000,3.4000
INT0037,PM Peak,3,8,120.4000,0.0000,27.4000,33.9000,8.0000,3.0000,4.0000,2.5000
INT0037,Weekend,4,1,89.4000,0.0000,11.0000,16.7000,5.0000,3.0000,3.6000,2.1000
INT0037,Weekend,4,2,89.4000,0.0000,29.2000,35.2000,15.0000,3.5000,4.3000,1.7000
INT0037,Weekend,4,3,89.4000,0.0000,6.0000,12.8000,5.0000,2.0000,3.4000,3.4000
INT0037,Weekend,4,4,89.4000,0.0000,18.0000,24.7000,8.0000,3.5000,4.2000,2.5000
INT0037,Weekend,4,5,89.4000,0.0000,16.0000,21.9000,5.0000,2.0000,3.8000,2.1000
INT0037,Weekend,4,6,89.4000,0.0000,24.0000,30.0000,15.0000,2.0000,4.3000,1.7000
INT0037,Weekend,4,7,89.4000,0.0000,5.0000,11.6000,5.0000,2.0000,3.2000,3.4000
INT0037,Weekend,4,8,89.4000,0.0000,19.4000,25.9000,8.0000,3.5000,4.0000,2.5000
INT0038,AM Peak,1,1,110.1000,0.0000,13.0000,19.2000,5.0000,3.0000,4.7000,1.5000
INT0038,AM Peak,1,2,110.1000,0.0000,35.1000,41.2000,15.0000,3.0000,4.9000,1.2000
INT0038,AM Peak,1,3,110.1000,0.0000,5.0000,12.7000,5.0000,2.5000,3.5000,4.2000
INT0038,AM Peak,1,4,110.1000,0.0000,30.2000,37.0000,8.0000,3.5000,3.8000,3.0000
INT0038,AM Peak,1,5,110.1000,0.0000,18.0000,23.7000,5.0000,2.0000,4.3000,1.4000
INT0038,AM Peak,1,6,110.1000,0.0000,30.0000,36.7000,15.0000,2.5000,5.5000,1.2000
INT0038,AM Peak,1,7,110.1000,0.0000,7.0000,15.1000,5.0000,3.5000,3.5000,4.6000
INT0038,AM Peak,1,8,110.1000,0.0000,28.0000,34.6000,8.0000,2.0000,3.7000,2.9000
INT0038,Midday,2,1,100.1000,0.0000,13.0000,19.2000,5.0000,2.0000,4.7000,1.5000
INT0038,Midday,2,2,100.1000,0.0000,29.1000,35.2000,15.0000,3.0000,4.9000,1.2000
INT0038,Midday,2,3,100.1000,0.0000,5.0000,12.7000,5.0000,3.5000,3.5000,4.2000
INT0038,Midday,2,4,100.1000,0.0000,26.2000,33.0000,8.0000,2.0000,3.8000,3.0000
INT0038,Midday,2,5,100.1000,0.0000,14.0000,19.7000,5.0000,3.0000,4.3000,1.4000
INT0038,Midday,2,6,100.1000,0.0000,28.0000,34.7000,15.0000,3.5000,5.5000,1.2000
INT0038,Midday,2,7,100.1000,0.0000,7.0000,15.1000,5.0000,3.5000,3.5000,4.6000
INT0038,Midday,2,8,100.1000,0.0000,24.0000,30.6000,8.0000,3.0000,3.7000,2.9000
INT0038,PM Peak,3,1,130.1000,0.0000,21.0000,27.2000,5.0000,3.0000,4.7000,1.5000
INT0038,PM Peak,3,2,130.1000,0.0000,38.1000,44.2000,15.0000,3.5000,4.9000,1.2000
INT0038,PM Peak,3,3,130.1000,0.0000,5.0000,12.7000,5.0000,3.0000,3.5000,4.2000
INT0038,PM Peak,3,4,130.1000,0.0000,39.2000,46.0000,8.0000,3.0000,3.8000,3.0000
INT0038,PM Peak,3,5,130.1000,0.0000,17.0000,22.7000,5.0000,3.5000,4.3000,1.4000
INT0038,PM Peak,3,6,130.1000,0.0000,42.0000,48.7000,15.0000,3.5000,5.5000,1.2000
INT0038,PM Peak,3,7,130.1000,0.0000,11.0000,19.1000,5.0000,2.0000,3.5000,4.6000
INT0038,PM Peak,3,8,130.1000,0.0000,33.0000,39.6000,8.0000,3.0000,3.7000,2.9000
INT0038,Weekend,4,1,110.1000,0.0000,15.0000,21.2000,5.0000,2.0000,4.7000,1.5000
INT0038,Weekend,4,2,110.1000,0.0000,32.1000,38.2000,15.0000,3.5000,4.9000,1.2000
INT0038,Weekend,4,3,110.1000,0.0000,5.0000,12.7000,5.0000,2.5000,3.5000,4.2000
INT0038,Weekend,4,4,110.1000,0.0000,31.2000,38.0000,8.0000,2.5000,3.8000,3.0000
INT0038,Weekend,4,5,110.1000,0.0000,16.0000,21.7000,5.0000,3.0000,4.3000,1.4000
INT0038,Weekend,4,6,110.1000,0.0000,31.0000,37.7000,15.0000,2.5000,5.5000,1.2000
INT0038,Weekend,4,7,110.1000,0.0000,8.0000,16.1000,5.0000,3.5000,3.5000,4.6000
INT0038,Weekend,4,8,110.1000,0.0000,28.0000,34.6000,8.0000,3.0000,3.7000,2.9000
INT0039,AM Peak,1,1,129.9000,59.0000,17.0000,22.7000,5.0000,2.0000,3.0000,2.7000
INT0039,AM Peak,1,2,129.9000,59.0000,47.0000,52.5000,15.0000,3.5000,3.6000,1.9000
INT0039,AM Peak,1,3,129.9000,59.0000,18.0000,23.8000,5.0000,2.0000,3.0000,2.8000
INT0039,AM Peak,1,4,129.9000,59.0000,25.0000,30.9000,8.0000,2.0000,3.9000,2.0000
INT0039,AM Peak,1,5,129.9000,59.0000,13.0000,18.7000,5.0000,3.5000,3.0000,2.7000
INT0039,AM Peak,1,6,129.9000,59.0000,51.0000,56.5000,15.0000,2.5000,3.6000,1.9000
INT0039,AM Peak,1,7,129.9000,59.0000,10.0000,15.9000,5.0000,2.5000,3.1000,2.8000
INT0039,AM Peak,1,8,129.9000,59.0000,33.4000,38.8000,8.0000,2.5000,3.4000,2.0000
INT0039,Midday,2,1,79.9000,46.0000,11.0000,16.7000,5.0000,3.5000,3.0000,2.7000
INT0039,Midday,2,2,79.9000,46.0000,23.0000,28.5000,15.0000,2.5000,3.6000,1.9000
INT0039,Midday,2,3,79.9000,46.0000,9.0000,14.8000,5.0000,3.0000,3.0000,2.8000
INT0039,Midday,2,4,79.9000,46.0000,14.0000,19.9000,8.0000,2.0000,3.9000,2.0000
INT0039,Midday,2,5,79.9000,46.0000,6.0000,11.7000,5.0000,3.0000,3.0000,2.7000
INT0039,Midday,2,6,79.9000,46.0000,28.0000,33.5000,15.0000,3.0000,3.6000,1.9000
INT0039,Midday,2,7,79.9000,46.0000,6.0000,11.9000,5.0000,2.0000,3.1000,2.8000
INT0039,Midday,2,8,79.9000,46.0000,17.4000,22.8000,8.0000,3.0000,3.4000,2.0000
INT0039,PM Peak,3,1,139.9000,121.0000,26.0000,31.7000,5.0000,2.5000,3.0000,2.7000
INT0039,PM Peak,3,2,139.9000,121.0000,47.0000,52.5000,15.0000,3.0000,3.6000,1.9000
INT0039,PM Peak,3,3,139.9000,121.0000,15.0000,20.8000,5.0000,3.0000,3.0000,2.8000
INT0039,PM Peak,3,4,139.9000,121.0000,29.0000,34.9000,8.0000,3.0000,3.9000,2.0000
INT0039,PM Peak,3,5,139.9000,121.0000,11.0000,16.7000,5.0000,2.0000,3.0000,2.7000
INT0039,PM Peak,3,6,139.9000,121.0000,62.0000,67.5000,15.0000,3.5000,3.6000,1.9000
INT0039,PM Peak,3,7,139.9000,121.0000,13.0000,18.9000,5.0000,2.5000,3.1000,2.8000
INT0039,PM Peak,3,8,139.9000,121.0000,31.4000,36.8000,8.0000,2.0000,3.4000,2.0000
INT0039,Weekend,4,1,89.9000,57.0000,12.0000,17.7000,5.0000,3.5000,3.0000,2.7000
INT0039,Weekend,4,2,89.9000,57.0000,28.0000,33.5000,15.0000,3.0000,3.6000,1.9000
INT0039,Weekend,4,3,89.9000,57.0000,10.0000,15.8000,5.0000,3.0000,3.0000,2.8000
INT0039,Weekend,4,4,89.9000,57.0000,17.0000,22.9000,8.0000,2.5000,3.9000,2.0000
INT0039,Weekend,4,5,89.9000,57.0000,7.0000,12.7000,5.0000,3.5000,3.0000,2.7000
INT0039,Weekend,4,6,89.9000,57.0000,33.0000,38.5000,15.0000,2.5000,3.6000,1.9000
INT0039,Weekend,4,7,89.9000,57.0000,7.0000,12.9000,5.0000,2.5000,3.1000,2.8000
INT0039,Weekend,4,8,89.9000,57.0000,20.4000,25.8000,8.0000,3.5000,3.4000,2.0000
INT0040,AM Peak,1,1,129.6000,2.0000,20.0000,25.3000,5.0000,3.0000,3.8000,1.5000
INT0040,AM Peak,1,2,129.6000,2.0000,50.0000,55.8000,15.0000,2.0000,4.3000,1.5000
INT0040,AM Peak,1,3,129.6000,2.0000,12.0000,18.1000,5.0000,3.0000,3.2000,2.9000
INT0040,AM Peak,1,4,129.6000,2.0000,24.0000,30.4000,8.0000,3.0000,4.2000,2.2000
INT0040,AM Peak,1,5,129.6000,2.0000,19.0000,24.1000,5.0000,3.0000,3.6000,1.5000
INT0040,AM Peak,1,6,129.6000,2.0000,51.2000,57.0000,15.0000,3.0000,4.3000,1.5000
INT0040,AM Peak,1,7,129.6000,2.0000,12.0000,18.1000,5.0000,2.5000,3.2000,2.9000
INT0040,AM Peak,1,8,129.6000,2.0000,24.1000,30.4000,8.0000,3.0000,4.1000,2.2000
INT0040,Midday,2,1,99.6000,26.0000,16.0000,21.3000,5.0000,2.5000,3.8000,1.5000
INT0040,Midday,2,2,99.6000,26.0000,33.0000,38.8000,15.0000,3.0000,4.3000,1.5000
INT0040,Midday,2,3,99.6000,26.0000,8.0000,14.1000,5.0000,3.0000,3.2000,2.9000
INT0040,Midday,2,4,99.6000,26.0000,19.0000,25.4000,8.0000,3.0000,4.2000,2.2000
INT0040,Midday,2,5,99.6000,26.0000,11.0000,16.1000,5.0000,2.0000,3.6000,1.5000
INT0040,Midday,2,6,99.6000,26.0000,38.2000,44.0000,15.0000,3.0000,4.3000,1.5000
INT0040,Midday,2,7,99.6000,26.0000,10.0000,16.1000,5.0000,2.5000,3.2000,2.9000
INT0040,Midday,2,8,99.6000,26.0000,17.1000,23.4000,8.0000,2.5000,4.1000,2.2000
INT0040,PM Peak,3,1,120.6000,16.0000,23.0000,28.3000,5.0000,2.0000,3.8000,1.5000
INT0040,PM Peak,3,2,120.6000,16.0000,38.0000,43.8000,15.0000,2.0000,4.3000,1.5000
INT0040,PM Peak,3,3,120.6000,16.0000,9.0000,15.1000,5.0000,3.5000,3.2000,2.9000
INT0040,PM Peak,3,4,120.6000,16.0000,27.0000,33.4000,8.0000,3.5000,4.2000,2.2000
INT0040,PM Peak,3,5,120.6000,16.0000,12.0000,17.1000,5.0000,3.5000,3.6000,1.5000
INT0040,PM Peak,3,6,120.6000,16.0000,49.2000,55.0000,15.0000,3.5000,4.3000,1.5000
INT0040,PM Peak,3,7,120.6000,16.0000,14.0000,20.1000,5.0000,3.5000,3.2000,2.9000
INT0040,PM Peak,3,8,120.6000,16.0000,22.1000,28.4000,8.0000,2.5000,4.1000,2.2000
INT0040,Weekend,4,1,99.6000,27.0000,16.0000,21.3000,5.0000,2.5000,3.8000,1.5000
INT0040,Weekend,4,2,99.6000,27.0000,33.0000,38.8000,15.0000,2.0000,4.3000,1.5000
INT0040,Weekend,4,3,99.6000,27.0000,8.0000,14.1000,5.0000,2.0000,3.2000,2.9000
INT0040,Weekend,4,4,99.6000,27.0000,19.0000,25.4000,8.0000,3.5000,4.2000,2.2000
INT0040,Weekend,4,5,99.6000,27.0000,11.0000,16.1000,5.0000,2.5000,3.6000,1.5000
INT0040,Weekend,4,6,99.6000,27.0000,38.2000,44.0000,15.0000,3.0000,4.3000,1.5000
INT0040,Weekend,4,7,99.6000,27.0000,10.0000,16.1000,5.0000,2.0000,3.2000,2.9000
INT0040,Weekend,4,8,99.6000,27.0000,17.1000,23.4000,8.0000,2.0000,4.1000,2.2000
INT0041,AM Peak,1,1,110.3000,0.0000,13.0000,18.7000,5.0000,2.5000,4.2000,1.5000
INT0041,AM Peak,1,2,110.3000,0.0000,38.4000,44.9000,15.0000,2.0000,5.3000,1.2000
INT0041,AM Peak,1,3,110.3000,0.0000,6.0000,12.7000,5.0000,2.5000,3.5000,3.2000
INT0041,AM Peak,1,4,110.3000,0.0000,27.0000,34.0000,8.0000,2.5000,4.4000,2.6000
INT0041,AM Peak,1,5,110.3000,0.0000,16.0000,22.0000,5.0000,3.5000,4.6000,1.4000
INT0041,AM Peak,1,6,110.3000,0.0000,35.0000,41.6000,15.0000,2.5000,5.4000,1.2000
INT0041,AM Peak,1,7,110.3000,0.0000,13.0000,20.0000,5.0000,3.5000,3.9000,3.1000
INT0041,AM Peak,1,8,110.3000,0.0000,20.4000,26.7000,8.0000,2.5000,3.9000,2.4000
INT0041,Midday,2,1,100.3000,0.0000,13.0000,18.7000,5.0000,2.5000,4.2000,1.5000
INT0041,Midday,2,2,100.3000,0.0000,30.4000,36.9000,15.0000,3.0000,5.3000,1.2000
INT0041,Midday,2,3,100.3000,0.0000,5.0000,11.7000,5.0000,3.5000,3.5000,3.2000
INT0041,Midday,2,4,100.3000,0.0000,26.0000,33.0000,8.0000,2.5000,4.4000,2.6000
INT0041,Midday,2,5,100.3000,0.0000,12.0000,18.0000,5.0000,3.5000,4.6000,1.4000
INT0041,Midday,2,6,100.3000,0.0000,31.0000,37.6000,15.0000,3.0000,5.4000,1.2000
INT0041,Midday,2,7,100.3000,0.0000,13.0000,20.0000,5.0000,2.5000,3.9000,3.1000
INT0041,Midday,2,8,100.3000,0.0000,18.4000,24.7000,8.0000,3.5000,3.9000,2.4000
INT0041,PM Peak,3,1,120.3000,0.0000,19.0000,24.7000,5.0000,3.0000,4.2000,1.5000
INT0041,PM Peak,3,2,120.3000,0.0000,35.4000,41.9000,15.0000,3.5000,5.3000,1.2000
INT0041,PM Peak,3,3,120.3000,0.0000,5.0000,11.7000,5.0000,3.5000,3.5000,3.2000
INT0041,PM Peak,3,4,120.3000,0.0000,35.0000,42.0000,8.0000,2.0000,4.4000,2.6000
INT0041,PM Peak,3,5,120.3000,0.0000,12.0000,18.0000,5.0000,3.0000,4.6000,1.4000
INT0041,PM Peak,3,6,120.3000,0.0000,42.0000,48.6000,15.0000,3.0000,5.4000,1.2000
INT0041,PM Peak,3,7,120.3000,0.0000,18.0000,25.0000,5.0000,3.5000,3.9000,3.1000
INT0041,PM Peak,3,8,120.3000,0.0000,22.4000,28.7000,8.0000,2.0000,3.9000,2.4000
INT0041,Weekend,4,1,90.3000,0.0000,11.0000,16.7000,5.0000,2.0000,4.2000,1.5000
INT0041,Weekend,4,2,90.3000,0.0000,26.4000,32.9000,15.0000,2.0000,5.3000,1.2000
INT0041,Weekend,4,3,90.3000,0.0000,5.0000,11.7000,5.0000,2.5000,3.5000,3.2000
INT0041,Weekend,4,4,90.3000,0.0000,22.0000,29.0000,8.0000,2.5000,4.4000,2.6000
INT0041,Weekend,4,5,90.3000,0.0000,10.0000,16.0000,5.0000,2.0000,4.6000,1.4000
INT0041,Weekend,4,6,90.3000,0.0000,27.0000,33.6000,15.0000,2.0000,5.4000,1.2000
INT0041,Weekend,4,7,90.3000,0.0000,11.0000,18.0000,5.0000,2.5000,3.9000,3.1000
INT0041,Weekend,4,8,90.3000,0.0000,16.4000,22.7000,8.0000,2.0000,3.9000,2.4000
INT0042,AM Peak,1,1,110.0000,15.0000,11.0000,15.0000,5.0000,3.5000,3.0000,1.0000
INT0042,AM Peak,1,2,110.0000,15.0000,50.0000,54.5000,15.0000,3.5000,3.5000,1.0000
INT0042,AM Peak,1,3,110.0000,15.0000,7.0000,11.0000,5.0000,3.0000,3.0000,1.0000
INT0042,AM Peak,1,4,110.0000,15.0000,25.0000,29.5000,8.0000,3.0000,3.5000,1.0000
INT0042,AM Peak,1,5,110.0000,15.0000,29.0000,33.0000,5.0000,2.0000,3.0000,1.0000
INT0042,AM Peak,1,6,110.0000,15.0000,32.0000,36.5000,15.0000,3.0000,3.5000,1.0000
INT0042,AM Peak,1,7,110.0000,15.0000,5.0000,9.0000,5.0000,3.0000,3.0000,1.0000
INT0042,AM Peak,1,8,110.0000,15.0000,27.0000,31.5000,8.0000,3.5000,3.5000,1.0000
INT0042,Midday,2,1,100.0000,49.0000,12.0000,16.0000,5.0000,3.5000,3.0000,1.0000
INT0042,Midday,2,2,100.0000,49.0000,43.0000,47.5000,15.0000,2.0000,3.5000,1.0000
INT0042,Midday,2,3,100.0000,49.0000,5.0000,9.0000,5.0000,3.5000,3.0000,1.0000
INT0042,Midday,2,4,100.0000,49.0000,23.0000,27.5000,8.0000,2.5000,3.5000,1.0000
INT0042,Midday,2,5,100.0000,49.0000,23.0000,27.0000,5.0000,3.5000,3.0000,1.0000
INT0042,Midday,2,6,100.0000,49.0000,32.0000,36.5000,15.0000,3.0000,3.5000,1.0000
INT0042,Midday,2,7,100.0000,49.0000,5.0000,9.0000,5.0000,2.5000,3.0000,1.0000
INT0042,Midday,2,8,100.0000,49.0000,23.0000,27.5000,8.0000,2.5000,3.5000,1.0000
INT0042,PM Peak,3,1,130.0000,38.0000,20.0000,24.0000,5.0000,2.0000,3.0000,1.0000
INT0042,PM Peak,3,2,130.0000,38.0000,57.0000,61.5000,15.0000,3.0000,3.5000,1.0000
INT0042,PM Peak,3,3,130.0000,38.0000,6.0000,10.0000,5.0000,3.0000,3.0000,1.0000
INT0042,PM Peak,3,4,130.0000,38.0000,30.0000,34.5000,8.0000,2.5000,3.5000,1.0000
INT0042,PM Peak,3,5,130.0000,38.0000,29.0000,33.0000,5.0000,3.0000,3.0000,1.0000
INT0042,PM Peak,3,6,130.0000,38.0000,48.0000,52.5000,15.0000,2.0000,3.5000,1.0000
INT0042,PM Peak,3,7,130.0000,38.0000,7.0000,11.0000,5.0000,2.0000,3.0000,1.0000
INT0042,PM Peak,3,8,130.0000,38.0000,29.0000,33.5000,8.0000,3.5000,3.5000,1.0000
INT0042,Weekend,4,1,110.0000,82.0000,14.0000,18.0000,5.0000,2.5000,3.0000,1.0000
INT0042,Weekend,4,2,110.0000,82.0000,48.0000,52.5000,15.0000,2.0000,3.5000,1.0000
INT0042,Weekend,4,3,110.0000,82.0000,6.0000,10.0000,5.0000,3.0000,3.0000,1.0000
INT0042,Weekend,4,4,110.0000,82.0000,25.0000,29.5000,8.0000,3.0000,3.5000,1.0000
INT0042,Weekend,4,5,110.0000,82.0000,26.0000,30.0000,5.0000,2.0000,3.0000,1.0000
INT0042,Weekend,4,6,110.0000,82.0000,36.0000,40.5000,15.0000,3.5000,3.5000,1.0000
INT0042,Weekend,4,7,110.0000,82.0000,5.0000,9.0000,5.0000,2.0000,3.0000,1.0000
INT0042,Weekend,4,8,110.0000,82.0000,26.0000,30.5000,8.0000,3.0000,3.5000,1.0000
INT0043,AM Peak,1,1,120.3000,0.0000,14.0000,19.2000,5.0000,3.0000,3.7000,1.5000
INT0043,AM Peak,1,2,120.3000,0.0000,39.8000,45.3000,15.0000,2.0000,4.4000,1.1000
INT0043,AM Peak,1,3,120.3000,0.0000,9.0000,16.7000,5.0000,3.5000,3.7000,4.0000
INT0043,AM Peak,1,4,120.3000,0.0000,33.0000,39.1000,8.0000,2.0000,3.7000,2.4000
INT0043,AM Peak,1,5,120.3000,0.0000,14.0000,19.3000,5.0000,3.0000,3.8000,1.5000
INT0043,AM Peak,1,6,120.3000,0.0000,39.0000,45.2000,15.0000,2.0000,5.1000,1.1000
INT0043,AM Peak,1,7,120.3000,0.0000,5.0000,12.0000,5.0000,2.0000,3.5000,3.5000
INT0043,AM Peak,1,8,120.3000,0.0000,37.2000,43.8000,8.0000,3.0000,3.7000,2.9000
INT0043,Midday,2,1,100.3000,0.0000,13.0000,18.2000,5.0000,3.5000,3.7000,1.5000
INT0043,Midday,2,2,100.3000,0.0000,29.8000,35.3000,15.0000,3.5000,4.4000,1.1000
INT0043,Midday,2,3,100.3000,0.0000,6.0000,13.7000,5.0000,3.5000,3.7000,4.0000
INT0043,Midday,2,4,100.3000,0.0000,27.0000,33.1000,8.0000,3.5000,3.7000,2.4000
INT0043,Midday,2,5,100.3000,0.0000,10.0000,15.3000,5.0000,3.0000,3.8000,1.5000
INT0043,Midday,2,6,100.3000,0.0000,32.0000,38.2000,15.0000,3.0000,5.1000,1.1000
INT0043,Midday,2,7,100.3000,0.0000,5.0000,12.0000,5.0000,2.5000,3.5000,3.5000
INT0043,Midday,2,8,100.3000,0.0000,28.2000,34.8000,8.0000,3.0000,3.7000,2.9000
INT0043,PM Peak,3,1,120.3000,0.0000,19.0000,24.2000,5.0000,2.0000,3.7000,1.5000
INT0043,PM Peak,3,2,120.3000,0.0000,35.8000,41.3000,15.0000,3.0000,4.4000,1.1000
INT0043,PM Peak,3,3,120.3000,0.0000,7.0000,14.7000,5.0000,3.0000,3.7000,4.0000
INT0043,PM Peak,3,4,120.3000,0.0000,34.0000,40.1000,8.0000,3.0000,3.7000,2.4000
INT0043,PM Peak,3,5,120.3000,0.0000,10.0000,15.3000,5.0000,3.0000,3.8000,1.5000
INT0043,PM Peak,3,6,120.3000,0.0000,44.0000,50.2000,15.0000,2.0000,5.1000,1.1000
INT0043,PM Peak,3,7,120.3000,0.0000,5.0000,12.0000,5.0000,3.5000,3.5000,3.5000
INT0043,PM Peak,3,8,120.3000,0.0000,36.2000,42.8000,8.0000,3.0000,3.7000,2.9000
INT0043,Weekend,4,1,100.3000,0.0000,13.0000,18.2000,5.0000,2.0000,3.7000,1.5000
INT0043,Weekend,4,2,100.3000,0.0000,29.8000,35.3000,15.0000,3.0000,4.4000,1.1000
INT0043,Weekend,4,3,100.3000,0.0000,6.0000,13.7000,5.0000,2.5000,3.7000,4.0000
INT0043,Weekend,4,4,100.3000,0.0000,27.0000,33.1000,8.0000,2.0000,3.7000,2.4000
INT0043,Weekend,4,5,100.3000,0.0000,10.0000,15.3000,5.0000,2.0000,3.8000,1.5000
INT0043,Weekend,4,6,100.3000,0.0000,32.0000,38.2000,15.0000,2.0000,5.1000,1.1000
INT0043,Weekend,4,7,100.3000,0.0000,5.0000,12.0000,5.0000,3.5000,3.5000,3.5000
INT0043,Weekend,4,8,100.3000,0.0000,28.2000,34.8000,8.0000,3.5000,3.7000,2.9000
INT0044,AM Peak,1,1,99.6000,0.0000,16.0000,21.7000,5.0000,0.0000,4.2000,1.5000
INT0044,AM Peak,1,2,99.6000,0.0000,32.0000,38.2000,15.0000,0.0000,4.7000,1.5000
INT0044,AM Peak,1,3,99.6000,0.0000,10.0000,15.1000,5.0000,0.0000,3.2000,1.9000
INT0044,AM Peak,1,4,99.6000,0.0000,19.0000,24.6000,8.0000,0.0000,4.1000,1.5000
INT0044,AM Peak,1,5,99.6000,0.0000,19.0000,24.5000,5.0000,0.0000,4.0000,1.5000
INT0044,AM Peak,1,6,99.6000,0.0000,29.0000,35.4000,15.0000,0.0000,4.9000,1.5000
INT0044,AM Peak,1,7,99.6000,0.0000,5.0000,10.2000,5.0000,0.0000,3.3000,1.9000
INT0044,AM Peak,1,8,99.6000,0.0000,24.0000,29.5000,8.0000,0.0000,4.0000,1.5000
INT0044,Midday,2,1,100.6000,0.0000,18.0000,23.7000,5.0000,0.0000,4.2000,1.5000
INT0044,Midday,2,2,100.6000,0.0000,29.0000,35.2000,15.0000,0.0000,4.7000,1.5000
INT0044,Midday,2,3,100.6000,0.0000,9.0000,14.1000,5.0000,0.0000,3.2000,1.9000
INT0044,Midday,2,4,100.6000,0.0000,22.0000,27.6000,8.0000,0.0000,4.1000,1.5000
INT0044,Midday,2,5,100.6000,0.0000,16.0000,21.5000,5.0000,0.0000,4.0000,1.5000
INT0044,Midday,2,6,100.6000,0.0000,31.0000,37.4000,15.0000,0.0000,4.9000,1.5000
INT0044,Midday,2,7,100.6000,0.0000,5.0000,10.2000,5.0000,0.0000,3.3000,1.9000
INT0044,Midday,2,8,100.6000,0.0000,26.0000,31.5000,8.0000,0.0000,4.0000,1.5000
INT0044,PM Peak,3,1,100.6000,0.0000,20.0000,25.7000,5.0000,0.0000,4.2000,1.5000
INT0044,PM Peak,3,2,100.6000,0.0000,26.0000,32.2000,15.0000,0.0000,4.7000,1.5000
INT0044,PM Peak,3,3,100.6000,0.0000,8.0000,13.1000,5.0000,0.0000,3.2000,1.9000
INT0044,PM Peak,3,4,100.6000,0.0000,24.0000,29.6000,8.0000,0.0000,4.1000,1.5000
INT0044,PM Peak,3,5,100.6000,0.0000,14.0000,19.5000,5.0000,0.0000,4.0000,1.5000
INT0044,PM Peak,3,6,100.6000,0.0000,32.0000,38.4000,15.0000,0.0000,4.9000,1.5000
INT0044,PM Peak,3,7,100.6000,0.0000,5.0000,10.2000,5.0000,0.0000,3.3000,1.9000
INT0044,PM Peak,3,8,100.6000,0.0000,27.0000,32.5000,8.0000,0.0000,4.0000,1.5000
INT0044,Weekend,4,1,100.6000,0.0000,18.0000,23.7000,5.0000,0.0000,4.2000,1.5000
INT0044,Weekend,4,2,100.6000,0.0000,29.0000,35.2000,15.0000,0.0000,4.7000,1.5000
INT0044,Weekend,4,3,100.6000,0.0000,9.0000,14.1000,5.0000,0.0000,3.2000,1.9000
INT0044,Weekend,4,4,100.6000,0.0000,22.0000,27.6000,8.0000,0.0000,4.1000,1.5000
INT0044,Weekend,4,5,100.6000,0.0000,16.0000,21.5000,5.0000,0.0000,4.0000,1.5000
INT0044,Weekend,4,6,100.6000,0.0000,31.0000,37.4000,15.0000,0.0000,4.9000,1.5000
INT0044,Weekend,4,7,100.6000,0.0000,5.0000,10.2000,5.0000,0.0000,3.3000,1.9000
INT0044,Weekend,4,8,100.6000,0.0000,26.0000,31.5000,8.0000,0.0000,4.0000,1.5000
INT0045,AM Peak,1,1,119.8000,61.0000,8.0000,13.0000,5.0000,3.0000,3.7000,1.3000
INT0045,AM Peak,1,2,119.8000,61.0000,52.6000,58.6000,15.0000,2.0000,4.8000,1.2000
INT0045,AM Peak,1,3,119.8000,61.0000,8.0000,15.9000,5.0000,3.0000,3.6000,4.3000
INT0045,AM Peak,1,4,119.8000,61.0000,26.0000,32.3000,8.0000,3.5000,3.7000,2.6000
INT0045,AM Peak,1,5,119.8000,61.0000,17.0000,22.8000,5.0000,2.5000,4.6000,1.2000
INT0045,AM Peak,1,6,119.8000,61.0000,43.0000,48.8000,15.0000,2.5000,4.6000,1.2000
INT0045,AM Peak,1,7,119.8000,61.0000,5.0000,12.8000,5.0000,2.0000,3.5000,4.3000
INT0045,AM Peak,1,8,119.8000,61.0000,29.0000,35.4000,8.0000,3.0000,3.6000,2.8000
INT0045,Midday,2,1,99.8000,6.0000,8.0000,13.0000,5.0000,3.5000,3.7000,1.3000
INT0045,Midday,2,2,99.8000,6.0000,41.6000,47.6000,15.0000,3.0000,4.8000,1.2000
INT0045,Midday,2,3,99.8000,6.0000,5.0000,12.9000,5.0000,2.5000,3.6000,4.3000
INT0045,Midday,2,4,99.8000,6.0000,20.0000,26.3000,8.0000,2.5000,3.7000,2.6000
INT0045,Midday,2,5,99.8000,6.0000,12.0000,17.8000,5.0000,3.5000,4.6000,1.2000
INT0045,Midday,2,6,99.8000,6.0000,37.0000,42.8000,15.0000,2.5000,4.6000,1.2000
INT0045,Midday,2,7,99.8000,6.0000,5.0000,12.8000,5.0000,2.0000,3.5000,4.3000
INT0045,Midday,2,8,99.8000,6.0000,20.0000,26.4000,8.0000,3.5000,3.6000,2.8000
INT0045,PM Peak,3,1,139.8000,111.0000,15.0000,20.0000,5.0000,2.5000,3.7000,1.3000
INT0045,PM Peak,3,2,139.8000,111.0000,63.6000,69.6000,15.0000,3.5000,4.8000,1.2000
INT0045,PM Peak,3,3,139.8000,111.0000,7.0000,14.9000,5.0000,2.5000,3.6000,4.3000
INT0045,PM Peak,3,4,139.8000,111.0000,29.0000,35.3000,8.0000,2.5000,3.7000,2.6000
INT0045,PM Peak,3,5,139.8000,111.0000,16.0000,21.8000,5.0000,2.0000,4.6000,1.2000
INT0045,PM Peak,3,6,139.8000,111.0000,62.0000,67.8000,15.0000,3.0000,4.6000,1.2000
INT0045,PM Peak,3,7,139.8000,111.0000,5.0000,12.8000,5.0000,3.5000,3.5000,4.3000
INT0045,PM Peak,3,8,139.8000,111.0000,31.0000,37.4000,8.0000,2.5000,3.6000,2.8000
INT0045,Weekend,4,1,99.8000,30.0000,8.0000,13.0000,5.0000,2.5000,3.7000,1.3000
INT0045,Weekend,4,2,99.8000,30.0000,41.6000,47.6000,15.0000,2.0000,4.8000,1.2000
INT0045,Weekend,4,3,99.8000,30.0000,5.0000,12.9000,5.0000,2.5000,3.6000,4.3000
INT0045,Weekend,4,4,99.8000,30.0000,20.0000,26.3000,8.0000,2.0000,3.7000,2.6000
INT0045,Weekend,4,5,99.8000,30.0000,12.0000,17.8000,5.0000,2.5000,4.6000,1.2000
INT0045,Weekend,4,6,99.8000,30.0000,37.0000,42.8000,15.0000,2.0000,4.6000,1.2000
INT0045,Weekend,4,7,99.8000,30.0000,5.0000,12.8000,5.0000,3.0000,3.5000,4.3000
INT0045,Weekend,4,8,99.8000,30.0000,20.0000,26.4000,8.0000,3.5000,3.6000,2.8000
INT0046,AM Peak,1,1,109.4000,0.0000,15.0000,20.9000,5.0000,2.5000,4.1000,1.8000
INT0046,AM Peak,1,2,109.4000,0.0000,46.0000,52.2000,15.0000,2.0000,4.8000,1.4000
INT0046,AM Peak,1,3,109.4000,0.0000,5.0000,11.7000,5.0000,3.5000,4.0000,2.7000
INT0046,AM Peak,1,4,109.4000,0.0000,18.5000,24.6000,8.0000,2.5000,3.7000,2.4000
INT0046,AM Peak,1,5,109.4000,0.0000,24.0000,29.8000,5.0000,2.5000,3.9000,1.9000
INT0046,AM Peak,1,6,109.4000,0.0000,37.2000,43.3000,15.0000,3.0000,4.7000,1.4000
INT0046,AM Peak,1,7,109.4000,0.0000,8.0000,14.5000,5.0000,2.5000,3.5000,3.0000
INT0046,AM Peak,1,8,109.4000,0.0000,15.0000,21.8000,8.0000,2.0000,4.8000,2.0000
INT0046,Midday,2,1,89.4000,0.0000,13.0000,18.9000,5.0000,2.5000,4.1000,1.8000
INT0046,Midday,2,2,89.4000,0.0000,32.0000,38.2000,15.0000,3.0000,4.8000,1.4000
INT0046,Midday,2,3,89.4000,0.0000,5.0000,11.7000,5.0000,2.0000,4.0000,2.7000
INT0046,Midday,2,4,89.4000,0.0000,14.5000,20.6000,8.0000,3.0000,3.7000,2.4000
INT0046,Midday,2,5,89.4000,0.0000,15.0000,20.8000,5.0000,2.0000,3.9000,1.9000
INT0046,Midday,2,6,89.4000,0.0000,30.2000,36.3000,15.0000,3.5000,4.7000,1.4000
INT0046,Midday,2,7,89.4000,0.0000,7.0000,13.5000,5.0000,3.5000,3.5000,3.0000
INT0046,Midday,2,8,89.4000,0.0000,12.0000,18.8000,8.0000,2.0000,4.8000,2.0000
INT0046,PM Peak,3,1,120.4000,0.0000,21.0000,26.9000,5.0000,2.0000,4.1000,1.8000
INT0046,PM Peak,3,2,120.4000,0.0000,44.0000,50.2000,15.0000,2.5000,4.8000,1.4000
INT0046,PM Peak,3,3,120.4000,0.0000,5.0000,11.7000,5.0000,3.5000,4.0000,2.7000
INT0046,PM Peak,3,4,120.4000,0.0000,25.5000,31.6000,8.0000,2.0000,3.7000,2.4000
INT0046,PM Peak,3,5,120.4000,0.0000,19.0000,24.8000,5.0000,2.0000,3.9000,1.9000
INT0046,PM Peak,3,6,120.4000,0.0000,46.2000,52.3000,15.0000,3.0000,4.7000,1.4000
INT0046,PM Peak,3,7,120.4000,0.0000,12.0000,18.5000,5.0000,2.5000,3.5000,3.0000
INT0046,PM Peak,3,8,120.4000,0.0000,18.0000,24.8000,8.0000,2.5000,4.8000,2.0000
INT0046,Weekend,4,1,89.4000,0.0000,13.0000,18.9000,5.0000,3.5000,4.1000,1.8000
INT0046,Weekend,4,2,89.4000,0.0000,32.0000,38.2000,15.0000,2.5000,4.8000,1.4000
INT0046,Weekend,4,3,89.4000,0.0000,5.0000,11.7000,5.0000,2.0000,4.0000,2.7000
INT0046,Weekend,4,4,89.4000,0.0000,14.5000,20.6000,8.0000,3.0000,3.7000,2.4000
INT0046,Weekend,4,5,89.4000,0.0000,15.0000,20.8000,5.0000,3.0000,3.9000,1.9000
INT0046,Weekend,4,6,89.4000,0.0000,30.2000,36.3000,15.0000,2.0000,4.7000,1.4000
INT0046,Weekend,4,7,89.4000,0.0000,7.0000,13.5000,5.0000,3.5000,3.5000,3.0000
INT0046,Weekend,4,8,89.4000,0.0000,12.0000,18.8000,8.0000,2.0000,4.8000,2.0000
INT0047,AM Peak,1,1,109.7000,42.0000,17.0000,22.2000,5.0000,3.0000,3.5000,1.7000
INT0047,AM Peak,1,2,109.7000,42.0000,37.0000,42.9000,15.0000,2.0000,4.6000,1.3000
INT0047,AM Peak,1,3,109.7000,42.0000,9.0000,15.4000,5.0000,2.5000,3.0000,3.4000
INT0047,AM Peak,1,4,109.7000,42.0000,23.3000,29.2000,8.0000,3.5000,3.5000,2.4000
INT0047,AM Peak,1,5,109.7000,42.0000,12.0000,17.5000,5.0000,2.5000,3.8000,1.7000
INT0047,AM Peak,1,6,109.7000,42.0000,42.1000,47.6000,15.0000,2.5000,4.2000,1.3000
INT0047,AM Peak,1,7,109.7000,42.0000,8.0000,14.4000,5.0000,3.5000,3.0000,3.4000
INT0047,AM Peak,1,8,109.7000,42.0000,24.0000,30.2000,8.0000,2.5000,3.8000,2.4000
INT0047,Midday,2,1,99.7000,44.0000,18.0000,23.2000,5.0000,2.0000,3.5000,1.7000
INT0047,Midday,2,2,99.7000,44.0000,31.0000,36.9000,15.0000,3.0000,4.6000,1.3000
INT0047,Midday,2,3,99.7000,44.0000,7.0000,13.4000,5.0000,2.5000,3.0000,3.4000
INT0047,Midday,2,4,99.7000,44.0000,20.3000,26.2000,8.0000,3.5000,3.5000,2.4000
INT0047,Midday,2,5,99.7000,44.0000,9.0000,14.5000,5.0000,3.5000,3.8000,1.7000
INT0047,Midday,2,6,99.7000,44.0000,40.1000,45.6000,15.0000,2.0000,4.2000,1.3000
INT0047,Midday,2,7,99.7000,44.0000,7.0000,13.4000,5.0000,2.5000,3.0000,3.4000
INT0047,Midday,2,8,99.7000,44.0000,20.0000,26.2000,8.0000,3.5000,3.8000,2.4000
INT0047,PM Peak,3,1,129.7000,94.0000,30.0000,35.2000,5.0000,2.5000,3.5000,1.7000
INT0047,PM Peak,3,2,129.7000,94.0000,41.0000,46.9000,15.0000,3.5000,4.6000,1.3000
INT0047,PM Peak,3,3,129.7000,94.0000,8.0000,14.4000,5.0000,3.5000,3.0000,3.4000
INT0047,PM Peak,3,4,129.7000,94.0000,27.3000,33.2000,8.0000,3.0000,3.5000,2.4000
INT0047,PM Peak,3,5,129.7000,94.0000,11.0000,16.5000,5.0000,2.0000,3.8000,1.7000
INT0047,PM Peak,3,6,129.7000,94.0000,60.1000,65.6000,15.0000,2.0000,4.2000,1.3000
INT0047,PM Peak,3,7,129.7000,94.0000,11.0000,17.4000,5.0000,3.0000,3.0000,3.4000
INT0047,PM Peak,3,8,129.7000,94.0000,24.0000,30.2000,8.0000,2.0000,3.8000,2.4000
INT0047,Weekend,4,1,99.7000,81.0000,18.0000,23.2000,5.0000,2.5000,3.5000,1.7000
INT0047,Weekend,4,2,99.7000,81.0000,31.0000,36.9000,15.0000,3.5000,4.6000,1.3000
INT0047,Weekend,4,3,99.7000,81.0000,7.0000,13.4000,5.0000,2.0000,3.0000,3.4000
INT0047,Weekend,4,4,99.7000,81.0000,20.3000,26.2000,8.0000,2.0000,3.5000,2.4000
INT0047,Weekend,4,5,99.7000,81.0000,9.0000,14.5000,5.0000,2.0000,3.8000,1.7000
INT0047,Weekend,4,6,99.7000,81.0000,40.1000,45.6000,15.0000,3.5000,4.2000,1.3000
INT0047,Weekend,4,7,99.7000,81.0000,7.0000,13.4000,5.0000,2.0000,3.0000,3.4000
INT0047,Weekend,4,8,99.7000,81.0000,20.0000,26.2000,8.0000,2.5000,3.8000,2.4000
INT0048,AM Peak,1,1,110.0000,88.0000,9.0000,13.0000,5.0000,2.5000,3.0000,1.0000
INT0048,AM Peak,1,2,110.0000,88.0000,41.0000,45.5000,15.0000,3.5000,3.5000,1.0000
INT0048,AM Peak,1,3,110.0000,88.0000,14.0000,18.0000,5.0000,2.5000,3.0000,1.0000
INT0048,AM Peak,1,4,110.0000,88.0000,29.0000,33.5000,8.0000,2.0000,3.5000,1.0000
INT0048,AM Peak,1,5,110.0000,88.0000,9.0000,13.0000,5.0000,2.5000,3.0000,1.0000
INT0048,AM Peak,1,6,110.0000,88.0000,41.0000,45.5000,15.0000,3.5000,3.5000,1.0000
INT0048,AM Peak,1,7,110.0000,88.0000,12.0000,16.0000,5.0000,2.0000,3.0000,1.0000
INT0048,AM Peak,1,8,110.0000,88.0000,31.0000,35.5000,8.0000,2.0000,3.5000,1.0000
INT0048,Midday,2,1,90.0000,79.0000,9.0000,13.0000,5.0000,2.5000,3.0000,1.0000
INT0048,Midday,2,2,90.0000,79.0000,30.0000,34.5000,15.0000,3.0000,3.5000,1.0000
INT0048,Midday,2,3,90.0000,79.0000,10.0000,14.0000,5.0000,2.0000,3.0000,1.0000
INT0048,Midday,2,4,90.0000,79.0000,24.0000,28.5000,8.0000,2.5000,3.5000,1.0000
INT0048,Midday,2,5,90.0000,79.0000,6.0000,10.0000,5.0000,2.5000,3.0000,1.0000
INT0048,Midday,2,6,90.0000,79.0000,33.0000,37.5000,15.0000,3.5000,3.5000,1.0000
INT0048,Midday,2,7,90.0000,79.0000,10.0000,14.0000,5.0000,3.0000,3.0000,1.0000
INT0048,Midday,2,8,90.0000,79.0000,24.0000,28.5000,8.0000,2.0000,3.5000,1.0000
INT0048,PM Peak,3,1,130.0000,127.0000,17.0000,21.0000,5.0000,2.5000,3.0000,1.0000
INT0048,PM Peak,3,2,130.0000,127.0000,46.0000,50.5000,15.0000,3.5000,3.5000,1.0000
INT0048,PM Peak,3,3,130.0000,127.0000,13.0000,17.0000,5.0000,3.5000,3.0000,1.0000
INT0048,PM Peak,3,4,130.0000,127.0000,37.0000,41.5000,8.0000,3.5000,3.5000,1.0000
INT0048,PM Peak,3,5,130.0000,127.0000,8.0000,12.0000,5.0000,2.5000,3.0000,1.0000
INT0048,PM Peak,3,6,130.0000,127.0000,55.0000,59.5000,15.0000,3.5000,3.5000,1.0000
INT0048,PM Peak,3,7,130.0000,127.0000,17.0000,21.0000,5.0000,3.0000,3.0000,1.0000
INT0048,PM Peak,3,8,130.0000,127.0000,33.0000,37.5000,8.0000,3.0000,3.5000,1.0000
INT0048,Weekend,4,1,90.0000,32.0000,9.0000,13.0000,5.0000,2.5000,3.0000,1.0000
INT0048,Weekend,4,2,90.0000,32.0000,30.0000,34.5000,15.0000,3.0000,3.5000,1.0000
INT0048,Weekend,4,3,90.0000,32.0000,10.0000,14.0000,5.0000,2.0000,3.0000,1.0000
INT0048,Weekend,4,4,90.0000,32.0000,24.0000,28.5000,8.0000,3.0000,3.5000,1.0000
INT0048,Weekend,4,5,90.0000,32.0000,6.0000,10.0000,5.0000,3.5000,3.0000,1.0000
INT0048,Weekend,4,6,90.0000,32.0000,33.0000,37.5000,15.0000,3.5000,3.5000,1.0000
INT0048,Weekend,4,7,90.0000,32.0000,10.0000,14.0000,5.0000,2.0000,3.0000,1.0000
INT0048,Weekend,4,8,90.0000,32.0000,24.0000,28.5000,8.0000,3.5000,3.5000,1.0000
INT0049,AM Peak,1,1,130.0000,76.0000,10.0000,14.0000,5.0000,3.0000,3.0000,1.0000
INT0049,AM Peak,1,2,130.0000,76.0000,54.0000,58.5000,15.0000,2.5000,3.5000,1.0000
INT0049,AM Peak,1,3,130.0000,76.0000,15.0000,19.0000,5.0000,2.5000,3.0000,1.0000
INT0049,AM Peak,1,4,130.0000,76.0000,34.0000,38.5000,8.0000,3.0000,3.5000,1.0000
INT0049,AM Peak,1,5,130.0000,76.0000,22.0000,26.0000,5.0000,3.5000,3.0000,1.0000
INT0049,AM Peak,1,6,130.0000,76.0000,42.0000,46.5000,15.0000,3.5000,3.5000,1.0000
INT0049,AM Peak,1,7,130.0000,76.0000,15.0000,19.0000,5.0000,3.0000,3.0000,1.0000
INT0049,AM Peak,1,8,130.0000,76.0000,34.0000,38.5000,8.0000,3.0000,3.5000,1.0000
INT0049,Midday,2,1,100.0000,64.0000,9.0000,13.0000,5.0000,2.5000,3.0000,1.0000
INT0049,Midday,2,2,100.0000,64.0000,39.0000,43.5000,15.0000,2.0000,3.5000,1.0000
INT0049,Midday,2,3,100.0000,64.0000,9.0000,13.0000,5.0000,3.0000,3.0000,1.0000
INT0049,Midday,2,4,100.0000,64.0000,26.0000,30.5000,8.0000,3.0000,3.5000,1.0000
INT0049,Midday,2,5,100.0000,64.0000,14.0000,18.0000,5.0000,3.5000,3.0000,1.0000
INT0049,Midday,2,6,100.0000,64.0000,34.0000,38.5000,15.0000,2.0000,3.5000,1.0000
INT0049,Midday,2,7,100.0000,64.0000,12.0000,16.0000,5.0000,2.5000,3.0000,1.0000
INT0049,Midday,2,8,100.0000,64.0000,23.0000,27.5000,8.0000,2.0000,3.5000,1.0000
INT0049,PM Peak,3,1,120.0000,12.0000,14.0000,18.0000,5.0000,3.5000,3.0000,1.0000
INT0049,PM Peak,3,2,120.0000,12.0000,47.0000,51.5000,15.0000,2.5000,3.5000,1.0000
INT0049,PM Peak,3,3,120.0000,12.0000,10.0000,14.0000,5.0000,3.0000,3.0000,1.0000
INT0049,PM Peak,3,4,120.0000,12.0000,32.0000,36.5000,8.0000,2.0000,3.5000,1.0000
INT0049,PM Peak,3,5,120.0000,12.0000,15.0000,19.0000,5.0000,3.5000,3.0000,1.0000
INT0049,PM Peak,3,6,120.0000,12.0000,46.0000,50.5000,15.0000,3.0000,3.5000,1.0000
INT0049,PM Peak,3,7,120.0000,12.0000,15.0000,19.0000,5.0000,2.0000,3.0000,1.0000
INT0049,PM Peak,3,8,120.0000,12.0000,27.0000,31.5000,8.0000,3.0000,3.5000,1.0000
INT0049,Weekend,4,1,100.0000,81.0000,9.0000,13.0000,5.0000,3.5000,3.0000,1.0000
INT0049,Weekend,4,2,100.0000,81.0000,39.0000,43.5000,15.0000,2.5000,3.5000,1.0000
INT0049,Weekend,4,3,100.0000,81.0000,9.0000,13.0000,5.0000,2.5000,3.0000,1.0000
INT0049,Weekend,4,4,100.0000,81.0000,26.0000,30.5000,8.0000,2.5000,3.5000,1.0000
INT0049,Weekend,4,5,100.0000,81.0000,14.0000,18.0000,5.0000,3.0000,3.0000,1.0000
INT0049,Weekend,4,6,100.0000,81.0000,34.0000,38.5000,15.0000,2.0000,3.5000,1.0000
INT0049,Weekend,4,7,100.0000,81.0000,12.0000,16.0000,5.0000,2.0000,3.0000,1.0000
INT0049,Weekend,4,8,100.0000,81.0000,23.0000,27.5000,8.0000,3.0000,3.5000,1.0000
INT0050,AM Peak,1,1,130.2000,0.0000,17.0000,22.3000,5.0000,3.5000,3.0000,2.3000
INT0050,AM Peak,1,2,130.2000,0.0000,49.0000,55.1000,15.0000,2.5000,4.4000,1.7000
INT0050,AM Peak,1,3,130.2000,0.0000,10.0000,17.3000,5.0000,2.0000,3.0000,4.3000
INT0050,AM Peak,1,4,130.2000,0.0000,29.0000,35.5000,8.0000,2.5000,3.0000,3.5000
INT0050,AM Peak,1,5,130.2000,0.0000,30.0000,35.9000,5.0000,2.0000,3.6000,2.3000
INT0050,AM Peak,1,6,130.2000,0.0000,36.2000,41.5000,15.0000,3.0000,3.6000,1.7000
INT0050,AM Peak,1,7,130.2000,0.0000,5.0000,12.3000,5.0000,3.0000,3.0000,4.3000
INT0050,AM Peak,1,8,130.2000,0.0000,34.0000,40.5000,8.0000,2.0000,3.0000,3.5000
INT0050,Midday,2,1,99.2000,0.0000,14.0000,19.3000,5.0000,2.5000,3.0000,2.3000
INT0050,Midday,2,2,99.2000,0.0000,32.0000,38.1000,15.0000,3.0000,4.4000,1.7000
INT0050,Midday,2,3,99.2000,0.0000,6.0000,13.3000,5.0000,2.5000,3.0000,4.3000
INT0050,Midday,2,4,99.2000,0.0000,22.0000,28.5000,8.0000,2.0000,3.0000,3.5000
INT0050,Midday,2,5,99.2000,0.0000,19.0000,24.9000,5.0000,2.0000,3.6000,2.3000
INT0050,Midday,2,6,99.2000,0.0000,27.2000,32.5000,15.0000,3.5000,3.6000,1.7000
INT0050,Midday,2,7,99.2000,0.0000,5.0000,12.3000,5.0000,2.0000,3.0000,4.3000
INT0050,Midday,2,8,99.2000,0.0000,23.0000,29.5000,8.0000,3.0000,3.0000,3.5000
INT0050,PM Peak,3,1,119.2000,0.0000,21.0000,26.3000,5.0000,3.5000,3.0000,2.3000
INT0050,PM Peak,3,2,119.2000,0.0000,37.0000,43.1000,15.0000,3.5000,4.4000,1.7000
INT0050,PM Peak,3,3,119.2000,0.0000,7.0000,14.3000,5.0000,3.5000,3.0000,4.3000
INT0050,PM Peak,3,4,119.2000,0.0000,29.0000,35.5000,8.0000,3.5000,3.0000,3.5000
INT0050,PM Peak,3,5,119.2000,0.0000,20.0000,25.9000,5.0000,3.5000,3.6000,2.3000
INT0050,PM Peak,3,6,119.2000,0.0000,38.2000,43.5000,15.0000,2.0000,3.6000,1.7000
INT0050,PM Peak,3,7,119.2000,0.0000,5.0000,12.3000,5.0000,2.5000,3.0000,4.3000
INT0050,PM Peak,3,8,119.2000,0.0000,31.0000,37.5000,8.0000,2.5000,3.0000,3.5000
INT0050,Weekend,4,1,99.2000,0.0000,14.0000,19.3000,5.0000,3.0000,3.0000,2.3000
INT0050,Weekend,4,2,99.2000,0.0000,32.0000,38.1000,15.0000,3.5000,4.4000,1.7000
INT0050,Weekend,4,3,99.2000,0.0000,6.0000,13.3000,5.0000,2.0000,3.0000,4.3000
INT0050,Weekend,4,4,99.2000,0.0000,22.0000,28.5000,8.0000,2.5000,3.0000,3.5000
INT0050,Weekend,4,5,99.2000,0.0000,19.0000,24.9000,5.0000,3.0000,3.6000,2.3000
INT0050,Weekend,4,6,99.2000,0.0000,27.2000,32.5000,15.0000,3.5000,3.6000,1.7000
INT0050,Weekend,4,7,99.2000,0.0000,5.0000,12.3000,5.0000,3.5000,3.0000,4.3000
INT0050,Weekend,4,8,99.2000,0.0000,23.0000,29.5000,8.0000,2.5000,3.0000,3.5000
INT0051,AM Peak,1,1,119.6000,0.0000,17.0000,22.1000,5.0000,3.0000,3.9000,1.2000
INT0051,AM Peak,1,2,119.6000,0.0000,42.0000,48.9000,15.0000,2.0000,5.9000,1.0000
INT0051,AM Peak,1,3,119.6000,0.0000,6.0000,13.6000,5.0000,2.0000,3.5000,4.1000
INT0051,AM Peak,1,4,119.6000,0.0000,28.2000,35.0000,8.0000,3.5000,3.5000,3.3000
INT0051,AM Peak,1,5,119.6000,0.0000,24.0000,30.3000,5.0000,2.0000,5.1000,1.2000
INT0051,AM Peak,1,6,119.6000,0.0000,35.2000,40.7000,15.0000,3.0000,4.5000,1.0000
INT0051,AM Peak,1,7,119.6000,0.0000,5.0000,12.6000,5.0000,2.5000,3.5000,4.1000
INT0051,AM Peak,1,8,119.6000,0.0000,29.0000,36.0000,8.0000,3.5000,3.7000,3.3000
INT0051,Midday,2,1,100.6000,0.0000,15.0000,20.1000,5.0000,3.0000,3.9000,1.2000
INT0051,Midday,2,2,100.6000,0.0000,32.0000,38.9000,15.0000,3.5000,5.9000,1.0000
INT0051,Midday,2,3,100.6000,0.0000,5.0000,12.6000,5.0000,2.5000,3.5000,4.1000
INT0051,Midday,2,4,100.6000,0.0000,22.2000,29.0000,8.0000,2.0000,3.5000,3.3000
INT0051,Midday,2,5,100.6000,0.0000,16.0000,22.3000,5.0000,2.0000,5.1000,1.2000
INT0051,Midday,2,6,100.6000,0.0000,31.2000,36.7000,15.0000,3.0000,4.5000,1.0000
INT0051,Midday,2,7,100.6000,0.0000,5.0000,12.6000,5.0000,3.0000,3.5000,4.1000
INT0051,Midday,2,8,100.6000,0.0000,22.0000,29.0000,8.0000,2.5000,3.7000,3.3000
INT0051,PM Peak,3,1,119.6000,0.0000,23.0000,28.1000,5.0000,3.0000,3.9000,1.2000
INT0051,PM Peak,3,2,119.6000,0.0000,38.0000,44.9000,15.0000,3.5000,5.9000,1.0000
INT0051,PM Peak,3,3,119.6000,0.0000,5.0000,12.6000,5.0000,3.5000,3.5000,4.1000
INT0051,PM Peak,3,4,119.6000,0.0000,27.2000,34.0000,8.0000,2.5000,3.5000,3.3000
INT0051,PM Peak,3,5,119.6000,0.0000,18.0000,24.3000,5.0000,2.5000,5.1000,1.2000
INT0051,PM Peak,3,6,119.6000,0.0000,43.2000,48.7000,15.0000,3.5000,4.5000,1.0000
INT0051,PM Peak,3,7,119.6000,0.0000,5.0000,12.6000,5.0000,3.5000,3.5000,4.1000
INT0051,PM Peak,3,8,119.6000,0.0000,27.0000,34.0000,8.0000,3.5000,3.7000,3.3000
INT0051,Weekend,4,1,89.6000,0.0000,13.0000,18.1000,5.0000,2.5000,3.9000,1.2000
INT0051,Weekend,4,2,89.6000,0.0000,27.0000,33.9000,15.0000,3.0000,5.9000,1.0000
INT0051,Weekend,4,3,89.6000,0.0000,5.0000,12.6000,5.0000,2.0000,3.5000,4.1000
INT0051,Weekend,4,4,89.6000,0.0000,18.2000,25.0000,8.0000,3.5000,3.5000,3.3000
INT0051,Weekend,4,5,89.6000,0.0000,14.0000,20.3000,5.0000,2.0000,5.1000,1.2000
INT0051,Weekend,4,6,89.6000,0.0000,26.2000,31.7000,15.0000,3.0000,4.5000,1.0000
INT0051,Weekend,4,7,89.6000,0.0000,5.0000,12.6000,5.0000,3.5000,3.5000,4.1000
INT0051,Weekend,4,8,89.6000,0.0000,18.0000,25.0000,8.0000,2.5000,3.7000,3.3000
INT0052,AM Peak,1,1,120.8000,26.0000,13.0000,18.8000,5.0000,2.0000,3.9000,1.9000
INT0052,AM Peak,1,2,120.8000,26.0000,46.0000,52.1000,15.0000,3.0000,4.6000,1.5000
INT0052,AM Peak,1,3,120.8000,26.0000,9.0000,15.6000,5.0000,3.0000,3.6000,3.0000
INT0052,AM Peak,1,4,120.8000,26.0000,28.0000,34.3000,8.0000,2.5000,4.1000,2.2000
INT0052,AM Peak,1,5,120.8000,26.0000,11.0000,16.7000,5.0000,2.0000,3.9000,1.8000
INT0052,AM Peak,1,6,120.8000,26.0000,48.0000,54.2000,15.0000,2.5000,4.8000,1.4000
INT0052,AM Peak,1,7,120.8000,26.0000,6.0000,12.5000,5.0000,2.0000,3.5000,3.0000
INT0052,AM Peak,1,8,120.8000,26.0000,31.1000,37.4000,8.0000,3.5000,4.3000,2.0000
INT0052,Midday,2,1,79.8000,15.0000,9.0000,14.8000,5.0000,3.5000,3.9000,1.9000
INT0052,Midday,2,2,79.8000,15.0000,25.0000,31.1000,15.0000,3.0000,4.6000,1.5000
INT0052,Midday,2,3,79.8000,15.0000,5.0000,11.6000,5.0000,2.0000,3.6000,3.0000
INT0052,Midday,2,4,79.8000,15.0000,16.0000,22.3000,8.0000,3.0000,4.1000,2.2000
INT0052,Midday,2,5,79.8000,15.0000,5.0000,10.7000,5.0000,2.5000,3.9000,1.8000
INT0052,Midday,2,6,79.8000,15.0000,29.0000,35.2000,15.0000,3.5000,4.8000,1.4000
INT0052,Midday,2,7,79.8000,15.0000,5.0000,11.5000,5.0000,2.0000,3.5000,3.0000
INT0052,Midday,2,8,79.8000,15.0000,16.1000,22.4000,8.0000,2.0000,4.3000,2.0000
INT0052,PM Peak,3,1,129.8000,94.0000,19.0000,24.8000,5.0000,3.5000,3.9000,1.9000
INT0052,PM Peak,3,2,129.8000,94.0000,45.0000,51.1000,15.0000,2.0000,4.6000,1.5000
INT0052,PM Peak,3,3,129.8000,94.0000,8.0000,14.6000,5.0000,2.0000,3.6000,3.0000
INT0052,PM Peak,3,4,129.8000,94.0000,33.0000,39.3000,8.0000,2.0000,4.1000,2.2000
INT0052,PM Peak,3,5,129.8000,94.0000,8.0000,13.7000,5.0000,2.5000,3.9000,1.8000
INT0052,PM Peak,3,6,129.8000,94.0000,56.0000,62.2000,15.0000,2.5000,4.8000,1.4000
INT0052,PM Peak,3,7,129.8000,94.0000,8.0000,14.5000,5.0000,3.5000,3.5000,3.0000
INT0052,PM Peak,3,8,129.8000,94.0000,33.1000,39.4000,8.0000,3.5000,4.3000,2.0000
INT0052,Weekend,4,1,99.8000,67.0000,12.0000,17.8000,5.0000,2.0000,3.9000,1.9000
INT0052,Weekend,4,2,99.8000,67.0000,34.0000,40.1000,15.0000,3.0000,4.6000,1.5000
INT0052,Weekend,4,3,99.8000,67.0000,6.0000,12.6000,5.0000,2.5000,3.6000,3.0000
INT0052,Weekend,4,4,99.8000,67.0000,23.0000,29.3000,8.0000,2.5000,4.1000,2.2000
INT0052,Weekend,4,5,99.8000,67.0000,7.0000,12.7000,5.0000,2.5000,3.9000,1.8000
INT0052,Weekend,4,6,99.8000,67.0000,39.0000,45.2000,15.0000,2.0000,4.8000,1.4000
INT0052,Weekend,4,7,99.8000,67.0000,5.0000,11.5000,5.0000,2.5000,3.5000,3.0000
INT0052,Weekend,4,8,99.8000,67.0000,24.1000,30.4000,8.0000,3.0000,4.3000,2.0000
INT0053,AM Peak,1,1,110.3000,0.0000,22.0000,27.5000,5.0000,2.5000,3.7000,1.8000
INT0053,AM Peak,1,2,110.3000,0.0000,32.4000,37.5000,15.0000,3.5000,3.7000,1.4000
INT0053,AM Peak,1,3,110.3000,0.0000,11.0000,18.0000,5.0000,2.5000,3.5000,3.5000
INT0053,AM Peak,1,4,110.3000,0.0000,21.0000,27.3000,8.0000,2.5000,3.5000,2.8000
INT0053,AM Peak,1,5,110.3000,0.0000,24.0000,29.3000,5.0000,2.5000,3.5000,1.8000
INT0053,AM Peak,1,6,110.3000,0.0000,30.0000,35.7000,15.0000,2.0000,4.3000,1.4000
INT0053,AM Peak,1,7,110.3000,0.0000,5.0000,12.0000,5.0000,2.0000,3.5000,3.5000
INT0053,AM Peak,1,8,110.3000,0.0000,27.0000,33.3000,8.0000,2.0000,3.5000,2.8000
INT0053,Midday,2,1,100.3000,0.0000,22.0000,27.5000,5.0000,3.5000,3.7000,1.8000
INT0053,Midday,2,2,100.3000,0.0000,27.4000,32.5000,15.0000,3.0000,3.7000,1.4000
INT0053,Midday,2,3,100.3000,0.0000,9.0000,16.0000,5.0000,3.5000,3.5000,3.5000
INT0053,Midday,2,4,100.3000,0.0000,18.0000,24.3000,8.0000,2.5000,3.5000,2.8000
INT0053,Midday,2,5,100.3000,0.0000,19.0000,24.3000,5.0000,3.0000,3.5000,1.8000
INT0053,Midday,2,6,100.3000,0.0000,30.0000,35.7000,15.0000,3.5000,4.3000,1.4000
INT0053,Midday,2,7,100.3000,0.0000,5.0000,12.0000,5.0000,2.0000,3.5000,3.5000
INT0053,Midday,2,8,100.3000,0.0000,22.0000,28.3000,8.0000,3.5000,3.5000,2.8000
INT0053,PM Peak,3,1,139.3000,0.0000,39.0000,44.5000,5.0000,3.0000,3.7000,1.8000
INT0053,PM Peak,3,2,139.3000,0.0000,37.4000,42.5000,15.0000,3.5000,3.7000,1.4000
INT0053,PM Peak,3,3,139.3000,0.0000,11.0000,18.0000,5.0000,3.5000,3.5000,3.5000
INT0053,PM Peak,3,4,139.3000,0.0000,28.0000,34.3000,8.0000,3.0000,3.5000,2.8000
INT0053,PM Peak,3,5,139.3000,0.0000,27.0000,32.3000,5.0000,3.0000,3.5000,1.8000
INT0053,PM Peak,3,6,139.3000,0.0000,49.0000,54.7000,15.0000,2.0000,4.3000,1.4000
INT0053,PM Peak,3,7,139.3000,0.0000,8.0000,15.0000,5.0000,3.5000,3.5000,3.5000
INT0053,PM Peak,3,8,139.3000,0.0000,31.0000,37.3000,8.0000,2.5000,3.5000,2.8000
INT0053,Weekend,4,1,110.3000,0.0000,25.0000,30.5000,5.0000,3.0000,3.7000,1.8000
INT0053,Weekend,4,2,110.3000,0.0000,30.4000,35.5000,15.0000,3.5000,3.7000,1.4000
INT0053,Weekend,4,3,110.3000,0.0000,10.0000,17.0000,5.0000,3.5000,3.5000,3.5000
INT0053,Weekend,4,4,110.3000,0.0000,21.0000,27.3000,8.0000,2.0000,3.5000,2.8000
INT0053,Weekend,4,5,110.3000,0.0000,22.0000,27.3000,5.0000,2.0000,3.5000,1.8000
INT0053,Weekend,4,6,110.3000,0.0000,33.0000,38.7000,15.0000,3.0000,4.3000,1.4000
INT0053,Weekend,4,7,110.3000,0.0000,6.0000,13.0000,5.0000,2.5000,3.5000,3.5000
INT0053,Weekend,4,8,110.3000,0.0000,25.0000,31.3000,8.0000,2.5000,3.5000,2.8000
INT0054,AM Peak,1,1,120.0000,0.0000,10.0000,14.0000,5.0000,3.0000,3.0000,1.0000
INT0054,AM Peak,1,2,120.0000,0.0000,47.0000,51.5000,15.0000,2.5000,3.5000,1.0000
INT0054,AM Peak,1,3,120.0000,0.0000,12.0000,16.0000,5.0000,3.0000,3.0000,1.0000
INT0054,AM Peak,1,4,120.0000,0.0000,34.0000,38.5000,8.0000,2.0000,3.5000,1.0000
INT0054,AM Peak,1,5,120.0000,0.0000,16.0000,20.0000,5.0000,2.0000,3.0000,1.0000
INT0054,AM Peak,1,6,120.0000,0.0000,41.0000,45.5000,15.0000,3.0000,3.5000,1.0000
INT0054,AM Peak,1,7,120.0000,0.0000,11.0000,15.0000,5.0000,2.0000,3.0000,1.0000
INT0054,AM Peak,1,8,120.0000,0.0000,35.0000,39.5000,8.0000,2.5000,3.5000,1.0000
INT0054,Midday,2,1,80.0000,0.0000,8.0000,12.0000,5.0000,2.0000,3.0000,1.0000
INT0054,Midday,2,2,80.0000,0.0000,28.0000,32.5000,15.0000,2.5000,3.5000,1.0000
INT0054,Midday,2,3,80.0000,0.0000,6.0000,10.0000,5.0000,3.0000,3.0000,1.0000
INT0054,Midday,2,4,80.0000,0.0000,21.0000,25.5000,8.0000,2.0000,3.5000,1.0000
INT0054,Midday,2,5,80.0000,0.0000,8.0000,12.0000,5.0000,3.5000,3.0000,1.0000
INT0054,Midday,2,6,80.0000,0.0000,28.0000,32.5000,15.0000,3.0000,3.5000,1.0000
INT0054,Midday,2,7,80.0000,0.0000,7.0000,11.0000,5.0000,2.5000,3.0000,1.0000
INT0054,Midday,2,8,80.0000,0.0000,20.0000,24.5000,8.0000,3.5000,3.5000,1.0000
INT0054,PM Peak,3,1,130.0000,0.0000,17.0000,21.0000,5.0000,3.0000,3.0000,1.0000
INT0054,PM Peak,3,2,130.0000,0.0000,50.0000,54.5000,15.0000,3.0000,3.5000,1.0000
INT0054,PM Peak,3,3,130.0000,0.0000,10.0000,14.0000,5.0000,2.5000,3.0000,1.0000
INT0054,PM Peak,3,4,130.0000,0.0000,36.0000,40.5000,8.0000,2.0000,3.5000,1.0000
INT0054,PM Peak,3,5,130.0000,0.0000,13.0000,17.0000,5.0000,3.5000,3.0000,1.0000
INT0054,PM Peak,3,6,130.0000,0.0000,54.0000,58.5000,15.0000,3.0000,3.5000,1.0000
INT0054,PM Peak,3,7,130.0000,0.0000,13.0000,17.0000,5.0000,3.0000,3.0000,1.0000
INT0054,PM Peak,3,8,130.0000,0.0000,33.0000,37.5000,8.0000,3.5000,3.5000,1.0000
INT0054,Weekend,4,1,90.0000,0.0000,9.0000,13.0000,5.0000,3.5000,3.0000,1.0000
INT0054,Weekend,4,2,90.0000,0.0000,33.0000,37.5000,15.0000,2.5000,3.5000,1.0000
INT0054,Weekend,4,3,90.0000,0.0000,7.0000,11.0000,5.0000,2.0000,3.0000,1.0000
INT0054,Weekend,4,4,90.0000,0.0000,24.0000,28.5000,8.0000,3.0000,3.5000,1.0000
INT0054,Weekend,4,5,90.0000,0.0000,10.0000,14.0000,5.0000,3.0000,3.0000,1.0000
INT0054,Weekend,4,6,90.0000,0.0000,32.0000,36.5000,15.0000,2.5000,3.5000,1.0000
INT0054,Weekend,4,7,90.0000,0.0000,8.0000,12.0000,5.0000,3.5000,3.0000,1.0000
INT0054,Weekend,4,8,90.0000,0.0000,23.0000,27.5000,8.0000,2.0000,3.5000,1.0000
INT0055,AM Peak,1,1,100.9000,0.0000,11.0000,16.5000,5.0000,0.0000,4.0000,1.5000
INT0055,AM Peak,1,2,100.9000,0.0000,34.0000,40.3000,15.0000,0.0000,4.8000,1.5000
INT0055,AM Peak,1,3,100.9000,0.0000,9.0000,14.5000,5.0000,0.0000,3.4000,2.1000
INT0055,AM Peak,1,4,100.9000,0.0000,24.0000,29.6000,8.0000,0.0000,4.0000,1.6000
INT0055,AM Peak,1,5,100.9000,0.0000,11.0000,16.5000,5.0000,0.0000,4.0000,1.5000
INT0055,AM Peak,1,6,100.9000,0.0000,34.0000,40.3000,15.0000,0.0000,4.8000,1.5000
INT0055,AM Peak,1,7,100.9000,0.0000,10.0000,15.2000,5.0000,0.0000,3.1000,2.1000
INT0055,AM Peak,1,8,100.9000,0.0000,23.1000,28.9000,8.0000,0.0000,4.2000,1.6000
INT0055,Midday,2,1,99.9000,0.0000,14.0000,19.5000,5.0000,0.0000,4.0000,1.5000
INT0055,Midday,2,2,99.9000,0.0000,32.0000,38.3000,15.0000,0.0000,4.8000,1.5000
INT0055,Midday,2,3,99.9000,0.0000,8.0000,13.5000,5.0000,0.0000,3.4000,2.1000
INT0055,Midday,2,4,99.9000,0.0000,23.0000,28.6000,8.0000,0.0000,4.0000,1.6000
INT0055,Midday,2,5,99.9000,0.0000,10.0000,15.5000,5.0000,0.0000,4.0000,1.5000
INT0055,Midday,2,6,99.9000,0.0000,36.0000,42.3000,15.0000,0.0000,4.8000,1.5000
INT0055,Midday,2,7,99.9000,0.0000,10.0000,15.2000,5.0000,0.0000,3.1000,2.1000
INT0055,Midday,2,8,99.9000,0.0000,21.1000,26.9000,8.0000,0.0000,4.2000,1.6000
INT0055,PM Peak,3,1,99.9000,0.0000,17.0000,22.5000,5.0000,0.0000,4.0000,1.5000
INT0055,PM Peak,3,2,99.9000,0.0000,31.0000,37.3000,15.0000,0.0000,4.8000,1.5000
INT0055,PM Peak,3,3,99.9000,0.0000,7.0000,12.5000,5.0000,0.0000,3.4000,2.1000
INT0055,PM Peak,3,4,99.9000,0.0000,22.0000,27.6000,8.0000,0.0000,4.0000,1.6000
INT0055,PM Peak,3,5,99.9000,0.0000,8.0000,13.5000,5.0000,0.0000,4.0000,1.5000
INT0055,PM Peak,3,6,99.9000,0.0000,40.0000,46.3000,15.0000,0.0000,4.8000,1.5000
INT0055,PM Peak,3,7,99.9000,0.0000,11.0000,16.2000,5.0000,0.0000,3.1000,2.1000
INT0055,PM Peak,3,8,99.9000,0.0000,18.1000,23.9000,8.0000,0.0000,4.2000,1.6000
INT0055,Weekend,4,1,99.9000,0.0000,14.0000,19.5000,5.0000,0.0000,4.0000,1.5000
INT0055,Weekend,4,2,99.9000,0.0000,32.0000,38.3000,15.0000,0.0000,4.8000,1.5000
INT0055,Weekend,4,3,99.9000,0.0000,8.0000,13.5000,5.0000,0.0000,3.4000,2.1000
INT0055,Weekend,4,4,99.9000,0.0000,23.0000,28.6000,8.0000,0.0000,4.0000,1.6000
INT0055,Weekend,4,5,99.9000,0.0000,10.0000,15.5000,5.0000,0.0000,4.0000,1.5000
INT0055,Weekend,4,6,99.9000,0.0000,36.0000,42.3000,15.0000,0.0000,4.8000,1.5000
INT0055,Weekend,4,7,99.9000,0.0000,10.0000,15.2000,5.0000,0.0000,3.1000,2.1000
INT0055,Weekend,4,8,99.9000,0.0000,21.1000,26.9000,8.0000,0.0000,4.2000,1.6000
INT0056,AM Peak,1,1,130.5000,115.0000,18.0000,23.6000,5.0000,3.5000,4.4000,1.2000
INT0056,AM Peak,1,2,130.5000,115.0000,58.2000,63.5000,15.0000,2.5000,4.3000,1.0000
INT0056,AM Peak,1,3,130.5000,115.0000,5.0000,10.7000,5.0000,2.5000,3.0000,2.7000
INT0056,AM Peak,1,4,130.5000,115.0000,27.3000,32.7000,8.0000,3.0000,3.5000,1.9000
INT0056,AM Peak,1,5,130.5000,115.0000,17.0000,21.8000,5.0000,3.5000,3.6000,1.2000
INT0056,AM Peak,1,6,130.5000,115.0000,59.0000,65.3000,15.0000,3.0000,5.3000,1.0000
INT0056,AM Peak,1,7,130.5000,115.0000,5.0000,10.7000,5.0000,3.5000,3.0000,2.7000
INT0056,AM Peak,1,8,130.5000,115.0000,27.0000,32.7000,8.0000,2.5000,3.8000,1.9000
INT0056,Midday,2,1,89.5000,75.0000,13.0000,18.6000,5.0000,2.0000,4.4000,1.2000
INT0056,Midday,2,2,89.5000,75.0000,32.2000,37.5000,15.0000,2.0000,4.3000,1.0000
INT0056,Midday,2,3,89.5000,75.0000,5.0000,10.7000,5.0000,2.5000,3.0000,2.7000
INT0056,Midday,2,4,89.5000,75.0000,17.3000,22.7000,8.0000,3.5000,3.5000,1.9000
INT0056,Midday,2,5,89.5000,75.0000,8.0000,12.8000,5.0000,3.0000,3.6000,1.2000
INT0056,Midday,2,6,89.5000,75.0000,37.0000,43.3000,15.0000,3.5000,5.3000,1.0000
INT0056,Midday,2,7,89.5000,75.0000,5.0000,10.7000,5.0000,3.0000,3.0000,2.7000
INT0056,Midday,2,8,89.5000,75.0000,17.0000,22.7000,8.0000,3.5000,3.8000,1.9000
INT0056,PM Peak,3,1,119.5000,40.0000,21.0000,26.6000,5.0000,3.0000,4.4000,1.2000
INT0056,PM Peak,3,2,119.5000,40.0000,43.2000,48.5000,15.0000,3.0000,4.3000,1.0000
INT0056,PM Peak,3,3,119.5000,40.0000,5.0000,10.7000,5.0000,3.5000,3.0000,2.7000
INT0056,PM Peak,3,4,119.5000,40.0000,28.3000,33.7000,8.0000,2.0000,3.5000,1.9000
INT0056,PM Peak,3,5,119.5000,40.0000,10.0000,14.8000,5.0000,3.5000,3.6000,1.2000
INT0056,PM Peak,3,6,119.5000,40.0000,54.0000,60.3000,15.0000,3.0000,5.3000,1.0000
INT0056,PM Peak,3,7,119.5000,40.0000,6.0000,11.7000,5.0000,3.0000,3.0000,2.7000
INT0056,PM Peak,3,8,119.5000,40.0000,27.0000,32.7000,8.0000,3.0000,3.8000,1.9000
INT0056,Weekend,4,1,110.5000,17.0000,16.0000,21.6000,5.0000,2.0000,4.4000,1.2000
INT0056,Weekend,4,2,110.5000,17.0000,43.2000,48.5000,15.0000,3.5000,4.3000,1.0000
INT0056,Weekend,4,3,110.5000,17.0000,5.0000,10.7000,5.0000,2.5000,3.0000,2.7000
INT0056,Weekend,4,4,110.5000,17.0000,24.3000,29.7000,8.0000,2.5000,3.5000,1.9000
INT0056,Weekend,4,5,110.5000,17.0000,11.0000,15.8000,5.0000,2.5000,3.6000,1.2000
INT0056,Weekend,4,6,110.5000,17.0000,48.0000,54.3000,15.0000,2.5000,5.3000,1.0000
INT0056,Weekend,4,7,110.5000,17.0000,6.0000,11.7000,5.0000,3.0000,3.0000,2.7000
INT0056,Weekend,4,8,110.5000,17.0000,23.0000,28.7000,8.0000,2.5000,3.8000,1.9000
INT0057,AM Peak,1,1,100.8000,0.0000,9.0000,13.7000,5.0000,0.0000,3.1000,1.6000
INT0057,AM Peak,1,2,100.8000,0.0000,39.0000,44.7000,15.0000,0.0000,4.5000,1.2000
INT0057,AM Peak,1,3,100.8000,0.0000,13.0000,18.6000,5.0000,0.0000,3.0000,2.6000
INT0057,AM Peak,1,4,100.8000,0.0000,18.0000,23.8000,8.0000,0.0000,3.9000,1.9000
INT0057,AM Peak,1,5,100.8000,0.0000,7.0000,12.3000,5.0000,0.0000,3.7000,1.6000
INT0057,AM Peak,1,6,100.8000,0.0000,41.2000,46.1000,15.0000,0.0000,3.7000,1.2000
INT0057,AM Peak,1,7,100.8000,0.0000,7.0000,12.7000,5.0000,0.0000,3.1000,2.6000
INT0057,AM Peak,1,8,100.8000,0.0000,24.2000,29.7000,8.0000,0.0000,3.6000,1.9000
INT0057,Midday,2,1,99.8000,0.0000,10.0000,14.7000,5.0000,0.0000,3.1000,1.6000
INT0057,Midday,2,2,99.8000,0.0000,37.0000,42.7000,15.0000,0.0000,4.5000,1.2000
INT0057,Midday,2,3,99.8000,0.0000,12.0000,17.6000,5.0000,0.0000,3.0000,2.6000
INT0057,Midday,2,4,99.8000,0.0000,19.0000,24.8000,8.0000,0.0000,3.9000,1.9000
INT0057,Midday,2,5,99.8000,0.0000,6.0000,11.3000,5.0000,0.0000,3.7000,1.6000
INT0057,Midday,2,6,99.8000,0.0000,41.2000,46.1000,15.0000,0.0000,3.7000,1.2000
INT0057,Midday,2,7,99.8000,0.0000,8.0000,13.7000,5.0000,0.0000,3.1000,2.6000
INT0057,Midday,2,8,99.8000,0.0000,23.2000,28.7000,8.0000,0.0000,3.6000,1.9000
INT0057,PM Peak,3,1,100.8000,0.0000,12.0000,16.7000,5.0000,0.0000,3.1000,1.6000
INT0057,PM Peak,3,2,100.8000,0.0000,35.0000,40.7000,15.0000,0.0000,4.5000,1.2000
INT0057,PM Peak,3,3,100.8000,0.0000,11.0000,16.6000,5.0000,0.0000,3.0000,2.6000
INT0057,PM Peak,3,4,100.8000,0.0000,21.0000,26.8000,8.0000,0.0000,3.9000,1.9000
INT0057,PM Peak,3,5,100.8000,0.0000,5.0000,10.3000,5.0000,0.0000,3.7000,1.6000
INT0057,PM Peak,3,6,100.8000,0.0000,42.2000,47.1000,15.0000,0.0000,3.7000,1.2000
INT0057,PM Peak,3,7,100.8000,0.0000,9.0000,14.7000,5.0000,0.0000,3.1000,2.6000
INT0057,PM Peak,3,8,100.8000,0.0000,23.2000,28.7000,8.0000,0.0000,3.6000,1.9000
INT0057,Weekend,4,1,99.8000,0.0000,10.0000,14.7000,5.0000,0.0000,3.1000,1.6000
INT0057,Weekend,4,2,99.8000,0.0000,37.0000,42.7000,15.0000,0.0000,4.5000,1.2000
INT0057,Weekend,4,3,99.8000,0.0000,12.0000,17.6000,5.0000,0.0000,3.0000,2.6000
INT0057,Weekend,4,4,99.8000,0.0000,19.0000,24.8000,8.0000,0.0000,3.9000,1.9000
INT0057,Weekend,4,5,99.8000,0.0000,6.0000,11.3000,5.0000,0.0000,3.7000,1.6000
INT0057,Weekend,4,6,99.8000,0.0000,41.2000,46.1000,15.0000,0.0000,3.7000,1.2000
INT0057,Weekend,4,7,99.8000,0.0000,8.0000,13.7000,5.0000,0.0000,3.1000,2.6000
INT0057,Weekend,4,8,99.8000,0.0000,23.2000,28.7000,8.0000,0.0000,3.6000,1.9000
INT0058,AM Peak,1,1,120.2000,0.0000,18.0000,23.5000,5.0000,3.0000,4.0000,1.5000
INT0058,AM Peak,1,2,120.2000,0.0000,52.0000,58.2000,15.0000,2.5000,5.1000,1.1000
INT0058,AM Peak,1,3,120.2000,0.0000,8.0000,14.0000,5.0000,2.0000,3.7000,2.3000
INT0058,AM Peak,1,4,120.2000,0.0000,19.1000,24.5000,8.0000,2.5000,3.6000,1.8000
INT0058,AM Peak,1,5,120.2000,0.0000,25.0000,30.6000,5.0000,3.0000,4.0000,1.6000
INT0058,AM Peak,1,6,120.2000,0.0000,45.2000,51.1000,15.0000,2.5000,4.8000,1.1000
INT0058,AM Peak,1,7,120.2000,0.0000,6.0000,11.7000,5.0000,3.5000,3.5000,2.2000
INT0058,AM Peak,1,8,120.2000,0.0000,21.0000,26.8000,8.0000,2.5000,4.2000,1.6000
INT0058,Midday,2,1,90.2000,0.0000,14.0000,19.5000,5.0000,3.5000,4.0000,1.5000
INT0058,Midday,2,2,90.2000,0.0000,33.0000,39.2000,15.0000,3.5000,5.1000,1.1000
INT0058,Midday,2,3,90.2000,0.0000,5.0000,11.0000,5.0000,2.5000,3.7000,2.3000
INT0058,Midday,2,4,90.2000,0.0000,15.1000,20.5000,8.0000,2.0000,3.6000,1.8000
INT0058,Midday,2,5,90.2000,0.0000,14.0000,19.6000,5.0000,3.5000,4.0000,1.6000
INT0058,Midday,2,6,90.2000,0.0000,33.2000,39.1000,15.0000,2.0000,4.8000,1.1000
INT0058,Midday,2,7,90.2000,0.0000,5.0000,10.7000,5.0000,3.5000,3.5000,2.2000
INT0058,Midday,2,8,90.2000,0.0000,15.0000,20.8000,8.0000,2.0000,4.2000,1.6000
INT0058,PM Peak,3,1,140.2000,0.0000,28.0000,33.5000,5.0000,3.0000,4.0000,1.5000
INT0058,PM Peak,3,2,140.2000,0.0000,53.0000,59.2000,15.0000,3.5000,5.1000,1.1000
INT0058,PM Peak,3,3,140.2000,0.0000,9.0000,15.0000,5.0000,3.5000,3.7000,2.3000
INT0058,PM Peak,3,4,140.2000,0.0000,27.1000,32.5000,8.0000,2.5000,3.6000,1.8000
INT0058,PM Peak,3,5,140.2000,0.0000,21.0000,26.6000,5.0000,3.5000,4.0000,1.6000
INT0058,PM Peak,3,6,140.2000,0.0000,60.2000,66.1000,15.0000,2.0000,4.8000,1.1000
INT0058,PM Peak,3,7,140.2000,0.0000,11.0000,16.7000,5.0000,2.5000,3.5000,2.2000
INT0058,PM Peak,3,8,140.2000,0.0000,25.0000,30.8000,8.0000,3.0000,4.2000,1.6000
INT0058,Weekend,4,1,99.2000,0.0000,16.0000,21.5000,5.0000,2.5000,4.0000,1.5000
INT0058,Weekend,4,2,99.2000,0.0000,38.0000,44.2000,15.0000,2.0000,5.1000,1.1000
INT0058,Weekend,4,3,99.2000,0.0000,6.0000,12.0000,5.0000,3.0000,3.7000,2.3000
INT0058,Weekend,4,4,99.2000,0.0000,16.1000,21.5000,8.0000,3.5000,3.6000,1.8000
INT0058,Weekend,4,5,99.2000,0.0000,17.0000,22.6000,5.0000,2.0000,4.0000,1.6000
INT0058,Weekend,4,6,99.2000,0.0000,37.2000,43.1000,15.0000,3.0000,4.8000,1.1000
INT0058,Weekend,4,7,99.2000,0.0000,6.0000,11.7000,5.0000,2.0000,3.5000,2.2000
INT0058,Weekend,4,8,99.2000,0.0000,16.0000,21.8000,8.0000,3.5000,4.2000,1.6000
INT0059,AM Peak,1,1,109.9000,0.0000,12.0000,17.8000,5.0000,3.0000,4.6000,1.2000
INT0059,AM Peak,1,2,109.9000,0.0000,40.6000,47.1000,15.0000,2.0000,5.5000,1.0000
INT0059,AM Peak,1,3,109.9000,0.0000,5.0000,11.5000,5.0000,2.0000,3.8000,2.7000
INT0059,AM Peak,1,4,109.9000,0.0000,27.6000,33.5000,8.0000,3.0000,3.6000,2.3000
INT0059,AM Peak,1,5,109.9000,0.0000,23.0000,29.0000,5.0000,2.5000,4.9000,1.1000
INT0059,AM Peak,1,6,109.9000,0.0000,29.0000,35.9000,15.0000,3.5000,5.9000,1.0000
INT0059,AM Peak,1,7,109.9000,0.0000,5.0000,11.4000,5.0000,2.0000,3.5000,2.9000
INT0059,AM Peak,1,8,109.9000,0.0000,27.0000,33.6000,8.0000,3.0000,4.3000,2.3000
INT0059,Midday,2,1,89.9000,0.0000,11.0000,16.8000,5.0000,3.5000,4.6000,1.2000
INT0059,Midday,2,2,89.9000,0.0000,30.6000,37.1000,15.0000,2.5000,5.5000,1.0000
INT0059,Midday,2,3,89.9000,0.0000,5.0000,11.5000,5.0000,2.0000,3.8000,2.7000
INT0059,Midday,2,4,89.9000,0.0000,18.6000,24.5000,8.0000,2.5000,3.6000,2.3000
INT0059,Midday,2,5,89.9000,0.0000,16.0000,22.0000,5.0000,3.0000,4.9000,1.1000
INT0059,Midday,2,6,89.9000,0.0000,25.0000,31.9000,15.0000,3.5000,5.9000,1.0000
INT0059,Midday,2,7,89.9000,0.0000,5.0000,11.4000,5.0000,3.5000,3.5000,2.9000
INT0059,Midday,2,8,89.9000,0.0000,18.0000,24.6000,8.0000,2.5000,4.3000,2.3000
INT0059,PM Peak,3,1,129.9000,0.0000,21.0000,26.8000,5.0000,3.0000,4.6000,1.2000
INT0059,PM Peak,3,2,129.9000,0.0000,47.6000,54.1000,15.0000,3.5000,5.5000,1.0000
INT0059,PM Peak,3,3,129.9000,0.0000,5.0000,11.5000,5.0000,2.0000,3.8000,2.7000
INT0059,PM Peak,3,4,129.9000,0.0000,31.6000,37.5000,8.0000,2.0000,3.6000,2.3000
INT0059,PM Peak,3,5,129.9000,0.0000,23.0000,29.0000,5.0000,2.5000,4.9000,1.1000
INT0059,PM Peak,3,6,129.9000,0.0000,45.0000,51.9000,15.0000,3.0000,5.9000,1.0000
INT0059,PM Peak,3,7,129.9000,0.0000,6.0000,12.4000,5.0000,3.0000,3.5000,2.9000
INT0059,PM Peak,3,8,129.9000,0.0000,30.0000,36.6000,8.0000,2.0000,4.3000,2.3000
INT0059,Weekend,4,1,89.9000,0.0000,11.0000,16.8000,5.0000,2.5000,4.6000,1.2000
INT0059,Weekend,4,2,89.9000,0.0000,30.6000,37.1000,15.0000,3.0000,5.5000,1.0000
INT0059,Weekend,4,3,89.9000,0.0000,5.0000,11.5000,5.0000,3.0000,3.8000,2.7000
INT0059,Weekend,4,4,89.9000,0.0000,18.6000,24.5000,8.0000,3.5000,3.6000,2.3000
INT0059,Weekend,4,5,89.9000,0.0000,16.0000,22.0000,5.0000,2.0000,4.9000,1.1000
INT0059,Weekend,4,6,89.9000,0.0000,25.0000,31.9000,15.0000,3.0000,5.9000,1.0000
INT0059,Weekend,4,7,89.9000,0.0000,5.0000,11.4000,5.0000,2.0000,3.5000,2.9000
INT0059,Weekend,4,8,89.9000,0.0000,18.0000,24.6000,8.0000,3.0000,4.3000,2.3000
INT0060,AM Peak,1,1,99.7000,0.0000,11.0000,17.0000,5.0000,0.0000,4.5000,1.5000
INT0060,AM Peak,1,2,99.7000,0.0000,33.1000,39.5000,15.0000,0.0000,5.2000,1.2000
INT0060,AM Peak,1,3,99.7000,0.0000,13.0000,19.3000,5.0000,0.0000,4.3000,2.0000
INT0060,AM Peak,1,4,99.7000,0.0000,18.0000,23.9000,8.0000,0.0000,4.1000,1.8000
INT0060,AM Peak,1,5,99.7000,0.0000,19.0000,25.2000,5.0000,0.0000,4.7000,1.5000
INT0060,AM Peak,1,6,99.7000,0.0000,25.0000,31.3000,15.0000,0.0000,5.1000,1.2000
INT0060,AM Peak,1,7,99.7000,0.0000,5.0000,10.7000,5.0000,0.0000,3.5000,2.2000
INT0060,AM Peak,1,8,99.7000,0.0000,26.0000,32.5000,8.0000,0.0000,4.5000,2.0000
INT0060,Midday,2,1,99.7000,0.0000,13.0000,19.0000,5.0000,0.0000,4.5000,1.5000
INT0060,Midday,2,2,99.7000,0.0000,32.1000,38.5000,15.0000,0.0000,5.2000,1.2000
INT0060,Midday,2,3,99.7000,0.0000,12.0000,18.3000,5.0000,0.0000,4.3000,2.0000
INT0060,Midday,2,4,99.7000,0.0000,18.0000,23.9000,8.0000,0.0000,4.1000,1.8000
INT0060,Midday,2,5,99.7000,0.0000,17.0000,23.2000,5.0000,0.0000,4.7000,1.5000
INT0060,Midday,2,6,99.7000,0.0000,28.0000,34.3000,15.0000,0.0000,5.1000,1.2000
INT0060,Midday,2,7,99.7000,0.0000,5.0000,10.7000,5.0000,0.0000,3.5000,2.2000
INT0060,Midday,2,8,99.7000,0.0000,25.0000,31.5000,8.0000,0.0000,4.5000,2.0000
INT0060,PM Peak,3,1,100.7000,0.0000,16.0000,22.0000,5.0000,0.0000,4.5000,1.5000
INT0060,PM Peak,3,2,100.7000,0.0000,31.1000,37.5000,15.0000,0.0000,5.2000,1.2000
INT0060,PM Peak,3,3,100.7000,0.0000,10.0000,16.3000,5.0000,0.0000,4.3000,2.0000
INT0060,PM Peak,3,4,100.7000,0.0000,19.0000,24.9000,8.0000,0.0000,4.1000,1.8000
INT0060,PM Peak,3,5,100.7000,0.0000,16.0000,22.2000,5.0000,0.0000,4.7000,1.5000
INT0060,PM Peak,3,6,100.7000,0.0000,31.0000,37.3000,15.0000,0.0000,5.1000,1.2000
INT0060,PM Peak,3,7,100.7000,0.0000,5.0000,10.7000,5.0000,0.0000,3.5000,2.2000
INT0060,PM Peak,3,8,100.7000,0.0000,24.0000,30.5000,8.0000,0.0000,4.5000,2.0000
INT0060,Weekend,4,1,99.7000,0.0000,13.0000,19.0000,5.0000,0.0000,4.5000,1.5000
INT0060,Weekend,4,2,99.7000,0.0000,32.1000,38.5000,15.0000,0.0000,5.2000,1.2000
INT0060,Weekend,4,3,99.7000,0.0000,12.0000,18.3000,5.0000,0.0000,4.3000,2.0000
INT0060,Weekend,4,4,99.7000,0.0000,18.0000,23.9000,8.0000,0.0000,4.1000,1.8000
INT0060,Weekend,4,5,99.7000,0.0000,17.0000,23.2000,5.0000,0.0000,4.7000,1.5000
INT0060,Weekend,4,6,99.7000,0.0000,28.0000,34.3000,15.0000,0.0000,5.1000,1.2000
INT0060,Weekend,4,7,99.7000,0.0000,5.0000,10.7000,5.0000,0.0000,3.5000,2.2000
INT0060,Weekend,4,8,99.7000,0.0000,25.0000,31.5000,8.0000,0.0000,4.5000,2.0000
INT0061,AM Peak,1,1,130.3000,52.0000,25.0000,30.4000,5.0000,2.5000,4.1000,1.3000
INT0061,AM Peak,1,2,130.3000,52.0000,35.3000,40.9000,15.0000,2.5000,4.6000,1.0000
INT0061,AM Peak,1,3,130.3000,52.0000,13.0000,20.6000,5.0000,3.0000,3.6000,4.0000
INT0061,AM Peak,1,4,130.3000,52.0000,32.0000,38.4000,8.0000,2.0000,3.7000,2.7000
INT0061,AM Peak,1,5,130.3000,52.0000,12.0000,17.4000,5.0000,2.5000,4.1000,1.3000
INT0061,AM Peak,1,6,130.3000,52.0000,48.0000,53.9000,15.0000,2.5000,4.9000,1.0000
INT0061,AM Peak,1,7,130.3000,52.0000,12.0000,19.7000,5.0000,3.5000,3.7000,4.0000
INT0061,AM Peak,1,8,130.3000,52.0000,33.1000,39.3000,8.0000,3.0000,3.5000,2.7000
INT0061,Midday,2,1,80.3000,29.0000,15.0000,20.4000,5.0000,3.5000,4.1000,1.3000
INT0061,Midday,2,2,80.3000,29.0000,17.3000,22.9000,15.0000,2.5000,4.6000,1.0000
INT0061,Midday,2,3,80.3000,29.0000,6.0000,13.6000,5.0000,2.5000,3.6000,4.0000
INT0061,Midday,2,4,80.3000,29.0000,17.0000,23.4000,8.0000,2.0000,3.7000,2.7000
INT0061,Midday,2,5,80.3000,29.0000,5.0000,10.4000,5.0000,3.0000,4.1000,1.3000
INT0061,Midday,2,6,80.3000,29.0000,27.0000,32.9000,15.0000,2.0000,4.9000,1.0000
INT0061,Midday,2,7,80.3000,29.0000,7.0000,14.7000,5.0000,2.0000,3.7000,4.0000
INT0061,Midday,2,8,80.3000,29.0000,16.1000,22.3000,8.0000,2.0000,3.5000,2.7000
INT0061,PM Peak,3,1,129.3000,17.0000,33.0000,38.4000,5.0000,2.5000,4.1000,1.3000
INT0061,PM Peak,3,2,129.3000,17.0000,30.3000,35.9000,15.0000,2.5000,4.6000,1.0000
INT0061,PM Peak,3,3,129.3000,17.0000,10.0000,17.6000,5.0000,3.0000,3.6000,4.0000
INT0061,PM Peak,3,4,129.3000,17.0000,31.0000,37.4000,8.0000,3.0000,3.7000,2.7000
INT0061,PM Peak,3,5,129.3000,17.0000,9.0000,14.4000,5.0000,2.5000,4.1000,1.3000
INT0061,PM Peak,3,6,129.3000,17.0000,54.0000,59.9000,15.0000,3.0000,4.9000,1.0000
INT0061,PM Peak,3,7,129.3000,17.0000,13.0000,20.7000,5.0000,3.0000,3.7000,4.0000
INT0061,PM Peak,3,8,129.3000,17.0000,28.1000,34.3000,8.0000,2.5000,3.5000,2.7000
INT0061,Weekend,4,1,99.3000,57.0000,20.0000,25.4000,5.0000,2.5000,4.1000,1.3000
INT0061,Weekend,4,2,99.3000,57.0000,23.3000,28.9000,15.0000,3.0000,4.6000,1.0000
INT0061,Weekend,4,3,99.3000,57.0000,8.0000,15.6000,5.0000,3.0000,3.6000,4.0000
INT0061,Weekend,4,4,99.3000,57.0000,23.0000,29.4000,8.0000,2.5000,3.7000,2.7000
INT0061,Weekend,4,5,99.3000,57.0000,7.0000,12.4000,5.0000,3.5000,4.1000,1.3000
INT0061,Weekend,4,6,99.3000,57.0000,36.0000,41.9000,15.0000,2.5000,4.9000,1.0000
INT0061,Weekend,4,7,99.3000,57.0000,9.0000,16.7000,5.0000,3.5000,3.7000,4.0000
INT0061,Weekend,4,8,99.3000,57.0000,22.1000,28.3000,8.0000,2.5000,3.5000,2.7000
INT0062,AM Peak,1,1,130.6000,19.0000,8.0000,13.8000,5.0000,3.0000,4.4000,1.4000
INT0062,AM Peak,1,2,130.6000,19.0000,60.0000,66.8000,15.0000,2.0000,5.5000,1.3000
INT0062,AM Peak,1,3,130.6000,19.0000,10.0000,16.5000,5.0000,3.0000,3.5000,3.0000
INT0062,AM Peak,1,4,130.6000,19.0000,27.3000,33.5000,8.0000,2.5000,3.7000,2.5000
INT0062,AM Peak,1,5,130.6000,19.0000,18.0000,24.5000,5.0000,2.5000,5.0000,1.5000
INT0062,AM Peak,1,6,130.6000,19.0000,50.3000,56.1000,15.0000,2.5000,4.6000,1.2000
INT0062,AM Peak,1,7,130.6000,19.0000,5.0000,11.6000,5.0000,2.5000,3.6000,3.0000
INT0062,AM Peak,1,8,130.6000,19.0000,32.0000,38.4000,8.0000,3.0000,4.1000,2.3000
INT0062,Midday,2,1,99.6000,66.0000,7.0000,12.8000,5.0000,3.5000,4.4000,1.4000
INT0062,Midday,2,2,99.6000,66.0000,39.0000,45.8000,15.0000,2.5000,5.5000,1.3000
INT0062,Midday,2,3,99.6000,66.0000,7.0000,13.5000,5.0000,3.5000,3.5000,3.0000
INT0062,Midday,2,4,99.6000,66.0000,21.3000,27.5000,8.0000,3.5000,3.7000,2.5000
INT0062,Midday,2,5,99.6000,66.0000,10.0000,16.5000,5.0000,3.0000,5.0000,1.5000
INT0062,Midday,2,6,99.6000,66.0000,36.3000,42.1000,15.0000,2.5000,4.6000,1.2000
INT0062,Midday,2,7,99.6000,66.0000,5.0000,11.6000,5.0000,3.0000,3.6000,3.0000
INT0062,Midday,2,8,99.6000,66.0000,23.0000,29.4000,8.0000,3.5000,4.1000,2.3000
INT0062,PM Peak,3,1,129.6000,25.0000,11.0000,16.8000,5.0000,3.5000,4.4000,1.4000
INT0062,PM Peak,3,2,129.6000,25.0000,51.0000,57.8000,15.0000,2.5000,5.5000,1.3000
INT0062,PM Peak,3,3,129.6000,25.0000,10.0000,16.5000,5.0000,3.5000,3.5000,3.0000
INT0062,PM Peak,3,4,129.6000,25.0000,32.3000,38.5000,8.0000,3.0000,3.7000,2.5000
INT0062,PM Peak,3,5,129.6000,25.0000,12.0000,18.5000,5.0000,2.0000,5.0000,1.5000
INT0062,PM Peak,3,6,129.6000,25.0000,50.3000,56.1000,15.0000,3.5000,4.6000,1.2000
INT0062,PM Peak,3,7,129.6000,25.0000,5.0000,11.6000,5.0000,3.5000,3.6000,3.0000
INT0062,PM Peak,3,8,129.6000,25.0000,37.0000,43.4000,8.0000,3.0000,4.1000,2.3000
INT0062,Weekend,4,1,89.6000,79.0000,6.0000,11.8000,5.0000,3.5000,4.4000,1.4000
INT0062,Weekend,4,2,89.6000,79.0000,34.0000,40.8000,15.0000,2.0000,5.5000,1.3000
INT0062,Weekend,4,3,89.6000,79.0000,6.0000,12.5000,5.0000,2.0000,3.5000,3.0000
INT0062,Weekend,4,4,89.6000,79.0000,18.3000,24.5000,8.0000,2.0000,3.7000,2.5000
INT0062,Weekend,4,5,89.6000,79.0000,9.0000,15.5000,5.0000,3.5000,5.0000,1.5000
INT0062,Weekend,4,6,89.6000,79.0000,31.3000,37.1000,15.0000,2.0000,4.6000,1.2000
INT0062,Weekend,4,7,89.6000,79.0000,5.0000,11.6000,5.0000,3.5000,3.6000,3.0000
INT0062,Weekend,4,8,89.6000,79.0000,19.0000,25.4000,8.0000,2.0000,4.1000,2.3000
INT0063,AM Peak,1,1,110.0000,109.0000,10.0000,14.0000,5.0000,3.0000,3.0000,1.0000
INT0063,AM Peak,1,2,110.0000,109.0000,48.0000,52.5000,15.0000,3.5000,3.5000,1.0000
INT0063,AM Peak,1,3,110.0000,109.0000,5.0000,9.0000,5.0000,2.5000,3.0000,1.0000
INT0063,AM Peak,1,4,110.0000,109.0000,30.0000,34.5000,8.0000,3.5000,3.5000,1.0000
INT0063,AM Peak,1,5,110.0000,109.0000,11.0000,15.0000,5.0000,2.0000,3.0000,1.0000
INT0063,AM Peak,1,6,110.0000,109.0000,47.0000,51.5000,15.0000,3.5000,3.5000,1.0000
INT0063,AM Peak,1,7,110.0000,109.0000,9.0000,13.0000,5.0000,2.0000,3.0000,1.0000
INT0063,AM Peak,1,8,110.0000,109.0000,26.0000,30.5000,8.0000,3.0000,3.5000,1.0000
INT0063,Midday,2,1,80.0000,23.0000,8.0000,12.0000,5.0000,3.0000,3.0000,1.0000
INT0063,Midday,2,2,80.0000,23.0000,31.0000,35.5000,15.0000,2.0000,3.5000,1.0000
INT0063,Midday,2,3,80.0000,23.0000,5.0000,9.0000,5.0000,2.0000,3.0000,1.0000
INT0063,Midday,2,4,80.0000,23.0000,19.0000,23.5000,8.0000,3.5000,3.5000,1.0000
INT0063,Midday,2,5,80.0000,23.0000,6.0000,10.0000,5.0000,2.0000,3.0000,1.0000
INT0063,Midday,2,6,80.0000,23.0000,33.0000,37.5000,15.0000,3.0000,3.5000,1.0000
INT0063,Midday,2,7,80.0000,23.0000,7.0000,11.0000,5.0000,2.5000,3.0000,1.0000
INT0063,Midday,2,8,80.0000,23.0000,17.0000,21.5000,8.0000,2.5000,3.5000,1.0000
INT0063,PM Peak,3,1,140.0000,113.0000,18.0000,22.0000,5.0000,2.0000,3.0000,1.0000
INT0063,PM Peak,3,2,140.0000,113.0000,57.0000,61.5000,15.0000,3.0000,3.5000,1.0000
INT0063,PM Peak,3,3,140.0000,113.0000,5.0000,9.0000,5.0000,2.0000,3.0000,1.0000
INT0063,PM Peak,3,4,140.0000,113.0000,43.0000,47.5000,8.0000,3.5000,3.5000,1.0000
INT0063,PM Peak,3,5,140.0000,113.0000,10.0000,14.0000,5.0000,3.0000,3.0000,1.0000
INT0063,PM Peak,3,6,140.0000,113.0000,65.0000,69.5000,15.0000,3.0000,3.5000,1.0000
INT0063,PM Peak,3,7,140.0000,113.0000,16.0000,20.0000,5.0000,3.0000,3.0000,1.0000
INT0063,PM Peak,3,8,140.0000,113.0000,32.0000,36.5000,8.0000,3.5000,3.5000,1.0000
INT0063,Weekend,4,1,110.0000,40.0000,11.0000,15.0000,5.0000,3.5000,3.0000,1.0000
INT0063,Weekend,4,2,110.0000,40.0000,47.0000,51.5000,15.0000,2.0000,3.5000,1.0000
INT0063,Weekend,4,3,110.0000,40.0000,6.0000,10.0000,5.0000,2.5000,3.0000,1.0000
INT0063,Weekend,4,4,110.0000,40.0000,29.0000,33.5000,8.0000,3.0000,3.5000,1.0000
INT0063,Weekend,4,5,110.0000,40.0000,9.0000,13.0000,5.0000,3.5000,3.0000,1.0000
INT0063,Weekend,4,6,110.0000,40.0000,49.0000,53.5000,15.0000,3.5000,3.5000,1.0000
INT0063,Weekend,4,7,110.0000,40.0000,11.0000,15.0000,5.0000,3.5000,3.0000,1.0000
INT0063,Weekend,4,8,110.0000,40.0000,24.0000,28.5000,8.0000,2.5000,3.5000,1.0000
INT0064,AM Peak,1,1,109.8000,0.0000,13.0000,18.6000,5.0000,3.5000,3.5000,2.1000
INT0064,AM Peak,1,2,109.8000,0.0000,44.0000,50.8000,15.0000,3.0000,5.2000,1.6000
INT0064,AM Peak,1,3,109.8000,0.0000,5.0000,12.5000,5.0000,2.5000,3.5000,4.0000
INT0064,AM Peak,1,4,109.8000,0.0000,21.0000,27.9000,8.0000,3.5000,4.0000,2.9000
INT0064,AM Peak,1,5,109.8000,0.0000,6.0000,12.3000,5.0000,2.5000,4.2000,2.1000
INT0064,AM Peak,1,6,109.8000,0.0000,51.7000,57.1000,15.0000,3.0000,3.8000,1.6000
INT0064,AM Peak,1,7,109.8000,0.0000,5.0000,12.7000,5.0000,2.0000,3.7000,4.0000
INT0064,AM Peak,1,8,109.8000,0.0000,21.3000,27.7000,8.0000,3.5000,3.5000,2.9000
INT0064,Midday,2,1,89.8000,0.0000,12.0000,17.6000,5.0000,3.5000,3.5000,2.1000
INT0064,Midday,2,2,89.8000,0.0000,30.0000,36.8000,15.0000,2.5000,5.2000,1.6000
INT0064,Midday,2,3,89.8000,0.0000,5.0000,12.5000,5.0000,3.5000,3.5000,4.0000
INT0064,Midday,2,4,89.8000,0.0000,16.0000,22.9000,8.0000,2.5000,4.0000,2.9000
INT0064,Midday,2,5,89.8000,0.0000,5.0000,11.3000,5.0000,3.5000,4.2000,2.1000
INT0064,Midday,2,6,89.8000,0.0000,37.7000,43.1000,15.0000,2.5000,3.8000,1.6000
INT0064,Midday,2,7,89.8000,0.0000,5.0000,12.7000,5.0000,3.5000,3.7000,4.0000
INT0064,Midday,2,8,89.8000,0.0000,16.3000,22.7000,8.0000,3.0000,3.5000,2.9000
INT0064,PM Peak,3,1,140.8000,0.0000,23.0000,28.6000,5.0000,2.0000,3.5000,2.1000
INT0064,PM Peak,3,2,140.8000,0.0000,50.0000,56.8000,15.0000,3.5000,5.2000,1.6000
INT0064,PM Peak,3,3,140.8000,0.0000,6.0000,13.5000,5.0000,3.0000,3.5000,4.0000
INT0064,PM Peak,3,4,140.8000,0.0000,35.0000,41.9000,8.0000,2.5000,4.0000,2.9000
INT0064,PM Peak,3,5,140.8000,0.0000,5.0000,11.3000,5.0000,2.5000,4.2000,2.1000
INT0064,PM Peak,3,6,140.8000,0.0000,68.7000,74.1000,15.0000,2.0000,3.8000,1.6000
INT0064,PM Peak,3,7,140.8000,0.0000,6.0000,13.7000,5.0000,3.0000,3.7000,4.0000
INT0064,PM Peak,3,8,140.8000,0.0000,35.3000,41.7000,8.0000,2.5000,3.5000,2.9000
INT0064,Weekend,4,1,109.8000,0.0000,15.0000,20.6000,5.0000,2.5000,3.5000,2.1000
INT0064,Weekend,4,2,109.8000,0.0000,40.0000,46.8000,15.0000,2.5000,5.2000,1.6000
INT0064,Weekend,4,3,109.8000,0.0000,5.0000,12.5000,5.0000,2.0000,3.5000,4.0000
INT0064,Weekend,4,4,109.8000,0.0000,23.0000,29.9000,8.0000,2.0000,4.0000,2.9000
INT0064,Weekend,4,5,109.8000,0.0000,5.0000,11.3000,5.0000,3.0000,4.2000,2.1000
INT0064,Weekend,4,6,109.8000,0.0000,50.7000,56.1000,15.0000,2.5000,3.8000,1.6000
INT0064,Weekend,4,7,109.8000,0.0000,5.0000,12.7000,5.0000,3.0000,3.7000,4.0000
INT0064,Weekend,4,8,109.8000,0.0000,23.3000,29.7000,8.0000,3.0000,3.5000,2.9000
INT0065,AM Peak,1,1,110.3000,0.0000,11.0000,16.6000,5.0000,3.5000,3.5000,2.1000
INT0065,AM Peak,1,2,110.3000,0.0000,41.5000,46.9000,15.0000,2.0000,3.8000,1.6000
INT0065,AM Peak,1,3,110.3000,0.0000,8.0000,15.7000,5.0000,2.0000,3.5000,4.2000
INT0065,AM Peak,1,4,110.3000,0.0000,24.0000,31.1000,8.0000,2.0000,3.7000,3.4000
INT0065,AM Peak,1,5,110.3000,0.0000,18.0000,23.6000,5.0000,3.5000,3.5000,2.1000
INT0065,AM Peak,1,6,110.3000,0.0000,34.0000,39.9000,15.0000,2.5000,4.3000,1.6000
INT0065,AM Peak,1,7,110.3000,0.0000,6.0000,13.7000,5.0000,3.5000,3.5000,4.2000
INT0065,AM Peak,1,8,110.3000,0.0000,26.0000,33.1000,8.0000,3.5000,3.7000,3.4000
INT0065,Midday,2,1,89.3000,0.0000,10.0000,15.6000,5.0000,3.5000,3.5000,2.1000
INT0065,Midday,2,2,89.3000,0.0000,30.5000,35.9000,15.0000,2.0000,3.8000,1.6000
INT0065,Midday,2,3,89.3000,0.0000,5.0000,12.7000,5.0000,2.5000,3.5000,4.2000
INT0065,Midday,2,4,89.3000,0.0000,18.0000,25.1000,8.0000,2.5000,3.7000,3.4000
INT0065,Midday,2,5,89.3000,0.0000,13.0000,18.6000,5.0000,2.0000,3.5000,2.1000
INT0065,Midday,2,6,89.3000,0.0000,27.0000,32.9000,15.0000,3.0000,4.3000,1.6000
INT0065,Midday,2,7,89.3000,0.0000,5.0000,12.7000,5.0000,3.0000,3.5000,4.2000
INT0065,Midday,2,8,89.3000,0.0000,18.0000,25.1000,8.0000,2.5000,3.7000,3.4000
INT0065,PM Peak,3,1,129.3000,0.0000,19.0000,24.6000,5.0000,3.5000,3.5000,2.1000
INT0065,PM Peak,3,2,129.3000,0.0000,48.5000,53.9000,15.0000,3.5000,3.8000,1.6000
INT0065,PM Peak,3,3,129.3000,0.0000,7.0000,14.7000,5.0000,2.5000,3.5000,4.2000
INT0065,PM Peak,3,4,129.3000,0.0000,29.0000,36.1000,8.0000,2.5000,3.7000,3.4000
INT0065,PM Peak,3,5,129.3000,0.0000,18.0000,23.6000,5.0000,3.5000,3.5000,2.1000
INT0065,PM Peak,3,6,129.3000,0.0000,49.0000,54.9000,15.0000,3.5000,4.3000,1.6000
INT0065,PM Peak,3,7,129.3000,0.0000,8.0000,15.7000,5.0000,3.0000,3.5000,4.2000
INT0065,PM Peak,3,8,129.3000,0.0000,28.0000,35.1000,8.0000,2.5000,3.7000,3.4000
INT0065,Weekend,4,1,100.3000,0.0000,11.0000,16.6000,5.0000,3.5000,3.5000,2.1000
INT0065,Weekend,4,2,100.3000,0.0000,36.5000,41.9000,15.0000,2.0000,3.8000,1.6000
INT0065,Weekend,4,3,100.3000,0.0000,6.0000,13.7000,5.0000,2.5000,3.5000,4.2000
INT0065,Weekend,4,4,100.3000,0.0000,21.0000,28.1000,8.0000,2.5000,3.7000,3.4000
INT0065,Weekend,4,5,100.3000,0.0000,15.0000,20.6000,5.0000,2.0000,3.5000,2.1000
INT0065,Weekend,4,6,100.3000,0.0000,32.0000,37.9000,15.0000,2.5000,4.3000,1.6000
INT0065,Weekend,4,7,100.3000,0.0000,6.0000,13.7000,5.0000,3.5000,3.5000,4.2000
INT0065,Weekend,4,8,100.3000,0.0000,21.0000,28.1000,8.0000,3.5000,3.7000,3.4000
INT0066,AM Peak,1,1,120.1000,4.0000,13.0000,18.4000,5.0000,2.5000,3.7000,1.7000
INT0066,AM Peak,1,2,120.1000,4.0000,40.0000,46.1000,15.0000,2.0000,4.8000,1.3000
INT0066,AM Peak,1,3,120.1000,4.0000,13.0000,19.3000,5.0000,2.5000,3.5000,2.8000
INT0066,AM Peak,1,4,120.1000,4.0000,30.1000,36.3000,8.0000,3.0000,4.1000,2.1000
INT0066,AM Peak,1,5,120.1000,4.0000,26.0000,31.6000,5.0000,3.0000,3.9000,1.7000
INT0066,AM Peak,1,6,120.1000,4.0000,27.5000,32.9000,15.0000,2.0000,4.1000,1.3000
INT0066,AM Peak,1,7,120.1000,4.0000,11.0000,17.5000,5.0000,2.5000,3.7000,2.8000
INT0066,AM Peak,1,8,120.1000,4.0000,32.0000,38.1000,8.0000,2.0000,4.0000,2.1000
INT0066,Midday,2,1,80.1000,68.0000,9.0000,14.4000,5.0000,2.0000,3.7000,1.7000
INT0066,Midday,2,2,80.1000,68.0000,23.0000,29.1000,15.0000,2.5000,4.8000,1.3000
INT0066,Midday,2,3,80.1000,68.0000,7.0000,13.3000,5.0000,2.0000,3.5000,2.8000
INT0066,Midday,2,4,80.1000,68.0000,17.1000,23.3000,8.0000,3.0000,4.1000,2.1000
INT0066,Midday,2,5,80.1000,68.0000,14.0000,19.6000,5.0000,3.0000,3.9000,1.7000
INT0066,Midday,2,6,80.1000,68.0000,18.5000,23.9000,15.0000,2.0000,4.1000,1.3000
INT0066,Midday,2,7,80.1000,68.0000,7.0000,13.5000,5.0000,2.0000,3.7000,2.8000
INT0066,Midday,2,8,80.1000,68.0000,17.0000,23.1000,8.0000,2.0000,4.0000,2.1000
INT0066,PM Peak,3,1,119.1000,42.0000,19.0000,24.4000,5.0000,3.0000,3.7000,1.7000
INT0066,PM Peak,3,2,119.1000,42.0000,36.0000,42.1000,15.0000,2.5000,4.8000,1.3000
INT0066,PM Peak,3,3,119.1000,42.0000,10.0000,16.3000,5.0000,2.5000,3.5000,2.8000
INT0066,PM Peak,3,4,119.1000,42.0000,30.1000,36.3000,8.0000,2.0000,4.1000,2.1000
INT0066,PM Peak,3,5,119.1000,42.0000,21.0000,26.6000,5.0000,3.5000,3.9000,1.7000
INT0066,PM Peak,3,6,119.1000,42.0000,34.5000,39.9000,15.0000,2.0000,4.1000,1.3000
INT0066,PM Peak,3,7,119.1000,42.0000,13.0000,19.5000,5.0000,2.0000,3.7000,2.8000
INT0066,PM Peak,3,8,119.1000,42.0000,27.0000,33.1000,8.0000,2.5000,4.0000,2.1000
INT0066,Weekend,4,1,110.1000,47.0000,14.0000,19.4000,5.0000,2.0000,3.7000,1.7000
INT0066,Weekend,4,2,110.1000,47.0000,35.0000,41.1000,15.0000,2.0000,4.8000,1.3000
INT0066,Weekend,4,3,110.1000,47.0000,10.0000,16.3000,5.0000,3.5000,3.5000,2.8000
INT0066,Weekend,4,4,110.1000,47.0000,27.1000,33.3000,8.0000,3.5000,4.1000,2.1000
INT0066,Weekend,4,5,110.1000,47.0000,21.0000,26.6000,5.0000,3.0000,3.9000,1.7000
INT0066,Weekend,4,6,110.1000,47.0000,28.5000,33.9000,15.0000,3.0000,4.1000,1.3000
INT0066,Weekend,4,7,110.1000,47.0000,10.0000,16.5000,5.0000,3.0000,3.7000,2.8000
INT0066,Weekend,4,8,110.1000,47.0000,27.0000,33.1000,8.0000,2.0000,4.0000,2.1000
INT0067,AM Peak,1,1,119.3000,79.0000,18.0000,23.6000,5.0000,2.5000,3.6000,2.0000
INT0067,AM Peak,1,2,119.3000,79.0000,47.0000,52.8000,15.0000,2.0000,4.3000,1.5000
INT0067,AM Peak,1,3,119.3000,79.0000,8.0000,15.4000,5.0000,2.0000,3.5000,3.9000
INT0067,AM Peak,1,4,119.3000,79.0000,21.1000,27.5000,8.0000,3.0000,3.6000,2.8000
INT0067,AM Peak,1,5,119.3000,79.0000,18.0000,23.6000,5.0000,3.0000,3.6000,2.0000
INT0067,AM Peak,1,6,119.3000,79.0000,47.0000,52.8000,15.0000,3.0000,4.3000,1.5000
INT0067,AM Peak,1,7,119.3000,79.0000,5.0000,12.5000,5.0000,3.0000,3.6000,3.9000
INT0067,AM Peak,1,8,119.3000,79.0000,24.0000,30.4000,8.0000,3.5000,3.6000,2.8000
INT0067,Midday,2,1,100.3000,81.0000,16.0000,21.6000,5.0000,2.5000,3.6000,2.0000
INT0067,Midday,2,2,100.3000,81.0000,36.0000,41.8000,15.0000,3.0000,4.3000,1.5000
INT0067,Midday,2,3,100.3000,81.0000,6.0000,13.4000,5.0000,2.5000,3.5000,3.9000
INT0067,Midday,2,4,100.3000,81.0000,17.1000,23.5000,8.0000,3.0000,3.6000,2.8000
INT0067,Midday,2,5,100.3000,81.0000,12.0000,17.6000,5.0000,2.5000,3.6000,2.0000
INT0067,Midday,2,6,100.3000,81.0000,40.0000,45.8000,15.0000,3.5000,4.3000,1.5000
INT0067,Midday,2,7,100.3000,81.0000,5.0000,12.5000,5.0000,2.0000,3.6000,3.9000
INT0067,Midday,2,8,100.3000,81.0000,18.0000,24.4000,8.0000,3.0000,3.6000,2.8000
INT0067,PM Peak,3,1,140.3000,29.0000,29.0000,34.6000,5.0000,3.5000,3.6000,2.0000
INT0067,PM Peak,3,2,140.3000,29.0000,51.0000,56.8000,15.0000,2.5000,4.3000,1.5000
INT0067,PM Peak,3,3,140.3000,29.0000,8.0000,15.4000,5.0000,2.5000,3.5000,3.9000
INT0067,PM Peak,3,4,140.3000,29.0000,27.1000,33.5000,8.0000,2.5000,3.6000,2.8000
INT0067,PM Peak,3,5,140.3000,29.0000,16.0000,21.6000,5.0000,2.0000,3.6000,2.0000
INT0067,PM Peak,3,6,140.3000,29.0000,64.0000,69.8000,15.0000,3.5000,4.3000,1.5000
INT0067,PM Peak,3,7,140.3000,29.0000,5.0000,12.5000,5.0000,2.0000,3.6000,3.9000
INT0067,PM Peak,3,8,140.3000,29.0000,30.0000,36.4000,8.0000,2.5000,3.6000,2.8000
INT0067,Weekend,4,1,90.3000,59.0000,14.0000,19.6000,5.0000,2.0000,3.6000,2.0000
INT0067,Weekend,4,2,90.3000,59.0000,31.0000,36.8000,15.0000,3.0000,4.3000,1.5000
INT0067,Weekend,4,3,90.3000,59.0000,5.0000,12.4000,5.0000,2.5000,3.5000,3.9000
INT0067,Weekend,4,4,90.3000,59.0000,15.1000,21.5000,8.0000,3.0000,3.6000,2.8000
INT0067,Weekend,4,5,90.3000,59.0000,11.0000,16.6000,5.0000,3.0000,3.6000,2.0000
INT0067,Weekend,4,6,90.3000,59.0000,34.0000,39.8000,15.0000,3.5000,4.3000,1.5000
INT0067,Weekend,4,7,90.3000,59.0000,5.0000,12.5000,5.0000,2.5000,3.6000,3.9000
INT0067,Weekend,4,8,90.3000,59.0000,15.0000,21.4000,8.0000,2.5000,3.6000,2.8000
INT0068,AM Peak,1,1,130.1000,100.0000,7.0000,13.0000,5.0000,2.0000,4.8000,1.2000
INT0068,AM Peak,1,2,130.1000,100.0000,59.5000,66.0000,15.0000,2.0000,5.3000,1.2000
INT0068,AM Peak,1,3,130.1000,100.0000,6.0000,13.0000,5.0000,3.5000,3.5000,3.5000
INT0068,AM Peak,1,4,130.1000,100.0000,32.2000,38.1000,8.0000,3.0000,3.6000,2.3000
INT0068,AM Peak,1,5,130.1000,100.0000,31.0000,37.0000,5.0000,3.0000,4.8000,1.2000
INT0068,AM Peak,1,6,130.1000,100.0000,35.0000,42.0000,15.0000,2.5000,5.8000,1.2000
INT0068,AM Peak,1,7,130.1000,100.0000,11.0000,18.2000,5.0000,2.5000,3.7000,3.5000
INT0068,AM Peak,1,8,130.1000,100.0000,27.0000,32.9000,8.0000,2.5000,3.6000,2.3000
INT0068,Midday,2,1,80.1000,38.0000,5.0000,11.0000,5.0000,3.5000,4.8000,1.2000
INT0068,Midday,2,2,80.1000,38.0000,29.5000,36.0000,15.0000,3.5000,5.3000,1.2000
INT0068,Midday,2,3,80.1000,38.0000,5.0000,12.0000,5.0000,2.0000,3.5000,3.5000
INT0068,Midday,2,4,80.1000,38.0000,15.2000,21.1000,8.0000,2.0000,3.6000,2.3000
INT0068,Midday,2,5,80.1000,38.0000,14.0000,20.0000,5.0000,3.0000,4.8000,1.2000
INT0068,Midday,2,6,80.1000,38.0000,20.0000,27.0000,15.0000,3.5000,5.8000,1.2000
INT0068,Midday,2,7,80.1000,38.0000,6.0000,13.2000,5.0000,3.5000,3.7000,3.5000
INT0068,Midday,2,8,80.1000,38.0000,14.0000,19.9000,8.0000,2.5000,3.6000,2.3000
INT0068,PM Peak,3,1,129.1000,22.0000,10.0000,16.0000,5.0000,2.0000,4.8000,1.2000
INT0068,PM Peak,3,2,129.1000,22.0000,54.5000,61.0000,15.0000,3.5000,5.3000,1.2000
INT0068,PM Peak,3,3,129.1000,22.0000,5.0000,12.0000,5.0000,3.0000,3.5000,3.5000
INT0068,PM Peak,3,4,129.1000,22.0000,34.2000,40.1000,8.0000,2.5000,3.6000,2.3000
INT0068,PM Peak,3,5,129.1000,22.0000,23.0000,29.0000,5.0000,2.0000,4.8000,1.2000
INT0068,PM Peak,3,6,129.1000,22.0000,41.0000,48.0000,15.0000,3.5000,5.8000,1.2000
INT0068,PM Peak,3,7,129.1000,22.0000,14.0000,21.2000,5.0000,2.5000,3.7000,3.5000
INT0068,PM Peak,3,8,129.1000,22.0000,25.0000,30.9000,8.0000,3.5000,3.6000,2.3000
INT0068,Weekend,4,1,90.1000,9.0000,5.0000,11.0000,5.0000,2.5000,4.8000,1.2000
INT0068,Weekend,4,2,90.1000,9.0000,35.5000,42.0000,15.0000,3.0000,5.3000,1.2000
INT0068,Weekend,4,3,90.1000,9.0000,5.0000,12.0000,5.0000,2.5000,3.5000,3.5000
INT0068,Weekend,4,4,90.1000,9.0000,19.2000,25.1000,8.0000,3.0000,3.6000,2.3000
INT0068,Weekend,4,5,90.1000,9.0000,17.0000,23.0000,5.0000,2.0000,4.8000,1.2000
INT0068,Weekend,4,6,90.1000,9.0000,23.0000,30.0000,15.0000,2.5000,5.8000,1.2000
INT0068,Weekend,4,7,90.1000,9.0000,7.0000,14.2000,5.0000,2.5000,3.7000,3.5000
INT0068,Weekend,4,8,90.1000,9.0000,17.0000,22.9000,8.0000,2.0000,3.6000,2.3000
INT0069,AM Peak,1,1,99.9000,0.0000,5.0000,10.7000,5.0000,0.0000,4.3000,1.4000
INT0069,AM Peak,1,2,99.9000,0.0000,37.0000,42.8000,15.0000,0.0000,4.6000,1.2000
INT0069,AM Peak,1,3,99.9000,0.0000,10.0000,18.1000,5.0000,0.0000,3.5000,4.6000
INT0069,AM Peak,1,4,99.9000,0.0000,21.0000,28.3000,8.0000,0.0000,3.6000,3.7000
INT0069,AM Peak,1,5,99.9000,0.0000,18.0000,23.5000,5.0000,0.0000,4.1000,1.4000
INT0069,AM Peak,1,6,99.9000,0.0000,24.0000,30.0000,15.0000,0.0000,4.8000,1.2000
INT0069,AM Peak,1,7,99.9000,0.0000,5.0000,13.1000,5.0000,0.0000,3.5000,4.6000
INT0069,AM Peak,1,8,99.9000,0.0000,26.1000,33.3000,8.0000,0.0000,3.5000,3.7000
INT0069,Midday,2,1,99.9000,0.0000,7.0000,12.7000,5.0000,0.0000,4.3000,1.4000
INT0069,Midday,2,2,99.9000,0.0000,35.0000,40.8000,15.0000,0.0000,4.6000,1.2000
INT0069,Midday,2,3,99.9000,0.0000,9.0000,17.1000,5.0000,0.0000,3.5000,4.6000
INT0069,Midday,2,4,99.9000,0.0000,22.0000,29.3000,8.0000,0.0000,3.6000,3.7000
INT0069,Midday,2,5,99.9000,0.0000,15.0000,20.5000,5.0000,0.0000,4.1000,1.4000
INT0069,Midday,2,6,99.9000,0.0000,27.0000,33.0000,15.0000,0.0000,4.8000,1.2000
INT0069,Midday,2,7,99.9000,0.0000,5.0000,13.1000,5.0000,0.0000,3.5000,4.6000
INT0069,Midday,2,8,99.9000,0.0000,26.1000,33.3000,8.0000,0.0000,3.5000,3.7000
INT0069,PM Peak,3,1,99.9000,0.0000,8.0000,13.7000,5.0000,0.0000,4.3000,1.4000
INT0069,PM Peak,3,2,99.9000,0.0000,34.0000,39.8000,15.0000,0.0000,4.6000,1.2000
INT0069,PM Peak,3,3,99.9000,0.0000,8.0000,16.1000,5.0000,0.0000,3.5000,4.6000
INT0069,PM Peak,3,4,99.9000,0.0000,23.0000,30.3000,8.0000,0.0000,3.6000,3.7000
INT0069,PM Peak,3,5,99.9000,0.0000,13.0000,18.5000,5.0000,0.0000,4.1000,1.4000
INT0069,PM Peak,3,6,99.9000,0.0000,29.0000,35.0000,15.0000,0.0000,4.8000,1.2000
INT0069,PM Peak,3,7,99.9000,0.0000,5.0000,13.1000,5.0000,0.0000,3.5000,4.6000
INT0069,PM Peak,3,8,99.9000,0.0000,26.1000,33.3000,8.0000,0.0000,3.5000,3.7000
INT0069,Weekend,4,1,99.9000,0.0000,7.0000,12.7000,5.0000,0.0000,4.3000,1.4000
INT0069,Weekend,4,2,99.9000,0.0000,35.0000,40.8000,15.0000,0.0000,4.6000,1.2000
INT0069,Weekend,4,3,99.9000,0.0000,9.0000,17.1000,5.0000,0.0000,3.5000,4.6000
INT0069,Weekend,4,4,99.9000,0.0000,22.0000,29.3000,8.0000,0.0000,3.6000,3.7000
INT0069,Weekend,4,5,99.9000,0.0000,15.0000,20.5000,5.0000,0.0000,4.1000,1.4000
INT0069,Weekend,4,6,99.9000,0.0000,27.0000,33.0000,15.0000,0.0000,4.8000,1.2000
INT0069,Weekend,4,7,99.9000,0.0000,5.0000,13.1000,5.0000,0.0000,3.5000,4.6000
INT0069,Weekend,4,8,99.9000,0.0000,26.1000,33.3000,8.0000,0.0000,3.5000,3.7000
INT0070,AM Peak,1,1,119.9000,38.0000,11.0000,16.7000,5.0000,3.0000,4.5000,1.2000
INT0070,AM Peak,1,2,119.9000,38.0000,46.0000,52.4000,15.0000,3.5000,5.3000,1.1000
INT0070,AM Peak,1,3,119.9000,38.0000,5.0000,12.9000,5.0000,3.5000,3.5000,4.4000
INT0070,AM Peak,1,4,119.9000,38.0000,31.5000,37.9000,8.0000,2.0000,3.5000,2.9000
INT0070,AM Peak,1,5,119.9000,38.0000,15.0000,20.8000,5.0000,2.5000,4.4000,1.4000
INT0070,AM Peak,1,6,119.9000,38.0000,42.4000,48.3000,15.0000,2.0000,4.9000,1.0000
INT0070,AM Peak,1,7,119.9000,38.0000,6.0000,13.9000,5.0000,2.5000,3.5000,4.4000
INT0070,AM Peak,1,8,119.9000,38.0000,30.0000,36.9000,8.0000,3.5000,3.7000,3.2000
INT0070,Midday,2,1,99.9000,23.0000,11.0000,16.7000,5.0000,2.0000,4.5000,1.2000
INT0070,Midday,2,2,99.9000,23.0000,36.0000,42.4000,15.0000,3.0000,5.3000,1.1000
INT0070,Midday,2,3,99.9000,23.0000,5.0000,12.9000,5.0000,2.0000,3.5000,4.4000
INT0070,Midday,2,4,99.9000,23.0000,21.5000,27.9000,8.0000,3.0000,3.5000,2.9000
INT0070,Midday,2,5,99.9000,23.0000,10.0000,15.8000,5.0000,2.0000,4.4000,1.4000
INT0070,Midday,2,6,99.9000,23.0000,37.4000,43.3000,15.0000,3.0000,4.9000,1.0000
INT0070,Midday,2,7,99.9000,23.0000,5.0000,12.9000,5.0000,3.0000,3.5000,4.4000
INT0070,Midday,2,8,99.9000,23.0000,21.0000,27.9000,8.0000,3.0000,3.7000,3.2000
INT0070,PM Peak,3,1,139.9000,46.0000,20.0000,25.7000,5.0000,3.5000,4.5000,1.2000
INT0070,PM Peak,3,2,139.9000,46.0000,53.0000,59.4000,15.0000,2.5000,5.3000,1.1000
INT0070,PM Peak,3,3,139.9000,46.0000,5.0000,12.9000,5.0000,3.5000,3.5000,4.4000
INT0070,PM Peak,3,4,139.9000,46.0000,35.5000,41.9000,8.0000,3.5000,3.5000,2.9000
INT0070,PM Peak,3,5,139.9000,46.0000,14.0000,19.8000,5.0000,2.5000,4.4000,1.4000
INT0070,PM Peak,3,6,139.9000,46.0000,59.4000,65.3000,15.0000,2.0000,4.9000,1.0000
INT0070,PM Peak,3,7,139.9000,46.0000,8.0000,15.9000,5.0000,2.5000,3.5000,4.4000
INT0070,PM Peak,3,8,139.9000,46.0000,32.0000,38.9000,8.0000,3.0000,3.7000,3.2000
INT0070,Weekend,4,1,100.9000,10.0000,11.0000,16.7000,5.0000,3.5000,4.5000,1.2000
INT0070,Weekend,4,2,100.9000,10.0000,36.0000,42.4000,15.0000,3.5000,5.3000,1.1000
INT0070,Weekend,4,3,100.9000,10.0000,5.0000,12.9000,5.0000,2.5000,3.5000,4.4000
INT0070,Weekend,4,4,100.9000,10.0000,22.5000,28.9000,8.0000,2.5000,3.5000,2.9000
INT0070,Weekend,4,5,100.9000,10.0000,10.0000,15.8000,5.0000,2.5000,4.4000,1.4000
INT0070,Weekend,4,6,100.9000,10.0000,37.4000,43.3000,15.0000,3.0000,4.9000,1.0000
INT0070,Weekend,4,7,100.9000,10.0000,5.0000,12.9000,5.0000,2.0000,3.5000,4.4000
INT0070,Weekend,4,8,100.9000,10.0000,22.0000,28.9000,8.0000,2.0000,3.7000,3.2000
INT0071,AM Peak,1,1,130.6000,0.0000,14.0000,19.9000,5.0000,2.5000,3.7000,2.2000
INT0071,AM Peak,1,2,130.6000,0.0000,50.1000,55.3000,15.0000,2.0000,3.6000,1.6000
INT0071,AM Peak,1,3,130.6000,0.0000,5.0000,12.4000,5.0000,3.5000,3.7000,3.7000
INT0071,AM Peak,1,4,130.6000,0.0000,37.0000,43.0000,8.0000,2.0000,3.5000,2.5000
INT0071,AM Peak,1,5,130.6000,0.0000,14.0000,19.8000,5.0000,2.0000,3.6000,2.2000
INT0071,AM Peak,1,6,130.6000,0.0000,50.0000,55.4000,15.0000,2.5000,3.8000,1.6000
INT0071,AM Peak,1,7,130.6000,0.0000,5.0000,12.3000,5.0000,3.5000,3.6000,3.7000
INT0071,AM Peak,1,8,130.6000,0.0000,37.1000,43.1000,8.0000,3.0000,3.5000,2.5000
INT0071,Midday,2,1,100.6000,0.0000,12.0000,17.9000,5.0000,3.5000,3.7000,2.2000
INT0071,Midday,2,2,100.6000,0.0000,36.1000,41.3000,15.0000,2.0000,3.6000,1.6000
INT0071,Midday,2,3,100.6000,0.0000,5.0000,12.4000,5.0000,3.5000,3.7000,3.7000
INT0071,Midday,2,4,100.6000,0.0000,23.0000,29.0000,8.0000,2.5000,3.5000,2.5000
INT0071,Midday,2,5,100.6000,0.0000,9.0000,14.8000,5.0000,2.0000,3.6000,2.2000
INT0071,Midday,2,6,100.6000,0.0000,39.0000,44.4000,15.0000,2.0000,3.8000,1.6000
INT0071,Midday,2,7,100.6000,0.0000,5.0000,12.3000,5.0000,2.5000,3.6000,3.7000
INT0071,Midday,2,8,100.6000,0.0000,23.1000,29.1000,8.0000,3.0000,3.5000,2.5000
INT0071,PM Peak,3,1,130.6000,0.0000,21.0000,26.9000,5.0000,3.0000,3.7000,2.2000
INT0071,PM Peak,3,2,130.6000,0.0000,49.1000,54.3000,15.0000,3.5000,3.6000,1.6000
INT0071,PM Peak,3,3,130.6000,0.0000,5.0000,12.4000,5.0000,2.5000,3.7000,3.7000
INT0071,PM Peak,3,4,130.6000,0.0000,31.0000,37.0000,8.0000,2.0000,3.5000,2.5000
INT0071,PM Peak,3,5,130.6000,0.0000,10.0000,15.8000,5.0000,3.5000,3.6000,2.2000
INT0071,PM Peak,3,6,130.6000,0.0000,60.0000,65.4000,15.0000,3.0000,3.8000,1.6000
INT0071,PM Peak,3,7,130.6000,0.0000,6.0000,13.3000,5.0000,2.0000,3.6000,3.7000
INT0071,PM Peak,3,8,130.6000,0.0000,30.1000,36.1000,8.0000,3.5000,3.5000,2.5000
INT0071,Weekend,4,1,89.6000,0.0000,11.0000,16.9000,5.0000,2.0000,3.7000,2.2000
INT0071,Weekend,4,2,89.6000,0.0000,30.1000,35.3000,15.0000,3.5000,3.6000,1.6000
INT0071,Weekend,4,3,89.6000,0.0000,5.0000,12.4000,5.0000,2.5000,3.7000,3.7000
INT0071,Weekend,4,4,89.6000,0.0000,19.0000,25.0000,8.0000,2.0000,3.5000,2.5000
INT0071,Weekend,4,5,89.6000,0.0000,7.0000,12.8000,5.0000,2.5000,3.6000,2.2000
INT0071,Weekend,4,6,89.6000,0.0000,34.0000,39.4000,15.0000,3.0000,3.8000,1.6000
INT0071,Weekend,4,7,89.6000,0.0000,5.0000,12.3000,5.0000,2.5000,3.6000,3.7000
INT0071,Weekend,4,8,89.6000,0.0000,19.1000,25.1000,8.0000,3.0000,3.5000,2.5000
INT0072,AM Peak,1,1,110.4000,0.0000,15.0000,19.8000,5.0000,3.5000,3.5000,1.3000
INT0072,AM Peak,1,2,110.4000,0.0000,36.0000,42.6000,15.0000,3.0000,5.6000,1.0000
INT0072,AM Peak,1,3,110.4000,0.0000,11.0000,16.8000,5.0000,3.5000,3.1000,2.7000
INT0072,AM Peak,1,4,110.4000,0.0000,25.0000,31.2000,8.0000,3.5000,4.2000,2.0000
INT0072,AM Peak,1,5,110.4000,0.0000,13.0000,19.0000,5.0000,2.5000,4.7000,1.3000
INT0072,AM Peak,1,6,110.4000,0.0000,38.3000,43.4000,15.0000,2.5000,4.1000,1.0000
INT0072,AM Peak,1,7,110.4000,0.0000,8.0000,14.1000,5.0000,2.0000,3.4000,2.7000
INT0072,AM Peak,1,8,110.4000,0.0000,28.1000,33.9000,8.0000,2.5000,3.8000,2.0000
INT0072,Midday,2,1,99.4000,0.0000,15.0000,19.8000,5.0000,3.5000,3.5000,1.3000
INT0072,Midday,2,2,99.4000,0.0000,30.0000,36.6000,15.0000,3.0000,5.6000,1.0000
INT0072,Midday,2,3,99.4000,0.0000,9.0000,14.8000,5.0000,2.0000,3.1000,2.7000
INT0072,Midday,2,4,99.4000,0.0000,22.0000,28.2000,8.0000,3.5000,4.2000,2.0000
INT0072,Midday,2,5,99.4000,0.0000,10.0000,16.0000,5.0000,3.5000,4.7000,1.3000
INT0072,Midday,2,6,99.4000,0.0000,35.3000,40.4000,15.0000,2.0000,4.1000,1.0000
INT0072,Midday,2,7,99.4000,0.0000,8.0000,14.1000,5.0000,3.5000,3.4000,2.7000
INT0072,Midday,2,8,99.4000,0.0000,23.1000,28.9000,8.0000,3.5000,3.8000,2.0000
INT0072,PM Peak,3,1,120.4000,0.0000,23.0000,27.8000,5.0000,3.5000,3.5000,1.3000
INT0072,PM Peak,3,2,120.4000,0.0000,37.0000,43.6000,15.0000,2.0000,5.6000,1.0000
INT0072,PM Peak,3,3,120.4000,0.0000,9.0000,14.8000,5.0000,2.5000,3.1000,2.7000
INT0072,PM Peak,3,4,120.4000,0.0000,28.0000,34.2000,8.0000,2.5000,4.2000,2.0000
INT0072,PM Peak,3,5,120.4000,0.0000,11.0000,17.0000,5.0000,2.0000,4.7000,1.3000
INT0072,PM Peak,3,6,120.4000,0.0000,49.3000,54.4000,15.0000,3.0000,4.1000,1.0000
INT0072,PM Peak,3,7,120.4000,0.0000,10.0000,16.1000,5.0000,2.0000,3.4000,2.7000
INT0072,PM Peak,3,8,120.4000,0.0000,27.1000,32.9000,8.0000,3.0000,3.8000,2.0000
INT0072,Weekend,4,1,99.4000,0.0000,15.0000,19.8000,5.0000,3.0000,3.5000,1.3000
INT0072,Weekend,4,2,99.4000,0.0000,30.0000,36.6000,15.0000,3.5000,5.6000,1.0000
INT0072,Weekend,4,3,99.4000,0.0000,9.0000,14.8000,5.0000,3.5000,3.1000,2.7000
INT0072,Weekend,4,4,99.4000,0.0000,22.0000,28.2000,8.0000,3.5000,4.2000,2.0000
INT0072,Weekend,4,5,99.4000,0.0000,10.0000,16.0000,5.0000,3.5000,4.7000,1.3000
INT0072,Weekend,4,6,99.4000,0.0000,35.3000,40.4000,15.0000,2.0000,4.1000,1.0000
INT0072,Weekend,4,7,99.4000,0.0000,8.0000,14.1000,5.0000,2.0000,3.4000,2.7000
INT0072,Weekend,4,8,99.4000,0.0000,23.1000,28.9000,8.0000,2.0000,3.8000,2.0000
INT0073,AM Peak,1,1,129.9000,13.0000,12.0000,17.4000,5.0000,2.0000,3.6000,1.8000
INT0073,AM Peak,1,2,129.9000,13.0000,49.0000,55.2000,15.0000,3.5000,4.7000,1.5000
INT0073,AM Peak,1,3,129.9000,13.0000,19.0000,26.1000,5.0000,2.5000,3.6000,3.5000
INT0073,AM Peak,1,4,129.9000,13.0000,24.8000,31.2000,8.0000,3.0000,3.5000,2.9000
INT0073,AM Peak,1,5,129.9000,13.0000,17.0000,23.2000,5.0000,2.5000,4.5000,1.7000
INT0073,AM Peak,1,6,129.9000,13.0000,44.0000,49.4000,15.0000,2.5000,3.9000,1.5000
INT0073,AM Peak,1,7,129.9000,13.0000,15.0000,22.5000,5.0000,3.5000,3.6000,3.9000
INT0073,AM Peak,1,8,129.9000,13.0000,28.0000,34.8000,8.0000,2.0000,4.0000,2.8000
INT0073,Midday,2,1,89.9000,74.0000,9.0000,14.4000,5.0000,3.5000,3.6000,1.8000
INT0073,Midday,2,2,89.9000,74.0000,30.0000,36.2000,15.0000,2.5000,4.7000,1.5000
INT0073,Midday,2,3,89.9000,74.0000,10.0000,17.1000,5.0000,3.0000,3.6000,3.5000
INT0073,Midday,2,4,89.9000,74.0000,15.8000,22.2000,8.0000,2.5000,3.5000,2.9000
INT0073,Midday,2,5,89.9000,74.0000,9.0000,15.2000,5.0000,3.5000,4.5000,1.7000
INT0073,Midday,2,6,89.9000,74.0000,30.0000,35.4000,15.0000,2.5000,3.9000,1.5000
INT0073,Midday,2,7,89.9000,74.0000,10.0000,17.5000,5.0000,2.5000,3.6000,3.9000
INT0073,Midday,2,8,89.9000,74.0000,15.0000,21.8000,8.0000,3.0000,4.0000,2.8000
INT0073,PM Peak,3,1,139.9000,14.0000,19.0000,24.4000,5.0000,3.0000,3.6000,1.8000
INT0073,PM Peak,3,2,139.9000,14.0000,52.0000,58.2000,15.0000,2.5000,4.7000,1.5000
INT0073,PM Peak,3,3,139.9000,14.0000,16.0000,23.1000,5.0000,3.5000,3.6000,3.5000
INT0073,PM Peak,3,4,139.9000,14.0000,27.8000,34.2000,8.0000,2.5000,3.5000,2.9000
INT0073,PM Peak,3,5,139.9000,14.0000,14.0000,20.2000,5.0000,2.0000,4.5000,1.7000
INT0073,PM Peak,3,6,139.9000,14.0000,57.0000,62.4000,15.0000,2.5000,3.9000,1.5000
INT0073,PM Peak,3,7,139.9000,14.0000,18.0000,25.5000,5.0000,3.0000,3.6000,3.9000
INT0073,PM Peak,3,8,139.9000,14.0000,25.0000,31.8000,8.0000,3.0000,4.0000,2.8000
INT0073,Weekend,4,1,109.9000,95.0000,12.0000,17.4000,5.0000,3.0000,3.6000,1.8000
INT0073,Weekend,4,2,109.9000,95.0000,39.0000,45.2000,15.0000,3.5000,4.7000,1.5000
INT0073,Weekend,4,3,109.9000,95.0000,13.0000,20.1000,5.0000,3.0000,3.6000,3.5000
INT0073,Weekend,4,4,109.9000,95.0000,20.8000,27.2000,8.0000,2.0000,3.5000,2.9000
INT0073,Weekend,4,5,109.9000,95.0000,12.0000,18.2000,5.0000,2.5000,4.5000,1.7000
INT0073,Weekend,4,6,109.9000,95.0000,39.0000,44.4000,15.0000,3.5000,3.9000,1.5000
INT0073,Weekend,4,7,109.9000,95.0000,13.0000,20.5000,5.0000,2.5000,3.6000,3.9000
INT0073,Weekend,4,8,109.9000,95.0000,20.0000,26.8000,8.0000,3.0000,4.0000,2.8000
INT0074,AM Peak,1,1,130.3000,39.0000,7.0000,12.5000,5.0000,2.0000,4.0000,1.5000
INT0074,AM Peak,1,2,130.3000,39.0000,60.0000,67.2000,15.0000,2.0000,5.9000,1.3000
INT0074,AM Peak,1,3,130.3000,39.0000,13.0000,19.9000,5.0000,3.5000,3.1000,3.8000
INT0074,AM Peak,1,4,130.3000,39.0000,24.4000,30.7000,8.0000,2.0000,3.6000,2.7000
INT0074,AM Peak,1,5,130.3000,39.0000,24.0000,30.5000,5.0000,2.5000,5.0000,1.5000
INT0074,AM Peak,1,6,130.3000,39.0000,43.2000,49.2000,15.0000,2.0000,4.7000,1.3000
INT0074,AM Peak,1,7,130.3000,39.0000,11.0000,17.9000,5.0000,3.5000,3.1000,3.8000
INT0074,AM Peak,1,8,130.3000,39.0000,26.0000,32.7000,8.0000,3.0000,4.0000,2.7000
INT0074,Midday,2,1,100.3000,67.0000,6.0000,11.5000,5.0000,3.0000,4.0000,1.5000
INT0074,Midday,2,2,100.3000,67.0000,42.0000,49.2000,15.0000,3.0000,5.9000,1.3000
INT0074,Midday,2,3,100.3000,67.0000,8.0000,14.9000,5.0000,2.5000,3.1000,3.8000
INT0074,Midday,2,4,100.3000,67.0000,18.4000,24.7000,8.0000,2.5000,3.6000,2.7000
INT0074,Midday,2,5,100.3000,67.0000,15.0000,21.5000,5.0000,2.0000,5.0000,1.5000
INT0074,Midday,2,6,100.3000,67.0000,33.2000,39.2000,15.0000,2.0000,4.7000,1.3000
INT0074,Midday,2,7,100.3000,67.0000,9.0000,15.9000,5.0000,2.5000,3.1000,3.8000
INT0074,Midday,2,8,100.3000,67.0000,17.0000,23.7000,8.0000,2.0000,4.0000,2.7000
INT0074,PM Peak,3,1,140.3000,135.0000,11.0000,16.5000,5.0000,2.0000,4.0000,1.5000
INT0074,PM Peak,3,2,140.3000,135.0000,63.0000,70.2000,15.0000,2.5000,5.9000,1.3000
INT0074,PM Peak,3,3,140.3000,135.0000,11.0000,17.9000,5.0000,2.0000,3.1000,3.8000
INT0074,PM Peak,3,4,140.3000,135.0000,29.4000,35.7000,8.0000,2.5000,3.6000,2.7000
INT0074,PM Peak,3,5,140.3000,135.0000,20.0000,26.5000,5.0000,2.5000,5.0000,1.5000
INT0074,PM Peak,3,6,140.3000,135.0000,54.2000,60.2000,15.0000,2.5000,4.7000,1.3000
INT0074,PM Peak,3,7,140.3000,135.0000,15.0000,21.9000,5.0000,3.0000,3.1000,3.8000
INT0074,PM Peak,3,8,140.3000,135.0000,25.0000,31.7000,8.0000,3.0000,4.0000,2.7000
INT0074,Weekend,4,1,89.3000,17.0000,5.0000,10.5000,5.0000,3.5000,4.0000,1.5000
INT0074,Weekend,4,2,89.3000,17.0000,36.0000,43.2000,15.0000,3.5000,5.9000,1.3000
INT0074,Weekend,4,3,89.3000,17.0000,7.0000,13.9000,5.0000,2.0000,3.1000,3.8000
INT0074,Weekend,4,4,89.3000,17.0000,15.4000,21.7000,8.0000,3.0000,3.6000,2.7000
INT0074,Weekend,4,5,89.3000,17.0000,13.0000,19.5000,5.0000,3.0000,5.0000,1.5000
INT0074,Weekend,4,6,89.3000,17.0000,28.2000,34.2000,15.0000,3.5000,4.7000,1.3000
INT0074,Weekend,4,7,89.3000,17.0000,8.0000,14.9000,5.0000,2.5000,3.1000,3.8000
INT0074,Weekend,4,8,89.3000,17.0000,14.0000,20.7000,8.0000,3.5000,4.0000,2.7000
INT0075,AM Peak,1,1,109.7000,66.0000,9.0000,14.4000,5.0000,3.0000,3.7000,1.7000
INT0075,AM Peak,1,2,109.7000,66.0000,45.0000,51.4000,15.0000,2.0000,5.1000,1.3000
INT0075,AM Peak,1,3,109.7000,66.0000,5.0000,11.0000,5.0000,3.0000,3.1000,2.9000
INT0075,AM Peak,1,4,109.7000,66.0000,27.0000,32.9000,8.0000,3.5000,3.8000,2.1000
INT0075,AM Peak,1,5,109.7000,66.0000,23.0000,29.0000,5.0000,2.5000,4.3000,1.7000
INT0075,AM Peak,1,6,109.7000,66.0000,31.1000,36.8000,15.0000,3.5000,4.4000,1.3000
INT0075,AM Peak,1,7,109.7000,66.0000,9.0000,15.0000,5.0000,3.5000,3.1000,2.9000
INT0075,AM Peak,1,8,109.7000,66.0000,23.2000,28.9000,8.0000,2.0000,3.6000,2.1000
INT0075,Midday,2,1,80.7000,57.0000,7.0000,12.4000,5.0000,3.5000,3.7000,1.7000
INT0075,Midday,2,2,80.7000,57.0000,27.0000,33.4000,15.0000,3.5000,5.1000,1.3000
INT0075,Midday,2,3,80.7000,57.0000,5.0000,11.0000,5.0000,3.0000,3.1000,2.9000
INT0075,Midday,2,4,80.7000,57.0000,18.0000,23.9000,8.0000,2.5000,3.8000,2.1000
INT0075,Midday,2,5,80.7000,57.0000,12.0000,18.0000,5.0000,3.0000,4.3000,1.7000
INT0075,Midday,2,6,80.7000,57.0000,22.1000,27.8000,15.0000,3.5000,4.4000,1.3000
INT0075,Midday,2,7,80.7000,57.0000,7.0000,13.0000,5.0000,3.5000,3.1000,2.9000
INT0075,Midday,2,8,80.7000,57.0000,16.2000,21.9000,8.0000,3.5000,3.6000,2.1000
INT0075,PM Peak,3,1,139.7000,96.0000,16.0000,21.4000,5.0000,3.0000,3.7000,1.7000
INT0075,PM Peak,3,2,139.7000,96.0000,53.0000,59.4000,15.0000,3.0000,5.1000,1.3000
INT0075,PM Peak,3,3,139.7000,96.0000,6.0000,12.0000,5.0000,2.0000,3.1000,2.9000
INT0075,PM Peak,3,4,139.7000,96.0000,41.0000,46.9000,8.0000,2.0000,3.8000,2.1000
INT0075,PM Peak,3,5,139.7000,96.0000,22.0000,28.0000,5.0000,2.0000,4.3000,1.7000
INT0075,PM Peak,3,6,139.7000,96.0000,47.1000,52.8000,15.0000,2.5000,4.4000,1.3000
INT0075,PM Peak,3,7,139.7000,96.0000,17.0000,23.0000,5.0000,3.5000,3.1000,2.9000
INT0075,PM Peak,3,8,139.7000,96.0000,30.2000,35.9000,8.0000,3.5000,3.6000,2.1000
INT0075,Weekend,4,1,110.7000,64.0000,10.0000,15.4000,5.0000,3.0000,3.7000,1.7000
INT0075,Weekend,4,2,110.7000,64.0000,42.0000,48.4000,15.0000,3.5000,5.1000,1.3000
INT0075,Weekend,4,3,110.7000,64.0000,5.0000,11.0000,5.0000,3.0000,3.1000,2.9000
INT0075,Weekend,4,4,110.7000,64.0000,30.0000,35.9000,8.0000,3.5000,3.8000,2.1000
INT0075,Weekend,4,5,110.7000,64.0000,19.0000,25.0000,5.0000,2.0000,4.3000,1.7000
INT0075,Weekend,4,6,110.7000,64.0000,33.1000,38.8000,15.0000,2.0000,4.4000,1.3000
INT0075,Weekend,4,7,110.7000,64.0000,11.0000,17.0000,5.0000,3.5000,3.1000,2.9000
INT0075,Weekend,4,8,110.7000,64.0000,24.2000,29.9000,8.0000,3.0000,3.6000,2.1000
INT0076,AM Peak,1,1,100.5000,0.0000,7.0000,11.9000,5.0000,0.0000,3.0000,1.9000
INT0076,AM Peak,1,2,100.5000,0.0000,46.0000,51.9000,15.0000,0.0000,4.5000,1.4000
INT0076,AM Peak,1,3,100.5000,0.0000,5.0000,12.1000,5.0000,0.0000,3.0000,4.1000
INT0076,AM Peak,1,4,100.5000,0.0000,18.0000,24.6000,8.0000,0.0000,3.6000,3.0000
INT0076,AM Peak,1,5,100.5000,0.0000,15.0000,20.6000,5.0000,0.0000,3.7000,1.9000
INT0076,AM Peak,1,6,100.5000,0.0000,38.2000,43.2000,15.0000,0.0000,3.6000,1.4000
INT0076,AM Peak,1,7,100.5000,0.0000,5.0000,12.1000,5.0000,0.0000,3.0000,4.1000
INT0076,AM Peak,1,8,100.5000,0.0000,18.0000,24.6000,8.0000,0.0000,3.6000,3.0000
INT0076,Midday,2,1,100.5000,0.0000,9.0000,13.9000,5.0000,0.0000,3.0000,1.9000
INT0076,Midday,2,2,100.5000,0.0000,43.0000,48.9000,15.0000,0.0000,4.5000,1.4000
INT0076,Midday,2,3,100.5000,0.0000,5.0000,12.1000,5.0000,0.0000,3.0000,4.1000
INT0076,Midday,2,4,100.5000,0.0000,19.0000,25.6000,8.0000,0.0000,3.6000,3.0000
INT0076,Midday,2,5,100.5000,0.0000,12.0000,17.6000,5.0000,0.0000,3.7000,1.9000
INT0076,Midday,2,6,100.5000,0.0000,40.2000,45.2000,15.0000,0.0000,3.6000,1.4000
INT0076,Midday,2,7,100.5000,0.0000,5.0000,12.1000,5.0000,0.0000,3.0000,4.1000
INT0076,Midday,2,8,100.5000,0.0000,19.0000,25.6000,8.0000,0.0000,3.6000,3.0000
INT0076,PM Peak,3,1,100.5000,0.0000,11.0000,15.9000,5.0000,0.0000,3.0000,1.9000
INT0076,PM Peak,3,2,100.5000,0.0000,42.0000,47.9000,15.0000,0.0000,4.5000,1.4000
INT0076,PM Peak,3,3,100.5000,0.0000,5.0000,12.1000,5.0000,0.0000,3.0000,4.1000
INT0076,PM Peak,3,4,100.5000,0.0000,18.0000,24.6000,8.0000,0.0000,3.6000,3.0000
INT0076,PM Peak,3,5,100.5000,0.0000,10.0000,15.6000,5.0000,0.0000,3.7000,1.9000
INT0076,PM Peak,3,6,100.5000,0.0000,43.2000,48.2000,15.0000,0.0000,3.6000,1.4000
INT0076,PM Peak,3,7,100.5000,0.0000,5.0000,12.1000,5.0000,0.0000,3.0000,4.1000
INT0076,PM Peak,3,8,100.5000,0.0000,18.0000,24.6000,8.0000,0.0000,3.6000,3.0000
INT0076,Weekend,4,1,100.5000,0.0000,9.0000,13.9000,5.0000,0.0000,3.0000,1.9000
INT0076,Weekend,4,2,100.5000,0.0000,43.0000,48.9000,15.0000,0.0000,4.5000,1.4000
INT0076,Weekend,4,3,100.5000,0.0000,5.0000,12.1000,5.0000,0.0000,3.0000,4.1000
INT0076,Weekend,4,4,100.5000,0.0000,19.0000,25.6000,8.0000,0.0000,3.6000,3.0000
INT0076,Weekend,4,5,100.5000,0.0000,12.0000,17.6000,5.0000,0.0000,3.7000,1.9000
INT0076,Weekend,4,6,100.5000,0.0000,40.2000,45.2000,15.0000,0.0000,3.6000,1.4000
INT0076,Weekend,4,7,100.5000,0.0000,5.0000,12.1000,5.0000,0.0000,3.0000,4.1000
INT0076,Weekend,4,8,100.5000,0.0000,19.0000,25.6000,8.0000,0.0000,3.6000,3.0000
INT0077,AM Peak,1,1,100.0000,0.0000,12.0000,16.0000,5.0000,0.0000,3.0000,1.0000
INT0077,AM Peak,1,2,100.0000,0.0000,40.0000,44.5000,15.0000,0.0000,3.5000,1.0000
INT0077,AM Peak,1,3,100.0000,0.0000,5.0000,9.0000,5.0000,0.0000,3.0000,1.0000
INT0077,AM Peak,1,4,100.0000,0.0000,26.0000,30.5000,8.0000,0.0000,3.5000,1.0000
INT0077,AM Peak,1,5,100.0000,0.0000,10.0000,14.0000,5.0000,0.0000,3.0000,1.0000
INT0077,AM Peak,1,6,100.0000,0.0000,42.0000,46.5000,15.0000,0.0000,3.5000,1.0000
INT0077,AM Peak,1,7,100.0000,0.0000,5.0000,9.0000,5.0000,0.0000,3.0000,1.0000
INT0077,AM Peak,1,8,100.0000,0.0000,26.0000,30.5000,8.0000,0.0000,3.5000,1.0000
INT0077,Midday,2,1,100.0000,0.0000,15.0000,19.0000,5.0000,0.0000,3.0000,1.0000
INT0077,Midday,2,2,100.0000,0.0000,36.0000,40.5000,15.0000,0.0000,3.5000,1.0000
INT0077,Midday,2,3,100.0000,0.0000,5.0000,9.0000,5.0000,0.0000,3.0000,1.0000
INT0077,Midday,2,4,100.0000,0.0000,27.0000,31.5000,8.0000,0.0000,3.5000,1.0000
INT0077,Midday,2,5,100.0000,0.0000,8.0000,12.0000,5.0000,0.0000,3.0000,1.0000
INT0077,Midday,2,6,100.0000,0.0000,43.0000,47.5000,15.0000,0.0000,3.5000,1.0000
INT0077,Midday,2,7,100.0000,0.0000,5.0000,9.0000,5.0000,0.0000,3.0000,1.0000
INT0077,Midday,2,8,100.0000,0.0000,27.0000,31.5000,8.0000,0.0000,3.5000,1.0000
INT0077,PM Peak,3,1,100.0000,0.0000,18.0000,22.0000,5.0000,0.0000,3.0000,1.0000
INT0077,PM Peak,3,2,100.0000,0.0000,35.0000,39.5000,15.0000,0.0000,3.5000,1.0000
INT0077,PM Peak,3,3,100.0000,0.0000,5.0000,9.0000,5.0000,0.0000,3.0000,1.0000
INT0077,PM Peak,3,4,100.0000,0.0000,25.0000,29.5000,8.0000,0.0000,3.5000,1.0000
INT0077,PM Peak,3,5,100.0000,0.0000,7.0000,11.0000,5.0000,0.0000,3.0000,1.0000
INT0077,PM Peak,3,6,100.0000,0.0000,46.0000,50.5000,15.0000,0.0000,3.5000,1.0000
INT0077,PM Peak,3,7,100.0000,0.0000,5.0000,9.0000,5.0000,0.0000,3.0000,1.0000
INT0077,PM Peak,3,8,100.0000,0.0000,25.0000,29.5000,8.0000,0.0000,3.5000,1.0000
INT0077,Weekend,4,1,100.0000,0.0000,15.0000,19.0000,5.0000,0.0000,3.0000,1.0000
INT0077,Weekend,4,2,100.0000,0.0000,36.0000,40.5000,15.0000,0.0000,3.5000,1.0000
INT0077,Weekend,4,3,100.0000,0.0000,5.0000,9.0000,5.0000,0.0000,3.0000,1.0000
INT0077,Weekend,4,4,100.0000,0.0000,27.0000,31.5000,8.0000,0.0000,3.5000,1.0000
INT0077,Weekend,4,5,100.0000,0.0000,8.0000,12.0000,5.0000,0.0000,3.0000,1.0000
INT0077,Weekend,4,6,100.0000,0.0000,43.0000,47.5000,15.0000,0.0000,3.5000,1.0000
INT0077,Weekend,4,7,100.0000,0.0000,5.0000,9.0000,5.0000,0.0000,3.0000,1.0000
INT0077,Weekend,4,8,100.0000,0.0000,27.0000,31.5000,8.0000,0.0000,3.5000,1.0000
INT0078,AM Peak,1,1,120.0000,0.0000,7.0000,11.0000,5.0000,2.5000,3.0000,1.0000
INT0078,AM Peak,1,2,120.0000,0.0000,47.0000,51.5000,15.0000,3.0000,3.5000,1.0000
INT0078,AM Peak,1,3,120.0000,0.0000,6.0000,10.0000,5.0000,2.0000,3.0000,1.0000
INT0078,AM Peak,1,4,120.0000,0.0000,43.0000,47.5000,8.0000,2.0000,3.5000,1.0000
INT0078,AM Peak,1,5,120.0000,0.0000,13.0000,17.0000,5.0000,3.5000,3.0000,1.0000
INT0078,AM Peak,1,6,120.0000,0.0000,41.0000,45.5000,15.0000,3.0000,3.5000,1.0000
INT0078,AM Peak,1,7,120.0000,0.0000,13.0000,17.0000,5.0000,2.0000,3.0000,1.0000
INT0078,AM Peak,1,8,120.0000,0.0000,36.0000,40.5000,8.0000,2.5000,3.5000,1.0000
INT0078,Midday,2,1,100.0000,0.0000,7.0000,11.0000,5.0000,3.5000,3.0000,1.0000
INT0078,Midday,2,2,100.0000,0.0000,35.0000,39.5000,15.0000,2.5000,3.5000,1.0000
INT0078,Midday,2,3,100.0000,0.0000,6.0000,10.0000,5.0000,2.5000,3.0000,1.0000
INT0078,Midday,2,4,100.0000,0.0000,35.0000,39.5000,8.0000,2.0000,3.5000,1.0000
INT0078,Midday,2,5,100.0000,0.0000,8.0000,12.0000,5.0000,2.0000,3.0000,1.0000
INT0078,Midday,2,6,100.0000,0.0000,34.0000,38.5000,15.0000,3.0000,3.5000,1.0000
INT0078,Midday,2,7,100.0000,0.0000,12.0000,16.0000,5.0000,2.0000,3.0000,1.0000
INT0078,Midday,2,8,100.0000,0.0000,29.0000,33.5000,8.0000,2.0000,3.5000,1.0000
INT0078,PM Peak,3,1,120.0000,0.0000,11.0000,15.0000,5.0000,3.5000,3.0000,1.0000
INT0078,PM Peak,3,2,120.0000,0.0000,44.0000,48.5000,15.0000,2.0000,3.5000,1.0000
INT0078,PM Peak,3,3,120.0000,0.0000,5.0000,9.0000,5.0000,3.0000,3.0000,1.0000
INT0078,PM Peak,3,4,120.0000,0.0000,43.0000,47.5000,8.0000,3.0000,3.5000,1.0000
INT0078,PM Peak,3,5,120.0000,0.0000,9.0000,13.0000,5.0000,2.0000,3.0000,1.0000
INT0078,PM Peak,3,6,120.0000,0.0000,46.0000,50.5000,15.0000,3.0000,3.5000,1.0000
INT0078,PM Peak,3,7,120.0000,0.0000,15.0000,19.0000,5.0000,3.5000,3.0000,1.0000
INT0078,PM Peak,3,8,120.0000,0.0000,33.0000,37.5000,8.0000,2.0000,3.5000,1.0000
INT0078,Weekend,4,1,110.0000,0.0000,8.0000,12.0000,5.0000,2.5000,3.0000,1.0000
INT0078,Weekend,4,2,110.0000,0.0000,39.0000,43.5000,15.0000,3.0000,3.5000,1.0000
INT0078,Weekend,4,3,110.0000,0.0000,8.0000,12.0000,5.0000,3.5000,3.0000,1.0000
INT0078,Weekend,4,4,110.0000,0.0000,38.0000,42.5000,8.0000,2.5000,3.5000,1.0000
INT0078,Weekend,4,5,110.0000,0.0000,9.0000,13.0000,5.0000,3.5000,3.0000,1.0000
INT0078,Weekend,4,6,110.0000,0.0000,38.0000,42.5000,15.0000,2.5000,3.5000,1.0000
INT0078,Weekend,4,7,110.0000,0.0000,13.0000,17.0000,5.0000,2.0000,3.0000,1.0000
INT0078,Weekend,4,8,110.0000,0.0000,33.0000,37.5000,8.0000,2.5000,3.5000,1.0000
INT0079,AM Peak,1,1,110.2000,97.0000,21.0000,26.2000,5.0000,2.5000,3.2000,2.0000
INT0079,AM Peak,1,2,110.2000,97.0000,32.6000,37.4000,15.0000,3.0000,3.3000,1.5000
INT0079,AM Peak,1,3,110.2000,97.0000,12.0000,18.6000,5.0000,2.0000,3.0000,3.6000
INT0079,AM Peak,1,4,110.2000,97.0000,22.1000,28.0000,8.0000,3.0000,3.0000,2.9000
INT0079,AM Peak,1,5,110.2000,97.0000,13.0000,18.0000,5.0000,2.5000,3.0000,2.0000
INT0079,AM Peak,1,6,110.2000,97.0000,40.0000,45.6000,15.0000,3.5000,4.1000,1.5000
INT0079,AM Peak,1,7,110.2000,97.0000,13.0000,19.6000,5.0000,3.5000,3.0000,3.6000
INT0079,AM Peak,1,8,110.2000,97.0000,21.0000,27.0000,8.0000,2.0000,3.1000,2.9000
INT0079,Midday,2,1,100.2000,1.0000,21.0000,26.2000,5.0000,3.0000,3.2000,2.0000
INT0079,Midday,2,2,100.2000,1.0000,26.6000,31.4000,15.0000,2.0000,3.3000,1.5000
INT0079,Midday,2,3,100.2000,1.0000,9.0000,15.6000,5.0000,2.0000,3.0000,3.6000
INT0079,Midday,2,4,100.2000,1.0000,21.1000,27.0000,8.0000,3.0000,3.0000,2.9000
INT0079,Midday,2,5,100.2000,1.0000,10.0000,15.0000,5.0000,3.5000,3.0000,2.0000
INT0079,Midday,2,6,100.2000,1.0000,37.0000,42.6000,15.0000,2.5000,4.1000,1.5000
INT0079,Midday,2,7,100.2000,1.0000,13.0000,19.6000,5.0000,3.0000,3.0000,3.6000
INT0079,Midday,2,8,100.2000,1.0000,17.0000,23.0000,8.0000,3.5000,3.1000,2.9000
INT0079,PM Peak,3,1,139.2000,48.0000,36.0000,41.2000,5.0000,3.0000,3.2000,2.0000
INT0079,PM Peak,3,2,139.2000,48.0000,35.6000,40.4000,15.0000,3.5000,3.3000,1.5000
INT0079,PM Peak,3,3,139.2000,48.0000,13.0000,19.6000,5.0000,3.5000,3.0000,3.6000
INT0079,PM Peak,3,4,139.2000,48.0000,32.1000,38.0000,8.0000,3.0000,3.0000,2.9000
INT0079,PM Peak,3,5,139.2000,48.0000,12.0000,17.0000,5.0000,3.0000,3.0000,2.0000
INT0079,PM Peak,3,6,139.2000,48.0000,59.0000,64.6000,15.0000,3.0000,4.1000,1.5000
INT0079,PM Peak,3,7,139.2000,48.0000,21.0000,27.6000,5.0000,3.5000,3.0000,3.6000
INT0079,PM Peak,3,8,139.2000,48.0000,24.0000,30.0000,8.0000,3.0000,3.1000,2.9000
INT0079,Weekend,4,1,90.2000,40.0000,18.0000,23.2000,5.0000,2.0000,3.2000,2.0000
INT0079,Weekend,4,2,90.2000,40.0000,23.6000,28.4000,15.0000,3.0000,3.3000,1.5000
INT0079,Weekend,4,3,90.2000,40.0000,8.0000,14.6000,5.0000,3.5000,3.0000,3.6000
INT0079,Weekend,4,4,90.2000,40.0000,18.1000,24.0000,8.0000,2.5000,3.0000,2.9000
INT0079,Weekend,4,5,90.2000,40.0000,8.0000,13.0000,5.0000,3.0000,3.0000,2.0000
INT0079,Weekend,4,6,90.2000,40.0000,33.0000,38.6000,15.0000,3.0000,4.1000,1.5000
INT0079,Weekend,4,7,90.2000,40.0000,11.0000,17.6000,5.0000,3.0000,3.0000,3.6000
INT0079,Weekend,4,8,90.2000,40.0000,15.0000,21.0000,8.0000,3.0000,3.1000,2.9000
INT0080,AM Peak,1,1,130.1000,0.0000,10.0000,14.9000,5.0000,3.5000,3.4000,1.5000
INT0080,AM Peak,1,2,130.1000,0.0000,56.0000,61.9000,15.0000,3.5000,4.7000,1.2000
INT0080,AM Peak,1,3,130.1000,0.0000,18.0000,24.2000,5.0000,2.0000,3.0000,3.2000
INT0080,AM Peak,1,4,130.1000,0.0000,23.0000,29.1000,8.0000,2.5000,3.8000,2.3000
INT0080,AM Peak,1,5,130.1000,0.0000,21.0000,26.4000,5.0000,2.5000,3.9000,1.5000
INT0080,AM Peak,1,6,130.1000,0.0000,45.1000,50.4000,15.0000,2.5000,4.1000,1.2000
INT0080,AM Peak,1,7,130.1000,0.0000,6.0000,12.2000,5.0000,3.5000,3.0000,3.2000
INT0080,AM Peak,1,8,130.1000,0.0000,35.3000,41.1000,8.0000,2.0000,3.5000,2.3000
INT0080,Midday,2,1,90.1000,0.0000,8.0000,12.9000,5.0000,2.0000,3.4000,1.5000
INT0080,Midday,2,2,90.1000,0.0000,32.0000,37.9000,15.0000,3.0000,4.7000,1.2000
INT0080,Midday,2,3,90.1000,0.0000,11.0000,17.2000,5.0000,2.5000,3.0000,3.2000
INT0080,Midday,2,4,90.1000,0.0000,16.0000,22.1000,8.0000,2.5000,3.8000,2.3000
INT0080,Midday,2,5,90.1000,0.0000,11.0000,16.4000,5.0000,2.5000,3.9000,1.5000
INT0080,Midday,2,6,90.1000,0.0000,29.1000,34.4000,15.0000,2.0000,4.1000,1.2000
INT0080,Midday,2,7,90.1000,0.0000,5.0000,11.2000,5.0000,2.5000,3.0000,3.2000
INT0080,Midday,2,8,90.1000,0.0000,22.3000,28.1000,8.0000,3.0000,3.5000,2.3000
INT0080,PM Peak,3,1,120.1000,0.0000,13.0000,17.9000,5.0000,2.5000,3.4000,1.5000
INT0080,PM Peak,3,2,120.1000,0.0000,46.0000,51.9000,15.0000,3.5000,4.7000,1.2000
INT0080,PM Peak,3,3,120.1000,0.0000,14.0000,20.2000,5.0000,2.0000,3.0000,3.2000
INT0080,PM Peak,3,4,120.1000,0.0000,24.0000,30.1000,8.0000,3.0000,3.8000,2.3000
INT0080,PM Peak,3,5,120.1000,0.0000,14.0000,19.4000,5.0000,3.5000,3.9000,1.5000
INT0080,PM Peak,3,6,120.1000,0.0000,45.1000,50.4000,15.0000,3.5000,4.1000,1.2000
INT0080,PM Peak,3,7,120.1000,0.0000,7.0000,13.2000,5.0000,2.0000,3.0000,3.2000
INT0080,PM Peak,3,8,120.1000,0.0000,31.3000,37.1000,8.0000,3.0000,3.5000,2.3000
INT0080,Weekend,4,1,110.1000,0.0000,10.0000,14.9000,5.0000,3.5000,3.4000,1.5000
INT0080,Weekend,4,2,110.1000,0.0000,42.0000,47.9000,15.0000,3.0000,4.7000,1.2000
INT0080,Weekend,4,3,110.1000,0.0000,14.0000,20.2000,5.0000,2.0000,3.0000,3.2000
INT0080,Weekend,4,4,110.1000,0.0000,21.0000,27.1000,8.0000,2.5000,3.8000,2.3000
INT0080,Weekend,4,5,110.1000,0.0000,15.0000,20.4000,5.0000,3.0000,3.9000,1.5000
INT0080,Weekend,4,6,110.1000,0.0000,37.1000,42.4000,15.0000,3.0000,4.1000,1.2000
INT0080,Weekend,4,7,110.1000,0.0000,6.0000,12.2000,5.0000,2.5000,3.0000,3.2000
INT0080,Weekend,4,8,110.1000,0.0000,29.3000,35.1000,8.0000,2.5000,3.5000,2.3000
INT0081,AM Peak,1,1,99.9000,0.0000,15.0000,21.8000,5.0000,0.0000,5.7000,1.1000
INT0081,AM Peak,1,2,99.9000,0.0000,29.0000,34.8000,15.0000,0.0000,4.8000,1.0000
INT0081,AM Peak,1,3,99.9000,0.0000,10.0000,15.9000,5.0000,0.0000,3.6000,2.3000
INT0081,AM Peak,1,4,99.9000,0.0000,21.2000,27.4000,8.0000,0.0000,4.5000,1.7000
INT0081,AM Peak,1,5,99.9000,0.0000,19.0000,24.6000,5.0000,0.0000,4.5000,1.1000
INT0081,AM Peak,1,6,99.9000,0.0000,25.0000,32.0000,15.0000,0.0000,6.0000,1.0000
INT0081,AM Peak,1,7,99.9000,0.0000,5.0000,10.9000,5.0000,0.0000,3.7000,2.2000
INT0081,AM Peak,1,8,99.9000,0.0000,26.0000,32.4000,8.0000,0.0000,4.7000,1.7000
INT0081,Midday,2,1,99.9000,0.0000,18.0000,24.8000,5.0000,0.0000,5.7000,1.1000
INT0081,Midday,2,2,99.9000,0.0000,27.0000,32.8000,15.0000,0.0000,4.8000,1.0000
INT0081,Midday,2,3,99.9000,0.0000,9.0000,14.9000,5.0000,0.0000,3.6000,2.3000
INT0081,Midday,2,4,99.9000,0.0000,21.2000,27.4000,8.0000,0.0000,4.5000,1.7000
INT0081,Midday,2,5,99.9000,0.0000,17.0000,22.6000,5.0000,0.0000,4.5000,1.1000
INT0081,Midday,2,6,99.9000,0.0000,28.0000,35.0000,15.0000,0.0000,6.0000,1.0000
INT0081,Midday,2,7,99.9000,0.0000,5.0000,10.9000,5.0000,0.0000,3.7000,2.2000
INT0081,Midday,2,8,99.9000,0.0000,25.0000,31.4000,8.0000,0.0000,4.7000,1.7000
INT0081,PM Peak,3,1,99.9000,0.0000,21.0000,27.8000,5.0000,0.0000,5.7000,1.1000
INT0081,PM Peak,3,2,99.9000,0.0000,25.0000,30.8000,15.0000,0.0000,4.8000,1.0000
INT0081,PM Peak,3,3,99.9000,0.0000,8.0000,13.9000,5.0000,0.0000,3.6000,2.3000
INT0081,PM Peak,3,4,99.9000,0.0000,21.2000,27.4000,8.0000,0.0000,4.5000,1.7000
INT0081,PM Peak,3,5,99.9000,0.0000,15.0000,20.6000,5.0000,0.0000,4.5000,1.1000
INT0081,PM Peak,3,6,99.9000,0.0000,31.0000,38.0000,15.0000,0.0000,6.0000,1.0000
INT0081,PM Peak,3,7,99.9000,0.0000,5.0000,10.9000,5.0000,0.0000,3.7000,2.2000
INT0081,PM Peak,3,8,99.9000,0.0000,24.0000,30.4000,8.0000,0.0000,4.7000,1.7000
INT0081,Weekend,4,1,100.9000,0.0000,18.0000,24.8000,5.0000,0.0000,5.7000,1.1000
INT0081,Weekend,4,2,100.9000,0.0000,27.0000,32.8000,15.0000,0.0000,4.8000,1.0000
INT0081,Weekend,4,3,100.9000,0.0000,9.0000,14.9000,5.0000,0.0000,3.6000,2.3000
INT0081,Weekend,4,4,100.9000,0.0000,22.2000,28.4000,8.0000,0.0000,4.5000,1.7000
INT0081,Weekend,4,5,100.9000,0.0000,17.0000,22.6000,5.0000,0.0000,4.5000,1.1000
INT0081,Weekend,4,6,100.9000,0.0000,28.0000,35.0000,15.0000,0.0000,6.0000,1.0000
INT0081,Weekend,4,7,100.9000,0.0000,5.0000,10.9000,5.0000,0.0000,3.7000,2.2000
INT0081,Weekend,4,8,100.9000,0.0000,26.0000,32.4000,8.0000,0.0000,4.7000,1.7000
INT0082,AM Peak,1,1,110.1000,3.0000,8.0000,14.8000,5.0000,3.5000,5.3000,1.5000
INT0082,AM Peak,1,2,110.1000,3.0000,46.9000,52.7000,15.0000,3.5000,4.5000,1.3000
INT0082,AM Peak,1,3,110.1000,3.0000,5.0000,10.6000,5.0000,2.0000,3.5000,2.1000
INT0082,AM Peak,1,4,110.1000,3.0000,26.2000,32.0000,8.0000,3.5000,4.0000,1.8000
INT0082,AM Peak,1,5,110.1000,3.0000,23.0000,29.3000,5.0000,3.5000,4.7000,1.6000
INT0082,AM Peak,1,6,110.1000,3.0000,31.0000,38.2000,15.0000,3.5000,6.0000,1.2000
INT0082,AM Peak,1,7,110.1000,3.0000,8.0000,13.6000,5.0000,3.5000,3.5000,2.1000
INT0082,AM Peak,1,8,110.1000,3.0000,23.0000,29.0000,8.0000,2.5000,4.4000,1.6000
INT0082,Midday,2,1,90.1000,16.0000,8.0000,14.8000,5.0000,2.0000,5.3000,1.5000
INT0082,Midday,2,2,90.1000,16.0000,34.9000,40.7000,15.0000,2.5000,4.5000,1.3000
INT0082,Midday,2,3,90.1000,16.0000,5.0000,10.6000,5.0000,2.5000,3.5000,2.1000
INT0082,Midday,2,4,90.1000,16.0000,18.2000,24.0000,8.0000,2.0000,4.0000,1.8000
INT0082,Midday,2,5,90.1000,16.0000,16.0000,22.3000,5.0000,2.5000,4.7000,1.6000
INT0082,Midday,2,6,90.1000,16.0000,26.0000,33.2000,15.0000,2.5000,6.0000,1.2000
INT0082,Midday,2,7,90.1000,16.0000,7.0000,12.6000,5.0000,2.5000,3.5000,2.1000
INT0082,Midday,2,8,90.1000,16.0000,16.0000,22.0000,8.0000,3.0000,4.4000,1.6000
INT0082,PM Peak,3,1,130.1000,124.0000,15.0000,21.8000,5.0000,2.0000,5.3000,1.5000
INT0082,PM Peak,3,2,130.1000,124.0000,53.9000,59.7000,15.0000,3.5000,4.5000,1.3000
INT0082,PM Peak,3,3,130.1000,124.0000,5.0000,10.6000,5.0000,3.5000,3.5000,2.1000
INT0082,PM Peak,3,4,130.1000,124.0000,32.2000,38.0000,8.0000,3.0000,4.0000,1.8000
INT0082,PM Peak,3,5,130.1000,124.0000,22.0000,28.3000,5.0000,2.5000,4.7000,1.6000
INT0082,PM Peak,3,6,130.1000,124.0000,46.0000,53.2000,15.0000,3.5000,6.0000,1.2000
INT0082,PM Peak,3,7,130.1000,124.0000,12.0000,17.6000,5.0000,2.5000,3.5000,2.1000
INT0082,PM Peak,3,8,130.1000,124.0000,25.0000,31.0000,8.0000,3.0000,4.4000,1.6000
INT0082,Weekend,4,1,90.1000,21.0000,8.0000,14.8000,5.0000,3.0000,5.3000,1.5000
INT0082,Weekend,4,2,90.1000,21.0000,34.9000,40.7000,15.0000,2.0000,4.5000,1.3000
INT0082,Weekend,4,3,90.1000,21.0000,5.0000,10.6000,5.0000,3.0000,3.5000,2.1000
INT0082,Weekend,4,4,90.1000,21.0000,18.2000,24.0000,8.0000,2.5000,4.0000,1.8000
INT0082,Weekend,4,5,90.1000,21.0000,16.0000,22.3000,5.0000,2.0000,4.7000,1.6000
INT0082,Weekend,4,6,90.1000,21.0000,26.0000,33.2000,15.0000,3.0000,6.0000,1.2000
INT0082,Weekend,4,7,90.1000,21.0000,7.0000,12.6000,5.0000,3.5000,3.5000,2.1000
INT0082,Weekend,4,8,90.1000,21.0000,16.0000,22.0000,8.0000,3.5000,4.4000,1.6000
INT0083,AM Peak,1,1,100.4000,0.0000,13.0000,19.4000,5.0000,0.0000,4.9000,1.5000
INT0083,AM Peak,1,2,100.4000,0.0000,35.0000,41.3000,15.0000,0.0000,5.0000,1.3000
INT0083,AM Peak,1,3,100.4000,0.0000,11.0000,17.7000,5.0000,0.0000,3.6000,3.1000
INT0083,AM Peak,1,4,100.4000,0.0000,16.2000,22.0000,8.0000,0.0000,3.5000,2.3000
INT0083,AM Peak,1,5,100.4000,0.0000,11.0000,16.9000,5.0000,0.0000,4.3000,1.6000
INT0083,AM Peak,1,6,100.4000,0.0000,37.0000,43.8000,15.0000,0.0000,5.5000,1.3000
INT0083,AM Peak,1,7,100.4000,0.0000,7.0000,13.7000,5.0000,0.0000,3.7000,3.0000
INT0083,AM Peak,1,8,100.4000,0.0000,20.0000,26.0000,8.0000,0.0000,3.8000,2.2000
INT0083,Midday,2,1,100.4000,0.0000,15.0000,21.4000,5.0000,0.0000,4.9000,1.5000
INT0083,Midday,2,2,100.4000,0.0000,34.0000,40.3000,15.0000,0.0000,5.0000,1.3000
INT0083,Midday,2,3,100.4000,0.0000,10.0000,16.7000,5.0000,0.0000,3.6000,3.1000
INT0083,Midday,2,4,100.4000,0.0000,16.2000,22.0000,8.0000,0.0000,3.5000,2.3000
INT0083,Midday,2,5,100.4000,0.0000,10.0000,15.9000,5.0000,0.0000,4.3000,1.6000
INT0083,Midday,2,6,100.4000,0.0000,39.0000,45.8000,15.0000,0.0000,5.5000,1.3000
INT0083,Midday,2,7,100.4000,0.0000,7.0000,13.7000,5.0000,0.0000,3.7000,3.0000
INT0083,Midday,2,8,100.4000,0.0000,19.0000,25.0000,8.0000,0.0000,3.8000,2.2000
INT0083,PM Peak,3,1,100.4000,0.0000,18.0000,24.4000,5.0000,0.0000,4.9000,1.5000
INT0083,PM Peak,3,2,100.4000,0.0000,32.0000,38.3000,15.0000,0.0000,5.0000,1.3000
INT0083,PM Peak,3,3,100.4000,0.0000,9.0000,15.7000,5.0000,0.0000,3.6000,3.1000
INT0083,PM Peak,3,4,100.4000,0.0000,16.2000,22.0000,8.0000,0.0000,3.5000,2.3000
INT0083,PM Peak,3,5,100.4000,0.0000,8.0000,13.9000,5.0000,0.0000,4.3000,1.6000
INT0083,PM Peak,3,6,100.4000,0.0000,42.0000,48.8000,15.0000,0.0000,5.5000,1.3000
INT0083,PM Peak,3,7,100.4000,0.0000,8.0000,14.7000,5.0000,0.0000,3.7000,3.0000
INT0083,PM Peak,3,8,100.4000,0.0000,17.0000,23.0000,8.0000,0.0000,3.8000,2.2000
INT0083,Weekend,4,1,100.4000,0.0000,15.0000,21.4000,5.0000,0.0000,4.9000,1.5000
INT0083,Weekend,4,2,100.4000,0.0000,34.0000,40.3000,15.0000,0.0000,5.0000,1.3000
INT0083,Weekend,4,3,100.4000,0.0000,10.0000,16.7000,5.0000,0.0000,3.6000,3.1000
INT0083,Weekend,4,4,100.4000,0.0000,16.2000,22.0000,8.0000,0.0000,3.5000,2.3000
INT0083,Weekend,4,5,100.4000,0.0000,10.0000,15.9000,5.0000,0.0000,4.3000,1.6000
INT0083,Weekend,4,6,100.4000,0.0000,39.0000,45.8000,15.0000,0.0000,5.5000,1.3000
INT0083,Weekend,4,7,100.4000,0.0000,7.0000,13.7000,5.0000,0.0000,3.7000,3.0000
INT0083,Weekend,4,8,100.4000,0.0000,19.0000,25.0000,8.0000,0.0000,3.8000,2.2000
INT0084,AM Peak,1,1,130.0000,110.0000,10.0000,14.0000,5.0000,3.5000,3.0000,1.0000
INT0084,AM Peak,1,2,130.0000,110.0000,61.0000,65.5000,15.0000,3.0000,3.5000,1.0000
INT0084,AM Peak,1,3,130.0000,110.0000,14.0000,18.0000,5.0000,2.0000,3.0000,1.0000
INT0084,AM Peak,1,4,130.0000,110.0000,28.0000,32.5000,8.0000,3.0000,3.5000,1.0000
INT0084,AM Peak,1,5,130.0000,110.0000,19.0000,23.0000,5.0000,2.0000,3.0000,1.0000
INT0084,AM Peak,1,6,130.0000,110.0000,52.0000,56.5000,15.0000,3.5000,3.5000,1.0000
INT0084,AM Peak,1,7,130.0000,110.0000,5.0000,9.0000,5.0000,3.5000,3.0000,1.0000
INT0084,AM Peak,1,8,130.0000,110.0000,37.0000,41.5000,8.0000,2.0000,3.5000,1.0000
INT0084,Midday,2,1,100.0000,95.0000,9.0000,13.0000,5.0000,3.5000,3.0000,1.0000
INT0084,Midday,2,2,100.0000,95.0000,45.0000,49.5000,15.0000,2.0000,3.5000,1.0000
INT0084,Midday,2,3,100.0000,95.0000,8.0000,12.0000,5.0000,3.5000,3.0000,1.0000
INT0084,Midday,2,4,100.0000,95.0000,21.0000,25.5000,8.0000,2.5000,3.5000,1.0000
INT0084,Midday,2,5,100.0000,95.0000,12.0000,16.0000,5.0000,3.0000,3.0000,1.0000
INT0084,Midday,2,6,100.0000,95.0000,42.0000,46.5000,15.0000,3.5000,3.5000,1.0000
INT0084,Midday,2,7,100.0000,95.0000,5.0000,9.0000,5.0000,2.0000,3.0000,1.0000
INT0084,Midday,2,8,100.0000,95.0000,24.0000,28.5000,8.0000,3.5000,3.5000,1.0000
INT0084,PM Peak,3,1,140.0000,19.0000,17.0000,21.0000,5.0000,2.0000,3.0000,1.0000
INT0084,PM Peak,3,2,140.0000,19.0000,66.0000,70.5000,15.0000,2.5000,3.5000,1.0000
INT0084,PM Peak,3,3,140.0000,19.0000,10.0000,14.0000,5.0000,2.0000,3.0000,1.0000
INT0084,PM Peak,3,4,140.0000,19.0000,30.0000,34.5000,8.0000,3.0000,3.5000,1.0000
INT0084,PM Peak,3,5,140.0000,19.0000,16.0000,20.0000,5.0000,2.5000,3.0000,1.0000
INT0084,PM Peak,3,6,140.0000,19.0000,67.0000,71.5000,15.0000,2.0000,3.5000,1.0000
INT0084,PM Peak,3,7,140.0000,19.0000,6.0000,10.0000,5.0000,3.0000,3.0000,1.0000
INT0084,PM Peak,3,8,140.0000,19.0000,34.0000,38.5000,8.0000,3.5000,3.5000,1.0000
INT0084,Weekend,4,1,110.0000,70.0000,10.0000,14.0000,5.0000,3.5000,3.0000,1.0000
INT0084,Weekend,4,2,110.0000,70.0000,51.0000,55.5000,15.0000,3.0000,3.5000,1.0000
INT0084,Weekend,4,3,110.0000,70.0000,10.0000,14.0000,5.0000,3.0000,3.0000,1.0000
INT0084,Weekend,4,4,110.0000,70.0000,22.0000,26.5000,8.0000,3.5000,3.5000,1.0000
INT0084,Weekend,4,5,110.0000,70.0000,13.0000,17.0000,5.0000,2.0000,3.0000,1.0000
INT0084,Weekend,4,6,110.0000,70.0000,48.0000,52.5000,15.0000,3.0000,3.5000,1.0000
INT0084,Weekend,4,7,110.0000,70.0000,5.0000,9.0000,5.0000,3.5000,3.0000,1.0000
INT0084,Weekend,4,8,110.0000,70.0000,27.0000,31.5000,8.0000,2.5000,3.5000,1.0000
INT0085,AM Peak,1,1,99.5000,0.0000,16.0000,21.8000,5.0000,0.0000,4.4000,1.4000
INT0085,AM Peak,1,2,99.5000,0.0000,36.0000,42.3000,15.0000,0.0000,5.1000,1.2000
INT0085,AM Peak,1,3,99.5000,0.0000,5.0000,12.2000,5.0000,0.0000,3.0000,4.2000
INT0085,AM Peak,1,4,99.5000,0.0000,17.3000,23.2000,8.0000,0.0000,3.1000,2.8000
INT0085,AM Peak,1,5,99.5000,0.0000,20.0000,25.8000,5.0000,0.0000,4.4000,1.4000
INT0085,AM Peak,1,6,99.5000,0.0000,32.0000,38.3000,15.0000,0.0000,5.1000,1.2000
INT0085,AM Peak,1,7,99.5000,0.0000,5.0000,12.2000,5.0000,0.0000,3.0000,4.2000
INT0085,AM Peak,1,8,99.5000,0.0000,17.0000,23.2000,8.0000,0.0000,3.4000,2.8000
INT0085,Midday,2,1,100.5000,0.0000,18.0000,23.8000,5.0000,0.0000,4.4000,1.4000
INT0085,Midday,2,2,100.5000,0.0000,33.0000,39.3000,15.0000,0.0000,5.1000,1.2000
INT0085,Midday,2,3,100.5000,0.0000,5.0000,12.2000,5.0000,0.0000,3.0000,4.2000
INT0085,Midday,2,4,100.5000,0.0000,19.3000,25.2000,8.0000,0.0000,3.1000,2.8000
INT0085,Midday,2,5,100.5000,0.0000,17.0000,22.8000,5.0000,0.0000,4.4000,1.4000
INT0085,Midday,2,6,100.5000,0.0000,34.0000,40.3000,15.0000,0.0000,5.1000,1.2000
INT0085,Midday,2,7,100.5000,0.0000,5.0000,12.2000,5.0000,0.0000,3.0000,4.2000
INT0085,Midday,2,8,100.5000,0.0000,19.0000,25.2000,8.0000,0.0000,3.4000,2.8000
INT0085,PM Peak,3,1,99.5000,0.0000,20.0000,25.8000,5.0000,0.0000,4.4000,1.4000
INT0085,PM Peak,3,2,99.5000,0.0000,29.0000,35.3000,15.0000,0.0000,5.1000,1.2000
INT0085,PM Peak,3,3,99.5000,0.0000,5.0000,12.2000,5.0000,0.0000,3.0000,4.2000
INT0085,PM Peak,3,4,99.5000,0.0000,20.3000,26.2000,8.0000,0.0000,3.1000,2.8000
INT0085,PM Peak,3,5,99.5000,0.0000,14.0000,19.8000,5.0000,0.0000,4.4000,1.4000
INT0085,PM Peak,3,6,99.5000,0.0000,35.0000,41.3000,15.0000,0.0000,5.1000,1.2000
INT0085,PM Peak,3,7,99.5000,0.0000,5.0000,12.2000,5.0000,0.0000,3.0000,4.2000
INT0085,PM Peak,3,8,99.5000,0.0000,20.0000,26.2000,8.0000,0.0000,3.4000,2.8000
INT0085,Weekend,4,1,100.5000,0.0000,18.0000,23.8000,5.0000,0.0000,4.4000,1.4000
INT0085,Weekend,4,2,100.5000,0.0000,33.0000,39.3000,15.0000,0.0000,5.1000,1.2000
INT0085,Weekend,4,3,100.5000,0.0000,5.0000,12.2000,5.0000,0.0000,3.0000,4.2000
INT0085,Weekend,4,4,100.5000,0.0000,19.3000,25.2000,8.0000,0.0000,3.1000,2.8000
INT0085,Weekend,4,5,100.5000,0.0000,17.0000,22.8000,5.0000,0.0000,4.4000,1.4000
INT0085,Weekend,4,6,100.5000,0.0000,34.0000,40.3000,15.0000,0.0000,5.1000,1.2000
INT0085,Weekend,4,7,100.5000,0.0000,5.0000,12.2000,5.0000,0.0000,3.0000,4.2000
INT0085,Weekend,4,8,100.5000,0.0000,19.0000,25.2000,8.0000,0.0000,3.4000,2.8000
INT0086,AM Peak,1,1,119.8000,98.0000,9.0000,14.6000,5.0000,2.5000,4.2000,1.4000
INT0086,AM Peak,1,2,119.8000,98.0000,54.0000,59.8000,15.0000,3.0000,4.7000,1.1000
INT0086,AM Peak,1,3,119.8000,98.0000,6.0000,12.0000,5.0000,2.5000,3.2000,2.8000
INT0086,AM Peak,1,4,119.8000,98.0000,27.0000,33.4000,8.0000,3.0000,4.3000,2.1000
INT0086,AM Peak,1,5,119.8000,98.0000,23.0000,28.4000,5.0000,2.0000,4.0000,1.4000
INT0086,AM Peak,1,6,119.8000,98.0000,40.2000,46.0000,15.0000,3.5000,4.7000,1.1000
INT0086,AM Peak,1,7,119.8000,98.0000,12.0000,18.4000,5.0000,3.0000,3.6000,2.8000
INT0086,AM Peak,1,8,119.8000,98.0000,21.2000,27.0000,8.0000,3.0000,3.7000,2.1000
INT0086,Midday,2,1,89.8000,80.0000,7.0000,12.6000,5.0000,3.0000,4.2000,1.4000
INT0086,Midday,2,2,89.8000,80.0000,35.0000,40.8000,15.0000,2.0000,4.7000,1.1000
INT0086,Midday,2,3,89.8000,80.0000,5.0000,11.0000,5.0000,3.5000,3.2000,2.8000
INT0086,Midday,2,4,89.8000,80.0000,19.0000,25.4000,8.0000,2.0000,4.3000,2.1000
INT0086,Midday,2,5,89.8000,80.0000,13.0000,18.4000,5.0000,2.0000,4.0000,1.4000
INT0086,Midday,2,6,89.8000,80.0000,29.2000,35.0000,15.0000,2.5000,4.7000,1.1000
INT0086,Midday,2,7,89.8000,80.0000,9.0000,15.4000,5.0000,2.5000,3.6000,2.8000
INT0086,Midday,2,8,89.8000,80.0000,15.2000,21.0000,8.0000,2.0000,3.7000,2.1000
INT0086,PM Peak,3,1,129.8000,52.0000,14.0000,19.6000,5.0000,2.0000,4.2000,1.4000
INT0086,PM Peak,3,2,129.8000,52.0000,53.0000,58.8000,15.0000,3.0000,4.7000,1.1000
INT0086,PM Peak,3,3,129.8000,52.0000,5.0000,11.0000,5.0000,3.5000,3.2000,2.8000
INT0086,PM Peak,3,4,129.8000,52.0000,34.0000,40.4000,8.0000,2.5000,4.3000,2.1000
INT0086,PM Peak,3,5,129.8000,52.0000,18.0000,23.4000,5.0000,2.0000,4.0000,1.4000
INT0086,PM Peak,3,6,129.8000,52.0000,49.2000,55.0000,15.0000,3.0000,4.7000,1.1000
INT0086,PM Peak,3,7,129.8000,52.0000,17.0000,23.4000,5.0000,2.0000,3.6000,2.8000
INT0086,PM Peak,3,8,129.8000,52.0000,22.2000,28.0000,8.0000,3.0000,3.7000,2.1000
INT0086,Weekend,4,1,89.8000,74.0000,7.0000,12.6000,5.0000,2.5000,4.2000,1.4000
INT0086,Weekend,4,2,89.8000,74.0000,35.0000,40.8000,15.0000,3.0000,4.7000,1.1000
INT0086,Weekend,4,3,89.8000,74.0000,5.0000,11.0000,5.0000,2.0000,3.2000,2.8000
INT0086,Weekend,4,4,89.8000,74.0000,19.0000,25.4000,8.0000,2.5000,4.3000,2.1000
INT0086,Weekend,4,5,89.8000,74.0000,13.0000,18.4000,5.0000,3.5000,4.0000,1.4000
INT0086,Weekend,4,6,89.8000,74.0000,29.2000,35.0000,15.0000,2.5000,4.7000,1.1000
INT0086,Weekend,4,7,89.8000,74.0000,9.0000,15.4000,5.0000,3.0000,3.6000,2.8000
INT0086,Weekend,4,8,89.8000,74.0000,15.2000,21.0000,8.0000,3.5000,3.7000,2.1000
INT0087,AM Peak,1,1,100.1000,0.0000,16.0000,21.9000,5.0000,0.0000,4.9000,1.0000
INT0087,AM Peak,1,2,100.1000,0.0000,31.0000,38.0000,15.0000,0.0000,6.0000,1.0000
INT0087,AM Peak,1,3,100.1000,0.0000,8.0000,14.0000,5.0000,0.0000,3.7000,2.3000
INT0087,AM Peak,1,4,100.1000,0.0000,20.0000,26.2000,8.0000,0.0000,4.4000,1.8000
INT0087,AM Peak,1,5,100.1000,0.0000,18.0000,24.0000,5.0000,0.0000,4.9000,1.1000
INT0087,AM Peak,1,6,100.1000,0.0000,29.8000,35.9000,15.0000,0.0000,5.1000,1.0000
INT0087,AM Peak,1,7,100.1000,0.0000,8.0000,14.0000,5.0000,0.0000,3.7000,2.3000
INT0087,AM Peak,1,8,100.1000,0.0000,20.6000,26.2000,8.0000,0.0000,3.6000,2.0000
INT0087,Midday,2,1,100.1000,0.0000,19.0000,24.9000,5.0000,0.0000,4.9000,1.0000
INT0087,Midday,2,2,100.1000,0.0000,29.0000,36.0000,15.0000,0.0000,6.0000,1.0000
INT0087,Midday,2,3,100.1000,0.0000,7.0000,13.0000,5.0000,0.0000,3.7000,2.3000
INT0087,Midday,2,4,100.1000,0.0000,20.0000,26.2000,8.0000,0.0000,4.4000,1.8000
INT0087,Midday,2,5,100.1000,0.0000,16.0000,22.0000,5.0000,0.0000,4.9000,1.1000
INT0087,Midday,2,6,100.1000,0.0000,32.8000,38.9000,15.0000,0.0000,5.1000,1.0000
INT0087,Midday,2,7,100.1000,0.0000,9.0000,15.0000,5.0000,0.0000,3.7000,2.3000
INT0087,Midday,2,8,100.1000,0.0000,18.6000,24.2000,8.0000,0.0000,3.6000,2.0000
INT0087,PM Peak,3,1,100.1000,0.0000,22.0000,27.9000,5.0000,0.0000,4.9000,1.0000
INT0087,PM Peak,3,2,100.1000,0.0000,27.0000,34.0000,15.0000,0.0000,6.0000,1.0000
INT0087,PM Peak,3,3,100.1000,0.0000,6.0000,12.0000,5.0000,0.0000,3.7000,2.3000
INT0087,PM Peak,3,4,100.1000,0.0000,20.0000,26.2000,8.0000,0.0000,4.4000,1.8000
INT0087,PM Peak,3,5,100.1000,0.0000,14.0000,20.0000,5.0000,0.0000,4.9000,1.1000
INT0087,PM Peak,3,6,100.1000,0.0000,35.8000,41.9000,15.0000,0.0000,5.1000,1.0000
INT0087,PM Peak,3,7,100.1000,0.0000,10.0000,16.0000,5.0000,0.0000,3.7000,2.3000
INT0087,PM Peak,3,8,100.1000,0.0000,16.6000,22.2000,8.0000,0.0000,3.6000,2.0000
INT0087,Weekend,4,1,100.1000,0.0000,19.0000,24.9000,5.0000,0.0000,4.9000,1.0000
INT0087,Weekend,4,2,100.1000,0.0000,29.0000,36.0000,15.0000,0.0000,6.0000,1.0000
INT0087,Weekend,4,3,100.1000,0.0000,7.0000,13.0000,5.0000,0.0000,3.7000,2.3000
INT0087,Weekend,4,4,100.1000,0.0000,20.0000,26.2000,8.0000,0.0000,4.4000,1.8000
INT0087,Weekend,4,5,100.1000,0.0000,16.0000,22.0000,5.0000,0.0000,4.9000,1.1000
INT0087,Weekend,4,6,100.1000,0.0000,32.8000,38.9000,15.0000,0.0000,5.1000,1.0000
INT0087,Weekend,4,7,100.1000,0.0000,9.0000,15.0000,5.0000,0.0000,3.7000,2.3000
INT0087,Weekend,4,8,100.1000,0.0000,18.6000,24.2000,8.0000,0.0000,3.6000,2.0000
INT0088,AM Peak,1,1,129.7000,0.0000,9.0000,14.8000,5.0000,3.5000,4.3000,1.5000
INT0088,AM Peak,1,2,129.7000,0.0000,50.0000,55.8000,15.0000,2.5000,4.6000,1.2000
INT0088,AM Peak,1,3,129.7000,0.0000,13.0000,19.5000,5.0000,2.5000,3.2000,3.3000
INT0088,AM Peak,1,4,129.7000,0.0000,33.0000,39.6000,8.0000,2.0000,4.2000,2.4000
INT0088,AM Peak,1,5,129.7000,0.0000,17.0000,22.3000,5.0000,3.5000,3.8000,1.5000
INT0088,AM Peak,1,6,129.7000,0.0000,42.0000,48.3000,15.0000,2.5000,5.1000,1.2000
INT0088,AM Peak,1,7,129.7000,0.0000,13.0000,19.4000,5.0000,2.5000,3.1000,3.3000
INT0088,AM Peak,1,8,129.7000,0.0000,34.0000,39.7000,8.0000,2.0000,3.3000,2.4000
INT0088,Midday,2,1,89.7000,0.0000,6.0000,11.8000,5.0000,2.0000,4.3000,1.5000
INT0088,Midday,2,2,89.7000,0.0000,29.0000,34.8000,15.0000,3.0000,4.6000,1.2000
INT0088,Midday,2,3,89.7000,0.0000,8.0000,14.5000,5.0000,2.0000,3.2000,3.3000
INT0088,Midday,2,4,89.7000,0.0000,22.0000,28.6000,8.0000,2.5000,4.2000,2.4000
INT0088,Midday,2,5,89.7000,0.0000,9.0000,14.3000,5.0000,3.0000,3.8000,1.5000
INT0088,Midday,2,6,89.7000,0.0000,26.0000,32.3000,15.0000,2.5000,5.1000,1.2000
INT0088,Midday,2,7,89.7000,0.0000,9.0000,15.4000,5.0000,3.0000,3.1000,3.3000
INT0088,Midday,2,8,89.7000,0.0000,22.0000,27.7000,8.0000,2.5000,3.3000,2.4000
INT0088,PM Peak,3,1,139.7000,0.0000,13.0000,18.8000,5.0000,3.0000,4.3000,1.5000
INT0088,PM Peak,3,2,139.7000,0.0000,46.0000,51.8000,15.0000,2.0000,4.6000,1.2000
INT0088,PM Peak,3,3,139.7000,0.0000,13.0000,19.5000,5.0000,2.5000,3.2000,3.3000
INT0088,PM Peak,3,4,139.7000,0.0000,43.0000,49.6000,8.0000,2.0000,4.2000,2.4000
INT0088,PM Peak,3,5,139.7000,0.0000,12.0000,17.3000,5.0000,3.5000,3.8000,1.5000
INT0088,PM Peak,3,6,139.7000,0.0000,47.0000,53.3000,15.0000,2.0000,5.1000,1.2000
INT0088,PM Peak,3,7,139.7000,0.0000,20.0000,26.4000,5.0000,2.0000,3.1000,3.3000
INT0088,PM Peak,3,8,139.7000,0.0000,37.0000,42.7000,8.0000,3.0000,3.3000,2.4000
INT0088,Weekend,4,1,109.7000,0.0000,8.0000,13.8000,5.0000,3.5000,4.3000,1.5000
INT0088,Weekend,4,2,109.7000,0.0000,38.0000,43.8000,15.0000,2.0000,4.6000,1.2000
INT0088,Weekend,4,3,109.7000,0.0000,10.0000,16.5000,5.0000,2.0000,3.2000,3.3000
INT0088,Weekend,4,4,109.7000,0.0000,29.0000,35.6000,8.0000,3.5000,4.2000,2.4000
INT0088,Weekend,4,5,109.7000,0.0000,11.0000,16.3000,5.0000,2.5000,3.8000,1.5000
INT0088,Weekend,4,6,109.7000,0.0000,35.0000,41.3000,15.0000,2.0000,5.1000,1.2000
INT0088,Weekend,4,7,109.7000,0.0000,12.0000,18.4000,5.0000,2.0000,3.1000,3.3000
INT0088,Weekend,4,8,109.7000,0.0000,28.0000,33.7000,8.0000,3.5000,3.3000,2.4000
INT0089,AM Peak,1,1,119.9000,0.0000,8.0000,13.6000,5.0000,3.5000,3.6000,2.0000
INT0089,AM Peak,1,2,119.9000,0.0000,47.0000,52.1000,15.0000,3.5000,3.7000,1.4000
INT0089,AM Peak,1,3,119.9000,0.0000,7.0000,14.1000,5.0000,2.0000,3.5000,3.6000
INT0089,AM Peak,1,4,119.9000,0.0000,34.2000,40.1000,8.0000,3.0000,3.5000,2.4000
INT0089,AM Peak,1,5,119.9000,0.0000,17.0000,22.6000,5.0000,2.5000,3.6000,2.0000
INT0089,AM Peak,1,6,119.9000,0.0000,38.0000,43.1000,15.0000,3.0000,3.7000,1.4000
INT0089,AM Peak,1,7,119.9000,0.0000,10.0000,17.3000,5.0000,2.5000,3.7000,3.6000
INT0089,AM Peak,1,8,119.9000,0.0000,31.0000,36.9000,8.0000,2.5000,3.5000,2.4000
INT0089,Midday,2,1,79.9000,0.0000,6.0000,11.6000,5.0000,2.5000,3.6000,2.0000
INT0089,Midday,2,2,79.9000,0.0000,26.0000,31.1000,15.0000,2.5000,3.7000,1.4000
INT0089,Midday,2,3,79.9000,0.0000,5.0000,12.1000,5.0000,3.5000,3.5000,3.6000
INT0089,Midday,2,4,79.9000,0.0000,19.2000,25.1000,8.0000,2.0000,3.5000,2.4000
INT0089,Midday,2,5,79.9000,0.0000,9.0000,14.6000,5.0000,2.5000,3.6000,2.0000
INT0089,Midday,2,6,79.9000,0.0000,23.0000,28.1000,15.0000,2.0000,3.7000,1.4000
INT0089,Midday,2,7,79.9000,0.0000,6.0000,13.3000,5.0000,3.0000,3.7000,3.6000
INT0089,Midday,2,8,79.9000,0.0000,18.0000,23.9000,8.0000,3.0000,3.5000,2.4000
INT0089,PM Peak,3,1,129.9000,0.0000,13.0000,18.6000,5.0000,2.5000,3.6000,2.0000
INT0089,PM Peak,3,2,129.9000,0.0000,51.0000,56.1000,15.0000,2.0000,3.7000,1.4000
INT0089,PM Peak,3,3,129.9000,0.0000,5.0000,12.1000,5.0000,2.5000,3.5000,3.6000
INT0089,PM Peak,3,4,129.9000,0.0000,37.2000,43.1000,8.0000,3.0000,3.5000,2.4000
INT0089,PM Peak,3,5,129.9000,0.0000,15.0000,20.6000,5.0000,3.5000,3.6000,2.0000
INT0089,PM Peak,3,6,129.9000,0.0000,49.0000,54.1000,15.0000,2.0000,3.7000,1.4000
INT0089,PM Peak,3,7,129.9000,0.0000,12.0000,19.3000,5.0000,3.0000,3.7000,3.6000
INT0089,PM Peak,3,8,129.9000,0.0000,30.0000,35.9000,8.0000,2.5000,3.5000,2.4000
INT0089,Weekend,4,1,89.9000,0.0000,7.0000,12.6000,5.0000,3.0000,3.6000,2.0000
INT0089,Weekend,4,2,89.9000,0.0000,31.0000,36.1000,15.0000,3.5000,3.7000,1.4000
INT0089,Weekend,4,3,89.9000,0.0000,5.0000,12.1000,5.0000,3.0000,3.5000,3.6000
INT0089,Weekend,4,4,89.9000,0.0000,23.2000,29.1000,8.0000,2.5000,3.5000,2.4000
INT0089,Weekend,4,5,89.9000,0.0000,10.0000,15.6000,5.0000,2.0000,3.6000,2.0000
INT0089,Weekend,4,6,89.9000,0.0000,28.0000,33.1000,15.0000,3.5000,3.7000,1.4000
INT0089,Weekend,4,7,89.9000,0.0000,7.0000,14.3000,5.0000,2.0000,3.7000,3.6000
INT0089,Weekend,4,8,89.9000,0.0000,21.0000,26.9000,8.0000,2.0000,3.5000,2.4000
INT0090,AM Peak,1,1,100.1000,0.0000,5.0000,11.0000,5.0000,0.0000,4.5000,1.5000
INT0090,AM Peak,1,2,100.1000,0.0000,34.5000,40.8000,15.0000,0.0000,4.9000,1.4000
INT0090,AM Peak,1,3,100.1000,0.0000,10.0000,16.0000,5.0000,0.0000,3.7000,2.3000
INT0090,AM Peak,1,4,100.1000,0.0000,26.0000,32.3000,8.0000,0.0000,4.3000,2.0000
INT0090,AM Peak,1,5,100.1000,0.0000,15.0000,21.2000,5.0000,0.0000,4.6000,1.6000
INT0090,AM Peak,1,6,100.1000,0.0000,24.0000,30.6000,15.0000,0.0000,5.3000,1.3000
INT0090,AM Peak,1,7,100.1000,0.0000,5.0000,11.4000,5.0000,0.0000,3.7000,2.7000
INT0090,AM Peak,1,8,100.1000,0.0000,31.2000,36.9000,8.0000,0.0000,3.7000,2.0000
INT0090,Midday,2,1,100.1000,0.0000,5.0000,11.0000,5.0000,0.0000,4.5000,1.5000
INT0090,Midday,2,2,100.1000,0.0000,31.5000,37.8000,15.0000,0.0000,4.9000,1.4000
INT0090,Midday,2,3,100.1000,0.0000,10.0000,16.0000,5.0000,0.0000,3.7000,2.3000
INT0090,Midday,2,4,100.1000,0.0000,29.0000,35.3000,8.0000,0.0000,4.3000,2.0000
INT0090,Midday,2,5,100.1000,0.0000,12.0000,18.2000,5.0000,0.0000,4.6000,1.6000
INT0090,Midday,2,6,100.1000,0.0000,24.0000,30.6000,15.0000,0.0000,5.3000,1.3000
INT0090,Midday,2,7,100.1000,0.0000,5.0000,11.4000,5.0000,0.0000,3.7000,2.7000
INT0090,Midday,2,8,100.1000,0.0000,34.2000,39.9000,8.0000,0.0000,3.7000,2.0000
INT0090,PM Peak,3,1,99.1000,0.0000,5.0000,11.0000,5.0000,0.0000,4.5000,1.5000
INT0090,PM Peak,3,2,99.1000,0.0000,31.5000,37.8000,15.0000,0.0000,4.9000,1.4000
INT0090,PM Peak,3,3,99.1000,0.0000,9.0000,15.0000,5.0000,0.0000,3.7000,2.3000
INT0090,PM Peak,3,4,99.1000,0.0000,29.0000,35.3000,8.0000,0.0000,4.3000,2.0000
INT0090,PM Peak,3,5,99.1000,0.0000,11.0000,17.2000,5.0000,0.0000,4.6000,1.6000
INT0090,PM Peak,3,6,99.1000,0.0000,25.0000,31.6000,15.0000,0.0000,5.3000,1.3000
INT0090,PM Peak,3,7,99.1000,0.0000,5.0000,11.4000,5.0000,0.0000,3.7000,2.7000
INT0090,PM Peak,3,8,99.1000,0.0000,33.2000,38.9000,8.0000,0.0000,3.7000,2.0000
INT0090,Weekend,4,1,99.1000,0.0000,5.0000,11.0000,5.0000,0.0000,4.5000,1.5000
INT0090,Weekend,4,2,99.1000,0.0000,31.5000,37.8000,15.0000,0.0000,4.9000,1.4000
INT0090,Weekend,4,3,99.1000,0.0000,10.0000,16.0000,5.0000,0.0000,3.7000,2.3000
INT0090,Weekend,4,4,99.1000,0.0000,28.0000,34.3000,8.0000,0.0000,4.3000,2.0000
INT0090,Weekend,4,5,99.1000,0.0000,13.0000,19.2000,5.0000,0.0000,4.6000,1.6000
INT0090,Weekend,4,6,99.1000,0.0000,23.0000,29.6000,15.0000,0.0000,5.3000,1.3000
INT0090,Weekend,4,7,99.1000,0.0000,5.0000,11.4000,5.0000,0.0000,3.7000,2.7000
INT0090,Weekend,4,8,99.1000,0.0000,33.2000,38.9000,8.0000,0.0000,3.7000,2.0000
INT0091,AM Peak,1,1,99.3000,0.0000,15.0000,20.5000,5.0000,0.0000,4.3000,1.2000
INT0091,AM Peak,1,2,99.3000,0.0000,30.3000,35.8000,15.0000,0.0000,4.5000,1.0000
INT0091,AM Peak,1,3,99.3000,0.0000,12.0000,17.9000,5.0000,0.0000,3.8000,2.1000
INT0091,AM Peak,1,4,99.3000,0.0000,19.0000,25.1000,8.0000,0.0000,4.5000,1.6000
INT0091,AM Peak,1,5,99.3000,0.0000,14.0000,19.0000,5.0000,0.0000,3.8000,1.2000
INT0091,AM Peak,1,6,99.3000,0.0000,31.0000,37.3000,15.0000,0.0000,5.3000,1.0000
INT0091,AM Peak,1,7,99.3000,0.0000,5.0000,10.8000,5.0000,0.0000,3.7000,2.1000
INT0091,AM Peak,1,8,99.3000,0.0000,26.2000,32.2000,8.0000,0.0000,4.4000,1.6000
INT0091,Midday,2,1,99.3000,0.0000,17.0000,22.5000,5.0000,0.0000,4.3000,1.2000
INT0091,Midday,2,2,99.3000,0.0000,27.3000,32.8000,15.0000,0.0000,4.5000,1.0000
INT0091,Midday,2,3,99.3000,0.0000,11.0000,16.9000,5.0000,0.0000,3.8000,2.1000
INT0091,Midday,2,4,99.3000,0.0000,21.0000,27.1000,8.0000,0.0000,4.5000,1.6000
INT0091,Midday,2,5,99.3000,0.0000,12.0000,17.0000,5.0000,0.0000,3.8000,1.2000
INT0091,Midday,2,6,99.3000,0.0000,32.0000,38.3000,15.0000,0.0000,5.3000,1.0000
INT0091,Midday,2,7,99.3000,0.0000,5.0000,10.8000,5.0000,0.0000,3.7000,2.1000
INT0091,Midday,2,8,99.3000,0.0000,27.2000,33.2000,8.0000,0.0000,4.4000,1.6000
INT0091,PM Peak,3,1,100.3000,0.0000,19.0000,24.5000,5.0000,0.0000,4.3000,1.2000
INT0091,PM Peak,3,2,100.3000,0.0000,25.3000,30.8000,15.0000,0.0000,4.5000,1.0000
INT0091,PM Peak,3,3,100.3000,0.0000,10.0000,15.9000,5.0000,0.0000,3.8000,2.1000
INT0091,PM Peak,3,4,100.3000,0.0000,23.0000,29.1000,8.0000,0.0000,4.5000,1.6000
INT0091,PM Peak,3,5,100.3000,0.0000,10.0000,15.0000,5.0000,0.0000,3.8000,1.2000
INT0091,PM Peak,3,6,100.3000,0.0000,34.0000,40.3000,15.0000,0.0000,5.3000,1.0000
INT0091,PM Peak,3,7,100.3000,0.0000,5.0000,10.8000,5.0000,0.0000,3.7000,2.1000
INT0091,PM Peak,3,8,100.3000,0.0000,28.2000,34.2000,8.0000,0.0000,4.4000,1.6000
INT0091,Weekend,4,1,99.3000,0.0000,17.0000,22.5000,5.0000,0.0000,4.3000,1.2000
INT0091,Weekend,4,2,99.3000,0.0000,27.3000,32.8000,15.0000,0.0000,4.5000,1.0000
INT0091,Weekend,4,3,99.3000,0.0000,11.0000,16.9000,5.0000,0.0000,3.8000,2.1000
INT0091,Weekend,4,4,99.3000,0.0000,21.0000,27.1000,8.0000,0.0000,4.5000,1.6000
INT0091,Weekend,4,5,99.3000,0.0000,12.0000,17.0000,5.0000,0.0000,3.8000,1.2000
INT0091,Weekend,4,6,99.3000,0.0000,32.0000,38.3000,15.0000,0.0000,5.3000,1.0000
INT0091,Weekend,4,7,99.3000,0.0000,5.0000,10.8000,5.0000,0.0000,3.7000,2.1000
INT0091,Weekend,4,8,99.3000,0.0000,27.2000,33.2000,8.0000,0.0000,4.4000,1.6000
INT0092,AM Peak,1,1,110.0000,67.0000,9.0000,13.0000,5.0000,3.0000,3.0000,1.0000
INT0092,AM Peak,1,2,110.0000,67.0000,42.0000,46.5000,15.0000,3.5000,3.5000,1.0000
INT0092,AM Peak,1,3,110.0000,67.0000,11.0000,15.0000,5.0000,3.0000,3.0000,1.0000
INT0092,AM Peak,1,4,110.0000,67.0000,31.0000,35.5000,8.0000,2.5000,3.5000,1.0000
INT0092,AM Peak,1,5,110.0000,67.0000,12.0000,16.0000,5.0000,2.0000,3.0000,1.0000
INT0092,AM Peak,1,6,110.0000,67.0000,39.0000,43.5000,15.0000,3.5000,3.5000,1.0000
INT0092,AM Peak,1,7,110.0000,67.0000,11.0000,15.0000,5.0000,2.0000,3.0000,1.0000
INT0092,AM Peak,1,8,110.0000,67.0000,31.0000,35.5000,8.0000,2.0000,3.5000,1.0000
INT0092,Midday,2,1,90.0000,32.0000,9.0000,13.0000,5.0000,3.0000,3.0000,1.0000
INT0092,Midday,2,2,90.0000,32.0000,30.0000,34.5000,15.0000,3.0000,3.5000,1.0000
INT0092,Midday,2,3,90.0000,32.0000,8.0000,12.0000,5.0000,2.0000,3.0000,1.0000
INT0092,Midday,2,4,90.0000,32.0000,26.0000,30.5000,8.0000,3.0000,3.5000,1.0000
INT0092,Midday,2,5,90.0000,32.0000,8.0000,12.0000,5.0000,3.5000,3.0000,1.0000
INT0092,Midday,2,6,90.0000,32.0000,31.0000,35.5000,15.0000,3.5000,3.5000,1.0000
INT0092,Midday,2,7,90.0000,32.0000,10.0000,14.0000,5.0000,2.5000,3.0000,1.0000
INT0092,Midday,2,8,90.0000,32.0000,24.0000,28.5000,8.0000,3.0000,3.5000,1.0000
INT0092,PM Peak,3,1,140.0000,26.0000,17.0000,21.0000,5.0000,3.0000,3.0000,1.0000
INT0092,PM Peak,3,2,140.0000,26.0000,48.0000,52.5000,15.0000,2.5000,3.5000,1.0000
INT0092,PM Peak,3,3,140.0000,26.0000,12.0000,16.0000,5.0000,3.0000,3.0000,1.0000
INT0092,PM Peak,3,4,140.0000,26.0000,46.0000,50.5000,8.0000,3.0000,3.5000,1.0000
INT0092,PM Peak,3,5,140.0000,26.0000,11.0000,15.0000,5.0000,2.5000,3.0000,1.0000
INT0092,PM Peak,3,6,140.0000,26.0000,54.0000,58.5000,15.0000,2.0000,3.5000,1.0000
INT0092,PM Peak,3,7,140.0000,26.0000,19.0000,23.0000,5.0000,2.0000,3.0000,1.0000
INT0092,PM Peak,3,8,140.0000,26.0000,39.0000,43.5000,8.0000,2.5000,3.5000,1.0000
INT0092,Weekend,4,1,110.0000,33.0000,11.0000,15.0000,5.0000,2.0000,3.0000,1.0000
INT0092,Weekend,4,2,110.0000,33.0000,39.0000,43.5000,15.0000,3.0000,3.5000,1.0000
INT0092,Weekend,4,3,110.0000,33.0000,10.0000,14.0000,5.0000,2.5000,3.0000,1.0000
INT0092,Weekend,4,4,110.0000,33.0000,33.0000,37.5000,8.0000,2.5000,3.5000,1.0000
INT0092,Weekend,4,5,110.0000,33.0000,10.0000,14.0000,5.0000,3.0000,3.0000,1.0000
INT0092,Weekend,4,6,110.0000,33.0000,40.0000,44.5000,15.0000,3.0000,3.5000,1.0000
INT0092,Weekend,4,7,110.0000,33.0000,13.0000,17.0000,5.0000,3.5000,3.0000,1.0000
INT0092,Weekend,4,8,110.0000,33.0000,30.0000,34.5000,8.0000,3.0000,3.5000,1.0000
INT0093,AM Peak,1,1,129.6000,0.0000,11.0000,16.8000,5.0000,3.5000,4.3000,1.5000
INT0093,AM Peak,1,2,129.6000,0.0000,58.6000,63.9000,15.0000,3.0000,4.2000,1.1000
INT0093,AM Peak,1,3,129.6000,0.0000,10.0000,15.9000,5.0000,2.0000,3.5000,2.4000
INT0093,AM Peak,1,4,129.6000,0.0000,27.6000,33.0000,8.0000,2.0000,3.7000,1.7000
INT0093,AM Peak,1,5,129.6000,0.0000,16.0000,21.1000,5.0000,2.5000,3.5000,1.6000
INT0093,AM Peak,1,6,129.6000,0.0000,53.0000,59.6000,15.0000,2.0000,5.4000,1.2000
INT0093,AM Peak,1,7,129.6000,0.0000,9.0000,15.3000,5.0000,3.0000,3.5000,2.8000
INT0093,AM Peak,1,8,129.6000,0.0000,28.0000,33.6000,8.0000,2.5000,3.9000,1.7000
INT0093,Midday,2,1,100.6000,0.0000,9.0000,14.8000,5.0000,2.5000,4.3000,1.5000
INT0093,Midday,2,2,100.6000,0.0000,39.6000,44.9000,15.0000,2.0000,4.2000,1.1000
INT0093,Midday,2,3,100.6000,0.0000,7.0000,12.9000,5.0000,3.5000,3.5000,2.4000
INT0093,Midday,2,4,100.6000,0.0000,22.6000,28.0000,8.0000,2.0000,3.7000,1.7000
INT0093,Midday,2,5,100.6000,0.0000,9.0000,14.1000,5.0000,3.5000,3.5000,1.6000
INT0093,Midday,2,6,100.6000,0.0000,39.0000,45.6000,15.0000,2.0000,5.4000,1.2000
INT0093,Midday,2,7,100.6000,0.0000,8.0000,14.3000,5.0000,2.5000,3.5000,2.8000
INT0093,Midday,2,8,100.6000,0.0000,21.0000,26.6000,8.0000,2.5000,3.9000,1.7000
INT0093,PM Peak,3,1,129.6000,0.0000,15.0000,20.8000,5.0000,3.5000,4.3000,1.5000
INT0093,PM Peak,3,2,129.6000,0.0000,51.6000,56.9000,15.0000,3.5000,4.2000,1.1000
INT0093,PM Peak,3,3,129.6000,0.0000,9.0000,14.9000,5.0000,2.0000,3.5000,2.4000
INT0093,PM Peak,3,4,129.6000,0.0000,31.6000,37.0000,8.0000,3.0000,3.7000,1.7000
INT0093,PM Peak,3,5,129.6000,0.0000,11.0000,16.1000,5.0000,3.0000,3.5000,1.6000
INT0093,PM Peak,3,6,129.6000,0.0000,55.0000,61.6000,15.0000,3.5000,5.4000,1.2000
INT0093,PM Peak,3,7,129.6000,0.0000,12.0000,18.3000,5.0000,3.0000,3.5000,2.8000
INT0093,PM Peak,3,8,129.6000,0.0000,28.0000,33.6000,8.0000,2.5000,3.9000,1.7000
INT0093,Weekend,4,1,110.6000,0.0000,10.0000,15.8000,5.0000,2.5000,4.3000,1.5000
INT0093,Weekend,4,2,110.6000,0.0000,44.6000,49.9000,15.0000,3.0000,4.2000,1.1000
INT0093,Weekend,4,3,110.6000,0.0000,8.0000,13.9000,5.0000,3.5000,3.5000,2.4000
INT0093,Weekend,4,4,110.6000,0.0000,25.6000,31.0000,8.0000,2.5000,3.7000,1.7000
INT0093,Weekend,4,5,110.6000,0.0000,10.0000,15.1000,5.0000,2.5000,3.5000,1.6000
INT0093,Weekend,4,6,110.6000,0.0000,44.0000,50.6000,15.0000,2.5000,5.4000,1.2000
INT0093,Weekend,4,7,110.6000,0.0000,9.0000,15.3000,5.0000,2.0000,3.5000,2.8000
INT0093,Weekend,4,8,110.6000,0.0000,24.0000,29.6000,8.0000,3.0000,3.9000,1.7000
INT0094,AM Peak,1,1,130.1000,0.0000,10.0000,16.1000,5.0000,2.0000,4.6000,1.5000
INT0094,AM Peak,1,2,130.1000,0.0000,57.4000,62.7000,15.0000,3.5000,4.1000,1.2000
INT0094,AM Peak,1,3,130.1000,0.0000,10.0000,16.1000,5.0000,3.0000,3.6000,2.5000
INT0094,AM Peak,1,4,130.1000,0.0000,29.0000,35.2000,8.0000,2.0000,4.4000,1.8000
INT0094,AM Peak,1,5,130.1000,0.0000,25.0000,30.1000,5.0000,3.0000,3.7000,1.4000
INT0094,AM Peak,1,6,130.1000,0.0000,42.0000,48.7000,15.0000,3.5000,5.6000,1.1000
INT0094,AM Peak,1,7,130.1000,0.0000,14.0000,20.1000,5.0000,2.5000,3.8000,2.3000
INT0094,AM Peak,1,8,130.1000,0.0000,25.0000,31.2000,8.0000,2.5000,4.3000,1.9000
INT0094,Midday,2,1,80.1000,0.0000,6.0000,12.1000,5.0000,3.5000,4.6000,1.5000
INT0094,Midday,2,2,80.1000,0.0000,28.4000,33.7000,15.0000,2.0000,4.1000,1.2000
INT0094,Midday,2,3,80.1000,0.0000,5.0000,11.1000,5.0000,2.5000,3.6000,2.5000
INT0094,Midday,2,4,80.1000,0.0000,17.0000,23.2000,8.0000,3.0000,4.4000,1.8000
INT0094,Midday,2,5,80.1000,0.0000,11.0000,16.1000,5.0000,3.5000,3.7000,1.4000
INT0094,Midday,2,6,80.1000,0.0000,23.0000,29.7000,15.0000,2.0000,5.6000,1.1000
INT0094,Midday,2,7,80.1000,0.0000,9.0000,15.1000,5.0000,2.5000,3.8000,2.3000
INT0094,Midday,2,8,80.1000,0.0000,13.0000,19.2000,8.0000,2.5000,4.3000,1.9000
INT0094,PM Peak,3,1,130.1000,0.0000,13.0000,19.1000,5.0000,2.5000,4.6000,1.5000
INT0094,PM Peak,3,2,130.1000,0.0000,51.4000,56.7000,15.0000,2.0000,4.1000,1.2000
INT0094,PM Peak,3,3,130.1000,0.0000,8.0000,14.1000,5.0000,3.5000,3.6000,2.5000
INT0094,PM Peak,3,4,130.1000,0.0000,34.0000,40.2000,8.0000,2.5000,4.4000,1.8000
INT0094,PM Peak,3,5,130.1000,0.0000,18.0000,23.1000,5.0000,3.5000,3.7000,1.4000
INT0094,PM Peak,3,6,130.1000,0.0000,46.0000,52.7000,15.0000,2.5000,5.6000,1.1000
INT0094,PM Peak,3,7,130.1000,0.0000,18.0000,24.1000,5.0000,3.0000,3.8000,2.3000
INT0094,PM Peak,3,8,130.1000,0.0000,24.0000,30.2000,8.0000,2.0000,4.3000,1.9000
INT0094,Weekend,4,1,90.1000,0.0000,7.0000,13.1000,5.0000,2.0000,4.6000,1.5000
INT0094,Weekend,4,2,90.1000,0.0000,33.4000,38.7000,15.0000,2.5000,4.1000,1.2000
INT0094,Weekend,4,3,90.1000,0.0000,6.0000,12.1000,5.0000,3.0000,3.6000,2.5000
INT0094,Weekend,4,4,90.1000,0.0000,20.0000,26.2000,8.0000,2.0000,4.4000,1.8000
INT0094,Weekend,4,5,90.1000,0.0000,13.0000,18.1000,5.0000,2.5000,3.7000,1.4000
INT0094,Weekend,4,6,90.1000,0.0000,27.0000,33.7000,15.0000,3.5000,5.6000,1.1000
INT0094,Weekend,4,7,90.1000,0.0000,10.0000,16.1000,5.0000,3.0000,3.8000,2.3000
INT0094,Weekend,4,8,90.1000,0.0000,16.0000,22.2000,8.0000,3.5000,4.3000,1.9000
INT0095,AM Peak,1,1,110.0000,0.0000,8.0000,12.0000,5.0000,3.5000,3.0000,1.0000
INT0095,AM Peak,1,2,110.0000,0.0000,46.0000,50.5000,15.0000,2.0000,3.5000,1.0000
INT0095,AM Peak,1,3,110.0000,0.0000,9.0000,13.0000,5.0000,3.5000,3.0000,1.0000
INT0095,AM Peak,1,4,110.0000,0.0000,30.0000,34.5000,8.0000,2.0000,3.5000,1.0000
INT0095,AM Peak,1,5,110.0000,0.0000,14.0000,18.0000,5.0000,2.0000,3.0000,1.0000
INT0095,AM Peak,1,6,110.0000,0.0000,40.0000,44.5000,15.0000,2.0000,3.5000,1.0000
INT0095,AM Peak,1,7,110.0000,0.0000,5.0000,9.0000,5.0000,3.0000,3.0000,1.0000
INT0095,AM Peak,1,8,110.0000,0.0000,34.0000,38.5000,8.0000,2.5000,3.5000,1.0000
INT0095,Midday,2,1,80.0000,0.0000,7.0000,11.0000,5.0000,2.5000,3.0000,1.0000
INT0095,Midday,2,2,80.0000,0.0000,29.0000,33.5000,15.0000,3.5000,3.5000,1.0000
INT0095,Midday,2,3,80.0000,0.0000,5.0000,9.0000,5.0000,2.0000,3.0000,1.0000
INT0095,Midday,2,4,80.0000,0.0000,22.0000,26.5000,8.0000,2.5000,3.5000,1.0000
INT0095,Midday,2,5,80.0000,0.0000,8.0000,12.0000,5.0000,3.5000,3.0000,1.0000
INT0095,Midday,2,6,80.0000,0.0000,28.0000,32.5000,15.0000,2.5000,3.5000,1.0000
INT0095,Midday,2,7,80.0000,0.0000,5.0000,9.0000,5.0000,2.0000,3.0000,1.0000
INT0095,Midday,2,8,80.0000,0.0000,22.0000,26.5000,8.0000,3.0000,3.5000,1.0000
INT0095,PM Peak,3,1,140.0000,0.0000,15.0000,19.0000,5.0000,3.0000,3.0000,1.0000
INT0095,PM Peak,3,2,140.0000,0.0000,57.0000,61.5000,15.0000,2.5000,3.5000,1.0000
INT0095,PM Peak,3,3,140.0000,0.0000,9.0000,13.0000,5.0000,3.0000,3.0000,1.0000
INT0095,PM Peak,3,4,140.0000,0.0000,42.0000,46.5000,8.0000,3.5000,3.5000,1.0000
INT0095,PM Peak,3,5,140.0000,0.0000,13.0000,17.0000,5.0000,2.0000,3.0000,1.0000
INT0095,PM Peak,3,6,140.0000,0.0000,59.0000,63.5000,15.0000,2.0000,3.5000,1.0000
INT0095,PM Peak,3,7,140.0000,0.0000,5.0000,9.0000,5.0000,2.5000,3.0000,1.0000
INT0095,PM Peak,3,8,140.0000,0.0000,46.0000,50.5000,8.0000,3.0000,3.5000,1.0000
INT0095,Weekend,4,1,100.0000,0.0000,9.0000,13.0000,5.0000,3.5000,3.0000,1.0000
INT0095,Weekend,4,2,100.0000,0.0000,38.0000,42.5000,15.0000,3.5000,3.5000,1.0000
INT0095,Weekend,4,3,100.0000,0.0000,7.0000,11.0000,5.0000,2.0000,3.0000,1.0000
INT0095,Weekend,4,4,100.0000,0.0000,29.0000,33.5000,8.0000,2.5000,3.5000,1.0000
INT0095,Weekend,4,5,100.0000,0.0000,10.0000,14.0000,5.0000,3.5000,3.0000,1.0000
INT0095,Weekend,4,6,100.0000,0.0000,37.0000,41.5000,15.0000,2.0000,3.5000,1.0000
INT0095,Weekend,4,7,100.0000,0.0000,5.0000,9.0000,5.0000,2.0000,3.0000,1.0000
INT0095,Weekend,4,8,100.0000,0.0000,31.0000,35.5000,8.0000,2.5000,3.5000,1.0000
INT0096,AM Peak,1,1,109.9000,0.0000,8.0000,13.3000,5.0000,3.5000,3.4000,1.9000
INT0096,AM Peak,1,2,109.9000,0.0000,49.0000,54.5000,15.0000,2.0000,4.0000,1.5000
INT0096,AM Peak,1,3,109.9000,0.0000,5.0000,12.0000,5.0000,2.0000,3.0000,4.0000
INT0096,AM Peak,1,4,109.9000,0.0000,24.1000,30.1000,8.0000,3.5000,3.3000,2.7000
INT0096,AM Peak,1,5,109.9000,0.0000,26.0000,31.0000,5.0000,3.0000,3.1000,1.9000
INT0096,AM Peak,1,6,109.9000,0.0000,31.0000,36.8000,15.0000,2.0000,4.3000,1.5000
INT0096,AM Peak,1,7,109.9000,0.0000,5.0000,12.0000,5.0000,3.5000,3.0000,4.0000
INT0096,AM Peak,1,8,109.9000,0.0000,24.0000,30.1000,8.0000,2.5000,3.4000,2.7000
INT0096,Midday,2,1,89.9000,0.0000,7.0000,12.3000,5.0000,2.5000,3.4000,1.9000
INT0096,Midday,2,2,89.9000,0.0000,37.0000,42.5000,15.0000,2.0000,4.0000,1.5000
INT0096,Midday,2,3,89.9000,0.0000,5.0000,12.0000,5.0000,2.0000,3.0000,4.0000
INT0096,Midday,2,4,89.9000,0.0000,17.1000,23.1000,8.0000,2.0000,3.3000,2.7000
INT0096,Midday,2,5,89.9000,0.0000,18.0000,23.0000,5.0000,2.0000,3.1000,1.9000
INT0096,Midday,2,6,89.9000,0.0000,26.0000,31.8000,15.0000,3.5000,4.3000,1.5000
INT0096,Midday,2,7,89.9000,0.0000,5.0000,12.0000,5.0000,3.5000,3.0000,4.0000
INT0096,Midday,2,8,89.9000,0.0000,17.0000,23.1000,8.0000,3.0000,3.4000,2.7000
INT0096,PM Peak,3,1,129.9000,0.0000,14.0000,19.3000,5.0000,2.5000,3.4000,1.9000
INT0096,PM Peak,3,2,129.9000,0.0000,58.0000,63.5000,15.0000,2.5000,4.0000,1.5000
INT0096,PM Peak,3,3,129.9000,0.0000,5.0000,12.0000,5.0000,2.5000,3.0000,4.0000
INT0096,PM Peak,3,4,129.9000,0.0000,29.1000,35.1000,8.0000,3.5000,3.3000,2.7000
INT0096,PM Peak,3,5,129.9000,0.0000,25.0000,30.0000,5.0000,2.0000,3.1000,1.9000
INT0096,PM Peak,3,6,129.9000,0.0000,47.0000,52.8000,15.0000,2.5000,4.3000,1.5000
INT0096,PM Peak,3,7,129.9000,0.0000,5.0000,12.0000,5.0000,3.5000,3.0000,4.0000
INT0096,PM Peak,3,8,129.9000,0.0000,29.0000,35.1000,8.0000,2.5000,3.4000,2.7000
INT0096,Weekend,4,1,99.9000,0.0000,8.0000,13.3000,5.0000,3.5000,3.4000,1.9000
INT0096,Weekend,4,2,99.9000,0.0000,42.0000,47.5000,15.0000,2.0000,4.0000,1.5000
INT0096,Weekend,4,3,99.9000,0.0000,5.0000,12.0000,5.0000,2.5000,3.0000,4.0000
INT0096,Weekend,4,4,99.9000,0.0000,21.1000,27.1000,8.0000,2.0000,3.3000,2.7000
INT0096,Weekend,4,5,99.9000,0.0000,20.0000,25.0000,5.0000,3.5000,3.1000,1.9000
INT0096,Weekend,4,6,99.9000,0.0000,30.0000,35.8000,15.0000,3.0000,4.3000,1.5000
INT0096,Weekend,4,7,99.9000,0.0000,5.0000,12.0000,5.0000,2.0000,3.0000,4.0000
INT0096,Weekend,4,8,99.9000,0.0000,21.0000,27.1000,8.0000,3.0000,3.4000,2.7000
INT0097,AM Peak,1,1,100.5000,0.0000,9.0000,14.0000,5.0000,0.0000,3.0000,2.0000
INT0097,AM Peak,1,2,100.5000,0.0000,40.0000,45.0000,15.0000,0.0000,3.6000,1.4000
INT0097,AM Peak,1,3,100.5000,0.0000,6.0000,13.3000,5.0000,0.0000,3.0000,4.3000
INT0097,AM Peak,1,4,100.5000,0.0000,22.0000,28.2000,8.0000,0.0000,3.3000,2.9000
INT0097,AM Peak,1,5,100.5000,0.0000,10.0000,15.0000,5.0000,0.0000,3.0000,2.0000
INT0097,AM Peak,1,6,100.5000,0.0000,39.0000,44.0000,15.0000,0.0000,3.6000,1.4000
INT0097,AM Peak,1,7,100.5000,0.0000,5.0000,12.3000,5.0000,0.0000,3.0000,4.3000
INT0097,AM Peak,1,8,100.5000,0.0000,23.0000,29.2000,8.0000,0.0000,3.3000,2.9000
INT0097,Midday,2,1,99.5000,0.0000,11.0000,16.0000,5.0000,0.0000,3.0000,2.0000
INT0097,Midday,2,2,99.5000,0.0000,37.0000,42.0000,15.0000,0.0000,3.6000,1.4000
INT0097,Midday,2,3,99.5000,0.0000,6.0000,13.3000,5.0000,0.0000,3.0000,4.3000
INT0097,Midday,2,4,99.5000,0.0000,22.0000,28.2000,8.0000,0.0000,3.3000,2.9000
INT0097,Midday,2,5,99.5000,0.0000,9.0000,14.0000,5.0000,0.0000,3.0000,2.0000
INT0097,Midday,2,6,99.5000,0.0000,39.0000,44.0000,15.0000,0.0000,3.6000,1.4000
INT0097,Midday,2,7,99.5000,0.0000,5.0000,12.3000,5.0000,0.0000,3.0000,4.3000
INT0097,Midday,2,8,99.5000,0.0000,23.0000,29.2000,8.0000,0.0000,3.3000,2.9000
INT0097,PM Peak,3,1,99.5000,0.0000,13.0000,18.0000,5.0000,0.0000,3.0000,2.0000
INT0097,PM Peak,3,2,99.5000,0.0000,35.0000,40.0000,15.0000,0.0000,3.6000,1.4000
INT0097,PM Peak,3,3,99.5000,0.0000,5.0000,12.3000,5.0000,0.0000,3.0000,4.3000
INT0097,PM Peak,3,4,99.5000,0.0000,23.0000,29.2000,8.0000,0.0000,3.3000,2.9000
INT0097,PM Peak,3,5,99.5000,0.0000,7.0000,12.0000,5.0000,0.0000,3.0000,2.0000
INT0097,PM Peak,3,6,99.5000,0.0000,41.0000,46.0000,15.0000,0.0000,3.6000,1.4000
INT0097,PM Peak,3,7,99.5000,0.0000,5.0000,12.3000,5.0000,0.0000,3.0000,4.3000
INT0097,PM Peak,3,8,99.5000,0.0000,23.0000,29.2000,8.0000,0.0000,3.3000,2.9000
INT0097,Weekend,4,1,99.5000,0.0000,11.0000,16.0000,5.0000,0.0000,3.0000,2.0000
INT0097,Weekend,4,2,99.5000,0.0000,37.0000,42.0000,15.0000,0.0000,3.6000,1.4000
INT0097,Weekend,4,3,99.5000,0.0000,6.0000,13.3000,5.0000,0.0000,3.0000,4.3000
INT0097,Weekend,4,4,99.5000,0.0000,22.0000,28.2000,8.0000,0.0000,3.3000,2.9000
INT0097,Weekend,4,5,99.5000,0.0000,9.0000,14.0000,5.0000,0.0000,3.0000,2.0000
INT0097,Weekend,4,6,99.5000,0.0000,39.0000,44.0000,15.0000,0.0000,3.6000,1.4000
INT0097,Weekend,4,7,99.5000,0.0000,5.0000,12.3000,5.0000,0.0000,3.0000,4.3000
INT0097,Weekend,4,8,99.5000,0.0000,23.0000,29.2000,8.0000,0.0000,3.3000,2.9000
INT0098,AM Peak,1,1,130.2000,38.0000,8.0000,14.0000,5.0000,2.0000,4.2000,1.8000
INT0098,AM Peak,1,2,130.2000,38.0000,67.0000,73.3000,15.0000,3.0000,4.9000,1.4000
INT0098,AM Peak,1,3,130.2000,38.0000,5.0000,11.4000,5.0000,2.5000,3.5000,2.9000
INT0098,AM Peak,1,4,130.2000,38.0000,25.5000,31.5000,8.0000,3.0000,3.8000,2.2000
INT0098,AM Peak,1,5,130.2000,38.0000,24.0000,30.0000,5.0000,3.0000,4.2000,1.8000
INT0098,AM Peak,1,6,130.2000,38.0000,51.2000,57.3000,15.0000,2.0000,4.7000,1.4000
INT0098,AM Peak,1,7,130.2000,38.0000,6.0000,12.4000,5.0000,2.0000,3.5000,2.9000
INT0098,AM Peak,1,8,130.2000,38.0000,24.0000,30.5000,8.0000,2.5000,4.3000,2.2000
INT0098,Midday,2,1,89.2000,54.0000,6.0000,12.0000,5.0000,3.5000,4.2000,1.8000
INT0098,Midday,2,2,89.2000,54.0000,38.0000,44.3000,15.0000,3.0000,4.9000,1.4000
INT0098,Midday,2,3,89.2000,54.0000,5.0000,11.4000,5.0000,3.0000,3.5000,2.9000
INT0098,Midday,2,4,89.2000,54.0000,15.5000,21.5000,8.0000,3.5000,3.8000,2.2000
INT0098,Midday,2,5,89.2000,54.0000,12.0000,18.0000,5.0000,2.0000,4.2000,1.8000
INT0098,Midday,2,6,89.2000,54.0000,32.2000,38.3000,15.0000,2.0000,4.7000,1.4000
INT0098,Midday,2,7,89.2000,54.0000,5.0000,11.4000,5.0000,2.5000,3.5000,2.9000
INT0098,Midday,2,8,89.2000,54.0000,15.0000,21.5000,8.0000,3.0000,4.3000,2.2000
INT0098,PM Peak,3,1,120.2000,83.0000,10.0000,16.0000,5.0000,3.5000,4.2000,1.8000
INT0098,PM Peak,3,2,120.2000,83.0000,53.0000,59.3000,15.0000,2.5000,4.9000,1.4000
INT0098,PM Peak,3,3,120.2000,83.0000,5.0000,11.4000,5.0000,2.5000,3.5000,2.9000
INT0098,PM Peak,3,4,120.2000,83.0000,27.5000,33.5000,8.0000,3.0000,3.8000,2.2000
INT0098,PM Peak,3,5,120.2000,83.0000,15.0000,21.0000,5.0000,3.5000,4.2000,1.8000
INT0098,PM Peak,3,6,120.2000,83.0000,48.2000,54.3000,15.0000,3.5000,4.7000,1.4000
INT0098,PM Peak,3,7,120.2000,83.0000,8.0000,14.4000,5.0000,3.0000,3.5000,2.9000
INT0098,PM Peak,3,8,120.2000,83.0000,24.0000,30.5000,8.0000,2.5000,4.3000,2.2000
INT0098,Weekend,4,1,90.2000,24.0000,6.0000,12.0000,5.0000,2.0000,4.2000,1.8000
INT0098,Weekend,4,2,90.2000,24.0000,38.0000,44.3000,15.0000,3.5000,4.9000,1.4000
INT0098,Weekend,4,3,90.2000,24.0000,5.0000,11.4000,5.0000,3.0000,3.5000,2.9000
INT0098,Weekend,4,4,90.2000,24.0000,16.5000,22.5000,8.0000,2.5000,3.8000,2.2000
INT0098,Weekend,4,5,90.2000,24.0000,12.0000,18.0000,5.0000,2.0000,4.2000,1.8000
INT0098,Weekend,4,6,90.2000,24.0000,32.2000,38.3000,15.0000,2.5000,4.7000,1.4000
INT0098,Weekend,4,7,90.2000,24.0000,5.0000,11.4000,5.0000,3.5000,3.5000,2.9000
INT0098,Weekend,4,8,90.2000,24.0000,16.0000,22.5000,8.0000,3.5000,4.3000,2.2000
INT0099,AM Peak,1,1,119.8000,59.0000,12.0000,17.7000,5.0000,2.5000,4.3000,1.4000
INT0099,AM Peak,1,2,119.8000,59.0000,46.5000,52.0000,15.0000,3.0000,4.4000,1.1000
INT0099,AM Peak,1,3,119.8000,59.0000,14.0000,20.9000,5.0000,3.0000,3.7000,3.2000
INT0099,AM Peak,1,4,119.8000,59.0000,23.1000,29.2000,8.0000,2.5000,3.7000,2.4000
INT0099,AM Peak,1,5,119.8000,59.0000,21.0000,26.3000,5.0000,2.5000,3.9000,1.4000
INT0099,AM Peak,1,6,119.8000,59.0000,37.0000,43.4000,15.0000,3.5000,5.3000,1.1000
INT0099,AM Peak,1,7,119.8000,59.0000,9.0000,15.3000,5.0000,2.0000,3.1000,3.2000
INT0099,AM Peak,1,8,119.8000,59.0000,28.0000,34.8000,8.0000,3.0000,4.4000,2.4000
INT0099,Midday,2,1,89.8000,46.0000,9.0000,14.7000,5.0000,3.0000,4.3000,1.4000
INT0099,Midday,2,2,89.8000,46.0000,29.5000,35.0000,15.0000,3.5000,4.4000,1.1000
INT0099,Midday,2,3,89.8000,46.0000,9.0000,15.9000,5.0000,3.0000,3.7000,3.2000
INT0099,Midday,2,4,89.8000,46.0000,18.1000,24.2000,8.0000,2.5000,3.7000,2.4000
INT0099,Midday,2,5,89.8000,46.0000,12.0000,17.3000,5.0000,2.0000,3.9000,1.4000
INT0099,Midday,2,6,89.8000,46.0000,26.0000,32.4000,15.0000,2.5000,5.3000,1.1000
INT0099,Midday,2,7,89.8000,46.0000,7.0000,13.3000,5.0000,3.0000,3.1000,3.2000
INT0099,Midday,2,8,89.8000,46.0000,20.0000,26.8000,8.0000,2.5000,4.4000,2.4000
INT0099,PM Peak,3,1,119.8000,29.0000,15.0000,20.7000,5.0000,3.0000,4.3000,1.4000
INT0099,PM Peak,3,2,119.8000,29.0000,39.5000,45.0000,15.0000,3.0000,4.4000,1.1000
INT0099,PM Peak,3,3,119.8000,29.0000,13.0000,19.9000,5.0000,3.0000,3.7000,3.2000
INT0099,PM Peak,3,4,119.8000,29.0000,28.1000,34.2000,8.0000,2.0000,3.7000,2.4000
INT0099,PM Peak,3,5,119.8000,29.0000,14.0000,19.3000,5.0000,3.0000,3.9000,1.4000
INT0099,PM Peak,3,6,119.8000,29.0000,40.0000,46.4000,15.0000,2.5000,5.3000,1.1000
INT0099,PM Peak,3,7,119.8000,29.0000,12.0000,18.3000,5.0000,3.5000,3.1000,3.2000
INT0099,PM Peak,3,8,119.8000,29.0000,29.0000,35.8000,8.0000,3.5000,4.4000,2.4000
INT0099,Weekend,4,1,109.8000,101.0000,12.0000,17.7000,5.0000,3.0000,4.3000,1.4000
INT0099,Weekend,4,2,109.8000,101.0000,38.5000,44.0000,15.0000,2.0000,4.4000,1.1000
INT0099,Weekend,4,3,109.8000,101.0000,12.0000,18.9000,5.0000,3.0000,3.7000,3.2000
INT0099,Weekend,4,4,109.8000,101.0000,23.1000,29.2000,8.0000,2.5000,3.7000,2.4000
INT0099,Weekend,4,5,109.8000,101.0000,15.0000,20.3000,5.0000,3.5000,3.9000,1.4000
INT0099,Weekend,4,6,109.8000,101.0000,35.0000,41.4000,15.0000,2.0000,5.3000,1.1000
INT0099,Weekend,4,7,109.8000,101.0000,9.0000,15.3000,5.0000,2.5000,3.1000,3.2000
INT0099,Weekend,4,8,109.8000,101.0000,26.0000,32.8000,8.0000,3.5000,4.4000,2.4000
INT0100,AM Peak,1,1,120.2000,69.0000,18.0000,23.9000,5.0000,2.0000,3.6000,2.3000
INT0100,AM Peak,1,2,120.2000,69.0000,43.0000,48.5000,15.0000,2.5000,3.8000,1.7000
INT0100,AM Peak,1,3,120.2000,69.0000,10.0000,17.6000,5.0000,3.0000,3.6000,4.0000
INT0100,AM Peak,1,4,120.2000,69.0000,24.0000,30.2000,8.0000,2.0000,3.5000,2.7000
INT0100,AM Peak,1,5,120.2000,69.0000,29.0000,34.8000,5.0000,2.5000,3.5000,2.3000
INT0100,AM Peak,1,6,120.2000,69.0000,32.3000,37.6000,15.0000,3.5000,3.6000,1.7000
INT0100,AM Peak,1,7,120.2000,69.0000,5.0000,12.5000,5.0000,2.0000,3.5000,4.0000
INT0100,AM Peak,1,8,120.2000,69.0000,29.0000,35.3000,8.0000,3.0000,3.6000,2.7000
INT0100,Midday,2,1,90.2000,7.0000,14.0000,19.9000,5.0000,3.5000,3.6000,2.3000
INT0100,Midday,2,2,90.2000,7.0000,27.0000,32.5000,15.0000,3.0000,3.8000,1.7000
INT0100,Midday,2,3,90.2000,7.0000,7.0000,14.6000,5.0000,2.0000,3.6000,4.0000
INT0100,Midday,2,4,90.2000,7.0000,17.0000,23.2000,8.0000,3.0000,3.5000,2.7000
INT0100,Midday,2,5,90.2000,7.0000,17.0000,22.8000,5.0000,3.0000,3.5000,2.3000
INT0100,Midday,2,6,90.2000,7.0000,24.3000,29.6000,15.0000,3.0000,3.6000,1.7000
INT0100,Midday,2,7,90.2000,7.0000,5.0000,12.5000,5.0000,3.0000,3.5000,4.0000
INT0100,Midday,2,8,90.2000,7.0000,19.0000,25.3000,8.0000,2.0000,3.6000,2.7000
INT0100,PM Peak,3,1,130.2000,97.0000,25.0000,30.9000,5.0000,2.5000,3.6000,2.3000
INT0100,PM Peak,3,2,130.2000,97.0000,40.0000,45.5000,15.0000,2.5000,3.8000,1.7000
INT0100,PM Peak,3,3,130.2000,97.0000,10.0000,17.6000,5.0000,3.5000,3.6000,4.0000
INT0100,PM Peak,3,4,130.2000,97.0000,30.0000,36.2000,8.0000,3.5000,3.5000,2.7000
INT0100,PM Peak,3,5,130.2000,97.0000,24.0000,29.8000,5.0000,3.5000,3.5000,2.3000
INT0100,PM Peak,3,6,130.2000,97.0000,41.3000,46.6000,15.0000,3.0000,3.6000,1.7000
INT0100,PM Peak,3,7,130.2000,97.0000,8.0000,15.5000,5.0000,2.0000,3.5000,4.0000
INT0100,PM Peak,3,8,130.2000,97.0000,32.0000,38.3000,8.0000,2.5000,3.6000,2.7000
INT0100,Weekend,4,1,100.2000,2.0000,16.0000,21.9000,5.0000,2.5000,3.6000,2.3000
INT0100,Weekend,4,2,100.2000,2.0000,31.0000,36.5000,15.0000,2.5000,3.8000,1.7000
INT0100,Weekend,4,3,100.2000,2.0000,8.0000,15.6000,5.0000,3.0000,3.6000,4.0000
INT0100,Weekend,4,4,100.2000,2.0000,20.0000,26.2000,8.0000,3.0000,3.5000,2.7000
INT0100,Weekend,4,5,100.2000,2.0000,20.0000,25.8000,5.0000,2.0000,3.5000,2.3000
INT0100,Weekend,4,6,100.2000,2.0000,27.3000,32.6000,15.0000,2.5000,3.6000,1.7000
INT0100,Weekend,4,7,100.2000,2.0000,6.0000,13.5000,5.0000,2.0000,3.5000,4.0000
INT0100,Weekend,4,8,100.2000,2.0000,22.0000,28.3000,8.0000,3.0000,3.6000,2.7000
INT0101,AM Peak,1,1,129.4000,92.0000,12.0000,17.5000,5.0000,3.0000,3.7000,1.8000
INT0101,AM Peak,1,2,129.4000,92.0000,55.0000,60.4000,15.0000,3.5000,4.0000,1.4000
INT0101,AM Peak,1,3,129.4000,92.0000,6.0000,12.6000,5.0000,2.0000,3.7000,2.9000
INT0101,AM Peak,1,4,129.4000,92.0000,33.0000,38.9000,8.0000,3.5000,3.9000,2.0000
INT0101,AM Peak,1,5,129.4000,92.0000,9.0000,14.2000,5.0000,3.5000,3.5000,1.7000
INT0101,AM Peak,1,6,129.4000,92.0000,58.4000,63.7000,15.0000,3.0000,4.0000,1.3000
INT0101,AM Peak,1,7,129.4000,92.0000,8.0000,14.2000,5.0000,3.5000,3.7000,2.5000
INT0101,AM Peak,1,8,129.4000,92.0000,31.0000,37.3000,8.0000,3.0000,4.2000,2.1000
INT0101,Midday,2,1,99.4000,85.0000,11.0000,16.5000,5.0000,2.5000,3.7000,1.8000
INT0101,Midday,2,2,99.4000,85.0000,39.0000,44.4000,15.0000,2.5000,4.0000,1.4000
INT0101,Midday,2,3,99.4000,85.0000,5.0000,11.6000,5.0000,2.0000,3.7000,2.9000
INT0101,Midday,2,4,99.4000,85.0000,21.0000,26.9000,8.0000,3.5000,3.9000,2.0000
INT0101,Midday,2,5,99.4000,85.0000,5.0000,10.2000,5.0000,3.0000,3.5000,1.7000
INT0101,Midday,2,6,99.4000,85.0000,45.4000,50.7000,15.0000,2.5000,4.0000,1.3000
INT0101,Midday,2,7,99.4000,85.0000,6.0000,12.2000,5.0000,2.5000,3.7000,2.5000
INT0101,Midday,2,8,99.4000,85.0000,20.0000,26.3000,8.0000,3.5000,4.2000,2.1000
INT0101,PM Peak,3,1,119.4000,22.0000,17.0000,22.5000,5.0000,3.5000,3.7000,1.8000
INT0101,PM Peak,3,2,119.4000,22.0000,49.0000,54.4000,15.0000,2.0000,4.0000,1.4000
INT0101,PM Peak,3,3,119.4000,22.0000,5.0000,11.6000,5.0000,2.0000,3.7000,2.9000
INT0101,PM Peak,3,4,119.4000,22.0000,25.0000,30.9000,8.0000,2.0000,3.9000,2.0000
INT0101,PM Peak,3,5,119.4000,22.0000,6.0000,11.2000,5.0000,2.5000,3.5000,1.7000
INT0101,PM Peak,3,6,119.4000,22.0000,60.4000,65.7000,15.0000,2.5000,4.0000,1.3000
INT0101,PM Peak,3,7,119.4000,22.0000,8.0000,14.2000,5.0000,2.0000,3.7000,2.5000
INT0101,PM Peak,3,8,119.4000,22.0000,22.0000,28.3000,8.0000,2.0000,4.2000,2.1000
INT0101,Weekend,4,1,99.4000,90.0000,11.0000,16.5000,5.0000,3.5000,3.7000,1.8000
INT0101,Weekend,4,2,99.4000,90.0000,39.0000,44.4000,15.0000,3.0000,4.0000,1.4000
INT0101,Weekend,4,3,99.4000,90.0000,5.0000,11.6000,5.0000,2.0000,3.7000,2.9000
INT0101,Weekend,4,4,99.4000,90.0000,21.0000,26.9000,8.0000,2.0000,3.9000,2.0000
INT0101,Weekend,4,5,99.4000,90.0000,5.0000,10.2000,5.0000,3.5000,3.5000,1.7000
INT0101,Weekend,4,6,99.4000,90.0000,45.4000,50.7000,15.0000,2.5000,4.0000,1.3000
INT0101,Weekend,4,7,99.4000,90.0000,6.0000,12.2000,5.0000,2.0000,3.7000,2.5000
INT0101,Weekend,4,8,99.4000,90.0000,20.0000,26.3000,8.0000,3.5000,4.2000,2.1000
INT0102,AM Peak,1,1,130.0000,23.0000,29.0000,33.0000,5.0000,3.5000,3.0000,1.0000
INT0102,AM Peak,1,2,130.0000,23.0000,52.0000,56.5000,15.0000,3.5000,3.5000,1.0000
INT0102,AM Peak,1,3,130.0000,23.0000,13.0000,17.0000,5.0000,3.5000,3.0000,1.0000
INT0102,AM Peak,1,4,130.0000,23.0000,19.0000,23.5000,8.0000,3.5000,3.5000,1.0000
INT0102,AM Peak,1,5,130.0000,23.0000,32.0000,36.0000,5.0000,2.0000,3.0000,1.0000
INT0102,AM Peak,1,6,130.0000,23.0000,49.0000,53.5000,15.0000,3.0000,3.5000,1.0000
INT0102,AM Peak,1,7,130.0000,23.0000,5.0000,9.0000,5.0000,3.5000,3.0000,1.0000
INT0102,AM Peak,1,8,130.0000,23.0000,27.0000,31.5000,8.0000,3.0000,3.5000,1.0000
INT0102,Midday,2,1,90.0000,59.0000,21.0000,25.0000,5.0000,3.0000,3.0000,1.0000
INT0102,Midday,2,2,90.0000,59.0000,32.0000,36.5000,15.0000,3.5000,3.5000,1.0000
INT0102,Midday,2,3,90.0000,59.0000,8.0000,12.0000,5.0000,3.5000,3.0000,1.0000
INT0102,Midday,2,4,90.0000,59.0000,12.0000,16.5000,8.0000,3.0000,3.5000,1.0000
INT0102,Midday,2,5,90.0000,59.0000,18.0000,22.0000,5.0000,2.0000,3.0000,1.0000
INT0102,Midday,2,6,90.0000,59.0000,35.0000,39.5000,15.0000,2.5000,3.5000,1.0000
INT0102,Midday,2,7,90.0000,59.0000,5.0000,9.0000,5.0000,3.0000,3.0000,1.0000
INT0102,Midday,2,8,90.0000,59.0000,15.0000,19.5000,8.0000,3.5000,3.5000,1.0000
INT0102,PM Peak,3,1,120.0000,71.0000,34.0000,38.0000,5.0000,3.5000,3.0000,1.0000
INT0102,PM Peak,3,2,120.0000,71.0000,41.0000,45.5000,15.0000,3.5000,3.5000,1.0000
INT0102,PM Peak,3,3,120.0000,71.0000,10.0000,14.0000,5.0000,2.0000,3.0000,1.0000
INT0102,PM Peak,3,4,120.0000,71.0000,18.0000,22.5000,8.0000,2.0000,3.5000,1.0000
INT0102,PM Peak,3,5,120.0000,71.0000,22.0000,26.0000,5.0000,2.5000,3.0000,1.0000
INT0102,PM Peak,3,6,120.0000,71.0000,53.0000,57.5000,15.0000,2.0000,3.5000,1.0000
INT0102,PM Peak,3,7,120.0000,71.0000,6.0000,10.0000,5.0000,3.0000,3.0000,1.0000
INT0102,PM Peak,3,8,120.0000,71.0000,22.0000,26.5000,8.0000,2.0000,3.5000,1.0000
INT0102,Weekend,4,1,110.0000,87.0000,27.0000,31.0000,5.0000,3.0000,3.0000,1.0000
INT0102,Weekend,4,2,110.0000,87.0000,40.0000,44.5000,15.0000,2.5000,3.5000,1.0000
INT0102,Weekend,4,3,110.0000,87.0000,10.0000,14.0000,5.0000,3.5000,3.0000,1.0000
INT0102,Weekend,4,4,110.0000,87.0000,16.0000,20.5000,8.0000,2.0000,3.5000,1.0000
INT0102,Weekend,4,5,110.0000,87.0000,23.0000,27.0000,5.0000,3.0000,3.0000,1.0000
INT0102,Weekend,4,6,110.0000,87.0000,44.0000,48.5000,15.0000,3.5000,3.5000,1.0000
INT0102,Weekend,4,7,110.0000,87.0000,5.0000,9.0000,5.0000,3.0000,3.0000,1.0000
INT0102,Weekend,4,8,110.0000,87.0000,21.0000,25.5000,8.0000,3.5000,3.5000,1.0000
INT0103,AM Peak,1,1,100.5000,0.0000,11.0000,16.2000,5.0000,0.0000,3.8000,1.4000
INT0103,AM Peak,1,2,100.5000,0.0000,35.3000,41.1000,15.0000,0.0000,4.6000,1.2000
INT0103,AM Peak,1,3,100.5000,0.0000,5.0000,12.8000,5.0000,0.0000,3.7000,4.1000
INT0103,AM Peak,1,4,100.5000,0.0000,23.4000,30.4000,8.0000,0.0000,3.7000,3.3000
INT0103,AM Peak,1,5,100.5000,0.0000,16.0000,21.4000,5.0000,0.0000,4.0000,1.4000
INT0103,AM Peak,1,6,100.5000,0.0000,30.0000,35.9000,15.0000,0.0000,4.7000,1.2000
INT0103,AM Peak,1,7,100.5000,0.0000,7.0000,15.5000,5.0000,0.0000,3.5000,5.0000
INT0103,AM Peak,1,8,100.5000,0.0000,21.0000,27.7000,8.0000,0.0000,3.6000,3.1000
INT0103,Midday,2,1,99.5000,0.0000,12.0000,17.2000,5.0000,0.0000,3.8000,1.4000
INT0103,Midday,2,2,99.5000,0.0000,31.3000,37.1000,15.0000,0.0000,4.6000,1.2000
INT0103,Midday,2,3,99.5000,0.0000,5.0000,12.8000,5.0000,0.0000,3.7000,4.1000
INT0103,Midday,2,4,99.5000,0.0000,25.4000,32.4000,8.0000,0.0000,3.7000,3.3000
INT0103,Midday,2,5,99.5000,0.0000,13.0000,18.4000,5.0000,0.0000,4.0000,1.4000
INT0103,Midday,2,6,99.5000,0.0000,30.0000,35.9000,15.0000,0.0000,4.7000,1.2000
INT0103,Midday,2,7,99.5000,0.0000,9.0000,17.5000,5.0000,0.0000,3.5000,5.0000
INT0103,Midday,2,8,99.5000,0.0000,21.0000,27.7000,8.0000,0.0000,3.6000,3.1000
INT0103,PM Peak,3,1,100.5000,0.0000,14.0000,19.2000,5.0000,0.0000,3.8000,1.4000
INT0103,PM Peak,3,2,100.5000,0.0000,28.3000,34.1000,15.0000,0.0000,4.6000,1.2000
INT0103,PM Peak,3,3,100.5000,0.0000,5.0000,12.8000,5.0000,0.0000,3.7000,4.1000
INT0103,PM Peak,3,4,100.5000,0.0000,27.4000,34.4000,8.0000,0.0000,3.7000,3.3000
INT0103,PM Peak,3,5,100.5000,0.0000,11.0000,16.4000,5.0000,0.0000,4.0000,1.4000
INT0103,PM Peak,3,6,100.5000,0.0000,31.0000,36.9000,15.0000,0.0000,4.7000,1.2000
INT0103,PM Peak,3,7,100.5000,0.0000,10.0000,18.5000,5.0000,0.0000,3.5000,5.0000
INT0103,PM Peak,3,8,100.5000,0.0000,22.0000,28.7000,8.0000,0.0000,3.6000,3.1000
INT0103,Weekend,4,1,99.5000,0.0000,12.0000,17.2000,5.0000,0.0000,3.8000,1.4000
INT0103,Weekend,4,2,99.5000,0.0000,31.3000,37.1000,15.0000,0.0000,4.6000,1.2000
INT0103,Weekend,4,3,99.5000,0.0000,5.0000,12.8000,5.0000,0.0000,3.7000,4.1000
INT0103,Weekend,4,4,99.5000,0.0000,25.4000,32.4000,8.0000,0.0000,3.7000,3.3000
INT0103,Weekend,4,5,99.5000,0.0000,13.0000,18.4000,5.0000,0.0000,4.0000,1.4000
INT0103,Weekend,4,6,99.5000,0.0000,30.0000,35.9000,15.0000,0.0000,4.7000,1.2000
INT0103,Weekend,4,7,99.5000,0.0000,9.0000,17.5000,5.0000,0.0000,3.5000,5.0000
INT0103,Weekend,4,8,99.5000,0.0000,21.0000,27.7000,8.0000,0.0000,3.6000,3.1000
INT0104,AM Peak,1,1,109.9000,0.0000,10.0000,15.2000,5.0000,2.5000,4.0000,1.2000
INT0104,AM Peak,1,2,109.9000,0.0000,37.0000,42.7000,15.0000,2.5000,4.7000,1.0000
INT0104,AM Peak,1,3,109.9000,0.0000,15.0000,21.7000,5.0000,3.5000,3.2000,3.5000
INT0104,AM Peak,1,4,109.9000,0.0000,24.5000,30.3000,8.0000,3.5000,3.3000,2.5000
INT0104,AM Peak,1,5,109.9000,0.0000,11.0000,16.2000,5.0000,2.0000,4.0000,1.2000
INT0104,AM Peak,1,6,109.9000,0.0000,36.0000,41.7000,15.0000,3.5000,4.7000,1.0000
INT0104,AM Peak,1,7,109.9000,0.0000,7.0000,13.5000,5.0000,3.0000,3.0000,3.5000
INT0104,AM Peak,1,8,109.9000,0.0000,32.0000,38.5000,8.0000,3.5000,4.0000,2.5000
INT0104,Midday,2,1,89.9000,0.0000,10.0000,15.2000,5.0000,2.5000,4.0000,1.2000
INT0104,Midday,2,2,89.9000,0.0000,27.0000,32.7000,15.0000,2.0000,4.7000,1.0000
INT0104,Midday,2,3,89.9000,0.0000,10.0000,16.7000,5.0000,2.0000,3.2000,3.5000
INT0104,Midday,2,4,89.9000,0.0000,19.5000,25.3000,8.0000,3.0000,3.3000,2.5000
INT0104,Midday,2,5,89.9000,0.0000,8.0000,13.2000,5.0000,3.0000,4.0000,1.2000
INT0104,Midday,2,6,89.9000,0.0000,29.0000,34.7000,15.0000,3.5000,4.7000,1.0000
INT0104,Midday,2,7,89.9000,0.0000,6.0000,12.5000,5.0000,2.5000,3.0000,3.5000
INT0104,Midday,2,8,89.9000,0.0000,23.0000,29.5000,8.0000,2.5000,4.0000,2.5000
INT0104,PM Peak,3,1,129.9000,0.0000,18.0000,23.2000,5.0000,2.5000,4.0000,1.2000
INT0104,PM Peak,3,2,129.9000,0.0000,42.0000,47.7000,15.0000,2.5000,4.7000,1.0000
INT0104,PM Peak,3,3,129.9000,0.0000,14.0000,20.7000,5.0000,2.5000,3.2000,3.5000
INT0104,PM Peak,3,4,129.9000,0.0000,32.5000,38.3000,8.0000,2.0000,3.3000,2.5000
INT0104,PM Peak,3,5,129.9000,0.0000,10.0000,15.2000,5.0000,2.0000,4.0000,1.2000
INT0104,PM Peak,3,6,129.9000,0.0000,50.0000,55.7000,15.0000,2.0000,4.7000,1.0000
INT0104,PM Peak,3,7,129.9000,0.0000,11.0000,17.5000,5.0000,3.0000,3.0000,3.5000
INT0104,PM Peak,3,8,129.9000,0.0000,35.0000,41.5000,8.0000,2.0000,4.0000,2.5000
INT0104,Weekend,4,1,89.9000,0.0000,10.0000,15.2000,5.0000,2.5000,4.0000,1.2000
INT0104,Weekend,4,2,89.9000,0.0000,27.0000,32.7000,15.0000,2.5000,4.7000,1.0000
INT0104,Weekend,4,3,89.9000,0.0000,10.0000,16.7000,5.0000,3.0000,3.2000,3.5000
INT0104,Weekend,4,4,89.9000,0.0000,19.5000,25.3000,8.0000,2.0000,3.3000,2.5000
INT0104,Weekend,4,5,89.9000,0.0000,8.0000,13.2000,5.0000,2.5000,4.0000,1.2000
INT0104,Weekend,4,6,89.9000,0.0000,29.0000,34.7000,15.0000,3.0000,4.7000,1.0000
INT0104,Weekend,4,7,89.9000,0.0000,6.0000,12.5000,5.0000,2.0000,3.0000,3.5000
INT0104,Weekend,4,8,89.9000,0.0000,23.0000,29.5000,8.0000,2.5000,4.0000,2.5000
INT0105,AM Peak,1,1,120.0000,0.0000,18.0000,22.0000,5.0000,2.0000,3.0000,1.0000
INT0105,AM Peak,1,2,120.0000,0.0000,39.0000,43.5000,15.0000,2.0000,3.5000,1.0000
INT0105,AM Peak,1,3,120.0000,0.0000,8.0000,12.0000,5.0000,3.5000,3.0000,1.0000
INT0105,AM Peak,1,4,120.0000,0.0000,38.0000,42.5000,8.0000,2.0000,3.5000,1.0000
INT0105,AM Peak,1,5,120.0000,0.0000,12.0000,16.0000,5.0000,2.5000,3.0000,1.0000
INT0105,AM Peak,1,6,120.0000,0.0000,45.0000,49.5000,15.0000,2.0000,3.5000,1.0000
INT0105,AM Peak,1,7,120.0000,0.0000,11.0000,15.0000,5.0000,2.0000,3.0000,1.0000
INT0105,AM Peak,1,8,120.0000,0.0000,35.0000,39.5000,8.0000,2.0000,3.5000,1.0000
INT0105,Midday,2,1,100.0000,0.0000,17.0000,21.0000,5.0000,3.0000,3.0000,1.0000
INT0105,Midday,2,2,100.0000,0.0000,31.0000,35.5000,15.0000,2.5000,3.5000,1.0000
INT0105,Midday,2,3,100.0000,0.0000,5.0000,9.0000,5.0000,3.5000,3.0000,1.0000
INT0105,Midday,2,4,100.0000,0.0000,30.0000,34.5000,8.0000,2.0000,3.5000,1.0000
INT0105,Midday,2,5,100.0000,0.0000,9.0000,13.0000,5.0000,2.5000,3.0000,1.0000
INT0105,Midday,2,6,100.0000,0.0000,39.0000,43.5000,15.0000,2.0000,3.5000,1.0000
INT0105,Midday,2,7,100.0000,0.0000,10.0000,14.0000,5.0000,3.5000,3.0000,1.0000
INT0105,Midday,2,8,100.0000,0.0000,25.0000,29.5000,8.0000,2.0000,3.5000,1.0000
INT0105,PM Peak,3,1,140.0000,0.0000,30.0000,34.0000,5.0000,2.0000,3.0000,1.0000
INT0105,PM Peak,3,2,140.0000,0.0000,43.0000,47.5000,15.0000,2.0000,3.5000,1.0000
INT0105,PM Peak,3,3,140.0000,0.0000,7.0000,11.0000,5.0000,3.5000,3.0000,1.0000
INT0105,PM Peak,3,4,140.0000,0.0000,43.0000,47.5000,8.0000,3.0000,3.5000,1.0000
INT0105,PM Peak,3,5,140.0000,0.0000,11.0000,15.0000,5.0000,3.0000,3.0000,1.0000
INT0105,PM Peak,3,6,140.0000,0.0000,62.0000,66.5000,15.0000,3.0000,3.5000,1.0000
INT0105,PM Peak,3,7,140.0000,0.0000,15.0000,19.0000,5.0000,2.0000,3.0000,1.0000
INT0105,PM Peak,3,8,140.0000,0.0000,35.0000,39.5000,8.0000,2.5000,3.5000,1.0000
INT0105,Weekend,4,1,110.0000,0.0000,19.0000,23.0000,5.0000,2.5000,3.0000,1.0000
INT0105,Weekend,4,2,110.0000,0.0000,34.0000,38.5000,15.0000,2.5000,3.5000,1.0000
INT0105,Weekend,4,3,110.0000,0.0000,6.0000,10.0000,5.0000,2.5000,3.0000,1.0000
INT0105,Weekend,4,4,110.0000,0.0000,34.0000,38.5000,8.0000,3.5000,3.5000,1.0000
INT0105,Weekend,4,5,110.0000,0.0000,10.0000,14.0000,5.0000,2.5000,3.0000,1.0000
INT0105,Weekend,4,6,110.0000,0.0000,43.0000,47.5000,15.0000,2.0000,3.5000,1.0000
INT0105,Weekend,4,7,110.0000,0.0000,11.0000,15.0000,5.0000,2.0000,3.0000,1.0000
INT0105,Weekend,4,8,110.0000,0.0000,29.0000,33.5000,8.0000,3.0000,3.5000,1.0000
INT0106,AM Peak,1,1,110.0000,76.0000,7.0000,11.0000,5.0000,2.0000,3.0000,1.0000
INT0106,AM Peak,1,2,110.0000,76.0000,47.0000,51.5000,15.0000,2.5000,3.5000,1.0000
INT0106,AM Peak,1,3,110.0000,76.0000,17.0000,21.0000,5.0000,3.5000,3.0000,1.0000
INT0106,AM Peak,1,4,110.0000,76.0000,22.0000,26.5000,8.0000,2.0000,3.5000,1.0000
INT0106,AM Peak,1,5,110.0000,76.0000,22.0000,26.0000,5.0000,2.5000,3.0000,1.0000
INT0106,AM Peak,1,6,110.0000,76.0000,32.0000,36.5000,15.0000,2.0000,3.5000,1.0000
INT0106,AM Peak,1,7,110.0000,76.0000,8.0000,12.0000,5.0000,3.0000,3.0000,1.0000
INT0106,AM Peak,1,8,110.0000,76.0000,31.0000,35.5000,8.0000,3.0000,3.5000,1.0000
INT0106,Midday,2,1,80.0000,16.0000,6.0000,10.0000,5.0000,2.0000,3.0000,1.0000
INT0106,Midday,2,2,80.0000,16.0000,29.0000,33.5000,15.0000,2.5000,3.5000,1.0000
INT0106,Midday,2,3,80.0000,16.0000,11.0000,15.0000,5.0000,2.0000,3.0000,1.0000
INT0106,Midday,2,4,80.0000,16.0000,17.0000,21.5000,8.0000,3.0000,3.5000,1.0000
INT0106,Midday,2,5,80.0000,16.0000,13.0000,17.0000,5.0000,2.0000,3.0000,1.0000
INT0106,Midday,2,6,80.0000,16.0000,22.0000,26.5000,15.0000,3.0000,3.5000,1.0000
INT0106,Midday,2,7,80.0000,16.0000,7.0000,11.0000,5.0000,2.5000,3.0000,1.0000
INT0106,Midday,2,8,80.0000,16.0000,21.0000,25.5000,8.0000,3.0000,3.5000,1.0000
INT0106,PM Peak,3,1,130.0000,117.0000,12.0000,16.0000,5.0000,3.0000,3.0000,1.0000
INT0106,PM Peak,3,2,130.0000,117.0000,52.0000,56.5000,15.0000,3.5000,3.5000,1.0000
INT0106,PM Peak,3,3,130.0000,117.0000,18.0000,22.0000,5.0000,3.0000,3.0000,1.0000
INT0106,PM Peak,3,4,130.0000,117.0000,31.0000,35.5000,8.0000,2.5000,3.5000,1.0000
INT0106,PM Peak,3,5,130.0000,117.0000,20.0000,24.0000,5.0000,2.0000,3.0000,1.0000
INT0106,PM Peak,3,6,130.0000,117.0000,44.0000,48.5000,15.0000,2.5000,3.5000,1.0000
INT0106,PM Peak,3,7,130.0000,117.0000,13.0000,17.0000,5.0000,3.0000,3.0000,1.0000
INT0106,PM Peak,3,8,130.0000,117.0000,36.0000,40.5000,8.0000,2.0000,3.5000,1.0000
INT0106,Weekend,4,1,110.0000,76.0000,8.0000,12.0000,5.0000,3.5000,3.0000,1.0000
INT0106,Weekend,4,2,110.0000,76.0000,44.0000,48.5000,15.0000,2.0000,3.5000,1.0000
INT0106,Weekend,4,3,110.0000,76.0000,16.0000,20.0000,5.0000,3.5000,3.0000,1.0000
INT0106,Weekend,4,4,110.0000,76.0000,25.0000,29.5000,8.0000,3.0000,3.5000,1.0000
INT0106,Weekend,4,5,110.0000,76.0000,19.0000,23.0000,5.0000,2.5000,3.0000,1.0000
INT0106,Weekend,4,6,110.0000,76.0000,33.0000,37.5000,15.0000,3.5000,3.5000,1.0000
INT0106,Weekend,4,7,110.0000,76.0000,10.0000,14.0000,5.0000,3.5000,3.0000,1.0000
INT0106,Weekend,4,8,110.0000,76.0000,31.0000,35.5000,8.0000,2.5000,3.5000,1.0000
INT0107,AM Peak,1,1,129.9000,0.0000,19.0000,24.0000,5.0000,2.5000,3.7000,1.3000
INT0107,AM Peak,1,2,129.9000,0.0000,43.2000,48.8000,15.0000,2.5000,4.4000,1.2000
INT0107,AM Peak,1,3,129.9000,0.0000,12.0000,20.2000,5.0000,3.0000,3.5000,4.7000
INT0107,AM Peak,1,4,129.9000,0.0000,30.0000,36.9000,8.0000,2.0000,3.6000,3.3000
INT0107,AM Peak,1,5,129.9000,0.0000,16.0000,21.4000,5.0000,2.5000,4.1000,1.3000
INT0107,AM Peak,1,6,129.9000,0.0000,46.0000,51.4000,15.0000,3.0000,4.3000,1.1000
INT0107,AM Peak,1,7,129.9000,0.0000,7.0000,15.0000,5.0000,2.0000,3.5000,4.5000
INT0107,AM Peak,1,8,129.9000,0.0000,35.8000,42.1000,8.0000,3.0000,3.6000,2.7000
INT0107,Midday,2,1,79.9000,0.0000,11.0000,16.0000,5.0000,2.5000,3.7000,1.3000
INT0107,Midday,2,2,79.9000,0.0000,20.2000,25.8000,15.0000,3.0000,4.4000,1.2000
INT0107,Midday,2,3,79.9000,0.0000,6.0000,14.2000,5.0000,2.5000,3.5000,4.7000
INT0107,Midday,2,4,79.9000,0.0000,17.0000,23.9000,8.0000,2.0000,3.6000,3.3000
INT0107,Midday,2,5,79.9000,0.0000,7.0000,12.4000,5.0000,3.5000,4.1000,1.3000
INT0107,Midday,2,6,79.9000,0.0000,24.0000,29.4000,15.0000,2.5000,4.3000,1.1000
INT0107,Midday,2,7,79.9000,0.0000,5.0000,13.0000,5.0000,2.0000,3.5000,4.5000
INT0107,Midday,2,8,79.9000,0.0000,18.8000,25.1000,8.0000,3.5000,3.6000,2.7000
INT0107,PM Peak,3,1,139.9000,0.0000,26.0000,31.0000,5.0000,3.5000,3.7000,1.3000
INT0107,PM Peak,3,2,139.9000,0.0000,38.2000,43.8000,15.0000,2.5000,4.4000,1.2000
INT0107,PM Peak,3,3,139.9000,0.0000,12.0000,20.2000,5.0000,3.5000,3.5000,4.7000
INT0107,PM Peak,3,4,139.9000,0.0000,38.0000,44.9000,8.0000,3.0000,3.6000,3.3000
INT0107,PM Peak,3,5,139.9000,0.0000,11.0000,16.4000,5.0000,3.5000,4.1000,1.3000
INT0107,PM Peak,3,6,139.9000,0.0000,53.0000,58.4000,15.0000,3.0000,4.3000,1.1000
INT0107,PM Peak,3,7,139.9000,0.0000,11.0000,19.0000,5.0000,2.0000,3.5000,4.5000
INT0107,PM Peak,3,8,139.9000,0.0000,39.8000,46.1000,8.0000,3.0000,3.6000,2.7000
INT0107,Weekend,4,1,99.9000,0.0000,15.0000,20.0000,5.0000,2.5000,3.7000,1.3000
INT0107,Weekend,4,2,99.9000,0.0000,28.2000,33.8000,15.0000,2.0000,4.4000,1.2000
INT0107,Weekend,4,3,99.9000,0.0000,8.0000,16.2000,5.0000,2.5000,3.5000,4.7000
INT0107,Weekend,4,4,99.9000,0.0000,23.0000,29.9000,8.0000,3.5000,3.6000,3.3000
INT0107,Weekend,4,5,99.9000,0.0000,9.0000,14.4000,5.0000,3.5000,4.1000,1.3000
INT0107,Weekend,4,6,99.9000,0.0000,34.0000,39.4000,15.0000,3.5000,4.3000,1.1000
INT0107,Weekend,4,7,99.9000,0.0000,6.0000,14.0000,5.0000,2.5000,3.5000,4.5000
INT0107,Weekend,4,8,99.9000,0.0000,25.8000,32.1000,8.0000,3.0000,3.6000,2.7000
INT0108,AM Peak,1,1,109.9000,0.0000,14.0000,19.8000,5.0000,2.0000,4.6000,1.2000
INT0108,AM Peak,1,2,109.9000,0.0000,40.0000,46.9000,15.0000,3.5000,5.7000,1.2000
INT0108,AM Peak,1,3,109.9000,0.0000,11.0000,18.4000,5.0000,2.5000,3.7000,3.7000
INT0108,AM Peak,1,4,109.9000,0.0000,18.7000,24.8000,8.0000,2.0000,3.7000,2.4000
INT0108,AM Peak,1,5,109.9000,0.0000,17.0000,23.0000,5.0000,3.0000,4.8000,1.2000
INT0108,AM Peak,1,6,109.9000,0.0000,37.2000,43.7000,15.0000,3.0000,5.3000,1.2000
INT0108,AM Peak,1,7,109.9000,0.0000,5.0000,12.7000,5.0000,2.0000,3.5000,4.2000
INT0108,AM Peak,1,8,109.9000,0.0000,24.0000,30.5000,8.0000,3.0000,3.8000,2.7000
INT0108,Midday,2,1,79.9000,0.0000,11.0000,16.8000,5.0000,3.0000,4.6000,1.2000
INT0108,Midday,2,2,79.9000,0.0000,24.0000,30.9000,15.0000,2.0000,5.7000,1.2000
INT0108,Midday,2,3,79.9000,0.0000,6.0000,13.4000,5.0000,3.0000,3.7000,3.7000
INT0108,Midday,2,4,79.9000,0.0000,12.7000,18.8000,8.0000,3.5000,3.7000,2.4000
INT0108,Midday,2,5,79.9000,0.0000,9.0000,15.0000,5.0000,3.5000,4.8000,1.2000
INT0108,Midday,2,6,79.9000,0.0000,26.2000,32.7000,15.0000,3.0000,5.3000,1.2000
INT0108,Midday,2,7,79.9000,0.0000,5.0000,12.7000,5.0000,3.5000,3.5000,4.2000
INT0108,Midday,2,8,79.9000,0.0000,13.0000,19.5000,8.0000,2.0000,3.8000,2.7000
INT0108,PM Peak,3,1,139.9000,0.0000,27.0000,32.8000,5.0000,2.5000,4.6000,1.2000
INT0108,PM Peak,3,2,139.9000,0.0000,48.0000,54.9000,15.0000,3.0000,5.7000,1.2000
INT0108,PM Peak,3,3,139.9000,0.0000,12.0000,19.4000,5.0000,3.5000,3.7000,3.7000
INT0108,PM Peak,3,4,139.9000,0.0000,26.7000,32.8000,8.0000,3.0000,3.7000,2.4000
INT0108,PM Peak,3,5,139.9000,0.0000,17.0000,23.0000,5.0000,3.0000,4.8000,1.2000
INT0108,PM Peak,3,6,139.9000,0.0000,58.2000,64.7000,15.0000,3.5000,5.3000,1.2000
INT0108,PM Peak,3,7,139.9000,0.0000,8.0000,15.7000,5.0000,2.5000,3.5000,4.2000
INT0108,PM Peak,3,8,139.9000,0.0000,30.0000,36.5000,8.0000,3.5000,3.8000,2.7000
INT0108,Weekend,4,1,99.9000,0.0000,15.0000,20.8000,5.0000,3.5000,4.6000,1.2000
INT0108,Weekend,4,2,99.9000,0.0000,33.0000,39.9000,15.0000,3.5000,5.7000,1.2000
INT0108,Weekend,4,3,99.9000,0.0000,9.0000,16.4000,5.0000,2.0000,3.7000,3.7000
INT0108,Weekend,4,4,99.9000,0.0000,16.7000,22.8000,8.0000,2.0000,3.7000,2.4000
INT0108,Weekend,4,5,99.9000,0.0000,13.0000,19.0000,5.0000,3.0000,4.8000,1.2000
INT0108,Weekend,4,6,99.9000,0.0000,35.2000,41.7000,15.0000,3.0000,5.3000,1.2000
INT0108,Weekend,4,7,99.9000,0.0000,5.0000,12.7000,5.0000,2.5000,3.5000,4.2000
INT0108,Weekend,4,8,99.9000,0.0000,20.0000,26.5000,8.0000,3.0000,3.8000,2.7000
INT0109,AM Peak,1,1,109.5000,97.0000,9.0000,14.0000,5.0000,2.5000,3.5000,1.5000
INT0109,AM Peak,1,2,109.5000,97.0000,37.0000,42.5000,15.0000,2.0000,4.3000,1.2000
INT0109,AM Peak,1,3,109.5000,97.0000,9.0000,17.7000,5.0000,3.0000,3.7000,5.0000
INT0109,AM Peak,1,4,109.5000,97.0000,28.3000,35.3000,8.0000,3.0000,3.6000,3.4000
INT0109,AM Peak,1,5,109.5000,97.0000,17.0000,22.2000,5.0000,3.0000,3.6000,1.6000
INT0109,AM Peak,1,6,109.5000,97.0000,29.2000,34.3000,15.0000,3.5000,3.9000,1.2000
INT0109,AM Peak,1,7,109.5000,97.0000,6.0000,14.7000,5.0000,3.0000,3.6000,5.1000
INT0109,AM Peak,1,8,109.5000,97.0000,31.0000,38.3000,8.0000,3.0000,3.6000,3.7000
INT0109,Midday,2,1,79.5000,18.0000,7.0000,12.0000,5.0000,2.0000,3.5000,1.5000
INT0109,Midday,2,2,79.5000,18.0000,22.0000,27.5000,15.0000,3.0000,4.3000,1.2000
INT0109,Midday,2,3,79.5000,18.0000,5.0000,13.7000,5.0000,2.5000,3.7000,5.0000
INT0109,Midday,2,4,79.5000,18.0000,19.3000,26.3000,8.0000,2.5000,3.6000,3.4000
INT0109,Midday,2,5,79.5000,18.0000,9.0000,14.2000,5.0000,3.5000,3.6000,1.6000
INT0109,Midday,2,6,79.5000,18.0000,20.2000,25.3000,15.0000,3.0000,3.9000,1.2000
INT0109,Midday,2,7,79.5000,18.0000,5.0000,13.7000,5.0000,3.5000,3.6000,5.1000
INT0109,Midday,2,8,79.5000,18.0000,19.0000,26.3000,8.0000,2.0000,3.6000,3.7000
INT0109,PM Peak,3,1,129.5000,96.0000,15.0000,20.0000,5.0000,2.0000,3.5000,1.5000
INT0109,PM Peak,3,2,129.5000,96.0000,42.0000,47.5000,15.0000,3.5000,4.3000,1.2000
INT0109,PM Peak,3,3,129.5000,96.0000,9.0000,17.7000,5.0000,3.5000,3.7000,5.0000
INT0109,PM Peak,3,4,129.5000,96.0000,37.3000,44.3000,8.0000,3.5000,3.6000,3.4000
INT0109,PM Peak,3,5,129.5000,96.0000,16.0000,21.2000,5.0000,2.5000,3.6000,1.6000
INT0109,PM Peak,3,6,129.5000,96.0000,41.2000,46.3000,15.0000,3.0000,3.9000,1.2000
INT0109,PM Peak,3,7,129.5000,96.0000,10.0000,18.7000,5.0000,2.0000,3.6000,5.1000
INT0109,PM Peak,3,8,129.5000,96.0000,36.0000,43.3000,8.0000,2.0000,3.6000,3.7000
INT0109,Weekend,4,1,109.5000,96.0000,11.0000,16.0000,5.0000,3.5000,3.5000,1.5000
INT0109,Weekend,4,2,109.5000,96.0000,35.0000,40.5000,15.0000,2.5000,4.3000,1.2000
INT0109,Weekend,4,3,109.5000,96.0000,8.0000,16.7000,5.0000,2.5000,3.7000,5.0000
INT0109,Weekend,4,4,109.5000,96.0000,29.3000,36.3000,8.0000,2.0000,3.6000,3.4000
INT0109,Weekend,4,5,109.5000,96.0000,15.0000,20.2000,5.0000,3.0000,3.6000,1.6000
INT0109,Weekend,4,6,109.5000,96.0000,31.2000,36.3000,15.0000,2.5000,3.9000,1.2000
INT0109,Weekend,4,7,109.5000,96.0000,7.0000,15.7000,5.0000,2.5000,3.6000,5.1000
INT0109,Weekend,4,8,109.5000,96.0000,30.0000,37.3000,8.0000,2.5000,3.6000,3.7000
INT0110,AM Peak,1,1,129.3000,0.0000,7.0000,12.7000,5.0000,2.5000,4.1000,1.6000
INT0110,AM Peak,1,2,129.3000,0.0000,60.2000,66.2000,15.0000,3.5000,4.7000,1.3000
INT0110,AM Peak,1,3,129.3000,0.0000,9.0000,17.0000,5.0000,3.0000,3.7000,4.3000
INT0110,AM Peak,1,4,129.3000,0.0000,27.1000,33.4000,8.0000,2.0000,3.5000,2.8000
INT0110,AM Peak,1,5,129.3000,0.0000,18.0000,23.7000,5.0000,3.0000,4.0000,1.7000
INT0110,AM Peak,1,6,129.3000,0.0000,49.0000,55.2000,15.0000,2.0000,4.9000,1.3000
INT0110,AM Peak,1,7,129.3000,0.0000,7.0000,14.9000,5.0000,3.0000,3.6000,4.3000
INT0110,AM Peak,1,8,129.3000,0.0000,29.0000,35.5000,8.0000,3.5000,3.6000,2.9000
INT0110,Midday,2,1,79.3000,0.0000,5.0000,10.7000,5.0000,3.5000,4.1000,1.6000
INT0110,Midday,2,2,79.3000,0.0000,28.2000,34.2000,15.0000,2.5000,4.7000,1.3000
INT0110,Midday,2,3,79.3000,0.0000,5.0000,13.0000,5.0000,3.5000,3.7000,4.3000
INT0110,Midday,2,4,79.3000,0.0000,15.1000,21.4000,8.0000,3.0000,3.5000,2.8000
INT0110,Midday,2,5,79.3000,0.0000,7.0000,12.7000,5.0000,3.0000,4.0000,1.7000
INT0110,Midday,2,6,79.3000,0.0000,26.0000,32.2000,15.0000,2.5000,4.9000,1.3000
INT0110,Midday,2,7,79.3000,0.0000,5.0000,12.9000,5.0000,2.0000,3.6000,4.3000
INT0110,Midday,2,8,79.3000,0.0000,15.0000,21.5000,8.0000,2.5000,3.6000,2.9000
INT0110,PM Peak,3,1,139.3000,0.0000,11.0000,16.7000,5.0000,3.5000,4.1000,1.6000
INT0110,PM Peak,3,2,139.3000,0.0000,56.2000,62.2000,15.0000,3.0000,4.7000,1.3000
INT0110,PM Peak,3,3,139.3000,0.0000,9.0000,17.0000,5.0000,2.5000,3.7000,4.3000
INT0110,PM Peak,3,4,139.3000,0.0000,37.1000,43.4000,8.0000,3.0000,3.5000,2.8000
INT0110,PM Peak,3,5,139.3000,0.0000,12.0000,17.7000,5.0000,2.0000,4.0000,1.7000
INT0110,PM Peak,3,6,139.3000,0.0000,55.0000,61.2000,15.0000,2.0000,4.9000,1.3000
INT0110,PM Peak,3,7,139.3000,0.0000,11.0000,18.9000,5.0000,2.5000,3.6000,4.3000
INT0110,PM Peak,3,8,139.3000,0.0000,35.0000,41.5000,8.0000,3.0000,3.6000,2.9000
INT0110,Weekend,4,1,110.3000,0.0000,7.0000,12.7000,5.0000,2.5000,4.1000,1.6000
INT0110,Weekend,4,2,110.3000,0.0000,45.2000,51.2000,15.0000,2.0000,4.7000,1.3000
INT0110,Weekend,4,3,110.3000,0.0000,7.0000,15.0000,5.0000,3.0000,3.7000,4.3000
INT0110,Weekend,4,4,110.3000,0.0000,25.1000,31.4000,8.0000,2.0000,3.5000,2.8000
INT0110,Weekend,4,5,110.3000,0.0000,11.0000,16.7000,5.0000,3.0000,4.0000,1.7000
INT0110,Weekend,4,6,110.3000,0.0000,41.0000,47.2000,15.0000,2.0000,4.9000,1.3000
INT0110,Weekend,4,7,110.3000,0.0000,7.0000,14.9000,5.0000,3.0000,3.6000,4.3000
INT0110,Weekend,4,8,110.3000,0.0000,25.0000,31.5000,8.0000,2.5000,3.6000,2.9000
INT0111,AM Peak,1,1,120.0000,104.0000,7.0000,11.0000,5.0000,3.0000,3.0000,1.0000
INT0111,AM Peak,1,2,120.0000,104.0000,51.0000,55.5000,15.0000,2.5000,3.5000,1.0000
INT0111,AM Peak,1,3,120.0000,104.0000,8.0000,12.0000,5.0000,3.5000,3.0000,1.0000
INT0111,AM Peak,1,4,120.0000,104.0000,37.0000,41.5000,8.0000,2.0000,3.5000,1.0000
INT0111,AM Peak,1,5,120.0000,104.0000,23.0000,27.0000,5.0000,2.0000,3.0000,1.0000
INT0111,AM Peak,1,6,120.0000,104.0000,35.0000,39.5000,15.0000,2.5000,3.5000,1.0000
INT0111,AM Peak,1,7,120.0000,104.0000,5.0000,9.0000,5.0000,2.0000,3.0000,1.0000
INT0111,AM Peak,1,8,120.0000,104.0000,40.0000,44.5000,8.0000,2.5000,3.5000,1.0000
INT0111,Midday,2,1,100.0000,31.0000,7.0000,11.0000,5.0000,2.5000,3.0000,1.0000
INT0111,Midday,2,2,100.0000,31.0000,41.0000,45.5000,15.0000,2.0000,3.5000,1.0000
INT0111,Midday,2,3,100.0000,31.0000,5.0000,9.0000,5.0000,2.0000,3.0000,1.0000
INT0111,Midday,2,4,100.0000,31.0000,30.0000,34.5000,8.0000,3.5000,3.5000,1.0000
INT0111,Midday,2,5,100.0000,31.0000,16.0000,20.0000,5.0000,3.5000,3.0000,1.0000
INT0111,Midday,2,6,100.0000,31.0000,32.0000,36.5000,15.0000,2.0000,3.5000,1.0000
INT0111,Midday,2,7,100.0000,31.0000,5.0000,9.0000,5.0000,2.5000,3.0000,1.0000
INT0111,Midday,2,8,100.0000,31.0000,30.0000,34.5000,8.0000,3.5000,3.5000,1.0000
INT0111,PM Peak,3,1,140.0000,43.0000,12.0000,16.0000,5.0000,3.5000,3.0000,1.0000
INT0111,PM Peak,3,2,140.0000,43.0000,58.0000,62.5000,15.0000,3.0000,3.5000,1.0000
INT0111,PM Peak,3,3,140.0000,43.0000,7.0000,11.0000,5.0000,2.5000,3.0000,1.0000
INT0111,PM Peak,3,4,140.0000,43.0000,46.0000,50.5000,8.0000,2.0000,3.5000,1.0000
INT0111,PM Peak,3,5,140.0000,43.0000,21.0000,25.0000,5.0000,3.5000,3.0000,1.0000
INT0111,PM Peak,3,6,140.0000,43.0000,49.0000,53.5000,15.0000,2.5000,3.5000,1.0000
INT0111,PM Peak,3,7,140.0000,43.0000,8.0000,12.0000,5.0000,3.5000,3.0000,1.0000
INT0111,PM Peak,3,8,140.0000,43.0000,45.0000,49.5000,8.0000,2.5000,3.5000,1.0000
INT0111,Weekend,4,1,100.0000,78.0000,7.0000,11.0000,5.0000,3.0000,3.0000,1.0000
INT0111,Weekend,4,2,100.0000,78.0000,41.0000,45.5000,15.0000,2.5000,3.5000,1.0000
INT0111,Weekend,4,3,100.0000,78.0000,5.0000,9.0000,5.0000,2.5000,3.0000,1.0000
INT0111,Weekend,4,4,100.0000,78.0000,30.0000,34.5000,8.0000,3.5000,3.5000,1.0000
INT0111,Weekend,4,5,100.0000,78.0000,16.0000,20.0000,5.0000,3.0000,3.0000,1.0000
INT0111,Weekend,4,6,100.0000,78.0000,32.0000,36.5000,15.0000,3.0000,3.5000,1.0000
INT0111,Weekend,4,7,100.0000,78.0000,5.0000,9.0000,5.0000,2.0000,3.0000,1.0000
INT0111,Weekend,4,8,100.0000,78.0000,30.0000,34.5000,8.0000,2.0000,3.5000,1.0000
INT0112,AM Peak,1,1,110.4000,68.0000,10.0000,14.9000,5.0000,3.5000,3.5000,1.4000
INT0112,AM Peak,1,2,110.4000,68.0000,37.0000,43.7000,15.0000,2.0000,5.6000,1.1000
INT0112,AM Peak,1,3,110.4000,68.0000,11.0000,17.4000,5.0000,2.5000,3.1000,3.3000
INT0112,AM Peak,1,4,110.4000,68.0000,28.0000,34.4000,8.0000,3.0000,4.0000,2.4000
INT0112,AM Peak,1,5,110.4000,68.0000,14.0000,20.1000,5.0000,3.5000,4.7000,1.4000
INT0112,AM Peak,1,6,110.4000,68.0000,33.1000,38.5000,15.0000,3.5000,4.3000,1.1000
INT0112,AM Peak,1,7,110.4000,68.0000,10.0000,16.5000,5.0000,3.0000,3.2000,3.3000
INT0112,AM Peak,1,8,110.4000,68.0000,29.6000,35.3000,8.0000,3.0000,3.3000,2.4000
INT0112,Midday,2,1,100.4000,42.0000,11.0000,15.9000,5.0000,2.0000,3.5000,1.4000
INT0112,Midday,2,2,100.4000,42.0000,32.0000,38.7000,15.0000,2.0000,5.6000,1.1000
INT0112,Midday,2,3,100.4000,42.0000,8.0000,14.4000,5.0000,3.0000,3.1000,3.3000
INT0112,Midday,2,4,100.4000,42.0000,25.0000,31.4000,8.0000,3.5000,4.0000,2.4000
INT0112,Midday,2,5,100.4000,42.0000,11.0000,17.1000,5.0000,3.0000,4.7000,1.4000
INT0112,Midday,2,6,100.4000,42.0000,32.1000,37.5000,15.0000,2.0000,4.3000,1.1000
INT0112,Midday,2,7,100.4000,42.0000,10.0000,16.5000,5.0000,2.5000,3.2000,3.3000
INT0112,Midday,2,8,100.4000,42.0000,23.6000,29.3000,8.0000,2.0000,3.3000,2.4000
INT0112,PM Peak,3,1,139.4000,120.0000,21.0000,25.9000,5.0000,2.5000,3.5000,1.4000
INT0112,PM Peak,3,2,139.4000,120.0000,47.0000,53.7000,15.0000,2.5000,5.6000,1.1000
INT0112,PM Peak,3,3,139.4000,120.0000,10.0000,16.4000,5.0000,3.0000,3.1000,3.3000
INT0112,PM Peak,3,4,139.4000,120.0000,37.0000,43.4000,8.0000,2.0000,4.0000,2.4000
INT0112,PM Peak,3,5,139.4000,120.0000,14.0000,20.1000,5.0000,2.0000,4.7000,1.4000
INT0112,PM Peak,3,6,139.4000,120.0000,54.1000,59.5000,15.0000,3.5000,4.3000,1.1000
INT0112,PM Peak,3,7,139.4000,120.0000,16.0000,22.5000,5.0000,3.5000,3.2000,3.3000
INT0112,PM Peak,3,8,139.4000,120.0000,31.6000,37.3000,8.0000,2.0000,3.3000,2.4000
INT0112,Weekend,4,1,100.4000,57.0000,11.0000,15.9000,5.0000,3.0000,3.5000,1.4000
INT0112,Weekend,4,2,100.4000,57.0000,32.0000,38.7000,15.0000,3.0000,5.6000,1.1000
INT0112,Weekend,4,3,100.4000,57.0000,8.0000,14.4000,5.0000,2.0000,3.1000,3.3000
INT0112,Weekend,4,4,100.4000,57.0000,25.0000,31.4000,8.0000,3.0000,4.0000,2.4000
INT0112,Weekend,4,5,100.4000,57.0000,11.0000,17.1000,5.0000,2.5000,4.7000,1.4000
INT0112,Weekend,4,6,100.4000,57.0000,32.1000,37.5000,15.0000,3.0000,4.3000,1.1000
INT0112,Weekend,4,7,100.4000,57.0000,10.0000,16.5000,5.0000,2.0000,3.2000,3.3000
INT0112,Weekend,4,8,100.4000,57.0000,23.6000,29.3000,8.0000,3.0000,3.3000,2.4000
INT0113,AM Peak,1,1,110.0000,0.0000,12.0000,16.0000,5.0000,3.0000,3.0000,1.0000
INT0113,AM Peak,1,2,110.0000,0.0000,49.0000,53.5000,15.0000,3.0000,3.5000,1.0000
INT0113,AM Peak,1,3,110.0000,0.0000,7.0000,11.0000,5.0000,3.5000,3.0000,1.0000
INT0113,AM Peak,1,4,110.0000,0.0000,25.0000,29.5000,8.0000,2.0000,3.5000,1.0000
INT0113,AM Peak,1,5,110.0000,0.0000,26.0000,30.0000,5.0000,3.0000,3.0000,1.0000
INT0113,AM Peak,1,6,110.0000,0.0000,35.0000,39.5000,15.0000,2.0000,3.5000,1.0000
INT0113,AM Peak,1,7,110.0000,0.0000,9.0000,13.0000,5.0000,2.5000,3.0000,1.0000
INT0113,AM Peak,1,8,110.0000,0.0000,23.0000,27.5000,8.0000,3.0000,3.5000,1.0000
INT0113,Midday,2,1,90.0000,0.0000,11.0000,15.0000,5.0000,3.0000,3.0000,1.0000
INT0113,Midday,2,2,90.0000,0.0000,36.0000,40.5000,15.0000,3.5000,3.5000,1.0000
INT0113,Midday,2,3,90.0000,0.0000,5.0000,9.0000,5.0000,3.5000,3.0000,1.0000
INT0113,Midday,2,4,90.0000,0.0000,21.0000,25.5000,8.0000,3.5000,3.5000,1.0000
INT0113,Midday,2,5,90.0000,0.0000,18.0000,22.0000,5.0000,3.0000,3.0000,1.0000
INT0113,Midday,2,6,90.0000,0.0000,29.0000,33.5000,15.0000,3.0000,3.5000,1.0000
INT0113,Midday,2,7,90.0000,0.0000,8.0000,12.0000,5.0000,3.0000,3.0000,1.0000
INT0113,Midday,2,8,90.0000,0.0000,18.0000,22.5000,8.0000,2.5000,3.5000,1.0000
INT0113,PM Peak,3,1,130.0000,0.0000,21.0000,25.0000,5.0000,2.5000,3.0000,1.0000
INT0113,PM Peak,3,2,130.0000,0.0000,53.0000,57.5000,15.0000,2.5000,3.5000,1.0000
INT0113,PM Peak,3,3,130.0000,0.0000,6.0000,10.0000,5.0000,3.0000,3.0000,1.0000
INT0113,PM Peak,3,4,130.0000,0.0000,33.0000,37.5000,8.0000,3.0000,3.5000,1.0000
INT0113,PM Peak,3,5,130.0000,0.0000,24.0000,28.0000,5.0000,2.0000,3.0000,1.0000
INT0113,PM Peak,3,6,130.0000,0.0000,50.0000,54.5000,15.0000,2.5000,3.5000,1.0000
INT0113,PM Peak,3,7,130.0000,0.0000,13.0000,17.0000,5.0000,2.0000,3.0000,1.0000
INT0113,PM Peak,3,8,130.0000,0.0000,26.0000,30.5000,8.0000,3.0000,3.5000,1.0000
INT0113,Weekend,4,1,100.0000,0.0000,13.0000,17.0000,5.0000,2.5000,3.0000,1.0000
INT0113,Weekend,4,2,100.0000,0.0000,41.0000,45.5000,15.0000,2.5000,3.5000,1.0000
INT0113,Weekend,4,3,100.0000,0.0000,5.0000,9.0000,5.0000,3.5000,3.0000,1.0000
INT0113,Weekend,4,4,100.0000,0.0000,24.0000,28.5000,8.0000,3.5000,3.5000,1.0000
INT0113,Weekend,4,5,100.0000,0.0000,20.0000,24.0000,5.0000,2.5000,3.0000,1.0000
INT0113,Weekend,4,6,100.0000,0.0000,34.0000,38.5000,15.0000,3.5000,3.5000,1.0000
INT0113,Weekend,4,7,100.0000,0.0000,9.0000,13.0000,5.0000,2.5000,3.0000,1.0000
INT0113,Weekend,4,8,100.0000,0.0000,20.0000,24.5000,8.0000,3.5000,3.5000,1.0000
INT0114,AM Peak,1,1,109.6000,52.0000,15.0000,20.4000,5.0000,3.0000,4.1000,1.3000
INT0114,AM Peak,1,2,109.6000,52.0000,36.0000,41.7000,15.0000,2.0000,4.6000,1.1000
INT0114,AM Peak,1,3,109.6000,52.0000,13.0000,20.2000,5.0000,3.0000,3.0000,4.2000
INT0114,AM Peak,1,4,109.6000,52.0000,21.0000,27.3000,8.0000,3.0000,3.0000,3.3000
INT0114,AM Peak,1,5,109.6000,52.0000,10.0000,15.2000,5.0000,3.0000,3.9000,1.3000
INT0114,AM Peak,1,6,109.6000,52.0000,41.0000,46.9000,15.0000,3.0000,4.8000,1.1000
INT0114,AM Peak,1,7,109.6000,52.0000,8.0000,15.2000,5.0000,3.5000,3.0000,4.2000
INT0114,AM Peak,1,8,109.6000,52.0000,26.0000,32.3000,8.0000,3.0000,3.0000,3.3000
INT0114,Midday,2,1,89.6000,9.0000,13.0000,18.4000,5.0000,2.5000,4.1000,1.3000
INT0114,Midday,2,2,89.6000,9.0000,26.0000,31.7000,15.0000,3.5000,4.6000,1.1000
INT0114,Midday,2,3,89.6000,9.0000,9.0000,16.2000,5.0000,3.5000,3.0000,4.2000
INT0114,Midday,2,4,89.6000,9.0000,17.0000,23.3000,8.0000,2.5000,3.0000,3.3000
INT0114,Midday,2,5,89.6000,9.0000,7.0000,12.2000,5.0000,2.0000,3.9000,1.3000
INT0114,Midday,2,6,89.6000,9.0000,32.0000,37.9000,15.0000,3.5000,4.8000,1.1000
INT0114,Midday,2,7,89.6000,9.0000,7.0000,14.2000,5.0000,2.0000,3.0000,4.2000
INT0114,Midday,2,8,89.6000,9.0000,19.0000,25.3000,8.0000,3.0000,3.0000,3.3000
INT0114,PM Peak,3,1,139.6000,84.0000,27.0000,32.4000,5.0000,2.5000,4.1000,1.3000
INT0114,PM Peak,3,2,139.6000,84.0000,42.0000,47.7000,15.0000,2.5000,4.6000,1.1000
INT0114,PM Peak,3,3,139.6000,84.0000,14.0000,21.2000,5.0000,3.0000,3.0000,4.2000
INT0114,PM Peak,3,4,139.6000,84.0000,32.0000,38.3000,8.0000,3.0000,3.0000,3.3000
INT0114,PM Peak,3,5,139.6000,84.0000,10.0000,15.2000,5.0000,3.0000,3.9000,1.3000
INT0114,PM Peak,3,6,139.6000,84.0000,59.0000,64.9000,15.0000,2.5000,4.8000,1.1000
INT0114,PM Peak,3,7,139.6000,84.0000,14.0000,21.2000,5.0000,3.5000,3.0000,4.2000
INT0114,PM Peak,3,8,139.6000,84.0000,32.0000,38.3000,8.0000,2.5000,3.0000,3.3000
INT0114,Weekend,4,1,89.6000,85.0000,13.0000,18.4000,5.0000,3.0000,4.1000,1.3000
INT0114,Weekend,4,2,89.6000,85.0000,26.0000,31.7000,15.0000,3.5000,4.6000,1.1000
INT0114,Weekend,4,3,89.6000,85.0000,9.0000,16.2000,5.0000,2.5000,3.0000,4.2000
INT0114,Weekend,4,4,89.6000,85.0000,17.0000,23.3000,8.0000,2.5000,3.0000,3.3000
INT0114,Weekend,4,5,89.6000,85.0000,7.0000,12.2000,5.0000,2.0000,3.9000,1.3000
INT0114,Weekend,4,6,89.6000,85.0000,32.0000,37.9000,15.0000,2.0000,4.8000,1.1000
INT0114,Weekend,4,7,89.6000,85.0000,7.0000,14.2000,5.0000,3.0000,3.0000,4.2000
INT0114,Weekend,4,8,89.6000,85.0000,19.0000,25.3000,8.0000,3.5000,3.0000,3.3000
INT0115,AM Peak,1,1,100.0000,0.0000,13.0000,17.0000,5.0000,0.0000,3.0000,1.0000
INT0115,AM Peak,1,2,100.0000,0.0000,42.0000,46.5000,15.0000,0.0000,3.5000,1.0000
INT0115,AM Peak,1,3,100.0000,0.0000,10.0000,14.0000,5.0000,0.0000,3.0000,1.0000
INT0115,AM Peak,1,4,100.0000,0.0000,18.0000,22.5000,8.0000,0.0000,3.5000,1.0000
INT0115,AM Peak,1,5,100.0000,0.0000,18.0000,22.0000,5.0000,0.0000,3.0000,1.0000
INT0115,AM Peak,1,6,100.0000,0.0000,37.0000,41.5000,15.0000,0.0000,3.5000,1.0000
INT0115,AM Peak,1,7,100.0000,0.0000,5.0000,9.0000,5.0000,0.0000,3.0000,1.0000
INT0115,AM Peak,1,8,100.0000,0.0000,23.0000,27.5000,8.0000,0.0000,3.5000,1.0000
INT0115,Midday,2,1,100.0000,0.0000,16.0000,20.0000,5.0000,0.0000,3.0000,1.0000
INT0115,Midday,2,2,100.0000,0.0000,39.0000,43.5000,15.0000,0.0000,3.5000,1.0000
INT0115,Midday,2,3,100.0000,0.0000,9.0000,13.0000,5.0000,0.0000,3.0000,1.0000
INT0115,Midday,2,4,100.0000,0.0000,19.0000,23.5000,8.0000,0.0000,3.5000,1.0000
INT0115,Midday,2,5,100.0000,0.0000,16.0000,20.0000,5.0000,0.0000,3.0000,1.0000
INT0115,Midday,2,6,100.0000,0.0000,39.0000,43.5000,15.0000,0.0000,3.5000,1.0000
INT0115,Midday,2,7,100.0000,0.0000,5.0000,9.0000,5.0000,0.0000,3.0000,1.0000
INT0115,Midday,2,8,100.0000,0.0000,23.0000,27.5000,8.0000,0.0000,3.5000,1.0000
INT0115,PM Peak,3,1,100.0000,0.0000,18.0000,22.0000,5.0000,0.0000,3.0000,1.0000
INT0115,PM Peak,3,2,100.0000,0.0000,36.0000,40.5000,15.0000,0.0000,3.5000,1.0000
INT0115,PM Peak,3,3,100.0000,0.0000,9.0000,13.0000,5.0000,0.0000,3.0000,1.0000
INT0115,PM Peak,3,4,100.0000,0.0000,20.0000,24.5000,8.0000,0.0000,3.5000,1.0000
INT0115,PM Peak,3,5,100.0000,0.0000,13.0000,17.0000,5.0000,0.0000,3.0000,1.0000
INT0115,PM Peak,3,6,100.0000,0.0000,41.0000,45.5000,15.0000,0.0000,3.5000,1.0000
INT0115,PM Peak,3,7,100.0000,0.0000,5.0000,9.0000,5.0000,0.0000,3.0000,1.0000
INT0115,PM Peak,3,8,100.0000,0.0000,24.0000,28.5000,8.0000,0.0000,3.5000,1.0000
INT0115,Weekend,4,1,100.0000,0.0000,15.0000,19.0000,5.0000,0.0000,3.0000,1.0000
INT0115,Weekend,4,2,100.0000,0.0000,39.0000,43.5000,15.0000,0.0000,3.5000,1.0000
INT0115,Weekend,4,3,100.0000,0.0000,10.0000,14.0000,5.0000,0.0000,3.0000,1.0000
INT0115,Weekend,4,4,100.0000,0.0000,19.0000,23.5000,8.0000,0.0000,3.5000,1.0000
INT0115,Weekend,4,5,100.0000,0.0000,15.0000,19.0000,5.0000,0.0000,3.0000,1.0000
INT0115,Weekend,4,6,100.0000,0.0000,39.0000,43.5000,15.0000,0.0000,3.5000,1.0000
INT0115,Weekend,4,7,100.0000,0.0000,5.0000,9.0000,5.0000,0.0000,3.0000,1.0000
INT0115,Weekend,4,8,100.0000,0.0000,24.0000,28.5000,8.0000,0.0000,3.5000,1.0000
INT0116,AM Peak,1,1,119.5000,35.0000,10.0000,16.2000,5.0000,3.5000,4.4000,1.8000
INT0116,AM Peak,1,2,119.5000,35.0000,41.4000,47.1000,15.0000,3.0000,4.2000,1.5000
INT0116,AM Peak,1,3,119.5000,35.0000,13.0000,19.7000,5.0000,3.5000,3.5000,3.2000
INT0116,AM Peak,1,4,119.5000,35.0000,31.0000,36.5000,8.0000,2.0000,3.5000,2.0000
INT0116,AM Peak,1,5,119.5000,35.0000,9.0000,14.6000,5.0000,3.0000,4.0000,1.6000
INT0116,AM Peak,1,6,119.5000,35.0000,42.0000,48.7000,15.0000,3.0000,5.2000,1.5000
INT0116,AM Peak,1,7,119.5000,35.0000,7.0000,13.5000,5.0000,3.0000,3.5000,3.0000
INT0116,AM Peak,1,8,119.5000,35.0000,37.2000,42.7000,8.0000,3.5000,3.7000,1.8000
INT0116,Midday,2,1,80.5000,78.0000,7.0000,13.2000,5.0000,3.0000,4.4000,1.8000
INT0116,Midday,2,2,80.5000,78.0000,23.4000,29.1000,15.0000,3.0000,4.2000,1.5000
INT0116,Midday,2,3,80.5000,78.0000,7.0000,13.7000,5.0000,3.5000,3.5000,3.2000
INT0116,Midday,2,4,80.5000,78.0000,19.0000,24.5000,8.0000,3.5000,3.5000,2.0000
INT0116,Midday,2,5,80.5000,78.0000,5.0000,10.6000,5.0000,3.5000,4.0000,1.6000
INT0116,Midday,2,6,80.5000,78.0000,25.0000,31.7000,15.0000,3.5000,5.2000,1.5000
INT0116,Midday,2,7,80.5000,78.0000,5.0000,11.5000,5.0000,3.0000,3.5000,3.0000
INT0116,Midday,2,8,80.5000,78.0000,21.2000,26.7000,8.0000,2.5000,3.7000,1.8000
INT0116,PM Peak,3,1,119.5000,32.0000,14.0000,20.2000,5.0000,2.5000,4.4000,1.8000
INT0116,PM Peak,3,2,119.5000,32.0000,40.4000,46.1000,15.0000,3.0000,4.2000,1.5000
INT0116,PM Peak,3,3,119.5000,32.0000,10.0000,16.7000,5.0000,3.5000,3.5000,3.2000
INT0116,PM Peak,3,4,119.5000,32.0000,31.0000,36.5000,8.0000,2.0000,3.5000,2.0000
INT0116,PM Peak,3,5,119.5000,32.0000,7.0000,12.6000,5.0000,3.0000,4.0000,1.6000
INT0116,PM Peak,3,6,119.5000,32.0000,47.0000,53.7000,15.0000,3.5000,5.2000,1.5000
INT0116,PM Peak,3,7,119.5000,32.0000,9.0000,15.5000,5.0000,2.5000,3.5000,3.0000
INT0116,PM Peak,3,8,119.5000,32.0000,32.2000,37.7000,8.0000,3.5000,3.7000,1.8000
INT0116,Weekend,4,1,89.5000,65.0000,8.0000,14.2000,5.0000,3.0000,4.4000,1.8000
INT0116,Weekend,4,2,89.5000,65.0000,27.4000,33.1000,15.0000,2.5000,4.2000,1.5000
INT0116,Weekend,4,3,89.5000,65.0000,8.0000,14.7000,5.0000,3.5000,3.5000,3.2000
INT0116,Weekend,4,4,89.5000,65.0000,22.0000,27.5000,8.0000,2.0000,3.5000,2.0000
INT0116,Weekend,4,5,89.5000,65.0000,5.0000,10.6000,5.0000,2.5000,4.0000,1.6000
INT0116,Weekend,4,6,89.5000,65.0000,30.0000,36.7000,15.0000,2.0000,5.2000,1.5000
INT0116,Weekend,4,7,89.5000,65.0000,6.0000,12.5000,5.0000,2.5000,3.5000,3.0000
INT0116,Weekend,4,8,89.5000,65.0000,24.2000,29.7000,8.0000,2.0000,3.7000,1.8000
INT0117,AM Peak,1,1,130.3000,82.0000,19.0000,24.5000,5.0000,2.5000,3.9000,1.6000
INT0117,AM Peak,1,2,130.3000,82.0000,49.1000,55.4000,15.0000,3.0000,4.8000,1.5000
INT0117,AM Peak,1,3,130.3000,82.0000,12.0000,18.8000,5.0000,3.5000,3.1000,3.7000
INT0117,AM Peak,1,4,130.3000,82.0000,25.1000,31.6000,8.0000,3.0000,3.8000,2.7000
INT0117,AM Peak,1,5,130.3000,82.0000,23.0000,28.8000,5.0000,3.5000,4.2000,1.6000
INT0117,AM Peak,1,6,130.3000,82.0000,45.0000,51.1000,15.0000,3.0000,4.6000,1.5000
INT0117,AM Peak,1,7,130.3000,82.0000,5.0000,11.9000,5.0000,3.5000,3.2000,3.7000
INT0117,AM Peak,1,8,130.3000,82.0000,32.0000,38.5000,8.0000,3.5000,3.8000,2.7000
INT0117,Midday,2,1,100.3000,11.0000,16.0000,21.5000,5.0000,2.0000,3.9000,1.6000
INT0117,Midday,2,2,100.3000,11.0000,33.1000,39.4000,15.0000,3.5000,4.8000,1.5000
INT0117,Midday,2,3,100.3000,11.0000,8.0000,14.8000,5.0000,3.0000,3.1000,3.7000
INT0117,Midday,2,4,100.3000,11.0000,18.1000,24.6000,8.0000,2.5000,3.8000,2.7000
INT0117,Midday,2,5,100.3000,11.0000,14.0000,19.8000,5.0000,2.5000,4.2000,1.6000
INT0117,Midday,2,6,100.3000,11.0000,35.0000,41.1000,15.0000,3.5000,4.6000,1.5000
INT0117,Midday,2,7,100.3000,11.0000,5.0000,11.9000,5.0000,3.0000,3.2000,3.7000
INT0117,Midday,2,8,100.3000,11.0000,21.0000,27.5000,8.0000,3.0000,3.8000,2.7000
INT0117,PM Peak,3,1,139.3000,35.0000,28.0000,33.5000,5.0000,3.0000,3.9000,1.6000
INT0117,PM Peak,3,2,139.3000,35.0000,47.1000,53.4000,15.0000,3.0000,4.8000,1.5000
INT0117,PM Peak,3,3,139.3000,35.0000,10.0000,16.8000,5.0000,2.5000,3.1000,3.7000
INT0117,PM Peak,3,4,139.3000,35.0000,29.1000,35.6000,8.0000,2.5000,3.8000,2.7000
INT0117,PM Peak,3,5,139.3000,35.0000,19.0000,24.8000,5.0000,2.5000,4.2000,1.6000
INT0117,PM Peak,3,6,139.3000,35.0000,56.0000,62.1000,15.0000,2.5000,4.6000,1.5000
INT0117,PM Peak,3,7,139.3000,35.0000,5.0000,11.9000,5.0000,2.0000,3.2000,3.7000
INT0117,PM Peak,3,8,139.3000,35.0000,34.0000,40.5000,8.0000,2.0000,3.8000,2.7000
INT0117,Weekend,4,1,109.3000,53.0000,18.0000,23.5000,5.0000,3.5000,3.9000,1.6000
INT0117,Weekend,4,2,109.3000,53.0000,37.1000,43.4000,15.0000,3.5000,4.8000,1.5000
INT0117,Weekend,4,3,109.3000,53.0000,9.0000,15.8000,5.0000,3.0000,3.1000,3.7000
INT0117,Weekend,4,4,109.3000,53.0000,20.1000,26.6000,8.0000,3.5000,3.8000,2.7000
INT0117,Weekend,4,5,109.3000,53.0000,16.0000,21.8000,5.0000,3.0000,4.2000,1.6000
INT0117,Weekend,4,6,109.3000,53.0000,39.0000,45.1000,15.0000,3.5000,4.6000,1.5000
INT0117,Weekend,4,7,109.3000,53.0000,5.0000,11.9000,5.0000,3.5000,3.2000,3.7000
INT0117,Weekend,4,8,109.3000,53.0000,24.0000,30.5000,8.0000,2.0000,3.8000,2.7000
INT0118,AM Peak,1,1,129.3000,72.0000,10.0000,15.3000,5.0000,2.0000,3.0000,2.3000
INT0118,AM Peak,1,2,129.3000,72.0000,52.0000,58.4000,15.0000,2.0000,4.7000,1.7000
INT0118,AM Peak,1,3,129.3000,72.0000,14.0000,20.1000,5.0000,3.5000,3.1000,3.0000
INT0118,AM Peak,1,4,129.3000,72.0000,29.0000,35.5000,8.0000,3.0000,4.2000,2.3000
INT0118,AM Peak,1,5,129.3000,72.0000,23.0000,29.1000,5.0000,2.0000,3.8000,2.3000
INT0118,AM Peak,1,6,129.3000,72.0000,39.4000,44.6000,15.0000,3.0000,3.5000,1.7000
INT0118,AM Peak,1,7,129.3000,72.0000,13.0000,19.4000,5.0000,3.0000,3.4000,3.0000
INT0118,AM Peak,1,8,129.3000,72.0000,30.1000,36.2000,8.0000,3.5000,3.8000,2.3000
INT0118,Midday,2,1,80.3000,18.0000,6.0000,11.3000,5.0000,3.0000,3.0000,2.3000
INT0118,Midday,2,2,80.3000,18.0000,28.0000,34.4000,15.0000,3.5000,4.7000,1.7000
INT0118,Midday,2,3,80.3000,18.0000,6.0000,12.1000,5.0000,3.0000,3.1000,3.0000
INT0118,Midday,2,4,80.3000,18.0000,16.0000,22.5000,8.0000,3.0000,4.2000,2.3000
INT0118,Midday,2,5,80.3000,18.0000,11.0000,17.1000,5.0000,3.0000,3.8000,2.3000
INT0118,Midday,2,6,80.3000,18.0000,23.4000,28.6000,15.0000,3.0000,3.5000,1.7000
INT0118,Midday,2,7,80.3000,18.0000,7.0000,13.4000,5.0000,2.5000,3.4000,3.0000
INT0118,Midday,2,8,80.3000,18.0000,15.1000,21.2000,8.0000,3.0000,3.8000,2.3000
INT0118,PM Peak,3,1,140.3000,12.0000,16.0000,21.3000,5.0000,3.5000,3.0000,2.3000
INT0118,PM Peak,3,2,140.3000,12.0000,56.0000,62.4000,15.0000,3.0000,4.7000,1.7000
INT0118,PM Peak,3,3,140.3000,12.0000,11.0000,17.1000,5.0000,3.0000,3.1000,3.0000
INT0118,PM Peak,3,4,140.3000,12.0000,33.0000,39.5000,8.0000,3.0000,4.2000,2.3000
INT0118,PM Peak,3,5,140.3000,12.0000,20.0000,26.1000,5.0000,3.0000,3.8000,2.3000
INT0118,PM Peak,3,6,140.3000,12.0000,52.4000,57.6000,15.0000,3.5000,3.5000,1.7000
INT0118,PM Peak,3,7,140.3000,12.0000,16.0000,22.4000,5.0000,2.0000,3.4000,3.0000
INT0118,PM Peak,3,8,140.3000,12.0000,28.1000,34.2000,8.0000,3.0000,3.8000,2.3000
INT0118,Weekend,4,1,100.3000,31.0000,9.0000,14.3000,5.0000,2.0000,3.0000,2.3000
INT0118,Weekend,4,2,100.3000,31.0000,37.0000,43.4000,15.0000,3.5000,4.7000,1.7000
INT0118,Weekend,4,3,100.3000,31.0000,8.0000,14.1000,5.0000,2.0000,3.1000,3.0000
INT0118,Weekend,4,4,100.3000,31.0000,22.0000,28.5000,8.0000,2.5000,4.2000,2.3000
INT0118,Weekend,4,5,100.3000,31.0000,15.0000,21.1000,5.0000,2.0000,3.8000,2.3000
INT0118,Weekend,4,6,100.3000,31.0000,31.4000,36.6000,15.0000,3.5000,3.5000,1.7000
INT0118,Weekend,4,7,100.3000,31.0000,10.0000,16.4000,5.0000,2.5000,3.4000,3.0000
INT0118,Weekend,4,8,100.3000,31.0000,20.1000,26.2000,8.0000,3.5000,3.8000,2.3000
INT0119,AM Peak,1,1,130.0000,124.0000,15.0000,19.0000,5.0000,3.5000,3.0000,1.0000
INT0119,AM Peak,1,2,130.0000,124.0000,49.0000,53.5000,15.0000,3.0000,3.5000,1.0000
INT0119,AM Peak,1,3,130.0000,124.0000,21.0000,25.0000,5.0000,3.0000,3.0000,1.0000
INT0119,AM Peak,1,4,130.0000,124.0000,28.0000,32.5000,8.0000,2.0000,3.5000,1.0000
INT0119,AM Peak,1,5,130.0000,124.0000,23.0000,27.0000,5.0000,2.5000,3.0000,1.0000
INT0119,AM Peak,1,6,130.0000,124.0000,41.0000,45.5000,15.0000,3.0000,3.5000,1.0000
INT0119,AM Peak,1,7,130.0000,124.0000,12.0000,16.0000,5.0000,2.5000,3.0000,1.0000
INT0119,AM Peak,1,8,130.0000,124.0000,37.0000,41.5000,8.0000,2.5000,3.5000,1.0000
INT0119,Midday,2,1,80.0000,57.0000,10.0000,14.0000,5.0000,3.0000,3.0000,1.0000
INT0119,Midday,2,2,80.0000,57.0000,26.0000,30.5000,15.0000,2.5000,3.5000,1.0000
INT0119,Midday,2,3,80.0000,57.0000,10.0000,14.0000,5.0000,3.5000,3.0000,1.0000
INT0119,Midday,2,4,80.0000,57.0000,17.0000,21.5000,8.0000,2.0000,3.5000,1.0000
INT0119,Midday,2,5,80.0000,57.0000,11.0000,15.0000,5.0000,3.0000,3.0000,1.0000
INT0119,Midday,2,6,80.0000,57.0000,25.0000,29.5000,15.0000,3.0000,3.5000,1.0000
INT0119,Midday,2,7,80.0000,57.0000,7.0000,11.0000,5.0000,2.5000,3.0000,1.0000
INT0119,Midday,2,8,80.0000,57.0000,20.0000,24.5000,8.0000,2.0000,3.5000,1.0000
INT0119,PM Peak,3,1,130.0000,42.0000,22.0000,26.0000,5.0000,3.0000,3.0000,1.0000
INT0119,PM Peak,3,2,130.0000,42.0000,45.0000,49.5000,15.0000,2.0000,3.5000,1.0000
INT0119,PM Peak,3,3,130.0000,42.0000,16.0000,20.0000,5.0000,3.0000,3.0000,1.0000
INT0119,PM Peak,3,4,130.0000,42.0000,30.0000,34.5000,8.0000,3.5000,3.5000,1.0000
INT0119,PM Peak,3,5,130.0000,42.0000,18.0000,22.0000,5.0000,2.5000,3.0000,1.0000
INT0119,PM Peak,3,6,130.0000,42.0000,49.0000,53.5000,15.0000,3.0000,3.5000,1.0000
INT0119,PM Peak,3,7,130.0000,42.0000,13.0000,17.0000,5.0000,2.5000,3.0000,1.0000
INT0119,PM Peak,3,8,130.0000,42.0000,33.0000,37.5000,8.0000,2.0000,3.5000,1.0000
INT0119,Weekend,4,1,100.0000,30.0000,13.0000,17.0000,5.0000,3.0000,3.0000,1.0000
INT0119,Weekend,4,2,100.0000,30.0000,35.0000,39.5000,15.0000,3.0000,3.5000,1.0000
INT0119,Weekend,4,3,100.0000,30.0000,14.0000,18.0000,5.0000,2.5000,3.0000,1.0000
INT0119,Weekend,4,4,100.0000,30.0000,21.0000,25.5000,8.0000,2.0000,3.5000,1.0000
INT0119,Weekend,4,5,100.0000,30.0000,15.0000,19.0000,5.0000,3.0000,3.0000,1.0000
INT0119,Weekend,4,6,100.0000,30.0000,33.0000,37.5000,15.0000,3.0000,3.5000,1.0000
INT0119,Weekend,4,7,100.0000,30.0000,9.0000,13.0000,5.0000,2.0000,3.0000,1.0000
INT0119,Weekend,4,8,100.0000,30.0000,26.0000,30.5000,8.0000,3.5000,3.5000,1.0000
INT0120,AM Peak,1,1,110.8000,0.0000,15.0000,20.8000,5.0000,2.0000,4.1000,1.7000
INT0120,AM Peak,1,2,110.8000,0.0000,39.9000,45.1000,15.0000,2.0000,3.9000,1.3000
INT0120,AM Peak,1,3,110.8000,0.0000,8.0000,15.5000,5.0000,2.0000,3.7000,3.8000
INT0120,AM Peak,1,4,110.8000,0.0000,23.0000,29.4000,8.0000,2.5000,3.6000,2.8000
INT0120,AM Peak,1,5,110.8000,0.0000,19.0000,24.6000,5.0000,2.0000,3.7000,1.9000
INT0120,AM Peak,1,6,110.8000,0.0000,35.0000,41.3000,15.0000,2.0000,5.0000,1.3000
INT0120,AM Peak,1,7,110.8000,0.0000,7.0000,14.5000,5.0000,2.5000,3.5000,4.0000
INT0120,AM Peak,1,8,110.8000,0.0000,24.2000,30.4000,8.0000,3.5000,3.5000,2.7000
INT0120,Midday,2,1,89.8000,0.0000,13.0000,18.8000,5.0000,3.0000,4.1000,1.7000
INT0120,Midday,2,2,89.8000,0.0000,28.9000,34.1000,15.0000,2.0000,3.9000,1.3000
INT0120,Midday,2,3,89.8000,0.0000,5.0000,12.5000,5.0000,2.5000,3.7000,3.8000
INT0120,Midday,2,4,89.8000,0.0000,18.0000,24.4000,8.0000,2.5000,3.6000,2.8000
INT0120,Midday,2,5,89.8000,0.0000,12.0000,17.6000,5.0000,3.5000,3.7000,1.9000
INT0120,Midday,2,6,89.8000,0.0000,29.0000,35.3000,15.0000,2.0000,5.0000,1.3000
INT0120,Midday,2,7,89.8000,0.0000,6.0000,13.5000,5.0000,2.5000,3.5000,4.0000
INT0120,Midday,2,8,89.8000,0.0000,17.2000,23.4000,8.0000,2.0000,3.5000,2.7000
INT0120,PM Peak,3,1,119.8000,0.0000,22.0000,27.8000,5.0000,2.5000,4.1000,1.7000
INT0120,PM Peak,3,2,119.8000,0.0000,38.9000,44.1000,15.0000,3.5000,3.9000,1.3000
INT0120,PM Peak,3,3,119.8000,0.0000,7.0000,14.5000,5.0000,2.5000,3.7000,3.8000
INT0120,PM Peak,3,4,119.8000,0.0000,27.0000,33.4000,8.0000,2.0000,3.6000,2.8000
INT0120,PM Peak,3,5,119.8000,0.0000,15.0000,20.6000,5.0000,2.0000,3.7000,1.9000
INT0120,PM Peak,3,6,119.8000,0.0000,45.0000,51.3000,15.0000,2.0000,5.0000,1.3000
INT0120,PM Peak,3,7,119.8000,0.0000,10.0000,17.5000,5.0000,2.5000,3.5000,4.0000
INT0120,PM Peak,3,8,119.8000,0.0000,24.2000,30.4000,8.0000,3.0000,3.5000,2.7000
INT0120,Weekend,4,1,89.8000,0.0000,13.0000,18.8000,5.0000,3.0000,4.1000,1.7000
INT0120,Weekend,4,2,89.8000,0.0000,28.9000,34.1000,15.0000,3.0000,3.9000,1.3000
INT0120,Weekend,4,3,89.8000,0.0000,5.0000,12.5000,5.0000,2.0000,3.7000,3.8000
INT0120,Weekend,4,4,89.8000,0.0000,18.0000,24.4000,8.0000,3.0000,3.6000,2.8000
INT0120,Weekend,4,5,89.8000,0.0000,12.0000,17.6000,5.0000,2.5000,3.7000,1.9000
INT0120,Weekend,4,6,89.8000,0.0000,29.0000,35.3000,15.0000,2.0000,5.0000,1.3000
INT0120,Weekend,4,7,89.8000,0.0000,6.0000,13.5000,5.0000,2.0000,3.5000,4.0000
INT0120,Weekend,4,8,89.8000,0.0000,17.2000,23.4000,8.0000,2.5000,3.5000,2.7000
INT0121,AM Peak,1,1,110.9000,35.0000,14.0000,20.0000,5.0000,2.5000,4.5000,1.5000
INT0121,AM Peak,1,2,110.9000,35.0000,32.1000,38.6000,15.0000,3.5000,5.0000,1.5000
INT0121,AM Peak,1,3,110.9000,35.0000,6.0000,13.4000,5.0000,3.5000,3.0000,4.4000
INT0121,AM Peak,1,4,110.9000,35.0000,32.4000,38.9000,8.0000,3.0000,3.0000,3.5000
INT0121,AM Peak,1,5,110.9000,35.0000,8.0000,13.8000,5.0000,3.5000,4.3000,1.5000
INT0121,AM Peak,1,6,110.9000,35.0000,38.0000,44.8000,15.0000,2.5000,5.3000,1.5000
INT0121,AM Peak,1,7,110.9000,35.0000,6.0000,13.6000,5.0000,2.5000,3.2000,4.4000
INT0121,AM Peak,1,8,110.9000,35.0000,32.0000,38.7000,8.0000,3.0000,3.2000,3.5000
INT0121,Midday,2,1,89.9000,73.0000,12.0000,18.0000,5.0000,2.0000,4.5000,1.5000
INT0121,Midday,2,2,89.9000,73.0000,23.1000,29.6000,15.0000,3.5000,5.0000,1.5000
INT0121,Midday,2,3,89.9000,73.0000,5.0000,12.4000,5.0000,3.0000,3.0000,4.4000
INT0121,Midday,2,4,89.9000,73.0000,23.4000,29.9000,8.0000,3.0000,3.0000,3.5000
INT0121,Midday,2,5,89.9000,73.0000,5.0000,10.8000,5.0000,2.5000,4.3000,1.5000
INT0121,Midday,2,6,89.9000,73.0000,30.0000,36.8000,15.0000,3.5000,5.3000,1.5000
INT0121,Midday,2,7,89.9000,73.0000,5.0000,12.6000,5.0000,2.0000,3.2000,4.4000
INT0121,Midday,2,8,89.9000,73.0000,23.0000,29.7000,8.0000,2.5000,3.2000,3.5000
INT0121,PM Peak,3,1,129.9000,56.0000,23.0000,29.0000,5.0000,2.0000,4.5000,1.5000
INT0121,PM Peak,3,2,129.9000,56.0000,34.1000,40.6000,15.0000,3.0000,5.0000,1.5000
INT0121,PM Peak,3,3,129.9000,56.0000,6.0000,13.4000,5.0000,3.0000,3.0000,4.4000
INT0121,PM Peak,3,4,129.9000,56.0000,40.4000,46.9000,8.0000,3.0000,3.0000,3.5000
INT0121,PM Peak,3,5,129.9000,56.0000,7.0000,12.8000,5.0000,3.5000,4.3000,1.5000
INT0121,PM Peak,3,6,129.9000,56.0000,50.0000,56.8000,15.0000,2.5000,5.3000,1.5000
INT0121,PM Peak,3,7,129.9000,56.0000,10.0000,17.6000,5.0000,2.0000,3.2000,4.4000
INT0121,PM Peak,3,8,129.9000,56.0000,36.0000,42.7000,8.0000,3.5000,3.2000,3.5000
INT0121,Weekend,4,1,109.9000,28.0000,16.0000,22.0000,5.0000,2.0000,4.5000,1.5000
INT0121,Weekend,4,2,109.9000,28.0000,30.1000,36.6000,15.0000,3.0000,5.0000,1.5000
INT0121,Weekend,4,3,109.9000,28.0000,6.0000,13.4000,5.0000,3.0000,3.0000,4.4000
INT0121,Weekend,4,4,109.9000,28.0000,31.4000,37.9000,8.0000,2.5000,3.0000,3.5000
INT0121,Weekend,4,5,109.9000,28.0000,7.0000,12.8000,5.0000,3.0000,4.3000,1.5000
INT0121,Weekend,4,6,109.9000,28.0000,39.0000,45.8000,15.0000,3.0000,5.3000,1.5000
INT0121,Weekend,4,7,109.9000,28.0000,7.0000,14.6000,5.0000,2.0000,3.2000,4.4000
INT0121,Weekend,4,8,109.9000,28.0000,30.0000,36.7000,8.0000,3.5000,3.2000,3.5000
INT0122,AM Peak,1,1,130.0000,126.0000,18.0000,23.6000,5.0000,2.5000,3.3000,2.3000
INT0122,AM Peak,1,2,130.0000,126.0000,45.0000,50.7000,15.0000,3.5000,4.0000,1.7000
INT0122,AM Peak,1,3,130.0000,126.0000,7.0000,15.0000,5.0000,2.5000,3.0000,5.0000
INT0122,AM Peak,1,4,130.0000,126.0000,34.0000,40.7000,8.0000,3.5000,3.3000,3.4000
INT0122,AM Peak,1,5,130.0000,126.0000,15.0000,20.6000,5.0000,3.5000,3.3000,2.3000
INT0122,AM Peak,1,6,130.0000,126.0000,48.0000,53.7000,15.0000,2.0000,4.0000,1.7000
INT0122,AM Peak,1,7,130.0000,126.0000,5.0000,13.0000,5.0000,2.5000,3.0000,5.0000
INT0122,AM Peak,1,8,130.0000,126.0000,36.0000,42.7000,8.0000,3.0000,3.3000,3.4000
INT0122,Midday,2,1,100.0000,5.0000,14.0000,19.6000,5.0000,2.0000,3.3000,2.3000
INT0122,Midday,2,2,100.0000,5.0000,29.0000,34.7000,15.0000,3.5000,4.0000,1.7000
INT0122,Midday,2,3,100.0000,5.0000,5.0000,13.0000,5.0000,2.0000,3.0000,5.0000
INT0122,Midday,2,4,100.0000,5.0000,26.0000,32.7000,8.0000,2.0000,3.3000,3.4000
INT0122,Midday,2,5,100.0000,5.0000,9.0000,14.6000,5.0000,3.0000,3.3000,2.3000
INT0122,Midday,2,6,100.0000,5.0000,34.0000,39.7000,15.0000,2.0000,4.0000,1.7000
INT0122,Midday,2,7,100.0000,5.0000,5.0000,13.0000,5.0000,2.0000,3.0000,5.0000
INT0122,Midday,2,8,100.0000,5.0000,26.0000,32.7000,8.0000,2.0000,3.3000,3.4000
INT0122,PM Peak,3,1,140.0000,7.0000,24.0000,29.6000,5.0000,3.5000,3.3000,2.3000
INT0122,PM Peak,3,2,140.0000,7.0000,41.0000,46.7000,15.0000,2.0000,4.0000,1.7000
INT0122,PM Peak,3,3,140.0000,7.0000,7.0000,15.0000,5.0000,3.5000,3.0000,5.0000
INT0122,PM Peak,3,4,140.0000,7.0000,42.0000,48.7000,8.0000,2.0000,3.3000,3.4000
INT0122,PM Peak,3,5,140.0000,7.0000,11.0000,16.6000,5.0000,2.5000,3.3000,2.3000
INT0122,PM Peak,3,6,140.0000,7.0000,54.0000,59.7000,15.0000,2.0000,4.0000,1.7000
INT0122,PM Peak,3,7,140.0000,7.0000,9.0000,17.0000,5.0000,2.5000,3.0000,5.0000
INT0122,PM Peak,3,8,140.0000,7.0000,40.0000,46.7000,8.0000,2.5000,3.3000,3.4000
INT0122,Weekend,4,1,100.0000,33.0000,14.0000,19.6000,5.0000,2.5000,3.3000,2.3000
INT0122,Weekend,4,2,100.0000,33.0000,29.0000,34.7000,15.0000,3.5000,4.0000,1.7000
INT0122,Weekend,4,3,100.0000,33.0000,5.0000,13.0000,5.0000,3.5000,3.0000,5.0000
INT0122,Weekend,4,4,100.0000,33.0000,26.0000,32.7000,8.0000,2.0000,3.3000,3.4000
INT0122,Weekend,4,5,100.0000,33.0000,9.0000,14.6000,5.0000,3.5000,3.3000,2.3000
INT0122,Weekend,4,6,100.0000,33.0000,34.0000,39.7000,15.0000,2.5000,4.0000,1.7000
INT0122,Weekend,4,7,100.0000,33.0000,5.0000,13.0000,5.0000,3.5000,3.0000,5.0000
INT0122,Weekend,4,8,100.0000,33.0000,26.0000,32.7000,8.0000,2.0000,3.3000,3.4000
INT0123,AM Peak,1,1,109.4000,0.0000,10.0000,15.9000,5.0000,3.5000,3.0000,2.9000
INT0123,AM Peak,1,2,109.4000,0.0000,40.0000,45.7000,15.0000,2.5000,3.6000,2.1000
INT0123,AM Peak,1,3,109.4000,0.0000,6.0000,11.4000,5.0000,3.5000,3.0000,2.4000
INT0123,AM Peak,1,4,109.4000,0.0000,31.2000,36.4000,8.0000,3.5000,3.5000,1.7000
INT0123,AM Peak,1,5,109.4000,0.0000,14.0000,19.9000,5.0000,3.0000,3.0000,2.9000
INT0123,AM Peak,1,6,109.4000,0.0000,36.0000,41.7000,15.0000,3.0000,3.6000,2.1000
INT0123,AM Peak,1,7,109.4000,0.0000,10.0000,15.4000,5.0000,2.5000,3.0000,2.4000
INT0123,AM Peak,1,8,109.4000,0.0000,27.0000,32.4000,8.0000,3.0000,3.7000,1.7000
INT0123,Midday,2,1,79.4000,0.0000,8.0000,13.9000,5.0000,2.5000,3.0000,2.9000
INT0123,Midday,2,2,79.4000,0.0000,26.0000,31.7000,15.0000,3.0000,3.6000,2.1000
INT0123,Midday,2,3,79.4000,0.0000,5.0000,10.4000,5.0000,2.5000,3.0000,2.4000
INT0123,Midday,2,4,79.4000,0.0000,18.2000,23.4000,8.0000,3.0000,3.5000,1.7000
INT0123,Midday,2,5,79.4000,0.0000,8.0000,13.9000,5.0000,3.5000,3.0000,2.9000
INT0123,Midday,2,6,79.4000,0.0000,26.0000,31.7000,15.0000,2.0000,3.6000,2.1000
INT0123,Midday,2,7,79.4000,0.0000,7.0000,12.4000,5.0000,3.0000,3.0000,2.4000
INT0123,Midday,2,8,79.4000,0.0000,16.0000,21.4000,8.0000,3.0000,3.7000,1.7000
INT0123,PM Peak,3,1,129.4000,0.0000,19.0000,24.9000,5.0000,2.0000,3.0000,2.9000
INT0123,PM Peak,3,2,129.4000,0.0000,47.0000,52.7000,15.0000,2.0000,3.6000,2.1000
INT0123,PM Peak,3,3,129.4000,0.0000,5.0000,10.4000,5.0000,2.0000,3.0000,2.4000
INT0123,PM Peak,3,4,129.4000,0.0000,36.2000,41.4000,8.0000,3.5000,3.5000,1.7000
INT0123,PM Peak,3,5,129.4000,0.0000,13.0000,18.9000,5.0000,3.5000,3.0000,2.9000
INT0123,PM Peak,3,6,129.4000,0.0000,53.0000,58.7000,15.0000,2.0000,3.6000,2.1000
INT0123,PM Peak,3,7,129.4000,0.0000,14.0000,19.4000,5.0000,3.0000,3.0000,2.4000
INT0123,PM Peak,3,8,129.4000,0.0000,27.0000,32.4000,8.0000,3.0000,3.7000,1.7000
INT0123,Weekend,4,1,89.4000,0.0000,10.0000,15.9000,5.0000,3.0000,3.0000,2.9000
INT0123,Weekend,4,2,89.4000,0.0000,30.0000,35.7000,15.0000,2.0000,3.6000,2.1000
INT0123,Weekend,4,3,89.4000,0.0000,6.0000,11.4000,5.0000,3.0000,3.0000,2.4000
INT0123,Weekend,4,4,89.4000,0.0000,21.2000,26.4000,8.0000,3.5000,3.5000,1.7000
INT0123,Weekend,4,5,89.4000,0.0000,9.0000,14.9000,5.0000,3.5000,3.0000,2.9000
INT0123,Weekend,4,6,89.4000,0.0000,31.0000,36.7000,15.0000,3.0000,3.6000,2.1000
INT0123,Weekend,4,7,89.4000,0.0000,8.0000,13.4000,5.0000,2.5000,3.0000,2.4000
INT0123,Weekend,4,8,89.4000,0.0000,19.0000,24.4000,8.0000,2.5000,3.7000,1.7000
INT0124,AM Peak,1,1,110.3000,85.0000,13.0000,18.8000,5.0000,2.5000,4.0000,1.8000
INT0124,AM Peak,1,2,110.3000,85.0000,45.2000,51.4000,15.0000,3.0000,4.7000,1.5000
INT0124,AM Peak,1,3,110.3000,85.0000,13.0000,19.0000,5.0000,3.0000,3.5000,2.5000
INT0124,AM Peak,1,4,110.3000,85.0000,15.0000,21.1000,8.0000,3.5000,4.2000,1.9000
INT0124,AM Peak,1,5,110.3000,85.0000,19.0000,24.9000,5.0000,2.5000,4.1000,1.8000
INT0124,AM Peak,1,6,110.3000,85.0000,39.0000,45.3000,15.0000,2.5000,4.8000,1.5000
INT0124,AM Peak,1,7,110.3000,85.0000,5.0000,11.0000,5.0000,3.5000,3.5000,2.5000
INT0124,AM Peak,1,8,110.3000,85.0000,23.2000,29.1000,8.0000,2.0000,4.0000,1.9000
INT0124,Midday,2,1,90.3000,7.0000,11.0000,16.8000,5.0000,3.5000,4.0000,1.8000
INT0124,Midday,2,2,90.3000,7.0000,33.2000,39.4000,15.0000,3.5000,4.7000,1.5000
INT0124,Midday,2,3,90.3000,7.0000,9.0000,15.0000,5.0000,2.0000,3.5000,2.5000
INT0124,Midday,2,4,90.3000,7.0000,13.0000,19.1000,8.0000,2.5000,4.2000,1.9000
INT0124,Midday,2,5,90.3000,7.0000,13.0000,18.9000,5.0000,3.0000,4.1000,1.8000
INT0124,Midday,2,6,90.3000,7.0000,31.0000,37.3000,15.0000,3.0000,4.8000,1.5000
INT0124,Midday,2,7,90.3000,7.0000,5.0000,11.0000,5.0000,2.5000,3.5000,2.5000
INT0124,Midday,2,8,90.3000,7.0000,17.2000,23.1000,8.0000,3.5000,4.0000,1.9000
INT0124,PM Peak,3,1,120.3000,112.0000,19.0000,24.8000,5.0000,3.0000,4.0000,1.8000
INT0124,PM Peak,3,2,120.3000,112.0000,45.2000,51.4000,15.0000,2.5000,4.7000,1.5000
INT0124,PM Peak,3,3,120.3000,112.0000,12.0000,18.0000,5.0000,2.0000,3.5000,2.5000
INT0124,PM Peak,3,4,120.3000,112.0000,20.0000,26.1000,8.0000,3.5000,4.2000,1.9000
INT0124,PM Peak,3,5,120.3000,112.0000,16.0000,21.9000,5.0000,3.0000,4.1000,1.8000
INT0124,PM Peak,3,6,120.3000,112.0000,48.0000,54.3000,15.0000,3.0000,4.8000,1.5000
INT0124,PM Peak,3,7,120.3000,112.0000,5.0000,11.0000,5.0000,3.5000,3.5000,2.5000
INT0124,PM Peak,3,8,120.3000,112.0000,27.2000,33.1000,8.0000,2.5000,4.0000,1.9000
INT0124,Weekend,4,1,110.3000,60.0000,15.0000,20.8000,5.0000,3.5000,4.0000,1.8000
INT0124,Weekend,4,2,110.3000,60.0000,42.2000,48.4000,15.0000,3.5000,4.7000,1.5000
INT0124,Weekend,4,3,110.3000,60.0000,12.0000,18.0000,5.0000,3.5000,3.5000,2.5000
INT0124,Weekend,4,4,110.3000,60.0000,17.0000,23.1000,8.0000,3.5000,4.2000,1.9000
INT0124,Weekend,4,5,110.3000,60.0000,16.0000,21.9000,5.0000,2.5000,4.1000,1.8000
INT0124,Weekend,4,6,110.3000,60.0000,41.0000,47.3000,15.0000,2.5000,4.8000,1.5000
INT0124,Weekend,4,7,110.3000,60.0000,5.0000,11.0000,5.0000,2.5000,3.5000,2.5000
INT0124,Weekend,4,8,110.3000,60.0000,24.2000,30.1000,8.0000,2.5000,4.0000,1.9000
INT0125,AM Peak,1,1,129.9000,0.0000,9.0000,14.3000,5.0000,2.0000,3.7000,1.6000
INT0125,AM Peak,1,2,129.9000,0.0000,56.0000,62.4000,15.0000,3.0000,5.2000,1.2000
INT0125,AM Peak,1,3,129.9000,0.0000,6.0000,12.1000,5.0000,2.5000,3.5000,2.6000
INT0125,AM Peak,1,4,129.9000,0.0000,35.0000,41.1000,8.0000,2.5000,4.2000,1.9000
INT0125,AM Peak,1,5,129.9000,0.0000,7.0000,12.8000,5.0000,3.0000,4.2000,1.6000
INT0125,AM Peak,1,6,129.9000,0.0000,58.7000,63.9000,15.0000,3.0000,3.9000,1.3000
INT0125,AM Peak,1,7,129.9000,0.0000,5.0000,10.9000,5.0000,2.5000,3.5000,2.4000
INT0125,AM Peak,1,8,129.9000,0.0000,36.4000,42.3000,8.0000,3.5000,4.0000,1.9000
INT0125,Midday,2,1,79.9000,0.0000,5.0000,10.3000,5.0000,3.0000,3.7000,1.6000
INT0125,Midday,2,2,79.9000,0.0000,28.0000,34.4000,15.0000,2.5000,5.2000,1.2000
INT0125,Midday,2,3,79.9000,0.0000,5.0000,11.1000,5.0000,3.5000,3.5000,2.6000
INT0125,Midday,2,4,79.9000,0.0000,18.0000,24.1000,8.0000,3.0000,4.2000,1.9000
INT0125,Midday,2,5,79.9000,0.0000,5.0000,10.8000,5.0000,2.5000,4.2000,1.6000
INT0125,Midday,2,6,79.9000,0.0000,28.7000,33.9000,15.0000,2.5000,3.9000,1.3000
INT0125,Midday,2,7,79.9000,0.0000,5.0000,10.9000,5.0000,2.0000,3.5000,2.4000
INT0125,Midday,2,8,79.9000,0.0000,18.4000,24.3000,8.0000,2.0000,4.0000,1.9000
INT0125,PM Peak,3,1,139.9000,0.0000,13.0000,18.3000,5.0000,3.5000,3.7000,1.6000
INT0125,PM Peak,3,2,139.9000,0.0000,55.0000,61.4000,15.0000,2.5000,5.2000,1.2000
INT0125,PM Peak,3,3,139.9000,0.0000,6.0000,12.1000,5.0000,2.0000,3.5000,2.6000
INT0125,PM Peak,3,4,139.9000,0.0000,42.0000,48.1000,8.0000,2.5000,4.2000,1.9000
INT0125,PM Peak,3,5,139.9000,0.0000,5.0000,10.8000,5.0000,3.0000,4.2000,1.6000
INT0125,PM Peak,3,6,139.9000,0.0000,63.7000,68.9000,15.0000,3.0000,3.9000,1.3000
INT0125,PM Peak,3,7,139.9000,0.0000,5.0000,10.9000,5.0000,2.5000,3.5000,2.4000
INT0125,PM Peak,3,8,139.9000,0.0000,43.4000,49.3000,8.0000,3.5000,4.0000,1.9000
INT0125,Weekend,4,1,89.9000,0.0000,6.0000,11.3000,5.0000,2.5000,3.7000,1.6000
INT0125,Weekend,4,2,89.9000,0.0000,33.0000,39.4000,15.0000,3.0000,5.2000,1.2000
INT0125,Weekend,4,3,89.9000,0.0000,5.0000,11.1000,5.0000,2.5000,3.5000,2.6000
INT0125,Weekend,4,4,89.9000,0.0000,22.0000,28.1000,8.0000,3.0000,4.2000,1.9000
INT0125,Weekend,4,5,89.9000,0.0000,5.0000,10.8000,5.0000,3.5000,4.2000,1.6000
INT0125,Weekend,4,6,89.9000,0.0000,34.7000,39.9000,15.0000,3.0000,3.9000,1.3000
INT0125,Weekend,4,7,89.9000,0.0000,5.0000,10.9000,5.0000,2.0000,3.5000,2.4000
INT0125,Weekend,4,8,89.9000,0.0000,22.4000,28.3000,8.0000,2.5000,4.0000,1.9000
INT0126,AM Peak,1,1,109.4000,0.0000,9.0000,14.2000,5.0000,3.5000,3.7000,1.5000
INT0126,AM Peak,1,2,109.4000,0.0000,37.0000,42.6000,15.0000,2.0000,4.4000,1.2000
INT0126,AM Peak,1,3,109.4000,0.0000,18.0000,25.0000,5.0000,3.5000,3.5000,3.5000
INT0126,AM Peak,1,4,109.4000,0.0000,21.0000,27.6000,8.0000,2.5000,4.1000,2.5000
INT0126,AM Peak,1,5,109.4000,0.0000,8.0000,13.2000,5.0000,3.5000,3.8000,1.4000
INT0126,AM Peak,1,6,109.4000,0.0000,38.0000,43.6000,15.0000,2.5000,4.4000,1.2000
INT0126,AM Peak,1,7,109.4000,0.0000,12.0000,18.9000,5.0000,3.5000,3.5000,3.4000
INT0126,AM Peak,1,8,109.4000,0.0000,27.0000,33.7000,8.0000,2.0000,4.1000,2.6000
INT0126,Midday,2,1,100.4000,0.0000,10.0000,15.2000,5.0000,2.5000,3.7000,1.5000
INT0126,Midday,2,2,100.4000,0.0000,32.0000,37.6000,15.0000,2.0000,4.4000,1.2000
INT0126,Midday,2,3,100.4000,0.0000,15.0000,22.0000,5.0000,3.5000,3.5000,3.5000
INT0126,Midday,2,4,100.4000,0.0000,19.0000,25.6000,8.0000,3.5000,4.1000,2.5000
INT0126,Midday,2,5,100.4000,0.0000,6.0000,11.2000,5.0000,3.0000,3.8000,1.4000
INT0126,Midday,2,6,100.4000,0.0000,36.0000,41.6000,15.0000,2.5000,4.4000,1.2000
INT0126,Midday,2,7,100.4000,0.0000,11.0000,17.9000,5.0000,2.0000,3.5000,3.4000
INT0126,Midday,2,8,100.4000,0.0000,23.0000,29.7000,8.0000,3.0000,4.1000,2.6000
INT0126,PM Peak,3,1,130.4000,0.0000,17.0000,22.2000,5.0000,3.5000,3.7000,1.5000
INT0126,PM Peak,3,2,130.4000,0.0000,44.0000,49.6000,15.0000,3.0000,4.4000,1.2000
INT0126,PM Peak,3,3,130.4000,0.0000,18.0000,25.0000,5.0000,2.0000,3.5000,3.5000
INT0126,PM Peak,3,4,130.4000,0.0000,27.0000,33.6000,8.0000,2.5000,4.1000,2.5000
INT0126,PM Peak,3,5,130.4000,0.0000,7.0000,12.2000,5.0000,2.0000,3.8000,1.4000
INT0126,PM Peak,3,6,130.4000,0.0000,54.0000,59.6000,15.0000,3.0000,4.4000,1.2000
INT0126,PM Peak,3,7,130.4000,0.0000,16.0000,22.9000,5.0000,2.0000,3.5000,3.4000
INT0126,PM Peak,3,8,130.4000,0.0000,29.0000,35.7000,8.0000,2.0000,4.1000,2.6000
INT0126,Weekend,4,1,100.4000,0.0000,10.0000,15.2000,5.0000,2.5000,3.7000,1.5000
INT0126,Weekend,4,2,100.4000,0.0000,32.0000,37.6000,15.0000,3.0000,4.4000,1.2000
INT0126,Weekend,4,3,100.4000,0.0000,15.0000,22.0000,5.0000,2.5000,3.5000,3.5000
INT0126,Weekend,4,4,100.4000,0.0000,19.0000,25.6000,8.0000,2.0000,4.1000,2.5000
INT0126,Weekend,4,5,100.4000,0.0000,6.0000,11.2000,5.0000,2.0000,3.8000,1.4000
INT0126,Weekend,4,6,100.4000,0.0000,36.0000,41.6000,15.0000,3.0000,4.4000,1.2000
INT0126,Weekend,4,7,100.4000,0.0000,11.0000,17.9000,5.0000,2.5000,3.5000,3.4000
INT0126,Weekend,4,8,100.4000,0.0000,23.0000,29.7000,8.0000,2.5000,4.1000,2.6000
INT0127,AM Peak,1,1,130.3000,0.0000,12.0000,17.2000,5.0000,3.5000,3.6000,1.6000
INT0127,AM Peak,1,2,130.3000,0.0000,55.3000,61.0000,15.0000,3.5000,4.4000,1.3000
INT0127,AM Peak,1,3,130.3000,0.0000,13.0000,21.2000,5.0000,2.5000,3.5000,4.7000
INT0127,AM Peak,1,4,130.3000,0.0000,24.2000,30.9000,8.0000,3.5000,3.6000,3.1000
INT0127,AM Peak,1,5,130.3000,0.0000,30.0000,35.4000,5.0000,2.0000,3.8000,1.6000
INT0127,AM Peak,1,6,130.3000,0.0000,37.0000,42.8000,15.0000,2.0000,4.5000,1.3000
INT0127,AM Peak,1,7,130.3000,0.0000,5.0000,13.3000,5.0000,2.5000,3.6000,4.7000
INT0127,AM Peak,1,8,130.3000,0.0000,32.0000,38.8000,8.0000,3.5000,3.7000,3.1000
INT0127,Midday,2,1,89.3000,0.0000,9.0000,14.2000,5.0000,3.0000,3.6000,1.6000
INT0127,Midday,2,2,89.3000,0.0000,32.3000,38.0000,15.0000,2.0000,4.4000,1.3000
INT0127,Midday,2,3,89.3000,0.0000,7.0000,15.2000,5.0000,3.5000,3.5000,4.7000
INT0127,Midday,2,4,89.3000,0.0000,15.2000,21.9000,8.0000,3.0000,3.6000,3.1000
INT0127,Midday,2,5,89.3000,0.0000,17.0000,22.4000,5.0000,2.0000,3.8000,1.6000
INT0127,Midday,2,6,89.3000,0.0000,24.0000,29.8000,15.0000,3.5000,4.5000,1.3000
INT0127,Midday,2,7,89.3000,0.0000,5.0000,13.3000,5.0000,3.0000,3.6000,4.7000
INT0127,Midday,2,8,89.3000,0.0000,17.0000,23.8000,8.0000,3.0000,3.7000,3.1000
INT0127,PM Peak,3,1,120.3000,0.0000,16.0000,21.2000,5.0000,2.0000,3.6000,1.6000
INT0127,PM Peak,3,2,120.3000,0.0000,47.3000,53.0000,15.0000,2.0000,4.4000,1.3000
INT0127,PM Peak,3,3,120.3000,0.0000,9.0000,17.2000,5.0000,2.5000,3.5000,4.7000
INT0127,PM Peak,3,4,120.3000,0.0000,22.2000,28.9000,8.0000,2.5000,3.6000,3.1000
INT0127,PM Peak,3,5,120.3000,0.0000,22.0000,27.4000,5.0000,3.5000,3.8000,1.6000
INT0127,PM Peak,3,6,120.3000,0.0000,41.0000,46.8000,15.0000,2.0000,4.5000,1.3000
INT0127,PM Peak,3,7,120.3000,0.0000,5.0000,13.3000,5.0000,3.5000,3.6000,4.7000
INT0127,PM Peak,3,8,120.3000,0.0000,26.0000,32.8000,8.0000,3.0000,3.7000,3.1000
INT0127,Weekend,4,1,110.3000,0.0000,11.0000,16.2000,5.0000,3.5000,3.6000,1.6000
INT0127,Weekend,4,2,110.3000,0.0000,43.3000,49.0000,15.0000,3.5000,4.4000,1.3000
INT0127,Weekend,4,3,110.3000,0.0000,10.0000,18.2000,5.0000,2.0000,3.5000,4.7000
INT0127,Weekend,4,4,110.3000,0.0000,20.2000,26.9000,8.0000,2.5000,3.6000,3.1000
INT0127,Weekend,4,5,110.3000,0.0000,22.0000,27.4000,5.0000,3.5000,3.8000,1.6000
INT0127,Weekend,4,6,110.3000,0.0000,32.0000,37.8000,15.0000,3.5000,4.5000,1.3000
INT0127,Weekend,4,7,110.3000,0.0000,5.0000,13.3000,5.0000,3.5000,3.6000,4.7000
INT0127,Weekend,4,8,110.3000,0.0000,25.0000,31.8000,8.0000,2.5000,3.7000,3.1000
INT0128,AM Peak,1,1,120.0000,11.0000,19.0000,24.3000,5.0000,3.0000,3.7000,1.6000
INT0128,AM Peak,1,2,120.0000,11.0000,41.5000,46.4000,15.0000,3.5000,3.6000,1.3000
INT0128,AM Peak,1,3,120.0000,11.0000,11.0000,18.1000,5.0000,2.5000,3.5000,3.6000
INT0128,AM Peak,1,4,120.0000,11.0000,25.0000,31.2000,8.0000,2.5000,3.9000,2.3000
INT0128,AM Peak,1,5,120.0000,11.0000,25.0000,30.1000,5.0000,2.5000,3.6000,1.5000
INT0128,AM Peak,1,6,120.0000,11.0000,35.0000,40.6000,15.0000,3.5000,4.3000,1.3000
INT0128,AM Peak,1,7,120.0000,11.0000,5.0000,11.3000,5.0000,3.5000,3.7000,2.6000
INT0128,AM Peak,1,8,120.0000,11.0000,32.2000,38.0000,8.0000,3.0000,3.5000,2.3000
INT0128,Midday,2,1,100.0000,43.0000,17.0000,22.3000,5.0000,2.0000,3.7000,1.6000
INT0128,Midday,2,2,100.0000,43.0000,31.5000,36.4000,15.0000,2.5000,3.6000,1.3000
INT0128,Midday,2,3,100.0000,43.0000,8.0000,15.1000,5.0000,3.5000,3.5000,3.6000
INT0128,Midday,2,4,100.0000,43.0000,20.0000,26.2000,8.0000,3.0000,3.9000,2.3000
INT0128,Midday,2,5,100.0000,43.0000,17.0000,22.1000,5.0000,3.0000,3.6000,1.5000
INT0128,Midday,2,6,100.0000,43.0000,31.0000,36.6000,15.0000,3.0000,4.3000,1.3000
INT0128,Midday,2,7,100.0000,43.0000,5.0000,11.3000,5.0000,3.5000,3.7000,2.6000
INT0128,Midday,2,8,100.0000,43.0000,24.2000,30.0000,8.0000,2.5000,3.5000,2.3000
INT0128,PM Peak,3,1,130.0000,40.0000,27.0000,32.3000,5.0000,3.0000,3.7000,1.6000
INT0128,PM Peak,3,2,130.0000,40.0000,39.5000,44.4000,15.0000,2.5000,3.6000,1.3000
INT0128,PM Peak,3,3,130.0000,40.0000,10.0000,17.1000,5.0000,2.5000,3.5000,3.6000
INT0128,PM Peak,3,4,130.0000,40.0000,30.0000,36.2000,8.0000,2.5000,3.9000,2.3000
INT0128,PM Peak,3,5,130.0000,40.0000,21.0000,26.1000,5.0000,3.5000,3.6000,1.5000
INT0128,PM Peak,3,6,130.0000,40.0000,45.0000,50.6000,15.0000,2.5000,4.3000,1.3000
INT0128,PM Peak,3,7,130.0000,40.0000,5.0000,11.3000,5.0000,3.5000,3.7000,2.6000
INT0128,PM Peak,3,8,130.0000,40.0000,36.2000,42.0000,8.0000,3.0000,3.5000,2.3000
INT0128,Weekend,4,1,100.0000,64.0000,17.0000,22.3000,5.0000,2.5000,3.7000,1.6000
INT0128,Weekend,4,2,100.0000,64.0000,31.5000,36.4000,15.0000,3.5000,3.6000,1.3000
INT0128,Weekend,4,3,100.0000,64.0000,8.0000,15.1000,5.0000,2.5000,3.5000,3.6000
INT0128,Weekend,4,4,100.0000,64.0000,20.0000,26.2000,8.0000,3.0000,3.9000,2.3000
INT0128,Weekend,4,5,100.0000,64.0000,17.0000,22.1000,5.0000,2.0000,3.6000,1.5000
INT0128,Weekend,4,6,100.0000,64.0000,31.0000,36.6000,15.0000,3.5000,4.3000,1.3000
INT0128,Weekend,4,7,100.0000,64.0000,5.0000,11.3000,5.0000,2.0000,3.7000,2.6000
INT0128,Weekend,4,8,100.0000,64.0000,24.2000,30.0000,8.0000,3.0000,3.5000,2.3000
INT0129,AM Peak,1,1,110.0000,0.0000,16.0000,20.0000,5.0000,3.0000,3.0000,1.0000
INT0129,AM Peak,1,2,110.0000,0.0000,34.0000,38.5000,15.0000,2.0000,3.5000,1.0000
INT0129,AM Peak,1,3,110.0000,0.0000,18.0000,22.0000,5.0000,2.0000,3.0000,1.0000
INT0129,AM Peak,1,4,110.0000,0.0000,25.0000,29.5000,8.0000,3.0000,3.5000,1.0000
INT0129,AM Peak,1,5,110.0000,0.0000,17.0000,21.0000,5.0000,3.5000,3.0000,1.0000
INT0129,AM Peak,1,6,110.0000,0.0000,33.0000,37.5000,15.0000,3.5000,3.5000,1.0000
INT0129,AM Peak,1,7,110.0000,0.0000,11.0000,15.0000,5.0000,3.0000,3.0000,1.0000
INT0129,AM Peak,1,8,110.0000,0.0000,32.0000,36.5000,8.0000,2.5000,3.5000,1.0000
INT0129,Midday,2,1,80.0000,0.0000,13.0000,17.0000,5.0000,3.5000,3.0000,1.0000
INT0129,Midday,2,2,80.0000,0.0000,22.0000,26.5000,15.0000,2.5000,3.5000,1.0000
INT0129,Midday,2,3,80.0000,0.0000,11.0000,15.0000,5.0000,3.0000,3.0000,1.0000
INT0129,Midday,2,4,80.0000,0.0000,17.0000,21.5000,8.0000,2.5000,3.5000,1.0000
INT0129,Midday,2,5,80.0000,0.0000,10.0000,14.0000,5.0000,3.5000,3.0000,1.0000
INT0129,Midday,2,6,80.0000,0.0000,25.0000,29.5000,15.0000,3.5000,3.5000,1.0000
INT0129,Midday,2,7,80.0000,0.0000,8.0000,12.0000,5.0000,3.5000,3.0000,1.0000
INT0129,Midday,2,8,80.0000,0.0000,20.0000,24.5000,8.0000,2.0000,3.5000,1.0000
INT0129,PM Peak,3,1,140.0000,0.0000,30.0000,34.0000,5.0000,3.0000,3.0000,1.0000
INT0129,PM Peak,3,2,140.0000,0.0000,41.0000,45.5000,15.0000,2.5000,3.5000,1.0000
INT0129,PM Peak,3,3,140.0000,0.0000,18.0000,22.0000,5.0000,3.5000,3.0000,1.0000
INT0129,PM Peak,3,4,140.0000,0.0000,34.0000,38.5000,8.0000,2.5000,3.5000,1.0000
INT0129,PM Peak,3,5,140.0000,0.0000,17.0000,21.0000,5.0000,2.5000,3.0000,1.0000
INT0129,PM Peak,3,6,140.0000,0.0000,54.0000,58.5000,15.0000,2.5000,3.5000,1.0000
INT0129,PM Peak,3,7,140.0000,0.0000,16.0000,20.0000,5.0000,3.5000,3.0000,1.0000
INT0129,PM Peak,3,8,140.0000,0.0000,36.0000,40.5000,8.0000,2.5000,3.5000,1.0000
INT0129,Weekend,4,1,110.0000,0.0000,19.0000,23.0000,5.0000,2.0000,3.0000,1.0000
INT0129,Weekend,4,2,110.0000,0.0000,33.0000,37.5000,15.0000,2.0000,3.5000,1.0000
INT0129,Weekend,4,3,110.0000,0.0000,16.0000,20.0000,5.0000,3.0000,3.0000,1.0000
INT0129,Weekend,4,4,110.0000,0.0000,25.0000,29.5000,8.0000,2.0000,3.5000,1.0000
INT0129,Weekend,4,5,110.0000,0.0000,15.0000,19.0000,5.0000,3.0000,3.0000,1.0000
INT0129,Weekend,4,6,110.0000,0.0000,37.0000,41.5000,15.0000,3.5000,3.5000,1.0000
INT0129,Weekend,4,7,110.0000,0.0000,12.0000,16.0000,5.0000,3.5000,3.0000,1.0000
INT0129,Weekend,4,8,110.0000,0.0000,29.0000,33.5000,8.0000,2.0000,3.5000,1.0000
INT0130,AM Peak,1,1,100.0000,0.0000,11.0000,15.0000,5.0000,0.0000,3.0000,1.0000
INT0130,AM Peak,1,2,100.0000,0.0000,42.0000,46.5000,15.0000,0.0000,3.5000,1.0000
INT0130,AM Peak,1,3,100.0000,0.0000,10.0000,14.0000,5.0000,0.0000,3.0000,1.0000
INT0130,AM Peak,1,4,100.0000,0.0000,20.0000,24.5000,8.0000,0.0000,3.5000,1.0000
INT0130,AM Peak,1,5,100.0000,0.0000,21.0000,25.0000,5.0000,0.0000,3.0000,1.0000
INT0130,AM Peak,1,6,100.0000,0.0000,32.0000,36.5000,15.0000,0.0000,3.5000,1.0000
INT0130,AM Peak,1,7,100.0000,0.0000,13.0000,17.0000,5.0000,0.0000,3.0000,1.0000
INT0130,AM Peak,1,8,100.0000,0.0000,17.0000,21.5000,8.0000,0.0000,3.5000,1.0000
INT0130,Midday,2,1,100.0000,0.0000,13.0000,17.0000,5.0000,0.0000,3.0000,1.0000
INT0130,Midday,2,2,100.0000,0.0000,40.0000,44.5000,15.0000,0.0000,3.5000,1.0000
INT0130,Midday,2,3,100.0000,0.0000,9.0000,13.0000,5.0000,0.0000,3.0000,1.0000
INT0130,Midday,2,4,100.0000,0.0000,21.0000,25.5000,8.0000,0.0000,3.5000,1.0000
INT0130,Midday,2,5,100.0000,0.0000,18.0000,22.0000,5.0000,0.0000,3.0000,1.0000
INT0130,Midday,2,6,100.0000,0.0000,35.0000,39.5000,15.0000,0.0000,3.5000,1.0000
INT0130,Midday,2,7,100.0000,0.0000,14.0000,18.0000,5.0000,0.0000,3.0000,1.0000
INT0130,Midday,2,8,100.0000,0.0000,16.0000,20.5000,8.0000,0.0000,3.5000,1.0000
INT0130,PM Peak,3,1,100.0000,0.0000,15.0000,19.0000,5.0000,0.0000,3.0000,1.0000
INT0130,PM Peak,3,2,100.0000,0.0000,38.0000,42.5000,15.0000,0.0000,3.5000,1.0000
INT0130,PM Peak,3,3,100.0000,0.0000,8.0000,12.0000,5.0000,0.0000,3.0000,1.0000
INT0130,PM Peak,3,4,100.0000,0.0000,22.0000,26.5000,8.0000,0.0000,3.5000,1.0000
INT0130,PM Peak,3,5,100.0000,0.0000,16.0000,20.0000,5.0000,0.0000,3.0000,1.0000
INT0130,PM Peak,3,6,100.0000,0.0000,37.0000,41.5000,15.0000,0.0000,3.5000,1.0000
INT0130,PM Peak,3,7,100.0000,0.0000,15.0000,19.0000,5.0000,0.0000,3.0000,1.0000
INT0130,PM Peak,3,8,100.0000,0.0000,15.0000,19.5000,8.0000,0.0000,3.5000,1.0000
INT0130,Weekend,4,1,100.0000,0.0000,13.0000,17.0000,5.0000,0.0000,3.0000,1.0000
INT0130,Weekend,4,2,100.0000,0.0000,40.0000,44.5000,15.0000,0.0000,3.5000,1.0000
INT0130,Weekend,4,3,100.0000,0.0000,9.0000,13.0000,5.0000,0.0000,3.0000,1.0000
INT0130,Weekend,4,4,100.0000,0.0000,21.0000,25.5000,8.0000,0.0000,3.5000,1.0000
INT0130,Weekend,4,5,100.0000,0.0000,18.0000,22.0000,5.0000,0.0000,3.0000,1.0000
INT0130,Weekend,4,6,100.0000,0.0000,35.0000,39.5000,15.0000,0.0000,3.5000,1.0000
INT0130,Weekend,4,7,100.0000,0.0000,14.0000,18.0000,5.0000,0.0000,3.0000,1.0000
INT0130,Weekend,4,8,100.0000,0.0000,16.0000,20.5000,8.0000,0.0000,3.5000,1.0000
INT0131,AM Peak,1,1,120.5000,0.0000,16.0000,20.7000,5.0000,2.0000,3.3000,1.4000
INT0131,AM Peak,1,2,120.5000,0.0000,51.0000,56.9000,15.0000,3.0000,4.8000,1.1000
INT0131,AM Peak,1,3,120.5000,0.0000,5.0000,11.5000,5.0000,2.5000,3.4000,3.1000
INT0131,AM Peak,1,4,120.5000,0.0000,25.0000,31.4000,8.0000,3.5000,4.0000,2.4000
INT0131,AM Peak,1,5,120.5000,0.0000,27.0000,32.4000,5.0000,2.0000,4.0000,1.4000
INT0131,AM Peak,1,6,120.5000,0.0000,40.1000,45.2000,15.0000,3.0000,4.0000,1.1000
INT0131,AM Peak,1,7,120.5000,0.0000,5.0000,11.3000,5.0000,3.5000,3.2000,3.1000
INT0131,AM Peak,1,8,120.5000,0.0000,25.2000,31.6000,8.0000,3.5000,4.0000,2.4000
INT0131,Midday,2,1,89.5000,0.0000,12.0000,16.7000,5.0000,2.0000,3.3000,1.4000
INT0131,Midday,2,2,89.5000,0.0000,32.0000,37.9000,15.0000,3.0000,4.8000,1.1000
INT0131,Midday,2,3,89.5000,0.0000,5.0000,11.5000,5.0000,2.0000,3.4000,3.1000
INT0131,Midday,2,4,89.5000,0.0000,17.0000,23.4000,8.0000,3.5000,4.0000,2.4000
INT0131,Midday,2,5,89.5000,0.0000,16.0000,21.4000,5.0000,2.0000,4.0000,1.4000
INT0131,Midday,2,6,89.5000,0.0000,28.1000,33.2000,15.0000,2.5000,4.0000,1.1000
INT0131,Midday,2,7,89.5000,0.0000,5.0000,11.3000,5.0000,3.5000,3.2000,3.1000
INT0131,Midday,2,8,89.5000,0.0000,17.2000,23.6000,8.0000,2.5000,4.0000,2.4000
INT0131,PM Peak,3,1,140.5000,0.0000,25.0000,29.7000,5.0000,3.5000,3.3000,1.4000
INT0131,PM Peak,3,2,140.5000,0.0000,50.0000,55.9000,15.0000,2.0000,4.8000,1.1000
INT0131,PM Peak,3,3,140.5000,0.0000,5.0000,11.5000,5.0000,3.0000,3.4000,3.1000
INT0131,PM Peak,3,4,140.5000,0.0000,37.0000,43.4000,8.0000,3.0000,4.0000,2.4000
INT0131,PM Peak,3,5,140.5000,0.0000,23.0000,28.4000,5.0000,3.5000,4.0000,1.4000
INT0131,PM Peak,3,6,140.5000,0.0000,52.1000,57.2000,15.0000,2.0000,4.0000,1.1000
INT0131,PM Peak,3,7,140.5000,0.0000,6.0000,12.3000,5.0000,2.5000,3.2000,3.1000
INT0131,PM Peak,3,8,140.5000,0.0000,36.2000,42.6000,8.0000,2.0000,4.0000,2.4000
INT0131,Weekend,4,1,109.5000,0.0000,16.0000,20.7000,5.0000,3.5000,3.3000,1.4000
INT0131,Weekend,4,2,109.5000,0.0000,41.0000,46.9000,15.0000,3.0000,4.8000,1.1000
INT0131,Weekend,4,3,109.5000,0.0000,5.0000,11.5000,5.0000,2.5000,3.4000,3.1000
INT0131,Weekend,4,4,109.5000,0.0000,24.0000,30.4000,8.0000,3.5000,4.0000,2.4000
INT0131,Weekend,4,5,109.5000,0.0000,20.0000,25.4000,5.0000,2.5000,4.0000,1.4000
INT0131,Weekend,4,6,109.5000,0.0000,37.1000,42.2000,15.0000,3.0000,4.0000,1.1000
INT0131,Weekend,4,7,109.5000,0.0000,5.0000,11.3000,5.0000,3.5000,3.2000,3.1000
INT0131,Weekend,4,8,109.5000,0.0000,24.2000,30.6000,8.0000,3.5000,4.0000,2.4000
INT0132,AM Peak,1,1,110.0000,27.0000,8.0000,12.0000,5.0000,2.5000,3.0000,1.0000
INT0132,AM Peak,1,2,110.0000,27.0000,48.0000,52.5000,15.0000,3.5000,3.5000,1.0000
INT0132,AM Peak,1,3,110.0000,27.0000,6.0000,10.0000,5.0000,3.0000,3.0000,1.0000
INT0132,AM Peak,1,4,110.0000,27.0000,31.0000,35.5000,8.0000,2.5000,3.5000,1.0000
INT0132,AM Peak,1,5,110.0000,27.0000,13.0000,17.0000,5.0000,3.5000,3.0000,1.0000
INT0132,AM Peak,1,6,110.0000,27.0000,43.0000,47.5000,15.0000,3.5000,3.5000,1.0000
INT0132,AM Peak,1,7,110.0000,27.0000,14.0000,18.0000,5.0000,3.0000,3.0000,1.0000
INT0132,AM Peak,1,8,110.0000,27.0000,23.0000,27.5000,8.0000,2.0000,3.5000,1.0000
INT0132,Midday,2,1,80.0000,75.0000,7.0000,11.0000,5.0000,2.0000,3.0000,1.0000
INT0132,Midday,2,2,80.0000,75.0000,31.0000,35.5000,15.0000,3.5000,3.5000,1.0000
INT0132,Midday,2,3,80.0000,75.0000,5.0000,9.0000,5.0000,3.0000,3.0000,1.0000
INT0132,Midday,2,4,80.0000,75.0000,20.0000,24.5000,8.0000,2.5000,3.5000,1.0000
INT0132,Midday,2,5,80.0000,75.0000,7.0000,11.0000,5.0000,3.0000,3.0000,1.0000
INT0132,Midday,2,6,80.0000,75.0000,31.0000,35.5000,15.0000,3.0000,3.5000,1.0000
INT0132,Midday,2,7,80.0000,75.0000,10.0000,14.0000,5.0000,2.0000,3.0000,1.0000
INT0132,Midday,2,8,80.0000,75.0000,15.0000,19.5000,8.0000,3.0000,3.5000,1.0000
INT0132,PM Peak,3,1,120.0000,62.0000,13.0000,17.0000,5.0000,2.5000,3.0000,1.0000
INT0132,PM Peak,3,2,120.0000,62.0000,50.0000,54.5000,15.0000,2.0000,3.5000,1.0000
INT0132,PM Peak,3,3,120.0000,62.0000,5.0000,9.0000,5.0000,2.5000,3.0000,1.0000
INT0132,PM Peak,3,4,120.0000,62.0000,35.0000,39.5000,8.0000,3.5000,3.5000,1.0000
INT0132,PM Peak,3,5,120.0000,62.0000,10.0000,14.0000,5.0000,2.5000,3.0000,1.0000
INT0132,PM Peak,3,6,120.0000,62.0000,53.0000,57.5000,15.0000,3.5000,3.5000,1.0000
INT0132,PM Peak,3,7,120.0000,62.0000,18.0000,22.0000,5.0000,2.0000,3.0000,1.0000
INT0132,PM Peak,3,8,120.0000,62.0000,22.0000,26.5000,8.0000,3.5000,3.5000,1.0000
INT0132,Weekend,4,1,100.0000,53.0000,9.0000,13.0000,5.0000,2.5000,3.0000,1.0000
INT0132,Weekend,4,2,100.0000,53.0000,41.0000,45.5000,15.0000,2.0000,3.5000,1.0000
INT0132,Weekend,4,3,100.0000,53.0000,5.0000,9.0000,5.0000,2.5000,3.0000,1.0000
INT0132,Weekend,4,4,100.0000,53.0000,28.0000,32.5000,8.0000,2.0000,3.5000,1.0000
INT0132,Weekend,4,5,100.0000,53.0000,10.0000,14.0000,5.0000,2.0000,3.0000,1.0000
INT0132,Weekend,4,6,100.0000,53.0000,40.0000,44.5000,15.0000,2.0000,3.5000,1.0000
INT0132,Weekend,4,7,100.0000,53.0000,14.0000,18.0000,5.0000,3.0000,3.0000,1.0000
INT0132,Weekend,4,8,100.0000,53.0000,19.0000,23.5000,8.0000,3.5000,3.5000,1.0000
INT0133,AM Peak,1,1,100.2000,0.0000,10.0000,16.9000,5.0000,0.0000,5.9000,1.0000
INT0133,AM Peak,1,2,100.2000,0.0000,36.0000,41.8000,15.0000,0.0000,4.8000,1.0000
INT0133,AM Peak,1,3,100.2000,0.0000,5.0000,12.9000,5.0000,0.0000,3.7000,4.2000
INT0133,AM Peak,1,4,100.2000,0.0000,22.5000,28.6000,8.0000,0.0000,3.5000,2.6000
INT0133,AM Peak,1,5,100.2000,0.0000,17.0000,22.3000,5.0000,0.0000,4.2000,1.1000
INT0133,AM Peak,1,6,100.2000,0.0000,29.4000,36.4000,15.0000,0.0000,6.0000,1.0000
INT0133,AM Peak,1,7,100.2000,0.0000,5.0000,12.6000,5.0000,0.0000,3.7000,3.9000
INT0133,AM Peak,1,8,100.2000,0.0000,22.0000,28.9000,8.0000,0.0000,3.5000,3.4000
INT0133,Midday,2,1,100.2000,0.0000,12.0000,18.9000,5.0000,0.0000,5.9000,1.0000
INT0133,Midday,2,2,100.2000,0.0000,34.0000,39.8000,15.0000,0.0000,4.8000,1.0000
INT0133,Midday,2,3,100.2000,0.0000,5.0000,12.9000,5.0000,0.0000,3.7000,4.2000
INT0133,Midday,2,4,100.2000,0.0000,22.5000,28.6000,8.0000,0.0000,3.5000,2.6000
INT0133,Midday,2,5,100.2000,0.0000,15.0000,20.3000,5.0000,0.0000,4.2000,1.1000
INT0133,Midday,2,6,100.2000,0.0000,31.4000,38.4000,15.0000,0.0000,6.0000,1.0000
INT0133,Midday,2,7,100.2000,0.0000,6.0000,13.6000,5.0000,0.0000,3.7000,3.9000
INT0133,Midday,2,8,100.2000,0.0000,21.0000,27.9000,8.0000,0.0000,3.5000,3.4000
INT0133,PM Peak,3,1,100.2000,0.0000,14.0000,20.9000,5.0000,0.0000,5.9000,1.0000
INT0133,PM Peak,3,2,100.2000,0.0000,32.0000,37.8000,15.0000,0.0000,4.8000,1.0000
INT0133,PM Peak,3,3,100.2000,0.0000,5.0000,12.9000,5.0000,0.0000,3.7000,4.2000
INT0133,PM Peak,3,4,100.2000,0.0000,22.5000,28.6000,8.0000,0.0000,3.5000,2.6000
INT0133,PM Peak,3,5,100.2000,0.0000,13.0000,18.3000,5.0000,0.0000,4.2000,1.1000
INT0133,PM Peak,3,6,100.2000,0.0000,33.4000,40.4000,15.0000,0.0000,6.0000,1.0000
INT0133,PM Peak,3,7,100.2000,0.0000,7.0000,14.6000,5.0000,0.0000,3.7000,3.9000
INT0133,PM Peak,3,8,100.2000,0.0000,20.0000,26.9000,8.0000,0.0000,3.5000,3.4000
INT0133,Weekend,4,1,100.2000,0.0000,12.0000,18.9000,5.0000,0.0000,5.9000,1.0000
INT0133,Weekend,4,2,100.2000,0.0000,34.0000,39.8000,15.0000,0.0000,4.8000,1.0000
INT0133,Weekend,4,3,100.2000,0.0000,5.0000,12.9000,5.0000,0.0000,3.7000,4.2000
INT0133,Weekend,4,4,100.2000,0.0000,22.5000,28.6000,8.0000,0.0000,3.5000,2.6000
INT0133,Weekend,4,5,100.2000,0.0000,15.0000,20.3000,5.0000,0.0000,4.2000,1.1000
INT0133,Weekend,4,6,100.2000,0.0000,31.4000,38.4000,15.0000,0.0000,6.0000,1.0000
INT0133,Weekend,4,7,100.2000,0.0000,6.0000,13.6000,5.0000,0.0000,3.7000,3.9000
INT0133,Weekend,4,8,100.2000,0.0000,21.0000,27.9000,8.0000,0.0000,3.5000,3.4000
INT0134,AM Peak,1,1,110.2000,0.0000,10.0000,15.2000,5.0000,3.0000,3.6000,1.6000
INT0134,AM Peak,1,2,110.2000,0.0000,42.0000,47.6000,15.0000,2.5000,4.4000,1.2000
INT0134,AM Peak,1,3,110.2000,0.0000,6.0000,13.0000,5.0000,2.5000,3.0000,4.0000
INT0134,AM Peak,1,4,110.2000,0.0000,28.0000,34.4000,8.0000,2.5000,3.2000,3.2000
INT0134,AM Peak,1,5,110.2000,0.0000,18.0000,23.2000,5.0000,2.5000,3.6000,1.6000
INT0134,AM Peak,1,6,110.2000,0.0000,34.0000,39.6000,15.0000,2.0000,4.4000,1.2000
INT0134,AM Peak,1,7,110.2000,0.0000,9.0000,16.0000,5.0000,3.0000,3.0000,4.0000
INT0134,AM Peak,1,8,110.2000,0.0000,25.2000,31.4000,8.0000,3.0000,3.0000,3.2000
INT0134,Midday,2,1,90.2000,0.0000,9.0000,14.2000,5.0000,2.0000,3.6000,1.6000
INT0134,Midday,2,2,90.2000,0.0000,32.0000,37.6000,15.0000,2.0000,4.4000,1.2000
INT0134,Midday,2,3,90.2000,0.0000,5.0000,12.0000,5.0000,3.5000,3.0000,4.0000
INT0134,Midday,2,4,90.2000,0.0000,20.0000,26.4000,8.0000,3.0000,3.2000,3.2000
INT0134,Midday,2,5,90.2000,0.0000,13.0000,18.2000,5.0000,2.0000,3.6000,1.6000
INT0134,Midday,2,6,90.2000,0.0000,28.0000,33.6000,15.0000,2.5000,4.4000,1.2000
INT0134,Midday,2,7,90.2000,0.0000,7.0000,14.0000,5.0000,3.5000,3.0000,4.0000
INT0134,Midday,2,8,90.2000,0.0000,18.2000,24.4000,8.0000,2.5000,3.0000,3.2000
INT0134,PM Peak,3,1,130.2000,0.0000,18.0000,23.2000,5.0000,3.0000,3.6000,1.6000
INT0134,PM Peak,3,2,130.2000,0.0000,49.0000,54.6000,15.0000,2.0000,4.4000,1.2000
INT0134,PM Peak,3,3,130.2000,0.0000,5.0000,12.0000,5.0000,2.0000,3.0000,4.0000
INT0134,PM Peak,3,4,130.2000,0.0000,34.0000,40.4000,8.0000,3.0000,3.2000,3.2000
INT0134,PM Peak,3,5,130.2000,0.0000,18.0000,23.2000,5.0000,3.0000,3.6000,1.6000
INT0134,PM Peak,3,6,130.2000,0.0000,49.0000,54.6000,15.0000,3.0000,4.4000,1.2000
INT0134,PM Peak,3,7,130.2000,0.0000,12.0000,19.0000,5.0000,2.0000,3.0000,4.0000
INT0134,PM Peak,3,8,130.2000,0.0000,27.2000,33.4000,8.0000,2.0000,3.0000,3.2000
INT0134,Weekend,4,1,100.2000,0.0000,11.0000,16.2000,5.0000,2.0000,3.6000,1.6000
INT0134,Weekend,4,2,100.2000,0.0000,36.0000,41.6000,15.0000,3.5000,4.4000,1.2000
INT0134,Weekend,4,3,100.2000,0.0000,5.0000,12.0000,5.0000,2.5000,3.0000,4.0000
INT0134,Weekend,4,4,100.2000,0.0000,24.0000,30.4000,8.0000,3.5000,3.2000,3.2000
INT0134,Weekend,4,5,100.2000,0.0000,14.0000,19.2000,5.0000,2.5000,3.6000,1.6000
INT0134,Weekend,4,6,100.2000,0.0000,33.0000,38.6000,15.0000,3.5000,4.4000,1.2000
INT0134,Weekend,4,7,100.2000,0.0000,8.0000,15.0000,5.0000,2.0000,3.0000,4.0000
INT0134,Weekend,4,8,100.2000,0.0000,21.2000,27.4000,8.0000,3.0000,3.0000,3.2000
INT0135,AM Peak,1,1,119.8000,0.0000,16.0000,21.8000,5.0000,2.5000,3.7000,2.1000
INT0135,AM Peak,1,2,119.8000,0.0000,43.1000,48.7000,15.0000,2.0000,4.1000,1.5000
INT0135,AM Peak,1,3,119.8000,0.0000,7.0000,13.7000,5.0000,2.5000,3.5000,3.2000
INT0135,AM Peak,1,4,119.8000,0.0000,29.0000,35.6000,8.0000,3.0000,4.1000,2.5000
INT0135,AM Peak,1,5,119.8000,0.0000,7.0000,12.4000,5.0000,2.0000,3.6000,1.8000
INT0135,AM Peak,1,6,119.8000,0.0000,52.0000,58.1000,15.0000,3.0000,4.7000,1.4000
INT0135,AM Peak,1,7,119.8000,0.0000,10.0000,16.6000,5.0000,2.0000,3.7000,2.9000
INT0135,AM Peak,1,8,119.8000,0.0000,26.3000,32.7000,8.0000,2.0000,4.0000,2.4000
INT0135,Midday,2,1,79.8000,0.0000,10.0000,15.8000,5.0000,3.0000,3.7000,2.1000
INT0135,Midday,2,2,79.8000,0.0000,24.1000,29.7000,15.0000,2.5000,4.1000,1.5000
INT0135,Midday,2,3,79.8000,0.0000,5.0000,11.7000,5.0000,2.0000,3.5000,3.2000
INT0135,Midday,2,4,79.8000,0.0000,16.0000,22.6000,8.0000,3.5000,4.1000,2.5000
INT0135,Midday,2,5,79.8000,0.0000,5.0000,10.4000,5.0000,3.5000,3.6000,1.8000
INT0135,Midday,2,6,79.8000,0.0000,29.0000,35.1000,15.0000,3.5000,4.7000,1.4000
INT0135,Midday,2,7,79.8000,0.0000,7.0000,13.6000,5.0000,3.5000,3.7000,2.9000
INT0135,Midday,2,8,79.8000,0.0000,14.3000,20.7000,8.0000,3.5000,4.0000,2.4000
INT0135,PM Peak,3,1,119.8000,0.0000,21.0000,26.8000,5.0000,3.0000,3.7000,2.1000
INT0135,PM Peak,3,2,119.8000,0.0000,38.1000,43.7000,15.0000,2.0000,4.1000,1.5000
INT0135,PM Peak,3,3,119.8000,0.0000,5.0000,11.7000,5.0000,3.0000,3.5000,3.2000
INT0135,PM Peak,3,4,119.8000,0.0000,31.0000,37.6000,8.0000,2.0000,4.1000,2.5000
INT0135,PM Peak,3,5,119.8000,0.0000,5.0000,10.4000,5.0000,2.0000,3.6000,1.8000
INT0135,PM Peak,3,6,119.8000,0.0000,54.0000,60.1000,15.0000,3.5000,4.7000,1.4000
INT0135,PM Peak,3,7,119.8000,0.0000,13.0000,19.6000,5.0000,3.5000,3.7000,2.9000
INT0135,PM Peak,3,8,119.8000,0.0000,23.3000,29.7000,8.0000,2.5000,4.0000,2.4000
INT0135,Weekend,4,1,89.8000,0.0000,12.0000,17.8000,5.0000,2.0000,3.7000,2.1000
INT0135,Weekend,4,2,89.8000,0.0000,28.1000,33.7000,15.0000,2.0000,4.1000,1.5000
INT0135,Weekend,4,3,89.8000,0.0000,5.0000,11.7000,5.0000,3.0000,3.5000,3.2000
INT0135,Weekend,4,4,89.8000,0.0000,20.0000,26.6000,8.0000,2.5000,4.1000,2.5000
INT0135,Weekend,4,5,89.8000,0.0000,5.0000,10.4000,5.0000,3.0000,3.6000,1.8000
INT0135,Weekend,4,6,89.8000,0.0000,35.0000,41.1000,15.0000,2.0000,4.7000,1.4000
INT0135,Weekend,4,7,89.8000,0.0000,8.0000,14.6000,5.0000,3.0000,3.7000,2.9000
INT0135,Weekend,4,8,89.8000,0.0000,17.3000,23.7000,8.0000,3.0000,4.0000,2.4000
INT0136,AM Peak,1,1,130.0000,0.0000,21.0000,26.6000,5.0000,2.5000,3.0000,2.6000
INT0136,AM Peak,1,2,130.0000,0.0000,42.0000,47.8000,15.0000,3.0000,3.9000,1.9000
INT0136,AM Peak,1,3,130.0000,0.0000,9.0000,15.5000,5.0000,3.5000,3.2000,3.3000
INT0136,AM Peak,1,4,130.0000,0.0000,34.0000,40.1000,8.0000,3.0000,3.7000,2.4000
INT0136,AM Peak,1,5,130.0000,0.0000,24.0000,29.8000,5.0000,2.5000,3.2000,2.6000
INT0136,AM Peak,1,6,130.0000,0.0000,39.0000,44.6000,15.0000,2.5000,3.7000,1.9000
INT0136,AM Peak,1,7,130.0000,0.0000,6.0000,12.4000,5.0000,3.0000,3.1000,3.3000
INT0136,AM Peak,1,8,130.0000,0.0000,37.1000,43.2000,8.0000,2.5000,3.7000,2.4000
INT0136,Midday,2,1,80.0000,0.0000,13.0000,18.6000,5.0000,2.5000,3.0000,2.6000
INT0136,Midday,2,2,80.0000,0.0000,20.0000,25.8000,15.0000,3.5000,3.9000,1.9000
INT0136,Midday,2,3,80.0000,0.0000,5.0000,11.5000,5.0000,3.0000,3.2000,3.3000
INT0136,Midday,2,4,80.0000,0.0000,18.0000,24.1000,8.0000,2.0000,3.7000,2.4000
INT0136,Midday,2,5,80.0000,0.0000,11.0000,16.8000,5.0000,2.5000,3.2000,2.6000
INT0136,Midday,2,6,80.0000,0.0000,22.0000,27.6000,15.0000,2.0000,3.7000,1.9000
INT0136,Midday,2,7,80.0000,0.0000,5.0000,11.4000,5.0000,2.0000,3.1000,3.3000
INT0136,Midday,2,8,80.0000,0.0000,18.1000,24.2000,8.0000,2.5000,3.7000,2.4000
INT0136,PM Peak,3,1,140.0000,0.0000,30.0000,35.6000,5.0000,2.5000,3.0000,2.6000
INT0136,PM Peak,3,2,140.0000,0.0000,40.0000,45.8000,15.0000,3.0000,3.9000,1.9000
INT0136,PM Peak,3,3,140.0000,0.0000,7.0000,13.5000,5.0000,3.5000,3.2000,3.3000
INT0136,PM Peak,3,4,140.0000,0.0000,39.0000,45.1000,8.0000,3.5000,3.7000,2.4000
INT0136,PM Peak,3,5,140.0000,0.0000,20.0000,25.8000,5.0000,2.0000,3.2000,2.6000
INT0136,PM Peak,3,6,140.0000,0.0000,50.0000,55.6000,15.0000,2.0000,3.7000,1.9000
INT0136,PM Peak,3,7,140.0000,0.0000,8.0000,14.4000,5.0000,3.0000,3.1000,3.3000
INT0136,PM Peak,3,8,140.0000,0.0000,38.1000,44.2000,8.0000,2.0000,3.7000,2.4000
INT0136,Weekend,4,1,110.0000,0.0000,19.0000,24.6000,5.0000,3.0000,3.0000,2.6000
INT0136,Weekend,4,2,110.0000,0.0000,32.0000,37.8000,15.0000,3.0000,3.9000,1.9000
INT0136,Weekend,4,3,110.0000,0.0000,6.0000,12.5000,5.0000,2.0000,3.2000,3.3000
INT0136,Weekend,4,4,110.0000,0.0000,29.0000,35.1000,8.0000,3.5000,3.7000,2.4000
INT0136,Weekend,4,5,110.0000,0.0000,17.0000,22.8000,5.0000,2.5000,3.2000,2.6000
INT0136,Weekend,4,6,110.0000,0.0000,34.0000,39.6000,15.0000,3.0000,3.7000,1.9000
INT0136,Weekend,4,7,110.0000,0.0000,5.0000,11.4000,5.0000,3.0000,3.1000,3.3000
INT0136,Weekend,4,8,110.0000,0.0000,30.1000,36.2000,8.0000,2.0000,3.7000,2.4000
INT0137,AM Peak,1,1,130.7000,0.0000,17.0000,22.5000,5.0000,3.0000,4.0000,1.5000
INT0137,AM Peak,1,2,130.7000,0.0000,52.0000,58.9000,15.0000,3.5000,5.7000,1.2000
INT0137,AM Peak,1,3,130.7000,0.0000,9.0000,15.4000,5.0000,2.5000,3.0000,3.4000
INT0137,AM Peak,1,4,130.7000,0.0000,28.6000,33.9000,8.0000,3.5000,3.0000,2.3000
INT0137,AM Peak,1,5,130.7000,0.0000,22.0000,28.3000,5.0000,2.5000,4.8000,1.5000
INT0137,AM Peak,1,6,130.7000,0.0000,47.3000,53.1000,15.0000,2.0000,4.6000,1.2000
INT0137,AM Peak,1,7,130.7000,0.0000,6.0000,12.4000,5.0000,3.0000,3.0000,3.4000
INT0137,AM Peak,1,8,130.7000,0.0000,31.0000,36.9000,8.0000,2.0000,3.6000,2.3000
INT0137,Midday,2,1,79.7000,0.0000,11.0000,16.5000,5.0000,2.0000,4.0000,1.5000
INT0137,Midday,2,2,79.7000,0.0000,25.0000,31.9000,15.0000,3.0000,5.7000,1.2000
INT0137,Midday,2,3,79.7000,0.0000,5.0000,11.4000,5.0000,3.0000,3.0000,3.4000
INT0137,Midday,2,4,79.7000,0.0000,14.6000,19.9000,8.0000,3.0000,3.0000,2.3000
INT0137,Midday,2,5,79.7000,0.0000,10.0000,16.3000,5.0000,2.0000,4.8000,1.5000
INT0137,Midday,2,6,79.7000,0.0000,26.3000,32.1000,15.0000,3.0000,4.6000,1.2000
INT0137,Midday,2,7,79.7000,0.0000,5.0000,11.4000,5.0000,2.5000,3.0000,3.4000
INT0137,Midday,2,8,79.7000,0.0000,14.0000,19.9000,8.0000,3.0000,3.6000,2.3000
INT0137,PM Peak,3,1,129.7000,0.0000,23.0000,28.5000,5.0000,3.0000,4.0000,1.5000
INT0137,PM Peak,3,2,129.7000,0.0000,46.0000,52.9000,15.0000,3.5000,5.7000,1.2000
INT0137,PM Peak,3,3,129.7000,0.0000,7.0000,13.4000,5.0000,3.0000,3.0000,3.4000
INT0137,PM Peak,3,4,129.7000,0.0000,29.6000,34.9000,8.0000,2.5000,3.0000,2.3000
INT0137,PM Peak,3,5,129.7000,0.0000,16.0000,22.3000,5.0000,3.5000,4.8000,1.5000
INT0137,PM Peak,3,6,129.7000,0.0000,53.3000,59.1000,15.0000,2.5000,4.6000,1.2000
INT0137,PM Peak,3,7,129.7000,0.0000,8.0000,14.4000,5.0000,2.5000,3.0000,3.4000
INT0137,PM Peak,3,8,129.7000,0.0000,28.0000,33.9000,8.0000,3.5000,3.6000,2.3000
INT0137,Weekend,4,1,90.7000,0.0000,12.0000,17.5000,5.0000,3.5000,4.0000,1.5000
INT0137,Weekend,4,2,90.7000,0.0000,31.0000,37.9000,15.0000,3.0000,5.7000,1.2000
INT0137,Weekend,4,3,90.7000,0.0000,5.0000,11.4000,5.0000,3.0000,3.0000,3.4000
INT0137,Weekend,4,4,90.7000,0.0000,18.6000,23.9000,8.0000,2.0000,3.0000,2.3000
INT0137,Weekend,4,5,90.7000,0.0000,12.0000,18.3000,5.0000,3.0000,4.8000,1.5000
INT0137,Weekend,4,6,90.7000,0.0000,31.3000,37.1000,15.0000,2.0000,4.6000,1.2000
INT0137,Weekend,4,7,90.7000,0.0000,5.0000,11.4000,5.0000,3.5000,3.0000,3.4000
INT0137,Weekend,4,8,90.7000,0.0000,18.0000,23.9000,8.0000,2.0000,3.6000,2.3000
INT0138,AM Peak,1,1,100.8000,0.0000,12.0000,16.9000,5.0000,0.0000,3.4000,1.5000
INT0138,AM Peak,1,2,100.8000,0.0000,37.0000,43.7000,15.0000,0.0000,5.2000,1.5000
INT0138,AM Peak,1,3,100.8000,0.0000,5.0000,10.8000,5.0000,0.0000,3.0000,2.8000
INT0138,AM Peak,1,4,100.8000,0.0000,24.0000,29.4000,8.0000,0.0000,3.2000,2.2000
INT0138,AM Peak,1,5,100.8000,0.0000,16.0000,21.7000,5.0000,0.0000,4.2000,1.5000
INT0138,AM Peak,1,6,100.8000,0.0000,33.3000,38.9000,15.0000,0.0000,4.1000,1.5000
INT0138,AM Peak,1,7,100.8000,0.0000,7.0000,13.0000,5.0000,0.0000,3.2000,2.8000
INT0138,AM Peak,1,8,100.8000,0.0000,22.0000,27.2000,8.0000,0.0000,3.0000,2.2000
INT0138,Midday,2,1,99.8000,0.0000,14.0000,18.9000,5.0000,0.0000,3.4000,1.5000
INT0138,Midday,2,2,99.8000,0.0000,33.0000,39.7000,15.0000,0.0000,5.2000,1.5000
INT0138,Midday,2,3,99.8000,0.0000,5.0000,10.8000,5.0000,0.0000,3.0000,2.8000
INT0138,Midday,2,4,99.8000,0.0000,25.0000,30.4000,8.0000,0.0000,3.2000,2.2000
INT0138,Midday,2,5,99.8000,0.0000,14.0000,19.7000,5.0000,0.0000,4.2000,1.5000
INT0138,Midday,2,6,99.8000,0.0000,33.3000,38.9000,15.0000,0.0000,4.1000,1.5000
INT0138,Midday,2,7,99.8000,0.0000,8.0000,14.0000,5.0000,0.0000,3.2000,2.8000
INT0138,Midday,2,8,99.8000,0.0000,22.0000,27.2000,8.0000,0.0000,3.0000,2.2000
INT0138,PM Peak,3,1,99.8000,0.0000,16.0000,20.9000,5.0000,0.0000,3.4000,1.5000
INT0138,PM Peak,3,2,99.8000,0.0000,31.0000,37.7000,15.0000,0.0000,5.2000,1.5000
INT0138,PM Peak,3,3,99.8000,0.0000,5.0000,10.8000,5.0000,0.0000,3.0000,2.8000
INT0138,PM Peak,3,4,99.8000,0.0000,25.0000,30.4000,8.0000,0.0000,3.2000,2.2000
INT0138,PM Peak,3,5,99.8000,0.0000,11.0000,16.7000,5.0000,0.0000,4.2000,1.5000
INT0138,PM Peak,3,6,99.8000,0.0000,36.3000,41.9000,15.0000,0.0000,4.1000,1.5000
INT0138,PM Peak,3,7,99.8000,0.0000,9.0000,15.0000,5.0000,0.0000,3.2000,2.8000
INT0138,PM Peak,3,8,99.8000,0.0000,21.0000,26.2000,8.0000,0.0000,3.0000,2.2000
INT0138,Weekend,4,1,99.8000,0.0000,14.0000,18.9000,5.0000,0.0000,3.4000,1.5000
INT0138,Weekend,4,2,99.8000,0.0000,33.0000,39.7000,15.0000,0.0000,5.2000,1.5000
INT0138,Weekend,4,3,99.8000,0.0000,5.0000,10.8000,5.0000,0.0000,3.0000,2.8000
INT0138,Weekend,4,4,99.8000,0.0000,25.0000,30.4000,8.0000,0.0000,3.2000,2.2000
INT0138,Weekend,4,5,99.8000,0.0000,14.0000,19.7000,5.0000,0.0000,4.2000,1.5000
INT0138,Weekend,4,6,99.8000,0.0000,33.3000,38.9000,15.0000,0.0000,4.1000,1.5000
INT0138,Weekend,4,7,99.8000,0.0000,8.0000,14.0000,5.0000,0.0000,3.2000,2.8000
INT0138,Weekend,4,8,99.8000,0.0000,22.0000,27.2000,8.0000,0.0000,3.0000,2.2000
INT0139,AM Peak,1,1,100.6000,0.0000,10.0000,15.6000,5.0000,0.0000,4.1000,1.5000
INT0139,AM Peak,1,2,100.6000,0.0000,38.1000,44.3000,15.0000,0.0000,4.7000,1.5000
INT0139,AM Peak,1,3,100.6000,0.0000,10.0000,17.6000,5.0000,0.0000,3.2000,4.4000
INT0139,AM Peak,1,4,100.6000,0.0000,17.0000,23.1000,8.0000,0.0000,3.2000,2.9000
INT0139,AM Peak,1,5,100.6000,0.0000,11.0000,16.5000,5.0000,0.0000,4.0000,1.5000
INT0139,AM Peak,1,6,100.6000,0.0000,37.0000,43.4000,15.0000,0.0000,4.9000,1.5000
INT0139,AM Peak,1,7,100.6000,0.0000,5.0000,12.4000,5.0000,0.0000,3.0000,4.4000
INT0139,AM Peak,1,8,100.6000,0.0000,22.0000,28.3000,8.0000,0.0000,3.4000,2.9000
INT0139,Midday,2,1,100.6000,0.0000,12.0000,17.6000,5.0000,0.0000,4.1000,1.5000
INT0139,Midday,2,2,100.6000,0.0000,36.1000,42.3000,15.0000,0.0000,4.7000,1.5000
INT0139,Midday,2,3,100.6000,0.0000,9.0000,16.6000,5.0000,0.0000,3.2000,4.4000
INT0139,Midday,2,4,100.6000,0.0000,18.0000,24.1000,8.0000,0.0000,3.2000,2.9000
INT0139,Midday,2,5,100.6000,0.0000,10.0000,15.5000,5.0000,0.0000,4.0000,1.5000
INT0139,Midday,2,6,100.6000,0.0000,38.0000,44.4000,15.0000,0.0000,4.9000,1.5000
INT0139,Midday,2,7,100.6000,0.0000,6.0000,13.4000,5.0000,0.0000,3.0000,4.4000
INT0139,Midday,2,8,100.6000,0.0000,21.0000,27.3000,8.0000,0.0000,3.4000,2.9000
INT0139,PM Peak,3,1,100.6000,0.0000,13.0000,18.6000,5.0000,0.0000,4.1000,1.5000
INT0139,PM Peak,3,2,100.6000,0.0000,34.1000,40.3000,15.0000,0.0000,4.7000,1.5000
INT0139,PM Peak,3,3,100.6000,0.0000,8.0000,15.6000,5.0000,0.0000,3.2000,4.4000
INT0139,PM Peak,3,4,100.6000,0.0000,20.0000,26.1000,8.0000,0.0000,3.2000,2.9000
INT0139,PM Peak,3,5,100.6000,0.0000,8.0000,13.5000,5.0000,0.0000,4.0000,1.5000
INT0139,PM Peak,3,6,100.6000,0.0000,39.0000,45.4000,15.0000,0.0000,4.9000,1.5000
INT0139,PM Peak,3,7,100.6000,0.0000,7.0000,14.4000,5.0000,0.0000,3.0000,4.4000
INT0139,PM Peak,3,8,100.6000,0.0000,21.0000,27.3000,8.0000,0.0000,3.4000,2.9000
INT0139,Weekend,4,1,100.6000,0.0000,12.0000,17.6000,5.0000,0.0000,4.1000,1.5000
INT0139,Weekend,4,2,100.6000,0.0000,36.1000,42.3000,15.0000,0.0000,4.7000,1.5000
INT0139,Weekend,4,3,100.6000,0.0000,9.0000,16.6000,5.0000,0.0000,3.2000,4.4000
INT0139,Weekend,4,4,100.6000,0.0000,18.0000,24.1000,8.0000,0.0000,3.2000,2.9000
INT0139,Weekend,4,5,100.6000,0.0000,10.0000,15.5000,5.0000,0.0000,4.0000,1.5000
INT0139,Weekend,4,6,100.6000,0.0000,38.0000,44.4000,15.0000,0.0000,4.9000,1.5000
INT0139,Weekend,4,7,100.6000,0.0000,6.0000,13.4000,5.0000,0.0000,3.0000,4.4000
INT0139,Weekend,4,8,100.6000,0.0000,21.0000,27.3000,8.0000,0.0000,3.4000,2.9000
INT0140,AM Peak,1,1,129.8000,0.0000,22.0000,27.8000,5.0000,2.5000,4.2000,1.6000
INT0140,AM Peak,1,2,129.8000,0.0000,40.1000,45.9000,15.0000,3.0000,4.5000,1.3000
INT0140,AM Peak,1,3,129.8000,0.0000,14.0000,20.7000,5.0000,3.5000,3.5000,3.2000
INT0140,AM Peak,1,4,129.8000,0.0000,29.0000,35.4000,8.0000,2.0000,4.1000,2.3000
INT0140,AM Peak,1,5,129.8000,0.0000,13.0000,18.4000,5.0000,2.5000,3.8000,1.6000
INT0140,AM Peak,1,6,129.8000,0.0000,49.0000,55.3000,15.0000,2.0000,5.0000,1.3000
INT0140,AM Peak,1,7,129.8000,0.0000,8.0000,14.9000,5.0000,2.0000,3.7000,3.2000
INT0140,AM Peak,1,8,129.8000,0.0000,35.4000,41.2000,8.0000,2.0000,3.5000,2.3000
INT0140,Midday,2,1,79.8000,0.0000,13.0000,18.8000,5.0000,2.5000,4.2000,1.6000
INT0140,Midday,2,2,79.8000,0.0000,20.1000,25.9000,15.0000,2.0000,4.5000,1.3000
INT0140,Midday,2,3,79.8000,0.0000,6.0000,12.7000,5.0000,2.5000,3.5000,3.2000
INT0140,Midday,2,4,79.8000,0.0000,16.0000,22.4000,8.0000,2.5000,4.1000,2.3000
INT0140,Midday,2,5,79.8000,0.0000,6.0000,11.4000,5.0000,2.5000,3.8000,1.6000
INT0140,Midday,2,6,79.8000,0.0000,27.0000,33.3000,15.0000,3.5000,5.0000,1.3000
INT0140,Midday,2,7,79.8000,0.0000,5.0000,11.9000,5.0000,3.0000,3.7000,3.2000
INT0140,Midday,2,8,79.8000,0.0000,17.4000,23.2000,8.0000,3.5000,3.5000,2.3000
INT0140,PM Peak,3,1,129.8000,0.0000,29.0000,34.8000,5.0000,3.0000,4.2000,1.6000
INT0140,PM Peak,3,2,129.8000,0.0000,34.1000,39.9000,15.0000,2.5000,4.5000,1.3000
INT0140,PM Peak,3,3,129.8000,0.0000,11.0000,17.7000,5.0000,3.0000,3.5000,3.2000
INT0140,PM Peak,3,4,129.8000,0.0000,31.0000,37.4000,8.0000,2.5000,4.1000,2.3000
INT0140,PM Peak,3,5,129.8000,0.0000,10.0000,15.4000,5.0000,2.5000,3.8000,1.6000
INT0140,PM Peak,3,6,129.8000,0.0000,53.0000,59.3000,15.0000,2.0000,5.0000,1.3000
INT0140,PM Peak,3,7,129.8000,0.0000,10.0000,16.9000,5.0000,2.0000,3.7000,3.2000
INT0140,PM Peak,3,8,129.8000,0.0000,32.4000,38.2000,8.0000,3.5000,3.5000,2.3000
INT0140,Weekend,4,1,100.8000,0.0000,18.0000,23.8000,5.0000,3.5000,4.2000,1.6000
INT0140,Weekend,4,2,100.8000,0.0000,27.1000,32.9000,15.0000,3.0000,4.5000,1.3000
INT0140,Weekend,4,3,100.8000,0.0000,9.0000,15.7000,5.0000,2.5000,3.5000,3.2000
INT0140,Weekend,4,4,100.8000,0.0000,22.0000,28.4000,8.0000,2.5000,4.1000,2.3000
INT0140,Weekend,4,5,100.8000,0.0000,8.0000,13.4000,5.0000,3.0000,3.8000,1.6000
INT0140,Weekend,4,6,100.8000,0.0000,37.0000,43.3000,15.0000,2.5000,5.0000,1.3000
INT0140,Weekend,4,7,100.8000,0.0000,6.0000,12.9000,5.0000,2.5000,3.7000,3.2000
INT0140,Weekend,4,8,100.8000,0.0000,25.4000,31.2000,8.0000,2.5000,3.5000,2.3000
INT0141,AM Peak,1,1,130.0000,88.0000,8.0000,12.0000,5.0000,3.5000,3.0000,1.0000
INT0141,AM Peak,1,2,130.0000,88.0000,55.0000,59.5000,15.0000,2.5000,3.5000,1.0000
INT0141,AM Peak,1,3,130.0000,88.0000,13.0000,17.0000,5.0000,3.0000,3.0000,1.0000
INT0141,AM Peak,1,4,130.0000,88.0000,37.0000,41.5000,8.0000,3.0000,3.5000,1.0000
INT0141,AM Peak,1,5,130.0000,88.0000,15.0000,19.0000,5.0000,2.0000,3.0000,1.0000
INT0141,AM Peak,1,6,130.0000,88.0000,48.0000,52.5000,15.0000,3.5000,3.5000,1.0000
INT0141,AM Peak,1,7,130.0000,88.0000,11.0000,15.0000,5.0000,2.5000,3.0000,1.0000
INT0141,AM Peak,1,8,130.0000,88.0000,39.0000,43.5000,8.0000,2.0000,3.5000,1.0000
INT0141,Midday,2,1,80.0000,18.0000,5.0000,9.0000,5.0000,2.5000,3.0000,1.0000
INT0141,Midday,2,2,80.0000,18.0000,30.0000,34.5000,15.0000,3.0000,3.5000,1.0000
INT0141,Midday,2,3,80.0000,18.0000,6.0000,10.0000,5.0000,3.0000,3.0000,1.0000
INT0141,Midday,2,4,80.0000,18.0000,22.0000,26.5000,8.0000,3.0000,3.5000,1.0000
INT0141,Midday,2,5,80.0000,18.0000,7.0000,11.0000,5.0000,2.5000,3.0000,1.0000
INT0141,Midday,2,6,80.0000,18.0000,28.0000,32.5000,15.0000,3.5000,3.5000,1.0000
INT0141,Midday,2,7,80.0000,18.0000,7.0000,11.0000,5.0000,2.5000,3.0000,1.0000
INT0141,Midday,2,8,80.0000,18.0000,21.0000,25.5000,8.0000,3.0000,3.5000,1.0000
INT0141,PM Peak,3,1,140.0000,124.0000,12.0000,16.0000,5.0000,2.0000,3.0000,1.0000
INT0141,PM Peak,3,2,140.0000,124.0000,54.0000,58.5000,15.0000,2.5000,3.5000,1.0000
INT0141,PM Peak,3,3,140.0000,124.0000,11.0000,15.0000,5.0000,2.0000,3.0000,1.0000
INT0141,PM Peak,3,4,140.0000,124.0000,46.0000,50.5000,8.0000,3.0000,3.5000,1.0000
INT0141,PM Peak,3,5,140.0000,124.0000,11.0000,15.0000,5.0000,2.5000,3.0000,1.0000
INT0141,PM Peak,3,6,140.0000,124.0000,55.0000,59.5000,15.0000,2.5000,3.5000,1.0000
INT0141,PM Peak,3,7,140.0000,124.0000,15.0000,19.0000,5.0000,3.5000,3.0000,1.0000
INT0141,PM Peak,3,8,140.0000,124.0000,42.0000,46.5000,8.0000,2.0000,3.5000,1.0000
INT0141,Weekend,4,1,100.0000,27.0000,7.0000,11.0000,5.0000,2.5000,3.0000,1.0000
INT0141,Weekend,4,2,100.0000,27.0000,39.0000,43.5000,15.0000,3.5000,3.5000,1.0000
INT0141,Weekend,4,3,100.0000,27.0000,9.0000,13.0000,5.0000,2.5000,3.0000,1.0000
INT0141,Weekend,4,4,100.0000,27.0000,28.0000,32.5000,8.0000,2.0000,3.5000,1.0000
INT0141,Weekend,4,5,100.0000,27.0000,9.0000,13.0000,5.0000,3.0000,3.0000,1.0000
INT0141,Weekend,4,6,100.0000,27.0000,37.0000,41.5000,15.0000,3.5000,3.5000,1.0000
INT0141,Weekend,4,7,100.0000,27.0000,9.0000,13.0000,5.0000,2.5000,3.0000,1.0000
INT0141,Weekend,4,8,100.0000,27.0000,28.0000,32.5000,8.0000,3.5000,3.5000,1.0000
INT0142,AM Peak,1,1,99.5000,0.0000,13.0000,17.9000,5.0000,0.0000,3.2000,1.7000
INT0142,AM Peak,1,2,99.5000,0.0000,38.0000,43.5000,15.0000,0.0000,4.0000,1.5000
INT0142,AM Peak,1,3,99.5000,0.0000,7.0000,13.6000,5.0000,0.0000,3.1000,3.5000
INT0142,AM Peak,1,4,99.5000,0.0000,18.5000,24.5000,8.0000,0.0000,3.5000,2.5000
INT0142,AM Peak,1,5,99.5000,0.0000,13.0000,17.9000,5.0000,0.0000,3.2000,1.7000
INT0142,AM Peak,1,6,99.5000,0.0000,38.0000,43.5000,15.0000,0.0000,4.0000,1.5000
INT0142,AM Peak,1,7,99.5000,0.0000,6.0000,12.5000,5.0000,0.0000,3.0000,3.5000
INT0142,AM Peak,1,8,99.5000,0.0000,19.0000,25.6000,8.0000,0.0000,4.1000,2.5000
INT0142,Midday,2,1,99.5000,0.0000,15.0000,19.9000,5.0000,0.0000,3.2000,1.7000
INT0142,Midday,2,2,99.5000,0.0000,36.0000,41.5000,15.0000,0.0000,4.0000,1.5000
INT0142,Midday,2,3,99.5000,0.0000,6.0000,12.6000,5.0000,0.0000,3.1000,3.5000
INT0142,Midday,2,4,99.5000,0.0000,19.5000,25.5000,8.0000,0.0000,3.5000,2.5000
INT0142,Midday,2,5,99.5000,0.0000,10.0000,14.9000,5.0000,0.0000,3.2000,1.7000
INT0142,Midday,2,6,99.5000,0.0000,41.0000,46.5000,15.0000,0.0000,4.0000,1.5000
INT0142,Midday,2,7,99.5000,0.0000,7.0000,13.5000,5.0000,0.0000,3.0000,3.5000
INT0142,Midday,2,8,99.5000,0.0000,18.0000,24.6000,8.0000,0.0000,4.1000,2.5000
INT0142,PM Peak,3,1,100.5000,0.0000,18.0000,22.9000,5.0000,0.0000,3.2000,1.7000
INT0142,PM Peak,3,2,100.5000,0.0000,33.0000,38.5000,15.0000,0.0000,4.0000,1.5000
INT0142,PM Peak,3,3,100.5000,0.0000,6.0000,12.6000,5.0000,0.0000,3.1000,3.5000
INT0142,PM Peak,3,4,100.5000,0.0000,20.5000,26.5000,8.0000,0.0000,3.5000,2.5000
INT0142,PM Peak,3,5,100.5000,0.0000,9.0000,13.9000,5.0000,0.0000,3.2000,1.7000
INT0142,PM Peak,3,6,100.5000,0.0000,42.0000,47.5000,15.0000,0.0000,4.0000,1.5000
INT0142,PM Peak,3,7,100.5000,0.0000,8.0000,14.5000,5.0000,0.0000,3.0000,3.5000
INT0142,PM Peak,3,8,100.5000,0.0000,18.0000,24.6000,8.0000,0.0000,4.1000,2.5000
INT0142,Weekend,4,1,99.5000,0.0000,15.0000,19.9000,5.0000,0.0000,3.2000,1.7000
INT0142,Weekend,4,2,99.5000,0.0000,36.0000,41.5000,15.0000,0.0000,4.0000,1.5000
INT0142,Weekend,4,3,99.5000,0.0000,6.0000,12.6000,5.0000,0.0000,3.1000,3.5000
INT0142,Weekend,4,4,99.5000,0.0000,19.5000,25.5000,8.0000,0.0000,3.5000,2.5000
INT0142,Weekend,4,5,99.5000,0.0000,10.0000,14.9000,5.0000,0.0000,3.2000,1.7000
INT0142,Weekend,4,6,99.5000,0.0000,41.0000,46.5000,15.0000,0.0000,4.0000,1.5000
INT0142,Weekend,4,7,99.5000,0.0000,7.0000,13.5000,5.0000,0.0000,3.0000,3.5000
INT0142,Weekend,4,8,99.5000,0.0000,18.0000,24.6000,8.0000,0.0000,4.1000,2.5000
INT0143,AM Peak,1,1,130.0000,0.0000,15.0000,19.0000,5.0000,3.5000,3.0000,1.0000
INT0143,AM Peak,1,2,130.0000,0.0000,64.0000,68.5000,15.0000,3.5000,3.5000,1.0000
INT0143,AM Peak,1,3,130.0000,0.0000,10.0000,14.0000,5.0000,3.5000,3.0000,1.0000
INT0143,AM Peak,1,4,130.0000,0.0000,24.0000,28.5000,8.0000,3.5000,3.5000,1.0000
INT0143,AM Peak,1,5,130.0000,0.0000,24.0000,28.0000,5.0000,2.5000,3.0000,1.0000
INT0143,AM Peak,1,6,130.0000,0.0000,55.0000,59.5000,15.0000,2.0000,3.5000,1.0000
INT0143,AM Peak,1,7,130.0000,0.0000,5.0000,9.0000,5.0000,3.0000,3.0000,1.0000
INT0143,AM Peak,1,8,130.0000,0.0000,29.0000,33.5000,8.0000,3.5000,3.5000,1.0000
INT0143,Midday,2,1,90.0000,0.0000,11.0000,15.0000,5.0000,3.0000,3.0000,1.0000
INT0143,Midday,2,2,90.0000,0.0000,40.0000,44.5000,15.0000,2.0000,3.5000,1.0000
INT0143,Midday,2,3,90.0000,0.0000,6.0000,10.0000,5.0000,2.5000,3.0000,1.0000
INT0143,Midday,2,4,90.0000,0.0000,16.0000,20.5000,8.0000,2.0000,3.5000,1.0000
INT0143,Midday,2,5,90.0000,0.0000,13.0000,17.0000,5.0000,2.0000,3.0000,1.0000
INT0143,Midday,2,6,90.0000,0.0000,38.0000,42.5000,15.0000,2.0000,3.5000,1.0000
INT0143,Midday,2,7,90.0000,0.0000,5.0000,9.0000,5.0000,2.5000,3.0000,1.0000
INT0143,Midday,2,8,90.0000,0.0000,17.0000,21.5000,8.0000,2.0000,3.5000,1.0000
INT0143,PM Peak,3,1,140.0000,0.0000,23.0000,27.0000,5.0000,3.5000,3.0000,1.0000
INT0143,PM Peak,3,2,140.0000,0.0000,64.0000,68.5000,15.0000,2.5000,3.5000,1.0000
INT0143,PM Peak,3,3,140.0000,0.0000,8.0000,12.0000,5.0000,2.5000,3.0000,1.0000
INT0143,PM Peak,3,4,140.0000,0.0000,28.0000,32.5000,8.0000,2.0000,3.5000,1.0000
INT0143,PM Peak,3,5,140.0000,0.0000,19.0000,23.0000,5.0000,2.5000,3.0000,1.0000
INT0143,PM Peak,3,6,140.0000,0.0000,68.0000,72.5000,15.0000,3.0000,3.5000,1.0000
INT0143,PM Peak,3,7,140.0000,0.0000,5.0000,9.0000,5.0000,3.5000,3.0000,1.0000
INT0143,PM Peak,3,8,140.0000,0.0000,31.0000,35.5000,8.0000,3.0000,3.5000,1.0000
INT0143,Weekend,4,1,90.0000,0.0000,11.0000,15.0000,5.0000,3.5000,3.0000,1.0000
INT0143,Weekend,4,2,90.0000,0.0000,40.0000,44.5000,15.0000,3.5000,3.5000,1.0000
INT0143,Weekend,4,3,90.0000,0.0000,6.0000,10.0000,5.0000,2.0000,3.0000,1.0000
INT0143,Weekend,4,4,90.0000,0.0000,16.0000,20.5000,8.0000,3.0000,3.5000,1.0000
INT0143,Weekend,4,5,90.0000,0.0000,13.0000,17.0000,5.0000,3.0000,3.0000,1.0000
INT0143,Weekend,4,6,90.0000,0.0000,38.0000,42.5000,15.0000,3.5000,3.5000,1.0000
INT0143,Weekend,4,7,90.0000,0.0000,5.0000,9.0000,5.0000,2.0000,3.0000,1.0000
INT0143,Weekend,4,8,90.0000,0.0000,17.0000,21.5000,8.0000,3.0000,3.5000,1.0000
INT0144,AM Peak,1,1,119.7000,0.0000,9.0000,14.7000,5.0000,2.0000,4.4000,1.3000
INT0144,AM Peak,1,2,119.7000,0.0000,50.2000,55.6000,15.0000,2.0000,4.3000,1.1000
INT0144,AM Peak,1,3,119.7000,0.0000,11.0000,18.0000,5.0000,2.0000,3.0000,4.0000
INT0144,AM Peak,1,4,119.7000,0.0000,25.0000,31.4000,8.0000,3.5000,3.2000,3.2000
INT0144,AM Peak,1,5,119.7000,0.0000,24.0000,28.9000,5.0000,2.0000,3.6000,1.3000
INT0144,AM Peak,1,6,119.7000,0.0000,35.0000,41.4000,15.0000,3.5000,5.3000,1.1000
INT0144,AM Peak,1,7,119.7000,0.0000,5.0000,12.0000,5.0000,3.5000,3.0000,4.0000
INT0144,AM Peak,1,8,119.7000,0.0000,31.2000,37.4000,8.0000,2.0000,3.0000,3.2000
INT0144,Midday,2,1,99.7000,0.0000,8.0000,13.7000,5.0000,2.5000,4.4000,1.3000
INT0144,Midday,2,2,99.7000,0.0000,37.2000,42.6000,15.0000,3.0000,4.3000,1.1000
INT0144,Midday,2,3,99.7000,0.0000,8.0000,15.0000,5.0000,2.0000,3.0000,4.0000
INT0144,Midday,2,4,99.7000,0.0000,22.0000,28.4000,8.0000,3.0000,3.2000,3.2000
INT0144,Midday,2,5,99.7000,0.0000,16.0000,20.9000,5.0000,3.0000,3.6000,1.3000
INT0144,Midday,2,6,99.7000,0.0000,29.0000,35.4000,15.0000,3.0000,5.3000,1.1000
INT0144,Midday,2,7,99.7000,0.0000,6.0000,13.0000,5.0000,2.5000,3.0000,4.0000
INT0144,Midday,2,8,99.7000,0.0000,24.2000,30.4000,8.0000,2.0000,3.0000,3.2000
INT0144,PM Peak,3,1,119.7000,0.0000,12.0000,17.7000,5.0000,2.5000,4.4000,1.3000
INT0144,PM Peak,3,2,119.7000,0.0000,44.2000,49.6000,15.0000,3.0000,4.3000,1.1000
INT0144,PM Peak,3,3,119.7000,0.0000,9.0000,16.0000,5.0000,3.5000,3.0000,4.0000
INT0144,PM Peak,3,4,119.7000,0.0000,30.0000,36.4000,8.0000,3.0000,3.2000,3.2000
INT0144,PM Peak,3,5,119.7000,0.0000,17.0000,21.9000,5.0000,3.0000,3.6000,1.3000
INT0144,PM Peak,3,6,119.7000,0.0000,39.0000,45.4000,15.0000,3.0000,5.3000,1.1000
INT0144,PM Peak,3,7,119.7000,0.0000,6.0000,13.0000,5.0000,3.5000,3.0000,4.0000
INT0144,PM Peak,3,8,119.7000,0.0000,33.2000,39.4000,8.0000,3.0000,3.0000,3.2000
INT0144,Weekend,4,1,109.7000,0.0000,9.0000,14.7000,5.0000,3.5000,4.4000,1.3000
INT0144,Weekend,4,2,109.7000,0.0000,42.2000,47.6000,15.0000,2.0000,4.3000,1.1000
INT0144,Weekend,4,3,109.7000,0.0000,9.0000,16.0000,5.0000,2.5000,3.0000,4.0000
INT0144,Weekend,4,4,109.7000,0.0000,25.0000,31.4000,8.0000,3.5000,3.2000,3.2000
INT0144,Weekend,4,5,109.7000,0.0000,18.0000,22.9000,5.0000,3.5000,3.6000,1.3000
INT0144,Weekend,4,6,109.7000,0.0000,33.0000,39.4000,15.0000,2.0000,5.3000,1.1000
INT0144,Weekend,4,7,109.7000,0.0000,7.0000,14.0000,5.0000,3.0000,3.0000,4.0000
INT0144,Weekend,4,8,109.7000,0.0000,27.2000,33.4000,8.0000,2.0000,3.0000,3.2000
INT0145,AM Peak,1,1,110.0000,75.0000,10.0000,14.0000,5.0000,2.0000,3.0000,1.0000
INT0145,AM Peak,1,2,110.0000,75.0000,47.0000,51.5000,15.0000,3.5000,3.5000,1.0000
INT0145,AM Peak,1,3,110.0000,75.0000,12.0000,16.0000,5.0000,3.0000,3.0000,1.0000
INT0145,AM Peak,1,4,110.0000,75.0000,24.0000,28.5000,8.0000,2.5000,3.5000,1.0000
INT0145,AM Peak,1,5,110.0000,75.0000,15.0000,19.0000,5.0000,2.5000,3.0000,1.0000
INT0145,AM Peak,1,6,110.0000,75.0000,42.0000,46.5000,15.0000,3.5000,3.5000,1.0000
INT0145,AM Peak,1,7,110.0000,75.0000,13.0000,17.0000,5.0000,3.5000,3.0000,1.0000
INT0145,AM Peak,1,8,110.0000,75.0000,23.0000,27.5000,8.0000,2.5000,3.5000,1.0000
INT0145,Midday,2,1,80.0000,23.0000,8.0000,12.0000,5.0000,3.0000,3.0000,1.0000
INT0145,Midday,2,2,80.0000,23.0000,29.0000,33.5000,15.0000,2.5000,3.5000,1.0000
INT0145,Midday,2,3,80.0000,23.0000,8.0000,12.0000,5.0000,2.0000,3.0000,1.0000
INT0145,Midday,2,4,80.0000,23.0000,18.0000,22.5000,8.0000,2.5000,3.5000,1.0000
INT0145,Midday,2,5,80.0000,23.0000,8.0000,12.0000,5.0000,3.5000,3.0000,1.0000
INT0145,Midday,2,6,80.0000,23.0000,29.0000,33.5000,15.0000,2.0000,3.5000,1.0000
INT0145,Midday,2,7,80.0000,23.0000,10.0000,14.0000,5.0000,2.0000,3.0000,1.0000
INT0145,Midday,2,8,80.0000,23.0000,16.0000,20.5000,8.0000,3.5000,3.5000,1.0000
INT0145,PM Peak,3,1,140.0000,132.0000,18.0000,22.0000,5.0000,2.0000,3.0000,1.0000
INT0145,PM Peak,3,2,140.0000,132.0000,54.0000,58.5000,15.0000,2.5000,3.5000,1.0000
INT0145,PM Peak,3,3,140.0000,132.0000,14.0000,18.0000,5.0000,3.5000,3.0000,1.0000
INT0145,PM Peak,3,4,140.0000,132.0000,37.0000,41.5000,8.0000,2.0000,3.5000,1.0000
INT0145,PM Peak,3,5,140.0000,132.0000,13.0000,17.0000,5.0000,3.0000,3.0000,1.0000
INT0145,PM Peak,3,6,140.0000,132.0000,59.0000,63.5000,15.0000,3.5000,3.5000,1.0000
INT0145,PM Peak,3,7,140.0000,132.0000,21.0000,25.0000,5.0000,3.5000,3.0000,1.0000
INT0145,PM Peak,3,8,140.0000,132.0000,30.0000,34.5000,8.0000,2.5000,3.5000,1.0000
INT0145,Weekend,4,1,100.0000,38.0000,11.0000,15.0000,5.0000,2.0000,3.0000,1.0000
INT0145,Weekend,4,2,100.0000,38.0000,38.0000,42.5000,15.0000,2.5000,3.5000,1.0000
INT0145,Weekend,4,3,100.0000,38.0000,10.0000,14.0000,5.0000,2.0000,3.0000,1.0000
INT0145,Weekend,4,4,100.0000,38.0000,24.0000,28.5000,8.0000,3.0000,3.5000,1.0000
INT0145,Weekend,4,5,100.0000,38.0000,11.0000,15.0000,5.0000,3.5000,3.0000,1.0000
INT0145,Weekend,4,6,100.0000,38.0000,38.0000,42.5000,15.0000,3.0000,3.5000,1.0000
INT0145,Weekend,4,7,100.0000,38.0000,13.0000,17.0000,5.0000,2.0000,3.0000,1.0000
INT0145,Weekend,4,8,100.0000,38.0000,21.0000,25.5000,8.0000,2.0000,3.5000,1.0000
INT0146,AM Peak,1,1,119.8000,4.0000,9.0000,14.3000,5.0000,3.5000,4.0000,1.3000
INT0146,AM Peak,1,2,119.8000,4.0000,50.0000,55.9000,15.0000,2.5000,4.9000,1.0000
INT0146,AM Peak,1,3,119.8000,4.0000,11.0000,18.3000,5.0000,2.0000,3.5000,3.8000
INT0146,AM Peak,1,4,119.8000,4.0000,25.0000,31.3000,8.0000,3.0000,3.7000,2.6000
INT0146,AM Peak,1,5,119.8000,4.0000,12.0000,17.3000,5.0000,2.0000,4.0000,1.3000
INT0146,AM Peak,1,6,119.8000,4.0000,47.2000,52.9000,15.0000,3.5000,4.7000,1.0000
INT0146,AM Peak,1,7,119.8000,4.0000,11.0000,18.3000,5.0000,2.5000,3.5000,3.8000
INT0146,AM Peak,1,8,119.8000,4.0000,25.2000,31.3000,8.0000,2.5000,3.5000,2.6000
INT0146,Midday,2,1,100.8000,94.0000,9.0000,14.3000,5.0000,3.0000,4.0000,1.3000
INT0146,Midday,2,2,100.8000,94.0000,37.0000,42.9000,15.0000,3.5000,4.9000,1.0000
INT0146,Midday,2,3,100.8000,94.0000,8.0000,15.3000,5.0000,2.0000,3.5000,3.8000
INT0146,Midday,2,4,100.8000,94.0000,22.0000,28.3000,8.0000,2.5000,3.7000,2.6000
INT0146,Midday,2,5,100.8000,94.0000,8.0000,13.3000,5.0000,2.0000,4.0000,1.3000
INT0146,Midday,2,6,100.8000,94.0000,38.2000,43.9000,15.0000,2.5000,4.7000,1.0000
INT0146,Midday,2,7,100.8000,94.0000,10.0000,17.3000,5.0000,2.0000,3.5000,3.8000
INT0146,Midday,2,8,100.8000,94.0000,20.2000,26.3000,8.0000,3.0000,3.5000,2.6000
INT0146,PM Peak,3,1,139.8000,25.0000,16.0000,21.3000,5.0000,2.5000,4.0000,1.3000
INT0146,PM Peak,3,2,139.8000,25.0000,53.0000,58.9000,15.0000,2.0000,4.9000,1.0000
INT0146,PM Peak,3,3,139.8000,25.0000,11.0000,18.3000,5.0000,2.5000,3.5000,3.8000
INT0146,PM Peak,3,4,139.8000,25.0000,35.0000,41.3000,8.0000,3.0000,3.7000,2.6000
INT0146,PM Peak,3,5,139.8000,25.0000,10.0000,15.3000,5.0000,3.5000,4.0000,1.3000
INT0146,PM Peak,3,6,139.8000,25.0000,59.2000,64.9000,15.0000,3.0000,4.7000,1.0000
INT0146,PM Peak,3,7,139.8000,25.0000,17.0000,24.3000,5.0000,3.5000,3.5000,3.8000
INT0146,PM Peak,3,8,139.8000,25.0000,29.2000,35.3000,8.0000,3.5000,3.5000,2.6000
INT0146,Weekend,4,1,90.8000,45.0000,8.0000,13.3000,5.0000,3.5000,4.0000,1.3000
INT0146,Weekend,4,2,90.8000,45.0000,32.0000,37.9000,15.0000,2.0000,4.9000,1.0000
INT0146,Weekend,4,3,90.8000,45.0000,7.0000,14.3000,5.0000,3.5000,3.5000,3.8000
INT0146,Weekend,4,4,90.8000,45.0000,19.0000,25.3000,8.0000,2.5000,3.7000,2.6000
INT0146,Weekend,4,5,90.8000,45.0000,7.0000,12.3000,5.0000,2.5000,4.0000,1.3000
INT0146,Weekend,4,6,90.8000,45.0000,33.2000,38.9000,15.0000,3.0000,4.7000,1.0000
INT0146,Weekend,4,7,90.8000,45.0000,9.0000,16.3000,5.0000,3.5000,3.5000,3.8000
INT0146,Weekend,4,8,90.8000,45.0000,17.2000,23.3000,8.0000,3.0000,3.5000,2.6000
INT0147,AM Peak,1,1,110.0000,19.0000,10.0000,16.8000,5.0000,2.0000,4.9000,1.9000
INT0147,AM Peak,1,2,110.0000,19.0000,43.2000,48.8000,15.0000,3.0000,4.1000,1.5000
INT0147,AM Peak,1,3,110.0000,19.0000,9.0000,16.0000,5.0000,3.5000,3.5000,3.5000
INT0147,AM Peak,1,4,110.0000,19.0000,22.4000,28.4000,8.0000,2.5000,3.5000,2.5000
INT0147,AM Peak,1,5,110.0000,19.0000,23.0000,28.5000,5.0000,3.0000,3.6000,1.9000
INT0147,AM Peak,1,6,110.0000,19.0000,30.0000,37.1000,15.0000,2.5000,5.6000,1.5000
INT0147,AM Peak,1,7,110.0000,19.0000,6.0000,13.0000,5.0000,2.5000,3.5000,3.5000
INT0147,AM Peak,1,8,110.0000,19.0000,25.0000,31.4000,8.0000,2.0000,3.9000,2.5000
INT0147,Midday,2,1,80.0000,45.0000,7.0000,13.8000,5.0000,3.5000,4.9000,1.9000
INT0147,Midday,2,2,80.0000,45.0000,26.2000,31.8000,15.0000,3.5000,4.1000,1.5000
INT0147,Midday,2,3,80.0000,45.0000,6.0000,13.0000,5.0000,3.0000,3.5000,3.5000
INT0147,Midday,2,4,80.0000,45.0000,15.4000,21.4000,8.0000,2.0000,3.5000,2.5000
INT0147,Midday,2,5,80.0000,45.0000,12.0000,17.5000,5.0000,3.0000,3.6000,1.9000
INT0147,Midday,2,6,80.0000,45.0000,21.0000,28.1000,15.0000,2.0000,5.6000,1.5000
INT0147,Midday,2,7,80.0000,45.0000,5.0000,12.0000,5.0000,2.0000,3.5000,3.5000
INT0147,Midday,2,8,80.0000,45.0000,16.0000,22.4000,8.0000,3.0000,3.9000,2.5000
INT0147,PM Peak,3,1,130.0000,90.0000,16.0000,22.8000,5.0000,3.0000,4.9000,1.9000
INT0147,PM Peak,3,2,130.0000,90.0000,45.2000,50.8000,15.0000,2.0000,4.1000,1.5000
INT0147,PM Peak,3,3,130.0000,90.0000,10.0000,17.0000,5.0000,3.0000,3.5000,3.5000
INT0147,PM Peak,3,4,130.0000,90.0000,33.4000,39.4000,8.0000,3.5000,3.5000,2.5000
INT0147,PM Peak,3,5,130.0000,90.0000,20.0000,25.5000,5.0000,2.5000,3.6000,1.9000
INT0147,PM Peak,3,6,130.0000,90.0000,41.0000,48.1000,15.0000,2.0000,5.6000,1.5000
INT0147,PM Peak,3,7,130.0000,90.0000,10.0000,17.0000,5.0000,2.0000,3.5000,3.5000
INT0147,PM Peak,3,8,130.0000,90.0000,33.0000,39.4000,8.0000,2.0000,3.9000,2.5000
INT0147,Weekend,4,1,100.0000,98.0000,10.0000,16.8000,5.0000,2.0000,4.9000,1.9000
INT0147,Weekend,4,2,100.0000,98.0000,35.2000,40.8000,15.0000,3.0000,4.1000,1.5000
INT0147,Weekend,4,3,100.0000,98.0000,8.0000,15.0000,5.0000,2.0000,3.5000,3.5000
INT0147,Weekend,4,4,100.0000,98.0000,21.4000,27.4000,8.0000,2.0000,3.5000,2.5000
INT0147,Weekend,4,5,100.0000,98.0000,17.0000,22.5000,5.0000,3.0000,3.6000,1.9000
INT0147,Weekend,4,6,100.0000,98.0000,28.0000,35.1000,15.0000,2.5000,5.6000,1.5000
INT0147,Weekend,4,7,100.0000,98.0000,6.0000,13.0000,5.0000,2.0000,3.5000,3.5000
INT0147,Weekend,4,8,100.0000,98.0000,23.0000,29.4000,8.0000,3.5000,3.9000,2.5000
INT0148,AM Peak,1,1,100.3000,0.0000,11.0000,17.3000,5.0000,0.0000,4.9000,1.4000
INT0148,AM Peak,1,2,100.3000,0.0000,30.2000,35.5000,15.0000,0.0000,4.2000,1.1000
INT0148,AM Peak,1,3,100.3000,0.0000,7.0000,15.1000,5.0000,0.0000,3.7000,4.4000
INT0148,AM Peak,1,4,100.3000,0.0000,26.0000,32.4000,8.0000,0.0000,3.5000,2.9000
INT0148,AM Peak,1,5,100.3000,0.0000,16.0000,21.1000,5.0000,0.0000,3.7000,1.4000
INT0148,AM Peak,1,6,100.3000,0.0000,25.0000,31.7000,15.0000,0.0000,5.6000,1.1000
INT0148,AM Peak,1,7,100.3000,0.0000,9.0000,16.9000,5.0000,0.0000,3.5000,4.4000
INT0148,AM Peak,1,8,100.3000,0.0000,24.2000,30.6000,8.0000,0.0000,3.5000,2.9000
INT0148,Midday,2,1,100.3000,0.0000,13.0000,19.3000,5.0000,0.0000,4.9000,1.4000
INT0148,Midday,2,2,100.3000,0.0000,28.2000,33.5000,15.0000,0.0000,4.2000,1.1000
INT0148,Midday,2,3,100.3000,0.0000,6.0000,14.1000,5.0000,0.0000,3.7000,4.4000
INT0148,Midday,2,4,100.3000,0.0000,27.0000,33.4000,8.0000,0.0000,3.5000,2.9000
INT0148,Midday,2,5,100.3000,0.0000,14.0000,19.1000,5.0000,0.0000,3.7000,1.4000
INT0148,Midday,2,6,100.3000,0.0000,27.0000,33.7000,15.0000,0.0000,5.6000,1.1000
INT0148,Midday,2,7,100.3000,0.0000,10.0000,17.9000,5.0000,0.0000,3.5000,4.4000
INT0148,Midday,2,8,100.3000,0.0000,23.2000,29.6000,8.0000,0.0000,3.5000,2.9000
INT0148,PM Peak,3,1,100.3000,0.0000,16.0000,22.3000,5.0000,0.0000,4.9000,1.4000
INT0148,PM Peak,3,2,100.3000,0.0000,26.2000,31.5000,15.0000,0.0000,4.2000,1.1000
INT0148,PM Peak,3,3,100.3000,0.0000,5.0000,13.1000,5.0000,0.0000,3.7000,4.4000
INT0148,PM Peak,3,4,100.3000,0.0000,27.0000,33.4000,8.0000,0.0000,3.5000,2.9000
INT0148,PM Peak,3,5,100.3000,0.0000,12.0000,17.1000,5.0000,0.0000,3.7000,1.4000
INT0148,PM Peak,3,6,100.3000,0.0000,30.0000,36.7000,15.0000,0.0000,5.6000,1.1000
INT0148,PM Peak,3,7,100.3000,0.0000,10.0000,17.9000,5.0000,0.0000,3.5000,4.4000
INT0148,PM Peak,3,8,100.3000,0.0000,22.2000,28.6000,8.0000,0.0000,3.5000,2.9000
INT0148,Weekend,4,1,100.3000,0.0000,13.0000,19.3000,5.0000,0.0000,4.9000,1.4000
INT0148,Weekend,4,2,100.3000,0.0000,28.2000,33.5000,15.0000,0.0000,4.2000,1.1000
INT0148,Weekend,4,3,100.3000,0.0000,6.0000,14.1000,5.0000,0.0000,3.7000,4.4000
INT0148,Weekend,4,4,100.3000,0.0000,27.0000,33.4000,8.0000,0.0000,3.5000,2.9000
INT0148,Weekend,4,5,100.3000,0.0000,14.0000,19.1000,5.0000,0.0000,3.7000,1.4000
INT0148,Weekend,4,6,100.3000,0.0000,27.0000,33.7000,15.0000,0.0000,5.6000,1.1000
INT0148,Weekend,4,7,100.3000,0.0000,10.0000,17.9000,5.0000,0.0000,3.5000,4.4000
INT0148,Weekend,4,8,100.3000,0.0000,23.2000,29.6000,8.0000,0.0000,3.5000,2.9000
INT0149,AM Peak,1,1,100.2000,0.0000,11.0000,17.1000,5.0000,0.0000,4.5000,1.6000
INT0149,AM Peak,1,2,100.2000,0.0000,33.0000,39.4000,15.0000,0.0000,5.1000,1.3000
INT0149,AM Peak,1,3,100.2000,0.0000,5.0000,10.9000,5.0000,0.0000,3.5000,2.4000
INT0149,AM Peak,1,4,100.2000,0.0000,27.0000,32.8000,8.0000,0.0000,3.9000,1.9000
INT0149,AM Peak,1,5,100.2000,0.0000,7.0000,12.9000,5.0000,0.0000,4.4000,1.5000
INT0149,AM Peak,1,6,100.2000,0.0000,37.1000,43.6000,15.0000,0.0000,5.2000,1.3000
INT0149,AM Peak,1,7,100.2000,0.0000,9.0000,14.8000,5.0000,0.0000,3.6000,2.2000
INT0149,AM Peak,1,8,100.2000,0.0000,23.0000,28.9000,8.0000,0.0000,4.1000,1.8000
INT0149,Midday,2,1,100.2000,0.0000,13.0000,19.1000,5.0000,0.0000,4.5000,1.6000
INT0149,Midday,2,2,100.2000,0.0000,30.0000,36.4000,15.0000,0.0000,5.1000,1.3000
INT0149,Midday,2,3,100.2000,0.0000,5.0000,10.9000,5.0000,0.0000,3.5000,2.4000
INT0149,Midday,2,4,100.2000,0.0000,28.0000,33.8000,8.0000,0.0000,3.9000,1.9000
INT0149,Midday,2,5,100.2000,0.0000,6.0000,11.9000,5.0000,0.0000,4.4000,1.5000
INT0149,Midday,2,6,100.2000,0.0000,37.1000,43.6000,15.0000,0.0000,5.2000,1.3000
INT0149,Midday,2,7,100.2000,0.0000,10.0000,15.8000,5.0000,0.0000,3.6000,2.2000
INT0149,Midday,2,8,100.2000,0.0000,23.0000,28.9000,8.0000,0.0000,4.1000,1.8000
INT0149,PM Peak,3,1,100.2000,0.0000,14.0000,20.1000,5.0000,0.0000,4.5000,1.6000
INT0149,PM Peak,3,2,100.2000,0.0000,28.0000,34.4000,15.0000,0.0000,5.1000,1.3000
INT0149,PM Peak,3,3,100.2000,0.0000,5.0000,10.9000,5.0000,0.0000,3.5000,2.4000
INT0149,PM Peak,3,4,100.2000,0.0000,29.0000,34.8000,8.0000,0.0000,3.9000,1.9000
INT0149,PM Peak,3,5,100.2000,0.0000,5.0000,10.9000,5.0000,0.0000,4.4000,1.5000
INT0149,PM Peak,3,6,100.2000,0.0000,37.1000,43.6000,15.0000,0.0000,5.2000,1.3000
INT0149,PM Peak,3,7,100.2000,0.0000,12.0000,17.8000,5.0000,0.0000,3.6000,2.2000
INT0149,PM Peak,3,8,100.2000,0.0000,22.0000,27.9000,8.0000,0.0000,4.1000,1.8000
INT0149,Weekend,4,1,100.2000,0.0000,13.0000,19.1000,5.0000,0.0000,4.5000,1.6000
INT0149,Weekend,4,2,100.2000,0.0000,30.0000,36.4000,15.0000,0.0000,5.1000,1.3000
INT0149,Weekend,4,3,100.2000,0.0000,5.0000,10.9000,5.0000,0.0000,3.5000,2.4000
INT0149,Weekend,4,4,100.2000,0.0000,28.0000,33.8000,8.0000,0.0000,3.9000,1.9000
INT0149,Weekend,4,5,100.2000,0.0000,6.0000,11.9000,5.0000,0.0000,4.4000,1.5000
INT0149,Weekend,4,6,100.2000,0.0000,37.1000,43.6000,15.0000,0.0000,5.2000,1.3000
INT0149,Weekend,4,7,100.2000,0.0000,10.0000,15.8000,5.0000,0.0000,3.6000,2.2000
INT0149,Weekend,4,8,100.2000,0.0000,23.0000,28.9000,8.0000,0.0000,4.1000,1.8000
INT0150,AM Peak,1,1,110.9000,0.0000,16.0000,22.1000,5.0000,2.0000,4.5000,1.6000
INT0150,AM Peak,1,2,110.9000,0.0000,40.0000,46.4000,15.0000,3.5000,5.0000,1.4000
INT0150,AM Peak,1,3,110.9000,0.0000,5.0000,11.3000,5.0000,2.5000,3.5000,2.8000
INT0150,AM Peak,1,4,110.9000,0.0000,25.0000,31.1000,8.0000,3.5000,4.1000,2.0000
INT0150,AM Peak,1,5,110.9000,0.0000,19.0000,25.0000,5.0000,3.5000,4.4000,1.6000
INT0150,AM Peak,1,6,110.9000,0.0000,37.1000,43.5000,15.0000,3.5000,4.9000,1.5000
INT0150,AM Peak,1,7,110.9000,0.0000,5.0000,11.2000,5.0000,2.5000,3.6000,2.6000
INT0150,AM Peak,1,8,110.9000,0.0000,25.3000,31.2000,8.0000,2.5000,3.9000,2.0000
INT0150,Midday,2,1,89.9000,0.0000,13.0000,19.1000,5.0000,3.5000,4.5000,1.6000
INT0150,Midday,2,2,89.9000,0.0000,28.0000,34.4000,15.0000,3.0000,5.0000,1.4000
INT0150,Midday,2,3,89.9000,0.0000,5.0000,11.3000,5.0000,2.0000,3.5000,2.8000
INT0150,Midday,2,4,89.9000,0.0000,19.0000,25.1000,8.0000,2.5000,4.1000,2.0000
INT0150,Midday,2,5,89.9000,0.0000,12.0000,18.0000,5.0000,2.0000,4.4000,1.6000
INT0150,Midday,2,6,89.9000,0.0000,29.1000,35.5000,15.0000,3.5000,4.9000,1.5000
INT0150,Midday,2,7,89.9000,0.0000,5.0000,11.2000,5.0000,2.5000,3.6000,2.6000
INT0150,Midday,2,8,89.9000,0.0000,19.3000,25.2000,8.0000,2.5000,3.9000,2.0000
INT0150,PM Peak,3,1,129.9000,0.0000,25.0000,31.1000,5.0000,2.0000,4.5000,1.6000
INT0150,PM Peak,3,2,129.9000,0.0000,41.0000,47.4000,15.0000,3.0000,5.0000,1.4000
INT0150,PM Peak,3,3,129.9000,0.0000,5.0000,11.3000,5.0000,3.0000,3.5000,2.8000
INT0150,PM Peak,3,4,129.9000,0.0000,34.0000,40.1000,8.0000,3.0000,4.1000,2.0000
INT0150,PM Peak,3,5,129.9000,0.0000,17.0000,23.0000,5.0000,2.0000,4.4000,1.6000
INT0150,PM Peak,3,6,129.9000,0.0000,49.1000,55.5000,15.0000,2.0000,4.9000,1.5000
INT0150,PM Peak,3,7,129.9000,0.0000,6.0000,12.2000,5.0000,3.5000,3.6000,2.6000
INT0150,PM Peak,3,8,129.9000,0.0000,33.3000,39.2000,8.0000,3.5000,3.9000,2.0000
INT0150,Weekend,4,1,89.9000,0.0000,13.0000,19.1000,5.0000,2.5000,4.5000,1.6000
INT0150,Weekend,4,2,89.9000,0.0000,28.0000,34.4000,15.0000,2.5000,5.0000,1.4000
INT0150,Weekend,4,3,89.9000,0.0000,5.0000,11.3000,5.0000,2.0000,3.5000,2.8000
INT0150,Weekend,4,4,89.9000,0.0000,19.0000,25.1000,8.0000,2.5000,4.1000,2.0000
INT0150,Weekend,4,5,89.9000,0.0000,12.0000,18.0000,5.0000,3.5000,4.4000,1.6000
INT0150,Weekend,4,6,89.9000,0.0000,29.1000,35.5000,15.0000,3.5000,4.9000,1.5000
INT0150,Weekend,4,7,89.9000,0.0000,5.0000,11.2000,5.0000,3.0000,3.6000,2.6000
INT0150,Weekend,4,8,89.9000,0.0000,19.3000,25.2000,8.0000,2.0000,3.9000,2.0000
INT0151,AM Peak,1,1,119.6000,0.0000,11.0000,17.0000,5.0000,3.0000,4.5000,1.5000
INT0151,AM Peak,1,2,119.6000,0.0000,54.0000,60.5000,15.0000,2.5000,5.2000,1.3000
INT0151,AM Peak,1,3,119.6000,0.0000,5.0000,10.8000,5.0000,2.0000,3.2000,2.6000
INT0151,AM Peak,1,4,119.6000,0.0000,25.0000,31.3000,8.0000,2.5000,4.3000,2.0000
INT0151,AM Peak,1,5,119.6000,0.0000,14.0000,19.8000,5.0000,3.5000,4.3000,1.5000
INT0151,AM Peak,1,6,119.6000,0.0000,51.3000,57.7000,15.0000,2.5000,5.1000,1.3000
INT0151,AM Peak,1,7,119.6000,0.0000,12.0000,18.1000,5.0000,3.0000,3.5000,2.6000
INT0151,AM Peak,1,8,119.6000,0.0000,18.1000,24.0000,8.0000,3.5000,3.9000,2.0000
INT0151,Midday,2,1,90.6000,0.0000,9.0000,15.0000,5.0000,2.0000,4.5000,1.5000
INT0151,Midday,2,2,90.6000,0.0000,35.0000,41.5000,15.0000,2.5000,5.2000,1.3000
INT0151,Midday,2,3,90.6000,0.0000,5.0000,10.8000,5.0000,2.5000,3.2000,2.6000
INT0151,Midday,2,4,90.6000,0.0000,17.0000,23.3000,8.0000,3.5000,4.3000,2.0000
INT0151,Midday,2,5,90.6000,0.0000,8.0000,13.8000,5.0000,3.5000,4.3000,1.5000
INT0151,Midday,2,6,90.6000,0.0000,36.3000,42.7000,15.0000,2.5000,5.1000,1.3000
INT0151,Midday,2,7,90.6000,0.0000,9.0000,15.1000,5.0000,2.0000,3.5000,2.6000
INT0151,Midday,2,8,90.6000,0.0000,13.1000,19.0000,8.0000,3.5000,3.9000,2.0000
INT0151,PM Peak,3,1,129.6000,0.0000,17.0000,23.0000,5.0000,3.5000,4.5000,1.5000
INT0151,PM Peak,3,2,129.6000,0.0000,51.0000,57.5000,15.0000,2.5000,5.2000,1.3000
INT0151,PM Peak,3,3,129.6000,0.0000,5.0000,10.8000,5.0000,3.0000,3.2000,2.6000
INT0151,PM Peak,3,4,129.6000,0.0000,32.0000,38.3000,8.0000,2.5000,4.3000,2.0000
INT0151,PM Peak,3,5,129.6000,0.0000,10.0000,15.8000,5.0000,3.0000,4.3000,1.5000
INT0151,PM Peak,3,6,129.6000,0.0000,58.3000,64.7000,15.0000,3.5000,5.1000,1.3000
INT0151,PM Peak,3,7,129.6000,0.0000,17.0000,23.1000,5.0000,2.0000,3.5000,2.6000
INT0151,PM Peak,3,8,129.6000,0.0000,20.1000,26.0000,8.0000,3.0000,3.9000,2.0000
INT0151,Weekend,4,1,89.6000,0.0000,9.0000,15.0000,5.0000,2.0000,4.5000,1.5000
INT0151,Weekend,4,2,89.6000,0.0000,34.0000,40.5000,15.0000,2.5000,5.2000,1.3000
INT0151,Weekend,4,3,89.6000,0.0000,5.0000,10.8000,5.0000,3.0000,3.2000,2.6000
INT0151,Weekend,4,4,89.6000,0.0000,17.0000,23.3000,8.0000,3.0000,4.3000,2.0000
INT0151,Weekend,4,5,89.6000,0.0000,8.0000,13.8000,5.0000,2.5000,4.3000,1.5000
INT0151,Weekend,4,6,89.6000,0.0000,35.3000,41.7000,15.0000,2.5000,5.1000,1.3000
INT0151,Weekend,4,7,89.6000,0.0000,9.0000,15.1000,5.0000,2.5000,3.5000,2.6000
INT0151,Weekend,4,8,89.6000,0.0000,13.1000,19.0000,8.0000,3.0000,3.9000,2.0000
INT0152,AM Peak,1,1,110.0000,0.0000,12.0000,16.0000,5.0000,2.5000,3.0000,1.0000
INT0152,AM Peak,1,2,110.0000,0.0000,46.0000,50.5000,15.0000,3.5000,3.5000,1.0000
INT0152,AM Peak,1,3,110.0000,0.0000,5.0000,9.0000,5.0000,2.0000,3.0000,1.0000
INT0152,AM Peak,1,4,110.0000,0.0000,30.0000,34.5000,8.0000,2.5000,3.5000,1.0000
INT0152,AM Peak,1,5,110.0000,0.0000,16.0000,20.0000,5.0000,3.0000,3.0000,1.0000
INT0152,AM Peak,1,6,110.0000,0.0000,42.0000,46.5000,15.0000,3.5000,3.5000,1.0000
INT0152,AM Peak,1,7,110.0000,0.0000,5.0000,9.0000,5.0000,3.0000,3.0000,1.0000
INT0152,AM Peak,1,8,110.0000,0.0000,30.0000,34.5000,8.0000,2.0000,3.5000,1.0000
INT0152,Midday,2,1,80.0000,0.0000,10.0000,14.0000,5.0000,2.5000,3.0000,1.0000
INT0152,Midday,2,2,80.0000,0.0000,29.0000,33.5000,15.0000,3.5000,3.5000,1.0000
INT0152,Midday,2,3,80.0000,0.0000,5.0000,9.0000,5.0000,2.5000,3.0000,1.0000
INT0152,Midday,2,4,80.0000,0.0000,19.0000,23.5000,8.0000,2.5000,3.5000,1.0000
INT0152,Midday,2,5,80.0000,0.0000,9.0000,13.0000,5.0000,2.0000,3.0000,1.0000
INT0152,Midday,2,6,80.0000,0.0000,30.0000,34.5000,15.0000,2.0000,3.5000,1.0000
INT0152,Midday,2,7,80.0000,0.0000,5.0000,9.0000,5.0000,3.5000,3.0000,1.0000
INT0152,Midday,2,8,80.0000,0.0000,19.0000,23.5000,8.0000,3.5000,3.5000,1.0000
INT0152,PM Peak,3,1,140.0000,0.0000,22.0000,26.0000,5.0000,2.5000,3.0000,1.0000
INT0152,PM Peak,3,2,140.0000,0.0000,55.0000,59.5000,15.0000,2.5000,3.5000,1.0000
INT0152,PM Peak,3,3,140.0000,0.0000,5.0000,9.0000,5.0000,3.0000,3.0000,1.0000
INT0152,PM Peak,3,4,140.0000,0.0000,41.0000,45.5000,8.0000,3.5000,3.5000,1.0000
INT0152,PM Peak,3,5,140.0000,0.0000,15.0000,19.0000,5.0000,3.0000,3.0000,1.0000
INT0152,PM Peak,3,6,140.0000,0.0000,62.0000,66.5000,15.0000,2.0000,3.5000,1.0000
INT0152,PM Peak,3,7,140.0000,0.0000,9.0000,13.0000,5.0000,2.5000,3.0000,1.0000
INT0152,PM Peak,3,8,140.0000,0.0000,37.0000,41.5000,8.0000,3.0000,3.5000,1.0000
INT0152,Weekend,4,1,90.0000,0.0000,11.0000,15.0000,5.0000,3.5000,3.0000,1.0000
INT0152,Weekend,4,2,90.0000,0.0000,35.0000,39.5000,15.0000,2.0000,3.5000,1.0000
INT0152,Weekend,4,3,90.0000,0.0000,5.0000,9.0000,5.0000,2.0000,3.0000,1.0000
INT0152,Weekend,4,4,90.0000,0.0000,22.0000,26.5000,8.0000,3.0000,3.5000,1.0000
INT0152,Weekend,4,5,90.0000,0.0000,11.0000,15.0000,5.0000,3.0000,3.0000,1.0000
INT0152,Weekend,4,6,90.0000,0.0000,35.0000,39.5000,15.0000,2.0000,3.5000,1.0000
INT0152,Weekend,4,7,90.0000,0.0000,5.0000,9.0000,5.0000,2.5000,3.0000,1.0000
INT0152,Weekend,4,8,90.0000,0.0000,22.0000,26.5000,8.0000,2.5000,3.5000,1.0000
INT0153,AM Peak,1,1,100.0000,0.0000,14.0000,18.0000,5.0000,0.0000,3.0000,1.0000
INT0153,AM Peak,1,2,100.0000,0.0000,42.0000,46.5000,15.0000,0.0000,3.5000,1.0000
INT0153,AM Peak,1,3,100.0000,0.0000,5.0000,9.0000,5.0000,0.0000,3.0000,1.0000
INT0153,AM Peak,1,4,100.0000,0.0000,22.0000,26.5000,8.0000,0.0000,3.5000,1.0000
INT0153,AM Peak,1,5,100.0000,0.0000,26.0000,30.0000,5.0000,0.0000,3.0000,1.0000
INT0153,AM Peak,1,6,100.0000,0.0000,30.0000,34.5000,15.0000,0.0000,3.5000,1.0000
INT0153,AM Peak,1,7,100.0000,0.0000,7.0000,11.0000,5.0000,0.0000,3.0000,1.0000
INT0153,AM Peak,1,8,100.0000,0.0000,20.0000,24.5000,8.0000,0.0000,3.5000,1.0000
INT0153,Midday,2,1,100.0000,0.0000,16.0000,20.0000,5.0000,0.0000,3.0000,1.0000
INT0153,Midday,2,2,100.0000,0.0000,40.0000,44.5000,15.0000,0.0000,3.5000,1.0000
INT0153,Midday,2,3,100.0000,0.0000,5.0000,9.0000,5.0000,0.0000,3.0000,1.0000
INT0153,Midday,2,4,100.0000,0.0000,22.0000,26.5000,8.0000,0.0000,3.5000,1.0000
INT0153,Midday,2,5,100.0000,0.0000,23.0000,27.0000,5.0000,0.0000,3.0000,1.0000
INT0153,Midday,2,6,100.0000,0.0000,33.0000,37.5000,15.0000,0.0000,3.5000,1.0000
INT0153,Midday,2,7,100.0000,0.0000,8.0000,12.0000,5.0000,0.0000,3.0000,1.0000
INT0153,Midday,2,8,100.0000,0.0000,19.0000,23.5000,8.0000,0.0000,3.5000,1.0000
INT0153,PM Peak,3,1,100.0000,0.0000,19.0000,23.0000,5.0000,0.0000,3.0000,1.0000
INT0153,PM Peak,3,2,100.0000,0.0000,37.0000,41.5000,15.0000,0.0000,3.5000,1.0000
INT0153,PM Peak,3,3,100.0000,0.0000,5.0000,9.0000,5.0000,0.0000,3.0000,1.0000
INT0153,PM Peak,3,4,100.0000,0.0000,22.0000,26.5000,8.0000,0.0000,3.5000,1.0000
INT0153,PM Peak,3,5,100.0000,0.0000,20.0000,24.0000,5.0000,0.0000,3.0000,1.0000
INT0153,PM Peak,3,6,100.0000,0.0000,36.0000,40.5000,15.0000,0.0000,3.5000,1.0000
INT0153,PM Peak,3,7,100.0000,0.0000,9.0000,13.0000,5.0000,0.0000,3.0000,1.0000
INT0153,PM Peak,3,8,100.0000,0.0000,18.0000,22.5000,8.0000,0.0000,3.5000,1.0000
INT0153,Weekend,4,1,100.0000,0.0000,16.0000,20.0000,5.0000,0.0000,3.0000,1.0000
INT0153,Weekend,4,2,100.0000,0.0000,40.0000,44.5000,15.0000,0.0000,3.5000,1.0000
INT0153,Weekend,4,3,100.0000,0.0000,5.0000,9.0000,5.0000,0.0000,3.0000,1.0000
INT0153,Weekend,4,4,100.0000,0.0000,22.0000,26.5000,8.0000,0.0000,3.5000,1.0000
INT0153,Weekend,4,5,100.0000,0.0000,23.0000,27.0000,5.0000,0.0000,3.0000,1.0000
INT0153,Weekend,4,6,100.0000,0.0000,33.0000,37.5000,15.0000,0.0000,3.5000,1.0000
INT0153,Weekend,4,7,100.0000,0.0000,8.0000,12.0000,5.0000,0.0000,3.0000,1.0000
INT0153,Weekend,4,8,100.0000,0.0000,19.0000,23.5000,8.0000,0.0000,3.5000,1.0000
INT0154,AM Peak,1,1,110.1000,10.0000,10.0000,15.3000,5.0000,3.0000,3.5000,1.8000
INT0154,AM Peak,1,2,110.1000,10.0000,44.0000,49.7000,15.0000,3.5000,4.4000,1.3000
INT0154,AM Peak,1,3,110.1000,10.0000,13.0000,19.6000,5.0000,3.5000,3.5000,3.1000
INT0154,AM Peak,1,4,110.1000,10.0000,19.2000,25.5000,8.0000,2.0000,4.0000,2.3000
INT0154,AM Peak,1,5,110.1000,10.0000,19.0000,24.4000,5.0000,3.5000,3.6000,1.8000
INT0154,AM Peak,1,6,110.1000,10.0000,35.5000,40.6000,15.0000,2.0000,3.8000,1.3000
INT0154,AM Peak,1,7,110.1000,10.0000,7.0000,13.6000,5.0000,3.5000,3.5000,3.1000
INT0154,AM Peak,1,8,110.1000,10.0000,25.0000,31.5000,8.0000,2.0000,4.2000,2.3000
INT0154,Midday,2,1,80.1000,33.0000,8.0000,13.3000,5.0000,2.5000,3.5000,1.8000
INT0154,Midday,2,2,80.1000,33.0000,27.0000,32.7000,15.0000,2.5000,4.4000,1.3000
INT0154,Midday,2,3,80.1000,33.0000,8.0000,14.6000,5.0000,2.0000,3.5000,3.1000
INT0154,Midday,2,4,80.1000,33.0000,13.2000,19.5000,8.0000,3.0000,4.0000,2.3000
INT0154,Midday,2,5,80.1000,33.0000,10.0000,15.4000,5.0000,3.5000,3.6000,1.8000
INT0154,Midday,2,6,80.1000,33.0000,25.5000,30.6000,15.0000,2.0000,3.8000,1.3000
INT0154,Midday,2,7,80.1000,33.0000,5.0000,11.6000,5.0000,3.5000,3.5000,3.1000
INT0154,Midday,2,8,80.1000,33.0000,16.0000,22.5000,8.0000,2.0000,4.2000,2.3000
INT0154,PM Peak,3,1,130.1000,16.0000,17.0000,22.3000,5.0000,2.5000,3.5000,1.8000
INT0154,PM Peak,3,2,130.1000,16.0000,49.0000,54.7000,15.0000,2.0000,4.4000,1.3000
INT0154,PM Peak,3,3,130.1000,16.0000,13.0000,19.6000,5.0000,2.5000,3.5000,3.1000
INT0154,PM Peak,3,4,130.1000,16.0000,27.2000,33.5000,8.0000,3.0000,4.0000,2.3000
INT0154,PM Peak,3,5,130.1000,16.0000,17.0000,22.4000,5.0000,3.5000,3.6000,1.8000
INT0154,PM Peak,3,6,130.1000,16.0000,49.5000,54.6000,15.0000,2.0000,3.8000,1.3000
INT0154,PM Peak,3,7,130.1000,16.0000,11.0000,17.6000,5.0000,3.0000,3.5000,3.1000
INT0154,PM Peak,3,8,130.1000,16.0000,29.0000,35.5000,8.0000,2.0000,4.2000,2.3000
INT0154,Weekend,4,1,100.1000,92.0000,10.0000,15.3000,5.0000,3.5000,3.5000,1.8000
INT0154,Weekend,4,2,100.1000,92.0000,37.0000,42.7000,15.0000,3.5000,4.4000,1.3000
INT0154,Weekend,4,3,100.1000,92.0000,10.0000,16.6000,5.0000,2.5000,3.5000,3.1000
INT0154,Weekend,4,4,100.1000,92.0000,19.2000,25.5000,8.0000,2.5000,4.0000,2.3000
INT0154,Weekend,4,5,100.1000,92.0000,14.0000,19.4000,5.0000,3.5000,3.6000,1.8000
INT0154,Weekend,4,6,100.1000,92.0000,33.5000,38.6000,15.0000,3.5000,3.8000,1.3000
INT0154,Weekend,4,7,100.1000,92.0000,7.0000,13.6000,5.0000,3.5000,3.5000,3.1000
INT0154,Weekend,4,8,100.1000,92.0000,22.0000,28.5000,8.0000,2.0000,4.2000,2.3000
INT0155,AM Peak,1,1,109.3000,0.0000,19.0000,24.5000,5.0000,2.5000,4.1000,1.4000
INT0155,AM Peak,1,2,109.3000,0.0000,45.0000,51.0000,15.0000,2.5000,4.9000,1.1000
INT0155,AM Peak,1,3,109.3000,0.0000,5.0000,12.2000,5.0000,3.5000,3.5000,3.7000
INT0155,AM Peak,1,4,109.3000,0.0000,15.3000,21.6000,8.0000,2.0000,3.6000,2.7000
INT0155,AM Peak,1,5,109.3000,0.0000,26.0000,31.4000,5.0000,3.5000,4.0000,1.4000
INT0155,AM Peak,1,6,109.3000,0.0000,38.3000,44.1000,15.0000,2.5000,4.7000,1.1000
INT0155,AM Peak,1,7,109.3000,0.0000,5.0000,12.2000,5.0000,2.0000,3.5000,3.7000
INT0155,AM Peak,1,8,109.3000,0.0000,15.0000,21.6000,8.0000,3.5000,3.9000,2.7000
INT0155,Midday,2,1,90.3000,0.0000,17.0000,22.5000,5.0000,2.5000,4.1000,1.4000
INT0155,Midday,2,2,90.3000,0.0000,31.0000,37.0000,15.0000,3.5000,4.9000,1.1000
INT0155,Midday,2,3,90.3000,0.0000,5.0000,12.2000,5.0000,3.5000,3.5000,3.7000
INT0155,Midday,2,4,90.3000,0.0000,12.3000,18.6000,8.0000,3.0000,3.6000,2.7000
INT0155,Midday,2,5,90.3000,0.0000,17.0000,22.4000,5.0000,2.5000,4.0000,1.4000
INT0155,Midday,2,6,90.3000,0.0000,31.3000,37.1000,15.0000,2.5000,4.7000,1.1000
INT0155,Midday,2,7,90.3000,0.0000,5.0000,12.2000,5.0000,2.5000,3.5000,3.7000
INT0155,Midday,2,8,90.3000,0.0000,12.0000,18.6000,8.0000,3.0000,3.9000,2.7000
INT0155,PM Peak,3,1,120.3000,0.0000,27.0000,32.5000,5.0000,3.5000,4.1000,1.4000
INT0155,PM Peak,3,2,120.3000,0.0000,42.0000,48.0000,15.0000,3.5000,4.9000,1.1000
INT0155,PM Peak,3,3,120.3000,0.0000,5.0000,12.2000,5.0000,3.0000,3.5000,3.7000
INT0155,PM Peak,3,4,120.3000,0.0000,21.3000,27.6000,8.0000,2.0000,3.6000,2.7000
INT0155,PM Peak,3,5,120.3000,0.0000,21.0000,26.4000,5.0000,3.0000,4.0000,1.4000
INT0155,PM Peak,3,6,120.3000,0.0000,48.3000,54.1000,15.0000,2.5000,4.7000,1.1000
INT0155,PM Peak,3,7,120.3000,0.0000,5.0000,12.2000,5.0000,2.5000,3.5000,3.7000
INT0155,PM Peak,3,8,120.3000,0.0000,21.0000,27.6000,8.0000,2.0000,3.9000,2.7000
INT0155,Weekend,4,1,110.3000,0.0000,22.0000,27.5000,5.0000,3.5000,4.1000,1.4000
INT0155,Weekend,4,2,110.3000,0.0000,41.0000,47.0000,15.0000,2.5000,4.9000,1.1000
INT0155,Weekend,4,3,110.3000,0.0000,5.0000,12.2000,5.0000,3.0000,3.5000,3.7000
INT0155,Weekend,4,4,110.3000,0.0000,17.3000,23.6000,8.0000,3.0000,3.6000,2.7000
INT0155,Weekend,4,5,110.3000,0.0000,22.0000,27.4000,5.0000,3.0000,4.0000,1.4000
INT0155,Weekend,4,6,110.3000,0.0000,41.3000,47.1000,15.0000,2.5000,4.7000,1.1000
INT0155,Weekend,4,7,110.3000,0.0000,5.0000,12.2000,5.0000,3.5000,3.5000,3.7000
INT0155,Weekend,4,8,110.3000,0.0000,17.0000,23.6000,8.0000,2.5000,3.9000,2.7000
INT0156,AM Peak,1,1,109.9000,25.0000,13.0000,19.4000,5.0000,3.0000,4.9000,1.5000
INT0156,AM Peak,1,2,109.9000,25.0000,39.2000,45.0000,15.0000,3.5000,4.6000,1.2000
INT0156,AM Peak,1,3,109.9000,25.0000,11.0000,19.6000,5.0000,3.0000,3.5000,5.1000
INT0156,AM Peak,1,4,109.9000,25.0000,18.3000,25.9000,8.0000,2.5000,3.5000,4.1000
INT0156,AM Peak,1,5,109.9000,25.0000,10.0000,15.5000,5.0000,2.0000,4.0000,1.5000
INT0156,AM Peak,1,6,109.9000,25.0000,42.0000,48.9000,15.0000,3.0000,5.7000,1.2000
INT0156,AM Peak,1,7,109.9000,25.0000,5.0000,13.8000,5.0000,3.5000,3.7000,5.1000
INT0156,AM Peak,1,8,109.9000,25.0000,24.0000,31.7000,8.0000,2.0000,3.6000,4.1000
INT0156,Midday,2,1,99.9000,2.0000,14.0000,20.4000,5.0000,3.0000,4.9000,1.5000
INT0156,Midday,2,2,99.9000,2.0000,31.2000,37.0000,15.0000,3.5000,4.6000,1.2000
INT0156,Midday,2,3,99.9000,2.0000,9.0000,17.6000,5.0000,2.0000,3.5000,5.1000
INT0156,Midday,2,4,99.9000,2.0000,17.3000,24.9000,8.0000,2.0000,3.5000,4.1000
INT0156,Midday,2,5,99.9000,2.0000,8.0000,13.5000,5.0000,2.0000,4.0000,1.5000
INT0156,Midday,2,6,99.9000,2.0000,37.0000,43.9000,15.0000,2.5000,5.7000,1.2000
INT0156,Midday,2,7,99.9000,2.0000,5.0000,13.8000,5.0000,3.5000,3.7000,5.1000
INT0156,Midday,2,8,99.9000,2.0000,21.0000,28.7000,8.0000,3.0000,3.6000,4.1000
INT0156,PM Peak,3,1,129.9000,66.0000,23.0000,29.4000,5.0000,2.0000,4.9000,1.5000
INT0156,PM Peak,3,2,129.9000,66.0000,42.2000,48.0000,15.0000,3.5000,4.6000,1.2000
INT0156,PM Peak,3,3,129.9000,66.0000,12.0000,20.6000,5.0000,3.0000,3.5000,5.1000
INT0156,PM Peak,3,4,129.9000,66.0000,24.3000,31.9000,8.0000,3.0000,3.5000,4.1000
INT0156,PM Peak,3,5,129.9000,66.0000,9.0000,14.5000,5.0000,2.5000,4.0000,1.5000
INT0156,PM Peak,3,6,129.9000,66.0000,56.0000,62.9000,15.0000,3.0000,5.7000,1.2000
INT0156,PM Peak,3,7,129.9000,66.0000,8.0000,16.8000,5.0000,2.0000,3.7000,5.1000
INT0156,PM Peak,3,8,129.9000,66.0000,28.0000,35.7000,8.0000,2.0000,3.6000,4.1000
INT0156,Weekend,4,1,99.9000,13.0000,14.0000,20.4000,5.0000,3.5000,4.9000,1.5000
INT0156,Weekend,4,2,99.9000,13.0000,31.2000,37.0000,15.0000,3.0000,4.6000,1.2000
INT0156,Weekend,4,3,99.9000,13.0000,9.0000,17.6000,5.0000,2.5000,3.5000,5.1000
INT0156,Weekend,4,4,99.9000,13.0000,17.3000,24.9000,8.0000,2.5000,3.5000,4.1000
INT0156,Weekend,4,5,99.9000,13.0000,8.0000,13.5000,5.0000,3.0000,4.0000,1.5000
INT0156,Weekend,4,6,99.9000,13.0000,37.0000,43.9000,15.0000,3.0000,5.7000,1.2000
INT0156,Weekend,4,7,99.9000,13.0000,5.0000,13.8000,5.0000,3.0000,3.7000,5.1000
INT0156,Weekend,4,8,99.9000,13.0000,21.0000,28.7000,8.0000,2.0000,3.6000,4.1000
INT0157,AM Peak,1,1,109.7000,18.0000,7.0000,12.9000,5.0000,3.5000,3.0000,2.9000
INT0157,AM Peak,1,2,109.7000,18.0000,44.4000,50.1000,15.0000,3.0000,3.6000,2.1000
INT0157,AM Peak,1,3,109.7000,18.0000,14.0000,19.9000,5.0000,3.5000,3.0000,2.9000
INT0157,AM Peak,1,4,109.7000,18.0000,21.1000,26.8000,8.0000,2.0000,3.6000,2.1000
INT0157,AM Peak,1,5,109.7000,18.0000,24.0000,30.1000,5.0000,2.5000,3.2000,2.9000
INT0157,AM Peak,1,6,109.7000,18.0000,27.0000,32.9000,15.0000,2.5000,3.8000,2.1000
INT0157,AM Peak,1,7,109.7000,18.0000,9.0000,14.9000,5.0000,2.0000,3.0000,2.9000
INT0157,AM Peak,1,8,109.7000,18.0000,26.0000,31.8000,8.0000,3.0000,3.7000,2.1000
INT0157,Midday,2,1,99.7000,84.0000,7.0000,12.9000,5.0000,2.5000,3.0000,2.9000
INT0157,Midday,2,2,99.7000,84.0000,38.4000,44.1000,15.0000,2.0000,3.6000,2.1000
INT0157,Midday,2,3,99.7000,84.0000,11.0000,16.9000,5.0000,3.5000,3.0000,2.9000
INT0157,Midday,2,4,99.7000,84.0000,20.1000,25.8000,8.0000,2.0000,3.6000,2.1000
INT0157,Midday,2,5,99.7000,84.0000,19.0000,25.1000,5.0000,3.0000,3.2000,2.9000
INT0157,Midday,2,6,99.7000,84.0000,26.0000,31.9000,15.0000,3.0000,3.8000,2.1000
INT0157,Midday,2,7,99.7000,84.0000,9.0000,14.9000,5.0000,3.5000,3.0000,2.9000
INT0157,Midday,2,8,99.7000,84.0000,22.0000,27.8000,8.0000,2.5000,3.7000,2.1000
INT0157,PM Peak,3,1,119.7000,25.0000,10.0000,15.9000,5.0000,3.5000,3.0000,2.9000
INT0157,PM Peak,3,2,119.7000,25.0000,47.4000,53.1000,15.0000,3.0000,3.6000,2.1000
INT0157,PM Peak,3,3,119.7000,25.0000,13.0000,18.9000,5.0000,3.5000,3.0000,2.9000
INT0157,PM Peak,3,4,119.7000,25.0000,26.1000,31.8000,8.0000,3.5000,3.6000,2.1000
INT0157,PM Peak,3,5,119.7000,25.0000,21.0000,27.1000,5.0000,2.5000,3.2000,2.9000
INT0157,PM Peak,3,6,119.7000,25.0000,36.0000,41.9000,15.0000,2.5000,3.8000,2.1000
INT0157,PM Peak,3,7,119.7000,25.0000,12.0000,17.9000,5.0000,2.5000,3.0000,2.9000
INT0157,PM Peak,3,8,119.7000,25.0000,27.0000,32.8000,8.0000,2.0000,3.7000,2.1000
INT0157,Weekend,4,1,89.7000,48.0000,6.0000,11.9000,5.0000,2.0000,3.0000,2.9000
INT0157,Weekend,4,2,89.7000,48.0000,33.4000,39.1000,15.0000,2.0000,3.6000,2.1000
INT0157,Weekend,4,3,89.7000,48.0000,10.0000,15.9000,5.0000,2.0000,3.0000,2.9000
INT0157,Weekend,4,4,89.7000,48.0000,17.1000,22.8000,8.0000,3.5000,3.6000,2.1000
INT0157,Weekend,4,5,89.7000,48.0000,16.0000,22.1000,5.0000,2.5000,3.2000,2.9000
INT0157,Weekend,4,6,89.7000,48.0000,23.0000,28.9000,15.0000,2.0000,3.8000,2.1000
INT0157,Weekend,4,7,89.7000,48.0000,7.0000,12.9000,5.0000,2.0000,3.0000,2.9000
INT0157,Weekend,4,8,89.7000,48.0000,20.0000,25.8000,8.0000,3.0000,3.7000,2.1000
INT0158,AM Peak,1,1,120.0000,0.0000,27.0000,31.0000,5.0000,2.5000,3.0000,1.0000
INT0158,AM Peak,1,2,120.0000,0.0000,45.0000,49.5000,15.0000,3.0000,3.5000,1.0000
INT0158,AM Peak,1,3,120.0000,0.0000,8.0000,12.0000,5.0000,2.5000,3.0000,1.0000
INT0158,AM Peak,1,4,120.0000,0.0000,23.0000,27.5000,8.0000,3.5000,3.5000,1.0000
INT0158,AM Peak,1,5,120.0000,0.0000,27.0000,31.0000,5.0000,2.5000,3.0000,1.0000
INT0158,AM Peak,1,6,120.0000,0.0000,45.0000,49.5000,15.0000,3.0000,3.5000,1.0000
INT0158,AM Peak,1,7,120.0000,0.0000,7.0000,11.0000,5.0000,2.5000,3.0000,1.0000
INT0158,AM Peak,1,8,120.0000,0.0000,24.0000,28.5000,8.0000,3.0000,3.5000,1.0000
INT0158,Midday,2,1,80.0000,0.0000,19.0000,23.0000,5.0000,3.0000,3.0000,1.0000
INT0158,Midday,2,2,80.0000,0.0000,26.0000,30.5000,15.0000,2.0000,3.5000,1.0000
INT0158,Midday,2,3,80.0000,0.0000,5.0000,9.0000,5.0000,3.5000,3.0000,1.0000
INT0158,Midday,2,4,80.0000,0.0000,13.0000,17.5000,8.0000,3.5000,3.5000,1.0000
INT0158,Midday,2,5,80.0000,0.0000,14.0000,18.0000,5.0000,3.0000,3.0000,1.0000
INT0158,Midday,2,6,80.0000,0.0000,31.0000,35.5000,15.0000,2.5000,3.5000,1.0000
INT0158,Midday,2,7,80.0000,0.0000,5.0000,9.0000,5.0000,3.0000,3.0000,1.0000
INT0158,Midday,2,8,80.0000,0.0000,13.0000,17.5000,8.0000,3.0000,3.5000,1.0000
INT0158,PM Peak,3,1,130.0000,0.0000,40.0000,44.0000,5.0000,2.5000,3.0000,1.0000
INT0158,PM Peak,3,2,130.0000,0.0000,42.0000,46.5000,15.0000,3.5000,3.5000,1.0000
INT0158,PM Peak,3,3,130.0000,0.0000,7.0000,11.0000,5.0000,2.0000,3.0000,1.0000
INT0158,PM Peak,3,4,130.0000,0.0000,24.0000,28.5000,8.0000,2.5000,3.5000,1.0000
INT0158,PM Peak,3,5,130.0000,0.0000,23.0000,27.0000,5.0000,3.5000,3.0000,1.0000
INT0158,PM Peak,3,6,130.0000,0.0000,59.0000,63.5000,15.0000,3.5000,3.5000,1.0000
INT0158,PM Peak,3,7,130.0000,0.0000,9.0000,13.0000,5.0000,2.5000,3.0000,1.0000
INT0158,PM Peak,3,8,130.0000,0.0000,22.0000,26.5000,8.0000,3.0000,3.5000,1.0000
INT0158,Weekend,4,1,100.0000,0.0000,25.0000,29.0000,5.0000,3.5000,3.0000,1.0000
INT0158,Weekend,4,2,100.0000,0.0000,34.0000,38.5000,15.0000,3.5000,3.5000,1.0000
INT0158,Weekend,4,3,100.0000,0.0000,6.0000,10.0000,5.0000,2.5000,3.0000,1.0000
INT0158,Weekend,4,4,100.0000,0.0000,18.0000,22.5000,8.0000,3.0000,3.5000,1.0000
INT0158,Weekend,4,5,100.0000,0.0000,19.0000,23.0000,5.0000,2.5000,3.0000,1.0000
INT0158,Weekend,4,6,100.0000,0.0000,40.0000,44.5000,15.0000,2.0000,3.5000,1.0000
INT0158,Weekend,4,7,100.0000,0.0000,6.0000,10.0000,5.0000,2.5000,3.0000,1.0000
INT0158,Weekend,4,8,100.0000,0.0000,18.0000,22.5000,8.0000,2.5000,3.5000,1.0000
INT0159,AM Peak,1,1,99.4000,0.0000,9.0000,14.6000,5.0000,0.0000,3.7000,1.9000
INT0159,AM Peak,1,2,99.4000,0.0000,39.0000,45.3000,15.0000,0.0000,4.8000,1.5000
INT0159,AM Peak,1,3,99.4000,0.0000,5.0000,11.1000,5.0000,0.0000,3.7000,2.4000
INT0159,AM Peak,1,4,99.4000,0.0000,22.0000,28.4000,8.0000,0.0000,4.6000,1.8000
INT0159,AM Peak,1,5,99.4000,0.0000,6.0000,11.8000,5.0000,0.0000,4.0000,1.8000
INT0159,AM Peak,1,6,99.4000,0.0000,42.7000,48.1000,15.0000,0.0000,3.9000,1.5000
INT0159,AM Peak,1,7,99.4000,0.0000,5.0000,11.1000,5.0000,0.0000,3.9000,2.2000
INT0159,AM Peak,1,8,99.4000,0.0000,22.5000,28.4000,8.0000,0.0000,4.0000,1.9000
INT0159,Midday,2,1,99.4000,0.0000,10.0000,15.6000,5.0000,0.0000,3.7000,1.9000
INT0159,Midday,2,2,99.4000,0.0000,36.0000,42.3000,15.0000,0.0000,4.8000,1.5000
INT0159,Midday,2,3,99.4000,0.0000,5.0000,11.1000,5.0000,0.0000,3.7000,2.4000
INT0159,Midday,2,4,99.4000,0.0000,24.0000,30.4000,8.0000,0.0000,4.6000,1.8000
INT0159,Midday,2,5,99.4000,0.0000,5.0000,10.8000,5.0000,0.0000,4.0000,1.8000
INT0159,Midday,2,6,99.4000,0.0000,41.7000,47.1000,15.0000,0.0000,3.9000,1.5000
INT0159,Midday,2,7,99.4000,0.0000,6.0000,12.1000,5.0000,0.0000,3.9000,2.2000
INT0159,Midday,2,8,99.4000,0.0000,23.5000,29.4000,8.0000,0.0000,4.0000,1.9000
INT0159,PM Peak,3,1,99.4000,0.0000,12.0000,17.6000,5.0000,0.0000,3.7000,1.9000
INT0159,PM Peak,3,2,99.4000,0.0000,32.0000,38.3000,15.0000,0.0000,4.8000,1.5000
INT0159,PM Peak,3,3,99.4000,0.0000,5.0000,11.1000,5.0000,0.0000,3.7000,2.4000
INT0159,PM Peak,3,4,99.4000,0.0000,26.0000,32.4000,8.0000,0.0000,4.6000,1.8000
INT0159,PM Peak,3,5,99.4000,0.0000,5.0000,10.8000,5.0000,0.0000,4.0000,1.8000
INT0159,PM Peak,3,6,99.4000,0.0000,39.7000,45.1000,15.0000,0.0000,3.9000,1.5000
INT0159,PM Peak,3,7,99.4000,0.0000,7.0000,13.1000,5.0000,0.0000,3.9000,2.2000
INT0159,PM Peak,3,8,99.4000,0.0000,24.5000,30.4000,8.0000,0.0000,4.0000,1.9000
INT0159,Weekend,4,1,99.4000,0.0000,10.0000,15.6000,5.0000,0.0000,3.7000,1.9000
INT0159,Weekend,4,2,99.4000,0.0000,36.0000,42.3000,15.0000,0.0000,4.8000,1.5000
INT0159,Weekend,4,3,99.4000,0.0000,5.0000,11.1000,5.0000,0.0000,3.7000,2.4000
INT0159,Weekend,4,4,99.4000,0.0000,24.0000,30.4000,8.0000,0.0000,4.6000,1.8000
INT0159,Weekend,4,5,99.4000,0.0000,5.0000,10.8000,5.0000,0.0000,4.0000,1.8000
INT0159,Weekend,4,6,99.4000,0.0000,41.7000,47.1000,15.0000,0.0000,3.9000,1.5000
INT0159,Weekend,4,7,99.4000,0.0000,6.0000,12.1000,5.0000,0.0000,3.9000,2.2000
INT0159,Weekend,4,8,99.4000,0.0000,23.5000,29.4000,8.0000,0.0000,4.0000,1.9000
INT0160,AM Peak,1,1,99.4000,0.0000,13.0000,18.9000,5.0000,0.0000,4.3000,1.6000
INT0160,AM Peak,1,2,99.4000,0.0000,31.0000,37.5000,15.0000,0.0000,5.2000,1.3000
INT0160,AM Peak,1,3,99.4000,0.0000,5.0000,11.7000,5.0000,0.0000,3.6000,3.1000
INT0160,AM Peak,1,4,99.4000,0.0000,25.4000,31.3000,8.0000,0.0000,3.6000,2.3000
INT0160,AM Peak,1,5,99.4000,0.0000,7.0000,12.9000,5.0000,0.0000,4.3000,1.6000
INT0160,AM Peak,1,6,99.4000,0.0000,37.1000,43.5000,15.0000,0.0000,5.1000,1.3000
INT0160,AM Peak,1,7,99.4000,0.0000,9.0000,15.2000,5.0000,0.0000,3.1000,3.1000
INT0160,AM Peak,1,8,99.4000,0.0000,21.0000,27.8000,8.0000,0.0000,4.5000,2.3000
INT0160,Midday,2,1,100.4000,0.0000,15.0000,20.9000,5.0000,0.0000,4.3000,1.6000
INT0160,Midday,2,2,100.4000,0.0000,29.0000,35.5000,15.0000,0.0000,5.2000,1.3000
INT0160,Midday,2,3,100.4000,0.0000,5.0000,11.7000,5.0000,0.0000,3.6000,3.1000
INT0160,Midday,2,4,100.4000,0.0000,26.4000,32.3000,8.0000,0.0000,3.6000,2.3000
INT0160,Midday,2,5,100.4000,0.0000,6.0000,11.9000,5.0000,0.0000,4.3000,1.6000
INT0160,Midday,2,6,100.4000,0.0000,38.1000,44.5000,15.0000,0.0000,5.1000,1.3000
INT0160,Midday,2,7,100.4000,0.0000,10.0000,16.2000,5.0000,0.0000,3.1000,3.1000
INT0160,Midday,2,8,100.4000,0.0000,21.0000,27.8000,8.0000,0.0000,4.5000,2.3000
INT0160,PM Peak,3,1,100.4000,0.0000,18.0000,23.9000,5.0000,0.0000,4.3000,1.6000
INT0160,PM Peak,3,2,100.4000,0.0000,26.0000,32.5000,15.0000,0.0000,5.2000,1.3000
INT0160,PM Peak,3,3,100.4000,0.0000,5.0000,11.7000,5.0000,0.0000,3.6000,3.1000
INT0160,PM Peak,3,4,100.4000,0.0000,26.4000,32.3000,8.0000,0.0000,3.6000,2.3000
INT0160,PM Peak,3,5,100.4000,0.0000,5.0000,10.9000,5.0000,0.0000,4.3000,1.6000
INT0160,PM Peak,3,6,100.4000,0.0000,39.1000,45.5000,15.0000,0.0000,5.1000,1.3000
INT0160,PM Peak,3,7,100.4000,0.0000,11.0000,17.2000,5.0000,0.0000,3.1000,3.1000
INT0160,PM Peak,3,8,100.4000,0.0000,20.0000,26.8000,8.0000,0.0000,4.5000,2.3000
INT0160,Weekend,4,1,100.4000,0.0000,15.0000,20.9000,5.0000,0.0000,4.3000,1.6000
INT0160,Weekend,4,2,100.4000,0.0000,29.0000,35.5000,15.0000,0.0000,5.2000,1.3000
INT0160,Weekend,4,3,100.4000,0.0000,5.0000,11.7000,5.0000,0.0000,3.6000,3.1000
INT0160,Weekend,4,4,100.4000,0.0000,26.4000,32.3000,8.0000,0.0000,3.6000,2.3000
INT0160,Weekend,4,5,100.4000,0.0000,6.0000,11.9000,5.0000,0.0000,4.3000,1.6000
INT0160,Weekend,4,6,100.4000,0.0000,38.1000,44.5000,15.0000,0.0000,5.1000,1.3000
INT0160,Weekend,4,7,100.4000,0.0000,10.0000,16.2000,5.0000,0.0000,3.1000,3.1000
INT0160,Weekend,4,8,100.4000,0.0000,21.0000,27.8000,8.0000,0.0000,4.5000,2.3000
INT0161,AM Peak,1,1,130.0000,114.0000,10.0000,15.6000,5.0000,2.0000,3.0000,2.6000
INT0161,AM Peak,1,2,130.0000,114.0000,49.0000,55.0000,15.0000,2.0000,4.1000,1.9000
INT0161,AM Peak,1,3,130.0000,114.0000,8.0000,13.7000,5.0000,3.0000,3.4000,2.3000
INT0161,AM Peak,1,4,130.0000,114.0000,40.1000,45.7000,8.0000,2.0000,3.8000,1.8000
INT0161,AM Peak,1,5,130.0000,114.0000,10.0000,15.8000,5.0000,2.5000,3.2000,2.6000
INT0161,AM Peak,1,6,130.0000,114.0000,49.6000,54.8000,15.0000,2.5000,3.3000,1.9000
INT0161,AM Peak,1,7,130.0000,114.0000,14.0000,19.4000,5.0000,3.5000,3.1000,2.3000
INT0161,AM Peak,1,8,130.0000,114.0000,34.0000,40.0000,8.0000,3.5000,4.2000,1.8000
INT0161,Midday,2,1,80.0000,51.0000,6.0000,11.6000,5.0000,3.5000,3.0000,2.6000
INT0161,Midday,2,2,80.0000,51.0000,26.0000,32.0000,15.0000,2.0000,4.1000,1.9000
INT0161,Midday,2,3,80.0000,51.0000,5.0000,10.7000,5.0000,3.5000,3.4000,2.3000
INT0161,Midday,2,4,80.0000,51.0000,20.1000,25.7000,8.0000,2.0000,3.8000,1.8000
INT0161,Midday,2,5,80.0000,51.0000,5.0000,10.8000,5.0000,2.5000,3.2000,2.6000
INT0161,Midday,2,6,80.0000,51.0000,27.6000,32.8000,15.0000,2.0000,3.3000,1.9000
INT0161,Midday,2,7,80.0000,51.0000,8.0000,13.4000,5.0000,3.0000,3.1000,2.3000
INT0161,Midday,2,8,80.0000,51.0000,17.0000,23.0000,8.0000,2.5000,4.2000,1.8000
INT0161,PM Peak,3,1,140.0000,34.0000,16.0000,21.6000,5.0000,2.5000,3.0000,2.6000
INT0161,PM Peak,3,2,140.0000,34.0000,50.0000,56.0000,15.0000,2.5000,4.1000,1.9000
INT0161,PM Peak,3,3,140.0000,34.0000,7.0000,12.7000,5.0000,3.0000,3.4000,2.3000
INT0161,PM Peak,3,4,140.0000,34.0000,44.1000,49.7000,8.0000,3.5000,3.8000,1.8000
INT0161,PM Peak,3,5,140.0000,34.0000,8.0000,13.8000,5.0000,2.0000,3.2000,2.6000
INT0161,PM Peak,3,6,140.0000,34.0000,58.6000,63.8000,15.0000,3.5000,3.3000,1.9000
INT0161,PM Peak,3,7,140.0000,34.0000,19.0000,24.4000,5.0000,3.5000,3.1000,2.3000
INT0161,PM Peak,3,8,140.0000,34.0000,32.0000,38.0000,8.0000,3.5000,4.2000,1.8000
INT0161,Weekend,4,1,90.0000,62.0000,8.0000,13.6000,5.0000,3.0000,3.0000,2.6000
INT0161,Weekend,4,2,90.0000,62.0000,29.0000,35.0000,15.0000,2.5000,4.1000,1.9000
INT0161,Weekend,4,3,90.0000,62.0000,5.0000,10.7000,5.0000,2.0000,3.4000,2.3000
INT0161,Weekend,4,4,90.0000,62.0000,25.1000,30.7000,8.0000,3.0000,3.8000,1.8000
INT0161,Weekend,4,5,90.0000,62.0000,5.0000,10.8000,5.0000,2.5000,3.2000,2.6000
INT0161,Weekend,4,6,90.0000,62.0000,32.6000,37.8000,15.0000,2.5000,3.3000,1.9000
INT0161,Weekend,4,7,90.0000,62.0000,10.0000,15.4000,5.0000,3.0000,3.1000,2.3000
INT0161,Weekend,4,8,90.0000,62.0000,20.0000,26.0000,8.0000,2.0000,4.2000,1.8000
INT0162,AM Peak,1,1,130.5000,0.0000,11.0000,17.5000,5.0000,3.5000,4.9000,1.6000
INT0162,AM Peak,1,2,130.5000,0.0000,51.6000,57.7000,15.0000,2.5000,4.9000,1.2000
INT0162,AM Peak,1,3,130.5000,0.0000,10.0000,16.5000,5.0000,2.5000,3.5000,3.0000
INT0162,AM Peak,1,4,130.5000,0.0000,33.0000,38.8000,8.0000,2.0000,3.7000,2.1000
INT0162,AM Peak,1,5,130.5000,0.0000,19.0000,25.0000,5.0000,2.5000,4.6000,1.4000
INT0162,AM Peak,1,6,130.5000,0.0000,43.0000,50.2000,15.0000,2.0000,6.0000,1.2000
INT0162,AM Peak,1,7,130.5000,0.0000,5.0000,12.0000,5.0000,3.5000,3.5000,3.5000
INT0162,AM Peak,1,8,130.5000,0.0000,37.0000,43.3000,8.0000,3.0000,4.2000,2.1000
INT0162,Midday,2,1,99.5000,0.0000,10.0000,16.5000,5.0000,3.5000,4.9000,1.6000
INT0162,Midday,2,2,99.5000,0.0000,35.6000,41.7000,15.0000,3.5000,4.9000,1.2000
INT0162,Midday,2,3,99.5000,0.0000,6.0000,12.5000,5.0000,3.0000,3.5000,3.0000
INT0162,Midday,2,4,99.5000,0.0000,23.0000,28.8000,8.0000,3.5000,3.7000,2.1000
INT0162,Midday,2,5,99.5000,0.0000,12.0000,18.0000,5.0000,2.0000,4.6000,1.4000
INT0162,Midday,2,6,99.5000,0.0000,33.0000,40.2000,15.0000,3.0000,6.0000,1.2000
INT0162,Midday,2,7,99.5000,0.0000,5.0000,12.0000,5.0000,2.5000,3.5000,3.5000
INT0162,Midday,2,8,99.5000,0.0000,23.0000,29.3000,8.0000,2.0000,4.2000,2.1000
INT0162,PM Peak,3,1,139.5000,0.0000,18.0000,24.5000,5.0000,2.5000,4.9000,1.6000
INT0162,PM Peak,3,2,139.5000,0.0000,55.6000,61.7000,15.0000,2.5000,4.9000,1.2000
INT0162,PM Peak,3,3,139.5000,0.0000,7.0000,13.5000,5.0000,3.5000,3.5000,3.0000
INT0162,PM Peak,3,4,139.5000,0.0000,34.0000,39.8000,8.0000,3.0000,3.7000,2.1000
INT0162,PM Peak,3,5,139.5000,0.0000,16.0000,22.0000,5.0000,3.0000,4.6000,1.4000
INT0162,PM Peak,3,6,139.5000,0.0000,57.0000,64.2000,15.0000,3.5000,6.0000,1.2000
INT0162,PM Peak,3,7,139.5000,0.0000,6.0000,13.0000,5.0000,2.5000,3.5000,3.5000
INT0162,PM Peak,3,8,139.5000,0.0000,34.0000,40.3000,8.0000,3.5000,4.2000,2.1000
INT0162,Weekend,4,1,89.5000,0.0000,8.0000,14.5000,5.0000,2.5000,4.9000,1.6000
INT0162,Weekend,4,2,89.5000,0.0000,31.6000,37.7000,15.0000,3.5000,4.9000,1.2000
INT0162,Weekend,4,3,89.5000,0.0000,5.0000,11.5000,5.0000,3.0000,3.5000,3.0000
INT0162,Weekend,4,4,89.5000,0.0000,20.0000,25.8000,8.0000,3.5000,3.7000,2.1000
INT0162,Weekend,4,5,89.5000,0.0000,10.0000,16.0000,5.0000,2.5000,4.6000,1.4000
INT0162,Weekend,4,6,89.5000,0.0000,29.0000,36.2000,15.0000,2.5000,6.0000,1.2000
INT0162,Weekend,4,7,89.5000,0.0000,5.0000,12.0000,5.0000,2.5000,3.5000,3.5000
INT0162,Weekend,4,8,89.5000,0.0000,19.0000,25.3000,8.0000,3.0000,4.2000,2.1000
INT0163,AM Peak,1,1,120.0000,0.0000,12.0000,16.0000,5.0000,3.0000,3.0000,1.0000
INT0163,AM Peak,1,2,120.0000,0.0000,44.0000,48.5000,15.0000,2.0000,3.5000,1.0000
INT0163,AM Peak,1,3,120.0000,0.0000,16.0000,20.0000,5.0000,3.5000,3.0000,1.0000
INT0163,AM Peak,1,4,120.0000,0.0000,31.0000,35.5000,8.0000,2.5000,3.5000,1.0000
INT0163,AM Peak,1,5,120.0000,0.0000,15.0000,19.0000,5.0000,2.0000,3.0000,1.0000
INT0163,AM Peak,1,6,120.0000,0.0000,41.0000,45.5000,15.0000,3.5000,3.5000,1.0000
INT0163,AM Peak,1,7,120.0000,0.0000,10.0000,14.0000,5.0000,3.5000,3.0000,1.0000
INT0163,AM Peak,1,8,120.0000,0.0000,37.0000,41.5000,8.0000,3.0000,3.5000,1.0000
INT0163,Midday,2,1,90.0000,0.0000,10.0000,14.0000,5.0000,2.0000,3.0000,1.0000
INT0163,Midday,2,2,90.0000,0.0000,29.0000,33.5000,15.0000,3.5000,3.5000,1.0000
INT0163,Midday,2,3,90.0000,0.0000,10.0000,14.0000,5.0000,2.0000,3.0000,1.0000
INT0163,Midday,2,4,90.0000,0.0000,24.0000,28.5000,8.0000,2.0000,3.5000,1.0000
INT0163,Midday,2,5,90.0000,0.0000,9.0000,13.0000,5.0000,3.0000,3.0000,1.0000
INT0163,Midday,2,6,90.0000,0.0000,30.0000,34.5000,15.0000,2.0000,3.5000,1.0000
INT0163,Midday,2,7,90.0000,0.0000,8.0000,12.0000,5.0000,2.0000,3.0000,1.0000
INT0163,Midday,2,8,90.0000,0.0000,26.0000,30.5000,8.0000,2.5000,3.5000,1.0000
INT0163,PM Peak,3,1,120.0000,0.0000,17.0000,21.0000,5.0000,3.5000,3.0000,1.0000
INT0163,PM Peak,3,2,120.0000,0.0000,39.0000,43.5000,15.0000,2.0000,3.5000,1.0000
INT0163,PM Peak,3,3,120.0000,0.0000,13.0000,17.0000,5.0000,2.0000,3.0000,1.0000
INT0163,PM Peak,3,4,120.0000,0.0000,34.0000,38.5000,8.0000,3.5000,3.5000,1.0000
INT0163,PM Peak,3,5,120.0000,0.0000,11.0000,15.0000,5.0000,2.5000,3.0000,1.0000
INT0163,PM Peak,3,6,120.0000,0.0000,45.0000,49.5000,15.0000,2.5000,3.5000,1.0000
INT0163,PM Peak,3,7,120.0000,0.0000,13.0000,17.0000,5.0000,2.0000,3.0000,1.0000
INT0163,PM Peak,3,8,120.0000,0.0000,34.0000,38.5000,8.0000,2.5000,3.5000,1.0000
INT0163,Weekend,4,1,110.0000,0.0000,13.0000,17.0000,5.0000,2.0000,3.0000,1.0000
INT0163,Weekend,4,2,110.0000,0.0000,36.0000,40.5000,15.0000,2.5000,3.5000,1.0000
INT0163,Weekend,4,3,110.0000,0.0000,13.0000,17.0000,5.0000,3.5000,3.0000,1.0000
INT0163,Weekend,4,4,110.0000,0.0000,31.0000,35.5000,8.0000,3.0000,3.5000,1.0000
INT0163,Weekend,4,5,110.0000,0.0000,12.0000,16.0000,5.0000,3.5000,3.0000,1.0000
INT0163,Weekend,4,6,110.0000,0.0000,37.0000,41.5000,15.0000,3.0000,3.5000,1.0000
INT0163,Weekend,4,7,110.0000,0.0000,10.0000,14.0000,5.0000,2.0000,3.0000,1.0000
INT0163,Weekend,4,8,110.0000,0.0000,34.0000,38.5000,8.0000,2.5000,3.5000,1.0000
INT0164,AM Peak,1,1,130.0000,97.0000,21.0000,25.0000,5.0000,3.5000,3.0000,1.0000
INT0164,AM Peak,1,2,130.0000,97.0000,51.0000,55.5000,15.0000,3.0000,3.5000,1.0000
INT0164,AM Peak,1,3,130.0000,97.0000,9.0000,13.0000,5.0000,3.0000,3.0000,1.0000
INT0164,AM Peak,1,4,130.0000,97.0000,32.0000,36.5000,8.0000,2.5000,3.5000,1.0000
INT0164,AM Peak,1,5,130.0000,97.0000,17.0000,21.0000,5.0000,2.0000,3.0000,1.0000
INT0164,AM Peak,1,6,130.0000,97.0000,55.0000,59.5000,15.0000,3.0000,3.5000,1.0000
INT0164,AM Peak,1,7,130.0000,97.0000,8.0000,12.0000,5.0000,3.5000,3.0000,1.0000
INT0164,AM Peak,1,8,130.0000,97.0000,33.0000,37.5000,8.0000,2.0000,3.5000,1.0000
INT0164,Midday,2,1,80.0000,31.0000,14.0000,18.0000,5.0000,2.0000,3.0000,1.0000
INT0164,Midday,2,2,80.0000,31.0000,26.0000,30.5000,15.0000,3.5000,3.5000,1.0000
INT0164,Midday,2,3,80.0000,31.0000,5.0000,9.0000,5.0000,3.5000,3.0000,1.0000
INT0164,Midday,2,4,80.0000,31.0000,18.0000,22.5000,8.0000,2.5000,3.5000,1.0000
INT0164,Midday,2,5,80.0000,31.0000,8.0000,12.0000,5.0000,3.0000,3.0000,1.0000
INT0164,Midday,2,6,80.0000,31.0000,32.0000,36.5000,15.0000,3.5000,3.5000,1.0000
INT0164,Midday,2,7,80.0000,31.0000,5.0000,9.0000,5.0000,3.0000,3.0000,1.0000
INT0164,Midday,2,8,80.0000,31.0000,18.0000,22.5000,8.0000,3.0000,3.5000,1.0000
INT0164,PM Peak,3,1,120.0000,31.0000,25.0000,29.0000,5.0000,2.5000,3.0000,1.0000
INT0164,PM Peak,3,2,120.0000,31.0000,40.0000,44.5000,15.0000,2.0000,3.5000,1.0000
INT0164,PM Peak,3,3,120.0000,31.0000,6.0000,10.0000,5.0000,3.0000,3.0000,1.0000
INT0164,PM Peak,3,4,120.0000,31.0000,32.0000,36.5000,8.0000,3.5000,3.5000,1.0000
INT0164,PM Peak,3,5,120.0000,31.0000,11.0000,15.0000,5.0000,3.5000,3.0000,1.0000
INT0164,PM Peak,3,6,120.0000,31.0000,54.0000,58.5000,15.0000,2.5000,3.5000,1.0000
INT0164,PM Peak,3,7,120.0000,31.0000,9.0000,13.0000,5.0000,3.5000,3.0000,1.0000
INT0164,PM Peak,3,8,120.0000,31.0000,29.0000,33.5000,8.0000,2.0000,3.5000,1.0000
INT0164,Weekend,4,1,90.0000,1.0000,16.0000,20.0000,5.0000,2.0000,3.0000,1.0000
INT0164,Weekend,4,2,90.0000,1.0000,30.0000,34.5000,15.0000,2.0000,3.5000,1.0000
INT0164,Weekend,4,3,90.0000,1.0000,5.0000,9.0000,5.0000,3.0000,3.0000,1.0000
INT0164,Weekend,4,4,90.0000,1.0000,22.0000,26.5000,8.0000,2.5000,3.5000,1.0000
INT0164,Weekend,4,5,90.0000,1.0000,9.0000,13.0000,5.0000,3.5000,3.0000,1.0000
INT0164,Weekend,4,6,90.0000,1.0000,37.0000,41.5000,15.0000,3.0000,3.5000,1.0000
INT0164,Weekend,4,7,90.0000,1.0000,6.0000,10.0000,5.0000,3.0000,3.0000,1.0000
INT0164,Weekend,4,8,90.0000,1.0000,21.0000,25.5000,8.0000,3.0000,3.5000,1.0000
INT0165,AM Peak,1,1,129.6000,0.0000,21.0000,27.8000,5.0000,3.0000,5.3000,1.5000
INT0165,AM Peak,1,2,129.6000,0.0000,43.0000,49.2000,15.0000,2.0000,5.0000,1.2000
INT0165,AM Peak,1,3,129.6000,0.0000,12.0000,18.9000,5.0000,3.5000,3.0000,3.9000
INT0165,AM Peak,1,4,129.6000,0.0000,27.1000,33.7000,8.0000,2.0000,3.8000,2.8000
INT0165,AM Peak,1,5,129.6000,0.0000,17.0000,22.8000,5.0000,2.0000,4.3000,1.5000
INT0165,AM Peak,1,6,129.6000,0.0000,47.0000,54.2000,15.0000,3.0000,6.0000,1.2000
INT0165,AM Peak,1,7,129.6000,0.0000,5.0000,12.1000,5.0000,2.0000,3.2000,3.9000
INT0165,AM Peak,1,8,129.6000,0.0000,34.0000,40.5000,8.0000,3.5000,3.7000,2.8000
INT0165,Midday,2,1,100.6000,0.0000,17.0000,23.8000,5.0000,2.0000,5.3000,1.5000
INT0165,Midday,2,2,100.6000,0.0000,29.0000,35.2000,15.0000,2.5000,5.0000,1.2000
INT0165,Midday,2,3,100.6000,0.0000,8.0000,14.9000,5.0000,3.0000,3.0000,3.9000
INT0165,Midday,2,4,100.6000,0.0000,20.1000,26.7000,8.0000,2.0000,3.8000,2.8000
INT0165,Midday,2,5,100.6000,0.0000,11.0000,16.8000,5.0000,3.5000,4.3000,1.5000
INT0165,Midday,2,6,100.6000,0.0000,35.0000,42.2000,15.0000,3.0000,6.0000,1.2000
INT0165,Midday,2,7,100.6000,0.0000,5.0000,12.1000,5.0000,2.0000,3.2000,3.9000
INT0165,Midday,2,8,100.6000,0.0000,23.0000,29.5000,8.0000,2.0000,3.7000,2.8000
INT0165,PM Peak,3,1,129.6000,0.0000,27.0000,33.8000,5.0000,3.0000,5.3000,1.5000
INT0165,PM Peak,3,2,129.6000,0.0000,36.0000,42.2000,15.0000,3.0000,5.0000,1.2000
INT0165,PM Peak,3,3,129.6000,0.0000,10.0000,16.9000,5.0000,3.5000,3.0000,3.9000
INT0165,PM Peak,3,4,129.6000,0.0000,30.1000,36.7000,8.0000,3.5000,3.8000,2.8000
INT0165,PM Peak,3,5,129.6000,0.0000,12.0000,17.8000,5.0000,3.5000,4.3000,1.5000
INT0165,PM Peak,3,6,129.6000,0.0000,51.0000,58.2000,15.0000,3.0000,6.0000,1.2000
INT0165,PM Peak,3,7,129.6000,0.0000,5.0000,12.1000,5.0000,2.0000,3.2000,3.9000
INT0165,PM Peak,3,8,129.6000,0.0000,35.0000,41.5000,8.0000,3.0000,3.7000,2.8000
INT0165,Weekend,4,1,89.6000,0.0000,15.0000,21.8000,5.0000,2.0000,5.3000,1.5000
INT0165,Weekend,4,2,89.6000,0.0000,24.0000,30.2000,15.0000,3.5000,5.0000,1.2000
INT0165,Weekend,4,3,89.6000,0.0000,7.0000,13.9000,5.0000,3.0000,3.0000,3.9000
INT0165,Weekend,4,4,89.6000,0.0000,17.1000,23.7000,8.0000,2.5000,3.8000,2.8000
INT0165,Weekend,4,5,89.6000,0.0000,9.0000,14.8000,5.0000,2.5000,4.3000,1.5000
INT0165,Weekend,4,6,89.6000,0.0000,30.0000,37.2000,15.0000,2.0000,6.0000,1.2000
INT0165,Weekend,4,7,89.6000,0.0000,5.0000,12.1000,5.0000,3.0000,3.2000,3.9000
INT0165,Weekend,4,8,89.6000,0.0000,19.0000,25.5000,8.0000,2.5000,3.7000,2.8000
INT0166,AM Peak,1,1,130.0000,104.0000,26.0000,32.0000,5.0000,2.0000,4.7000,1.3000
INT0166,AM Peak,1,2,130.0000,104.0000,50.0000,56.7000,15.0000,2.0000,5.6000,1.1000
INT0166,AM Peak,1,3,130.0000,104.0000,11.0000,16.6000,5.0000,3.5000,3.1000,2.5000
INT0166,AM Peak,1,4,130.0000,104.0000,19.3000,24.7000,8.0000,2.5000,3.6000,1.8000
INT0166,AM Peak,1,5,130.0000,104.0000,16.0000,22.1000,5.0000,3.5000,4.8000,1.3000
INT0166,AM Peak,1,6,130.0000,104.0000,60.1000,66.6000,15.0000,3.5000,5.4000,1.1000
INT0166,AM Peak,1,7,130.0000,104.0000,6.0000,11.7000,5.0000,2.5000,3.2000,2.5000
INT0166,AM Peak,1,8,130.0000,104.0000,24.0000,29.6000,8.0000,2.0000,3.8000,1.8000
INT0166,Midday,2,1,80.0000,60.0000,16.0000,22.0000,5.0000,2.5000,4.7000,1.3000
INT0166,Midday,2,2,80.0000,60.0000,24.0000,30.7000,15.0000,2.5000,5.6000,1.1000
INT0166,Midday,2,3,80.0000,60.0000,5.0000,10.6000,5.0000,2.5000,3.1000,2.5000
INT0166,Midday,2,4,80.0000,60.0000,11.3000,16.7000,8.0000,2.5000,3.6000,1.8000
INT0166,Midday,2,5,80.0000,60.0000,7.0000,13.1000,5.0000,2.0000,4.8000,1.3000
INT0166,Midday,2,6,80.0000,60.0000,33.1000,39.6000,15.0000,2.0000,5.4000,1.1000
INT0166,Midday,2,7,80.0000,60.0000,5.0000,10.7000,5.0000,2.0000,3.2000,2.5000
INT0166,Midday,2,8,80.0000,60.0000,11.0000,16.6000,8.0000,2.5000,3.8000,1.8000
INT0166,PM Peak,3,1,140.0000,40.0000,37.0000,43.0000,5.0000,3.0000,4.7000,1.3000
INT0166,PM Peak,3,2,140.0000,40.0000,46.0000,52.7000,15.0000,3.0000,5.6000,1.1000
INT0166,PM Peak,3,3,140.0000,40.0000,10.0000,15.6000,5.0000,3.0000,3.1000,2.5000
INT0166,PM Peak,3,4,140.0000,40.0000,23.3000,28.7000,8.0000,3.5000,3.6000,1.8000
INT0166,PM Peak,3,5,140.0000,40.0000,12.0000,18.1000,5.0000,2.0000,4.8000,1.3000
INT0166,PM Peak,3,6,140.0000,40.0000,71.1000,77.6000,15.0000,2.0000,5.4000,1.1000
INT0166,PM Peak,3,7,140.0000,40.0000,9.0000,14.7000,5.0000,3.0000,3.2000,2.5000
INT0166,PM Peak,3,8,140.0000,40.0000,24.0000,29.6000,8.0000,3.0000,3.8000,1.8000
INT0166,Weekend,4,1,110.0000,106.0000,24.0000,30.0000,5.0000,3.5000,4.7000,1.3000
INT0166,Weekend,4,2,110.0000,106.0000,38.0000,44.7000,15.0000,2.0000,5.6000,1.1000
INT0166,Weekend,4,3,110.0000,106.0000,8.0000,13.6000,5.0000,3.5000,3.1000,2.5000
INT0166,Weekend,4,4,110.0000,106.0000,16.3000,21.7000,8.0000,3.0000,3.6000,1.8000
INT0166,Weekend,4,5,110.0000,106.0000,11.0000,17.1000,5.0000,2.5000,4.8000,1.3000
INT0166,Weekend,4,6,110.0000,106.0000,51.1000,57.6000,15.0000,3.0000,5.4000,1.1000
INT0166,Weekend,4,7,110.0000,106.0000,6.0000,11.7000,5.0000,3.5000,3.2000,2.5000
INT0166,Weekend,4,8,110.0000,106.0000,18.0000,23.6000,8.0000,2.0000,3.8000,1.8000
INT0167,AM Peak,1,1,110.1000,60.0000,8.0000,13.6000,5.0000,2.5000,4.0000,1.6000
INT0167,AM Peak,1,2,110.1000,60.0000,44.1000,49.4000,15.0000,2.5000,4.0000,1.3000
INT0167,AM Peak,1,3,110.1000,60.0000,8.0000,14.1000,5.0000,2.0000,3.0000,3.1000
INT0167,AM Peak,1,4,110.1000,60.0000,27.2000,33.0000,8.0000,2.0000,3.5000,2.3000
INT0167,AM Peak,1,5,110.1000,60.0000,18.0000,22.9000,5.0000,3.0000,3.3000,1.6000
INT0167,AM Peak,1,6,110.1000,60.0000,34.0000,40.1000,15.0000,3.0000,4.8000,1.3000
INT0167,AM Peak,1,7,110.1000,60.0000,12.0000,18.1000,5.0000,3.5000,3.0000,3.1000
INT0167,AM Peak,1,8,110.1000,60.0000,23.0000,29.0000,8.0000,3.5000,3.7000,2.3000
INT0167,Midday,2,1,80.1000,8.0000,6.0000,11.6000,5.0000,2.5000,4.0000,1.6000
INT0167,Midday,2,2,80.1000,8.0000,27.1000,32.4000,15.0000,2.0000,4.0000,1.3000
INT0167,Midday,2,3,80.1000,8.0000,5.0000,11.1000,5.0000,3.5000,3.0000,3.1000
INT0167,Midday,2,4,80.1000,8.0000,19.2000,25.0000,8.0000,3.0000,3.5000,2.3000
INT0167,Midday,2,5,80.1000,8.0000,10.0000,14.9000,5.0000,3.0000,3.3000,1.6000
INT0167,Midday,2,6,80.1000,8.0000,23.0000,29.1000,15.0000,2.5000,4.8000,1.3000
INT0167,Midday,2,7,80.1000,8.0000,9.0000,15.1000,5.0000,2.5000,3.0000,3.1000
INT0167,Midday,2,8,80.1000,8.0000,15.0000,21.0000,8.0000,2.5000,3.7000,2.3000
INT0167,PM Peak,3,1,140.1000,24.0000,16.0000,21.6000,5.0000,3.0000,4.0000,1.6000
INT0167,PM Peak,3,2,140.1000,24.0000,52.1000,57.4000,15.0000,2.5000,4.0000,1.3000
INT0167,PM Peak,3,3,140.1000,24.0000,8.0000,14.1000,5.0000,2.5000,3.0000,3.1000
INT0167,PM Peak,3,4,140.1000,24.0000,41.2000,47.0000,8.0000,2.5000,3.5000,2.3000
INT0167,PM Peak,3,5,140.1000,24.0000,18.0000,22.9000,5.0000,3.5000,3.3000,1.6000
INT0167,PM Peak,3,6,140.1000,24.0000,50.0000,56.1000,15.0000,2.0000,4.8000,1.3000
INT0167,PM Peak,3,7,140.1000,24.0000,21.0000,27.1000,5.0000,3.5000,3.0000,3.1000
INT0167,PM Peak,3,8,140.1000,24.0000,28.0000,34.0000,8.0000,2.0000,3.7000,2.3000
INT0167,Weekend,4,1,100.1000,16.0000,9.0000,14.6000,5.0000,2.0000,4.0000,1.6000
INT0167,Weekend,4,2,100.1000,16.0000,36.1000,41.4000,15.0000,3.5000,4.0000,1.3000
INT0167,Weekend,4,3,100.1000,16.0000,6.0000,12.1000,5.0000,3.0000,3.0000,3.1000
INT0167,Weekend,4,4,100.1000,16.0000,26.2000,32.0000,8.0000,2.5000,3.5000,2.3000
INT0167,Weekend,4,5,100.1000,16.0000,14.0000,18.9000,5.0000,3.5000,3.3000,1.6000
INT0167,Weekend,4,6,100.1000,16.0000,31.0000,37.1000,15.0000,3.5000,4.8000,1.3000
INT0167,Weekend,4,7,100.1000,16.0000,12.0000,18.1000,5.0000,2.5000,3.0000,3.1000
INT0167,Weekend,4,8,100.1000,16.0000,20.0000,26.0000,8.0000,2.5000,3.7000,2.3000
INT0168,AM Peak,1,1,129.9000,95.0000,8.0000,13.6000,5.0000,2.0000,3.0000,2.6000
INT0168,AM Peak,1,2,129.9000,95.0000,51.0000,56.8000,15.0000,2.0000,3.9000,1.9000
INT0168,AM Peak,1,3,129.9000,95.0000,14.0000,21.3000,5.0000,3.0000,3.0000,4.3000
INT0168,AM Peak,1,4,129.9000,95.0000,32.1000,38.2000,8.0000,2.0000,3.2000,2.9000
INT0168,AM Peak,1,5,129.9000,95.0000,11.0000,16.7000,5.0000,3.5000,3.1000,2.6000
INT0168,AM Peak,1,6,129.9000,95.0000,48.4000,53.7000,15.0000,2.0000,3.4000,1.9000
INT0168,AM Peak,1,7,129.9000,95.0000,6.0000,13.3000,5.0000,2.0000,3.0000,4.3000
INT0168,AM Peak,1,8,129.9000,95.0000,40.0000,46.2000,8.0000,2.0000,3.3000,2.9000
INT0168,Midday,2,1,89.9000,6.0000,5.0000,10.6000,5.0000,3.5000,3.0000,2.6000
INT0168,Midday,2,2,89.9000,6.0000,30.0000,35.8000,15.0000,3.0000,3.9000,1.9000
INT0168,Midday,2,3,89.9000,6.0000,9.0000,16.3000,5.0000,3.0000,3.0000,4.3000
INT0168,Midday,2,4,89.9000,6.0000,21.1000,27.2000,8.0000,2.0000,3.2000,2.9000
INT0168,Midday,2,5,89.9000,6.0000,5.0000,10.7000,5.0000,2.0000,3.1000,2.6000
INT0168,Midday,2,6,89.9000,6.0000,30.4000,35.7000,15.0000,3.0000,3.4000,1.9000
INT0168,Midday,2,7,89.9000,6.0000,5.0000,12.3000,5.0000,3.5000,3.0000,4.3000
INT0168,Midday,2,8,89.9000,6.0000,25.0000,31.2000,8.0000,3.5000,3.3000,2.9000
INT0168,PM Peak,3,1,139.9000,99.0000,11.0000,16.6000,5.0000,2.0000,3.0000,2.6000
INT0168,PM Peak,3,2,139.9000,99.0000,47.0000,52.8000,15.0000,3.0000,3.9000,1.9000
INT0168,PM Peak,3,3,139.9000,99.0000,14.0000,21.3000,5.0000,3.5000,3.0000,4.3000
INT0168,PM Peak,3,4,139.9000,99.0000,43.1000,49.2000,8.0000,2.0000,3.2000,2.9000
INT0168,PM Peak,3,5,139.9000,99.0000,7.0000,12.7000,5.0000,3.0000,3.1000,2.6000
INT0168,PM Peak,3,6,139.9000,99.0000,51.4000,56.7000,15.0000,2.5000,3.4000,1.9000
INT0168,PM Peak,3,7,139.9000,99.0000,9.0000,16.3000,5.0000,3.0000,3.0000,4.3000
INT0168,PM Peak,3,8,139.9000,99.0000,48.0000,54.2000,8.0000,2.5000,3.3000,2.9000
INT0168,Weekend,4,1,109.9000,60.0000,7.0000,12.6000,5.0000,3.0000,3.0000,2.6000
INT0168,Weekend,4,2,109.9000,60.0000,38.0000,43.8000,15.0000,3.0000,3.9000,1.9000
INT0168,Weekend,4,3,109.9000,60.0000,11.0000,18.3000,5.0000,2.5000,3.0000,4.3000
INT0168,Weekend,4,4,109.9000,60.0000,29.1000,35.2000,8.0000,2.5000,3.2000,2.9000
INT0168,Weekend,4,5,109.9000,60.0000,7.0000,12.7000,5.0000,3.5000,3.1000,2.6000
INT0168,Weekend,4,6,109.9000,60.0000,38.4000,43.7000,15.0000,3.0000,3.4000,1.9000
INT0168,Weekend,4,7,109.9000,60.0000,6.0000,13.3000,5.0000,2.5000,3.0000,4.3000
INT0168,Weekend,4,8,109.9000,60.0000,34.0000,40.2000,8.0000,3.5000,3.3000,2.9000
INT0169,AM Peak,1,1,110.1000,11.0000,7.0000,12.6000,5.0000,2.0000,4.1000,1.5000
INT0169,AM Peak,1,2,110.1000,11.0000,49.0000,54.6000,15.0000,2.5000,4.3000,1.3000
INT0169,AM Peak,1,3,110.1000,11.0000,9.0000,15.9000,5.0000,3.5000,3.6000,3.3000
INT0169,AM Peak,1,4,110.1000,11.0000,21.2000,27.0000,8.0000,2.5000,3.8000,2.0000
INT0169,AM Peak,1,5,110.1000,11.0000,11.0000,16.3000,5.0000,3.0000,3.7000,1.6000
INT0169,AM Peak,1,6,110.1000,11.0000,45.2000,50.9000,15.0000,3.5000,4.4000,1.3000
INT0169,AM Peak,1,7,110.1000,11.0000,5.0000,11.6000,5.0000,3.0000,3.5000,3.1000
INT0169,AM Peak,1,8,110.1000,11.0000,25.0000,31.3000,8.0000,3.0000,3.9000,2.4000
INT0169,Midday,2,1,90.1000,34.0000,7.0000,12.6000,5.0000,2.0000,4.1000,1.5000
INT0169,Midday,2,2,90.1000,34.0000,34.0000,39.6000,15.0000,2.0000,4.3000,1.3000
INT0169,Midday,2,3,90.1000,34.0000,7.0000,13.9000,5.0000,3.0000,3.6000,3.3000
INT0169,Midday,2,4,90.1000,34.0000,18.2000,24.0000,8.0000,3.5000,3.8000,2.0000
INT0169,Midday,2,5,90.1000,34.0000,7.0000,12.3000,5.0000,3.5000,3.7000,1.6000
INT0169,Midday,2,6,90.1000,34.0000,34.2000,39.9000,15.0000,3.0000,4.4000,1.3000
INT0169,Midday,2,7,90.1000,34.0000,5.0000,11.6000,5.0000,3.0000,3.5000,3.1000
INT0169,Midday,2,8,90.1000,34.0000,20.0000,26.3000,8.0000,3.5000,3.9000,2.4000
INT0169,PM Peak,3,1,120.1000,50.0000,11.0000,16.6000,5.0000,2.0000,4.1000,1.5000
INT0169,PM Peak,3,2,120.1000,50.0000,47.0000,52.6000,15.0000,3.0000,4.3000,1.3000
INT0169,PM Peak,3,3,120.1000,50.0000,10.0000,16.9000,5.0000,2.5000,3.6000,3.3000
INT0169,PM Peak,3,4,120.1000,50.0000,28.2000,34.0000,8.0000,3.5000,3.8000,2.0000
INT0169,PM Peak,3,5,120.1000,50.0000,8.0000,13.3000,5.0000,3.0000,3.7000,1.6000
INT0169,PM Peak,3,6,120.1000,50.0000,50.2000,55.9000,15.0000,3.5000,4.4000,1.3000
INT0169,PM Peak,3,7,120.1000,50.0000,6.0000,12.6000,5.0000,3.0000,3.5000,3.1000
INT0169,PM Peak,3,8,120.1000,50.0000,32.0000,38.3000,8.0000,2.0000,3.9000,2.4000
INT0169,Weekend,4,1,100.1000,45.0000,8.0000,13.6000,5.0000,3.0000,4.1000,1.5000
INT0169,Weekend,4,2,100.1000,45.0000,40.0000,45.6000,15.0000,3.0000,4.3000,1.3000
INT0169,Weekend,4,3,100.1000,45.0000,8.0000,14.9000,5.0000,3.5000,3.6000,3.3000
INT0169,Weekend,4,4,100.1000,45.0000,20.2000,26.0000,8.0000,2.5000,3.8000,2.0000
INT0169,Weekend,4,5,100.1000,45.0000,8.0000,13.3000,5.0000,2.5000,3.7000,1.6000
INT0169,Weekend,4,6,100.1000,45.0000,40.2000,45.9000,15.0000,2.5000,4.4000,1.3000
INT0169,Weekend,4,7,100.1000,45.0000,5.0000,11.6000,5.0000,2.5000,3.5000,3.1000
INT0169,Weekend,4,8,100.1000,45.0000,23.0000,29.3000,8.0000,2.5000,3.9000,2.4000
INT0170,AM Peak,1,1,100.0000,0.0000,6.0000,10.0000,5.0000,0.0000,3.0000,1.0000
INT0170,AM Peak,1,2,100.0000,0.0000,40.0000,44.5000,15.0000,0.0000,3.5000,1.0000
INT0170,AM Peak,1,3,100.0000,0.0000,5.0000,9.0000,5.0000,0.0000,3.0000,1.0000
INT0170,AM Peak,1,4,100.0000,0.0000,32.0000,36.5000,8.0000,0.0000,3.5000,1.0000
INT0170,AM Peak,1,5,100.0000,0.0000,17.0000,21.0000,5.0000,0.0000,3.0000,1.0000
INT0170,AM Peak,1,6,100.0000,0.0000,29.0000,33.5000,15.0000,0.0000,3.5000,1.0000
INT0170,AM Peak,1,7,100.0000,0.0000,5.0000,9.0000,5.0000,0.0000,3.0000,1.0000
INT0170,AM Peak,1,8,100.0000,0.0000,32.0000,36.5000,8.0000,0.0000,3.5000,1.0000
INT0170,Midday,2,1,100.0000,0.0000,8.0000,12.0000,5.0000,0.0000,3.0000,1.0000
INT0170,Midday,2,2,100.0000,0.0000,39.0000,43.5000,15.0000,0.0000,3.5000,1.0000
INT0170,Midday,2,3,100.0000,0.0000,5.0000,9.0000,5.0000,0.0000,3.0000,1.0000
INT0170,Midday,2,4,100.0000,0.0000,31.0000,35.5000,8.0000,0.0000,3.5000,1.0000
INT0170,Midday,2,5,100.0000,0.0000,15.0000,19.0000,5.0000,0.0000,3.0000,1.0000
INT0170,Midday,2,6,100.0000,0.0000,32.0000,36.5000,15.0000,0.0000,3.5000,1.0000
INT0170,Midday,2,7,100.0000,0.0000,5.0000,9.0000,5.0000,0.0000,3.0000,1.0000
INT0170,Midday,2,8,100.0000,0.0000,31.0000,35.5000,8.0000,0.0000,3.5000,1.0000
INT0170,PM Peak,3,1,100.0000,0.0000,10.0000,14.0000,5.0000,0.0000,3.0000,1.0000
INT0170,PM Peak,3,2,100.0000,0.0000,39.0000,43.5000,15.0000,0.0000,3.5000,1.0000
INT0170,PM Peak,3,3,100.0000,0.0000,5.0000,9.0000,5.0000,0.0000,3.0000,1.0000
INT0170,PM Peak,3,4,100.0000,0.0000,29.0000,33.5000,8.0000,0.0000,3.5000,1.0000
INT0170,PM Peak,3,5,100.0000,0.0000,14.0000,18.0000,5.0000,0.0000,3.0000,1.0000
INT0170,PM Peak,3,6,100.0000,0.0000,35.0000,39.5000,15.0000,0.0000,3.5000,1.0000
INT0170,PM Peak,3,7,100.0000,0.0000,5.0000,9.0000,5.0000,0.0000,3.0000,1.0000
INT0170,PM Peak,3,8,100.0000,0.0000,29.0000,33.5000,8.0000,0.0000,3.5000,1.0000
INT0170,Weekend,4,1,100.0000,0.0000,8.0000,12.0000,5.0000,0.0000,3.0000,1.0000
INT0170,Weekend,4,2,100.0000,0.0000,39.0000,43.5000,15.0000,0.0000,3.5000,1.0000
INT0170,Weekend,4,3,100.0000,0.0000,6.0000,10.0000,5.0000,0.0000,3.0000,1.0000
INT0170,Weekend,4,4,100.0000,0.0000,30.0000,34.5000,8.0000,0.0000,3.5000,1.0000
INT0170,Weekend,4,5,100.0000,0.0000,15.0000,19.0000,5.0000,0.0000,3.0000,1.0000
INT0170,Weekend,4,6,100.0000,0.0000,32.0000,36.5000,15.0000,0.0000,3.5000,1.0000
INT0170,Weekend,4,7,100.0000,0.0000,5.0000,9.0000,5.0000,0.0000,3.0000,1.0000
INT0170,Weekend,4,8,100.0000,0.0000,31.0000,35.5000,8.0000,0.0000,3.5000,1.0000
